,theta_x,theta_y
0,0.5371104598005372,0.5371104598005372
1,1.0015169442412533,1.0015169442412533
2,-0.2322717827706363,-0.2322717827706363
3,-0.763509817850333,-0.763509817850333
4,-3.141592653589793,-3.141592653589793
5,0.26330753545880636,0.26330753545880636
6,0.46175129238482066,0.46175129238482066
7,-2.7770108452593028,-2.7770108452593028
