theta_x,theta_y
-0.9227922237556221,-0.9227922237556221
3.141592653589793,3.141592653589793
3.141592653589793,3.141592653589793
-0.21871404405309186,-0.21871404405309186
