theta_x,theta_y
-0.1300892146250248,-0.1300892146250248
2.7755248250147635,2.7755248250147635
-1.4503521191143467,-1.4503521191143467
2.654913995199305,2.654913995199305
-0.5063223598055158,-0.5063223598055158
-0.6229426435041978,-0.6229426435041978
2.3635913699956976,2.3635913699956976
-0.7970863891471223,-0.7970863891471223
-0.5376354869514082,-0.5376354869514082
-2.2544971910923746,-2.2544971910923746
