,theta_x,theta_y
0,-0.1300892146250248,-0.1300892146250248
1,2.7755248250147635,2.7755248250147635
2,-1.4503521191143467,-1.4503521191143467
3,2.654913995199305,2.654913995199305
4,-0.5063223598055158,-0.5063223598055158
5,-0.6229426435041978,-0.6229426435041978
6,2.3635913699956976,2.3635913699956976
7,-0.7970863891471223,-0.7970863891471223
8,-0.5376354869514082,-0.5376354869514082
9,-2.2544971910923746,-2.2544971910923746
