theta_x,theta_y
-3.141592653589793,-3.141592653589793
1.4849649593842245,1.4849649593842245
0.21054858919612468,0.21054858919612468
0.8074513676108368,0.8074513676108368
-2.14880879320108,-2.14880879320108
1.1759756298328694,1.1759756298328694
0.6549051833275569,0.6549051833275569
0.40433807001333305,0.40433807001333305
-0.2987934822556099,-0.2987934822556099
-2.3409015152416917,-2.3409015152416917
