,theta_x,theta_y
0,2.6655829722423494,2.6655829722423494
1,-3.141592653589793,-3.141592653589793
2,1.7590486542423343,1.7590486542423343
3,-3.141592653589793,-3.141592653589793
4,3.053699110613964,3.053699110613964
5,-2.4835952940758435,-2.4835952940758435
6,3.1289023128077798,3.1289023128077798
