,theta_x,theta_y
0,0.9505282768149758,0.9505282768149758
1,2.46778459625451,2.46778459625451
2,1.5123236038217427,1.5123236038217427
3,-0.9457513984766163,-0.9457513984766163
4,-0.5848817208463545,-0.5848817208463545
5,2.2928884988855294,2.2928884988855294
6,-2.838952794482227,-2.838952794482227
7,1.7564984140201514,1.7564984140201514
8,1.448642624753188,1.448642624753188
9,0.17504740061942278,0.17504740061942278
