,theta_x,theta_y
0,0.06604669368213438,0.06604669368213438
1,-1.952967517863299,-1.952967517863299
2,-2.106424074704859,-2.106424074704859
3,-2.5426640015581663,-2.5426640015581663
4,2.0289132559817182,2.0289132559817182
