,theta_x,theta_y
0,-3.141592653589793,-3.141592653589793
1,-3.141592653589793,-3.141592653589793
2,2.6653270480952056,2.6653270480952056
3,-2.0382655961032947,-2.0382655961032947
4,-0.6556868837866927,-0.6556868837866927
5,0.02050806397453133,0.02050806397453133
6,-3.141592653589793,-3.141592653589793
