theta_x,theta_y
-3.141592653589793,-3.141592653589793
-3.141592653589793,-3.141592653589793
2.6653270480952056,2.6653270480952056
-2.0382655961032947,-2.0382655961032947
-0.6556868837866927,-0.6556868837866927
0.02050806397453133,0.02050806397453133
-3.141592653589793,-3.141592653589793
