,theta_x,theta_y
0,1.7170498760453845,1.7170498760453845
1,1.6966707032258077,1.6966707032258077
2,1.7063928703675375,1.7063928703675375
3,1.7304450810615684,1.7304450810615684
