,theta_x,theta_y
0,-0.05607386247335066,-0.05607386247335066
1,2.7811670362579353,2.7811670362579353
2,-2.627569358463721,-2.627569358463721
3,2.6222753006957924,2.6222753006957924
4,-0.9980330133862333,-0.9980330133862333
5,0.07465127620689094,0.07465127620689094
6,1.5463635345347484,1.5463635345347484
7,-0.19177444592563622,-0.19177444592563622
