,theta_x,theta_y
0,-3.141592653589793,-3.141592653589793
1,1.3116964311302404,1.3116964311302404
2,-2.6818882740397827,-2.6818882740397827
3,3.141592653589793,3.141592653589793
