theta_x,theta_y
2.7268655584757466,2.7268655584757466
0.3777098474251712,0.3777098474251712
2.8997700126723056,2.8997700126723056
-3.07637762751325,-3.07637762751325
