,theta_x,theta_y
0,1.7300947085025966,1.7300947085025966
1,0.5684459324957267,0.5684459324957267
2,2.1642253710795094,2.1642253710795094
3,-2.091391449102737,-2.091391449102737
4,0.6408813773339946,0.6408813773339946
5,-0.13375404374627048,-0.13375404374627048
6,1.8111790555911673,1.8111790555911673
7,-1.9923525534249915,-1.9923525534249915
8,2.7602256208765943,2.7602256208765943
9,0.585695903129436,0.585695903129436
