,theta_x,theta_y
0,1.2788597850682653,1.2788597850682653
1,-0.21866807548117204,-0.21866807548117204
2,0.7555589619408464,0.7555589619408464
3,-1.955629583534019,-1.955629583534019
4,-0.687082217419241,-0.687082217419241
5,-0.49509650990367493,-0.49509650990367493
6,0.5240255087617817,0.5240255087617817
7,-2.732573410182092,-2.732573410182092
8,1.6945984850375715,1.6945984850375715
9,-0.40115776381350554,-0.40115776381350554
