theta_x,theta_y
-1.4094655115874302,-1.4094655115874302
