theta_x,theta_y
0.6849552380285713,0.6849552380285713
0.4093875228796383,0.4093875228796383
0.5500351087480347,0.5500351087480347
0.588262675483544,0.588262675483544
0.574382173626747,0.574382173626747
0.4306943931208459,0.4306943931208459
0.3726356061094716,0.3726356061094716
