,theta_x,theta_y
0,0.5191244980118472,0.5191244980118472
1,-0.40840178270937527,-0.40840178270937527
2,-2.491814860926006,-2.491814860926006
3,-3.141592653589793,-3.141592653589793
4,1.4031151836907898,1.4031151836907898
5,1.6474936181458295,1.6474936181458295
