,theta_x,theta_y
0,0.9451634073835617,0.9451634073835617
1,1.4336463806726887,1.4336463806726887
2,0.8401341988277603,0.8401341988277603
3,-0.4088358787891673,-0.4088358787891673
4,-0.6903082344043666,-0.6903082344043666
5,0.3279495561342122,0.3279495561342122
6,0.351515125811426,0.351515125811426
7,0.5446155727698014,0.5446155727698014
8,-1.160960090124853,-1.160960090124853
