theta_x,theta_y
0.23059315462224306,0.23059315462224306
2.880333400060271,2.880333400060271
-0.13592238499658066,-0.13592238499658066
2.271320781447188,2.271320781447188
1.0605724377033248,1.0605724377033248
0.32073698303714215,0.32073698303714215
-0.34062804298581206,-0.34062804298581206
-0.5642126877694307,-0.5642126877694307
-0.866711247078766,-0.866711247078766
