,theta_x,theta_y
0,0.23911559551547376,0.23911559551547376
1,-3.141592653589793,-3.141592653589793
2,0.8012035481484225,0.8012035481484225
3,-3.141592653589793,-3.141592653589793
