,theta_x,theta_y
0,1.1981776324099824,1.1981776324099824
1,2.682122119109266,2.682122119109266
