,theta_x,theta_y
0,1.9350940296125487,1.9350940296125487
1,1.0498576774133643,1.0498576774133643
2,2.785483818552078,2.785483818552078
3,-1.4244242135422698,-1.4244242135422698
4,-0.6001991484076581,-0.6001991484076581
