,theta_x,theta_y
0,2.855634640741868,2.855634640741868
1,2.419493672332005,2.419493672332005
