,theta_x,theta_y
0,-3.0991560059807326,-3.0991560059807326
1,2.8031016415638446,2.8031016415638446
2,-3.141592653589793,-3.141592653589793
3,2.441774082275769,2.441774082275769
4,2.270283941055803,2.270283941055803
5,-2.964129927412314,-2.964129927412314
6,-2.9475723084748156,-2.9475723084748156
7,-2.02416842685032,-2.02416842685032
8,0.25980592682287695,0.25980592682287695
