theta_x,theta_y
-3.0991560059807326,-3.0991560059807326
2.8031016415638446,2.8031016415638446
-3.141592653589793,-3.141592653589793
2.441774082275769,2.441774082275769
2.270283941055803,2.270283941055803
-2.964129927412314,-2.964129927412314
-2.9475723084748156,-2.9475723084748156
-2.02416842685032,-2.02416842685032
0.25980592682287695,0.25980592682287695
