theta_x,theta_y
2.444752839344204,2.444752839344204
-0.5908540085162042,-0.5908540085162042
1.1207966791268027,1.1207966791268027
1.47581605205305,1.47581605205305
0.43770069249174426,0.43770069249174426
1.6843365170972053,1.6843365170972053
0.8622642434082388,0.8622642434082388
1.782560677536258,1.782560677536258
-2.4169375614991635,-2.4169375614991635
-0.9440012486550096,-0.9440012486550096
