theta_x,theta_y
-0.387896797255645,-0.387896797255645
-0.6025384629016773,-0.6025384629016773
-0.8685587601188018,-0.8685587601188018
-1.0939778818037098,-1.0939778818037098
3.0654161497681582,3.0654161497681582
0.0843601831404201,0.0843601831404201
0.17967484458686633,0.17967484458686633
-0.5427873081230085,-0.5427873081230085
