,theta_x,theta_y
0,-1.9752447018565964,-1.9752447018565964
1,-2.527198145787831,-2.527198145787831
2,3.0727972169318165,3.0727972169318165
