,theta_x,theta_y
0,1.032351462569547,1.032351462569547
1,1.3567371951579374,1.3567371951579374
2,1.5310861421119433,1.5310861421119433
