,theta_x,theta_y
0,1.5742702454661688,1.5742702454661688
1,0.9732641230361353,0.9732641230361353
2,1.0103035192233676,1.0103035192233676
3,0.5529604290755883,0.5529604290755883
