,theta_x,theta_y
0,1.0546441386109824,1.0546441386109824
1,-1.9264832106871137,-1.9264832106871137
2,-3.112084789723325,-3.112084789723325
3,-3.1139677195106152,-3.1139677195106152
4,2.4220695703042767,2.4220695703042767
5,2.22784870232487,2.22784870232487
