,theta_x,theta_y
0,0.8752601189696803,0.8752601189696803
1,0.8465958744488534,0.8465958744488534
2,0.9333899193596328,0.9333899193596328
3,0.496385846814148,0.496385846814148
4,-3.141592653589793,-3.141592653589793
5,1.1648103792320041,1.1648103792320041
6,1.040411547744175,1.040411547744175
7,-3.141592653589793,-3.141592653589793
8,-3.141592653589793,-3.141592653589793
