,theta_x,theta_y
0,1.9780136387691447,1.9780136387691447
1,1.1256496888097707,1.1256496888097707
2,1.4649085950038072,1.4649085950038072
3,2.3895491290422384,2.3895491290422384
4,-1.5481780651883952,-1.5481780651883952
5,1.3107497929760963,1.3107497929760963
6,-2.686105329121348,-2.686105329121348
7,-0.01429978136889426,-0.01429978136889426
