,theta_x,theta_y
0,0.7630011007040767,0.7630011007040767
1,-0.6685732145373636,-0.6685732145373636
2,-1.3377628017659993,-1.3377628017659993
3,-1.6925928083915374,-1.6925928083915374
4,3.141592653589793,3.141592653589793
5,0.19855689499824256,0.19855689499824256
6,0.06475221022884886,0.06475221022884886
7,-1.6323122161124908,-1.6323122161124908
8,0.015452423642386026,0.015452423642386026
9,-1.8062565668322292,-1.8062565668322292
