,theta_x,theta_y
0,-0.6574642072071997,-0.6574642072071997
1,3.141592653589793,3.141592653589793
2,-0.9403823783472303,-0.9403823783472303
3,3.05673468583253,3.05673468583253
4,3.141592653589793,3.141592653589793
5,0.07178575176680801,0.07178575176680801
6,-0.11371433189107348,-0.11371433189107348
7,-1.1572252957259828,-1.1572252957259828
8,-2.063157357816598,-2.063157357816598
