,theta_x,theta_y
0,0.4757341266835891,0.4757341266835891
1,-2.811006747013594,-2.811006747013594
2,-1.09227440340255,-1.09227440340255
3,3.141592653589793,3.141592653589793
