,theta_x,theta_y
0,-1.4641250472469844,-1.4641250472469844
1,3.141592653589793,3.141592653589793
2,3.141592653589793,3.141592653589793
3,-1.4305132770768243,-1.4305132770768243
4,-1.59079603649218,-1.59079603649218
5,3.141592653589793,3.141592653589793
6,-1.739391430331748,-1.739391430331748
7,3.141592653589793,3.141592653589793
8,3.141592653589793,3.141592653589793
