theta_x,theta_y
-1.4641250472469844,-1.4641250472469844
3.141592653589793,3.141592653589793
3.141592653589793,3.141592653589793
-1.4305132770768243,-1.4305132770768243
-1.59079603649218,-1.59079603649218
3.141592653589793,3.141592653589793
-1.739391430331748,-1.739391430331748
3.141592653589793,3.141592653589793
3.141592653589793,3.141592653589793
