,theta_x,theta_y
0,1.7196502446729278,1.7196502446729278
1,-0.9051691906531687,-0.9051691906531687
2,-0.4788753629047082,-0.4788753629047082
3,1.4067739651545492,1.4067739651545492
4,0.6598470081067851,0.6598470081067851
5,3.141592653589793,3.141592653589793
6,2.5285340837500305,2.5285340837500305
7,1.8097993981208647,1.8097993981208647
8,-2.9705770857215805,-2.9705770857215805
9,-0.0496260066593916,-0.0496260066593916
