,theta_x,theta_y
0,1.3952236605364758,1.3952236605364758
1,1.7330468464157796,1.7330468464157796
2,0.9303722023840326,0.9303722023840326
3,-2.129746293308627,-2.129746293308627
