theta_x,theta_y
1.3952236605364758,1.3952236605364758
1.7330468464157796,1.7330468464157796
0.9303722023840326,0.9303722023840326
-2.129746293308627,-2.129746293308627
