,theta_x,theta_y
0,0.41603624766453084,0.41603624766453084
1,-2.228787280202662,-2.228787280202662
2,-3.141592653589793,-3.141592653589793
3,-3.141592653589793,-3.141592653589793
4,3.141592653589793,3.141592653589793
