,theta_x,theta_y
0,1.6494924490783562,1.6494924490783562
1,0.9442270212013893,0.9442270212013893
2,0.7415106697664636,0.7415106697664636
3,-0.14151053232258637,-0.14151053232258637
4,3.113679879570335,3.113679879570335
