,theta_x,theta_y
0,-1.6058393342937387,-1.6058393342937387
1,-3.109082623812727,-3.109082623812727
2,2.500844458449863,2.500844458449863
3,-3.141592653589793,-3.141592653589793
4,2.134734819637757,2.134734819637757
5,0.5211658217445445,0.5211658217445445
6,-3.141592653589793,-3.141592653589793
7,1.0936630532377143,1.0936630532377143
8,1.0623487643199008,1.0623487643199008
