,theta_x,theta_y
0,2.888190112596692,2.888190112596692
1,2.2870226536648457,2.2870226536648457
2,1.9508506482271446,1.9508506482271446
3,-3.141592653589793,-3.141592653589793
4,-3.141592653589793,-3.141592653589793
5,-0.8300203470713894,-0.8300203470713894
6,-0.3493487922209796,-0.3493487922209796
7,-3.141592653589793,-3.141592653589793
8,-3.141592653589793,-3.141592653589793
9,2.442667905813774,2.442667905813774
