theta_x,theta_y
0.9381559166142206,0.9381559166142206
0.9140264609336715,0.9140264609336715
0.8898743983207427,0.8898743983207427
0.8664131554898525,0.8664131554898525
0.8436776293354289,0.8436776293354289
0.822890381392806,0.822890381392806
