,theta_x,theta_y
0,1.152370886627601,1.152370886627601
1,-0.36496058467222237,-0.36496058467222237
2,-0.08241745156758723,-0.08241745156758723
3,-0.6017939661131528,-0.6017939661131528
