theta_x,theta_y
-3.141592653589793,-3.141592653589793
2.375570429789062,2.375570429789062
-1.1267944593424581,-1.1267944593424581
3.141592653589793,3.141592653589793
