theta_x,theta_y
2.4194536123796953,2.4194536123796953
-3.141592653589793,-3.141592653589793
2.77345091074195,2.77345091074195
-0.720716217732587,-0.720716217732587
1.2180605924419157,1.2180605924419157
-3.141592653589793,-3.141592653589793
