theta_x,theta_y
1.4784800157141629,1.4784800157141629
1.290038923826182,1.290038923826182
0.8861887150578946,0.8861887150578946
0.5635217349175912,0.5635217349175912
1.0673329617418374,1.0673329617418374
0.57936551507351,0.57936551507351
