,theta_x,theta_y
0,-1.4160741510145984,-1.4160741510145984
1,-2.099969913874472,-2.099969913874472
2,2.842637867247172,2.842637867247172
3,0.5612227220044398,0.5612227220044398
4,-2.28146274665283,-2.28146274665283
5,-0.8587165252193258,-0.8587165252193258
6,-2.108304454213947,-2.108304454213947
7,-1.6700827157973797,-1.6700827157973797
8,0.9070636400275518,0.9070636400275518
