,theta_x,theta_y
0,-2.1163975973686426,-2.1163975973686426
1,-3.141592653589793,-3.141592653589793
