theta_x,theta_y
2.891862027162534,2.891862027162534
-0.9938141146435758,-0.9938141146435758
0.02838733597516773,0.02838733597516773
2.2886112991627705,2.2886112991627705
0.7349776417259545,0.7349776417259545
