theta_x,theta_y
0.7000936184600122,0.7000936184600122
0.692328745115079,0.692328745115079
0.7165175454359589,0.7165175454359589
0.6714644716621301,0.6714644716621301
0.6676021426677738,0.6676021426677738
