theta_x,theta_y
-0.04865125065131312,-0.04865125065131312
3.141592653589793,3.141592653589793
-2.1698482983170324,-2.1698482983170324
2.358349159566447,2.358349159566447
-0.4467249209885588,-0.4467249209885588
0.7016214995811788,0.7016214995811788
2.824437378203041,2.824437378203041
