theta_x,theta_y
-2.6238953922651356,-2.6238953922651356
-2.908680941384894,-2.908680941384894
2.8098358448746716,2.8098358448746716
-0.46489414107610866,-0.46489414107610866
-2.6033311508555133,-2.6033311508555133
-0.7322544218886147,-0.7322544218886147
