,theta_x,theta_y
0,2.8966402851706063,2.8966402851706063
1,-3.108468797497408,-3.108468797497408
2,3.141592653589793,3.141592653589793
3,-2.5762664614194595,-2.5762664614194595
4,3.141592653589793,3.141592653589793
5,1.6891552890951538,1.6891552890951538
6,-0.3109581965155008,-0.3109581965155008
