,theta_x,theta_y
0,-3.1203706338566484,-3.1203706338566484
1,0.5995051943595301,0.5995051943595301
2,-3.141592653589793,-3.141592653589793
