,theta_x,theta_y
0,-1.201177866345437,-1.201177866345437
1,3.0311741923046247,3.0311741923046247
2,-1.9976663547894762,-1.9976663547894762
3,2.4985588267071805,2.4985588267071805
4,2.432860987476594,2.432860987476594
5,-0.2729629354723786,-0.2729629354723786
6,0.17935924745748233,0.17935924745748233
7,-1.6940137363064323,-1.6940137363064323
8,-3.093247792739726,-3.093247792739726
9,-0.15995210583208425,-0.15995210583208425
