theta_x,theta_y
-0.3480172272524016,-0.3480172272524016
-1.7779176100892329,-1.7779176100892329
3.141592653589793,3.141592653589793
