,theta_x,theta_y
0,1.1678092950233883,1.1678092950233883
1,1.1634572130575618,1.1634572130575618
2,1.1544174993216092,1.1544174993216092
3,1.1516772401111182,1.1516772401111182
4,-3.141592653589793,-3.141592653589793
5,1.1619108855549625,1.1619108855549625
6,1.1789223892710299,1.1789223892710299
