theta_x,theta_y
-2.1712860137661334,-2.1712860137661334
2.972709390298607,2.972709390298607
-2.7265688197446347,-2.7265688197446347
3.141592653589793,3.141592653589793
