,theta_x,theta_y
0,2.1632629762205724,2.1632629762205724
