theta_x,theta_y
-0.8718616033060701,-0.8718616033060701
3.141592653589793,3.141592653589793
-1.0915563670955442,-1.0915563670955442
1.9992577581844673,1.9992577581844673
1.7918820429746385,1.7918820429746385
-0.09510254659949297,-0.09510254659949297
-0.4250081573090692,-0.4250081573090692
-0.955456965566554,-0.955456965566554
