theta_x,theta_y
0.42078789545758205,0.42078789545758205
2.274373464436896,2.274373464436896
1.0472854903560087,1.0472854903560087
-1.3072528162260262,-1.3072528162260262
-0.8905454998227619,-0.8905454998227619
2.129866284551623,2.129866284551623
-2.480868008922118,-2.480868008922118
1.431553870344946,1.431553870344946
1.1812573123677088,1.1812573123677088
