,theta_x,theta_y
0,-0.4714089773094068,-0.4714089773094068
