,theta_x,theta_y
0,-0.028643632890474918,-0.028643632890474918
1,-0.8312521821907883,-0.8312521821907883
2,-1.3075101650695682,-1.3075101650695682
3,-1.732910705972503,-1.732910705972503
4,3.141592653589793,3.141592653589793
5,0.2676482952887482,0.2676482952887482
6,0.15757068147473655,0.15757068147473655
7,-1.3933043347142786,-1.3933043347142786
