,theta_x,theta_y
0,2.3146428998231694,2.3146428998231694
1,0.7129946862143648,0.7129946862143648
2,0.08860970770809032,0.08860970770809032
3,-1.3232177434086763,-1.3232177434086763
4,-3.141592653589793,-3.141592653589793
5,-2.011169689129734,-2.011169689129734
6,-1.758584728544747,-1.758584728544747
7,-3.141592653589793,-3.141592653589793
8,-2.302544031257368,-2.302544031257368
