theta_x,theta_y
1.9301847475621148,1.9301847475621148
1.6571661182769182,1.6571661182769182
1.5556103961188024,1.5556103961188024
0.03362107931573172,0.03362107931573172
1.126685431986805,1.126685431986805
1.498753742435258,1.498753742435258
-2.854736280486367,-2.854736280486367
1.339100979298532,1.339100979298532
1.2543122792595716,1.2543122792595716
