theta_x,theta_y
0.14594868104287462,0.14594868104287462
-2.1795499491760792,-2.1795499491760792
-3.141592653589793,-3.141592653589793
-3.141592653589793,-3.141592653589793
3.141592653589793,3.141592653589793
