,theta_x,theta_y
0,0.8309236746138368,0.8309236746138368
1,1.8636832155507728,1.8636832155507728
2,1.7958778149240968,1.7958778149240968
3,-1.4547393797061106,-1.4547393797061106
4,-0.7345615492117595,-0.7345615492117595
5,1.7967473419233222,1.7967473419233222
