,theta_x,theta_y
0,0.3349587014478823,0.3349587014478823
1,-0.10778008995593522,-0.10778008995593522
2,-3.1239008043852565,-3.1239008043852565
3,-3.135095610986518,-3.135095610986518
4,0.7778233740746959,0.7778233740746959
5,1.398400438006366,1.398400438006366
6,0.764003661222539,0.764003661222539
7,1.3532359781090801,1.3532359781090801
8,1.2200094663836256,1.2200094663836256
9,2.2125478630746374,2.2125478630746374
