,theta_x,theta_y
0,0.6057790421282989,0.6057790421282989
1,0.5917651175996391,0.5917651175996391
2,0.5245730530208232,0.5245730530208232
3,0.6460379764865101,0.6460379764865101
4,0.5875596178959519,0.5875596178959519
5,0.4314955107339723,0.4314955107339723
6,0.43840057839900853,0.43840057839900853
7,0.3932440165427453,0.3932440165427453
8,0.3459379287902281,0.3459379287902281
