,theta_x,theta_y
0,2.7308440298055747,2.7308440298055747
1,-1.148346181964047,-1.148346181964047
2,0.8565423872977491,0.8565423872977491
3,1.9601459314476142,1.9601459314476142
4,0.8106932952702697,0.8106932952702697
5,2.7052286408450827,2.7052286408450827
6,1.5859949710232581,1.5859949710232581
7,2.2757584656056093,2.2757584656056093
8,-2.40639999499278,-2.40639999499278
9,-0.5316013960270151,-0.5316013960270151
