,theta_x,theta_y
0,1.4206618276050824,1.4206618276050824
1,1.1458229757666438,1.1458229757666438
2,-0.23022679592489823,-0.23022679592489823
3,-0.8741648417925366,-0.8741648417925366
4,-1.948718984476088,-1.948718984476088
5,-0.9707361426902147,-0.9707361426902147
6,-1.1774078573636808,-1.1774078573636808
7,-2.2812645126516298,-2.2812645126516298
8,-2.571041066715323,-2.571041066715323
9,2.99445897023422,2.99445897023422
