theta_x,theta_y
2.713038496229974,2.713038496229974
2.7024526040820565,2.7024526040820565
2.598128287368715,2.598128287368715
-3.141592653589793,-3.141592653589793
2.4840103812055596,2.4840103812055596
-3.141592653589793,-3.141592653589793
2.4616216438587726,2.4616216438587726
-3.141592653589793,-3.141592653589793
2.3611573561668515,2.3611573561668515
2.294069794220917,2.294069794220917
