,theta_x,theta_y
0,2.317078324262989,2.317078324262989
