theta_x,theta_y
3.141592653589793,3.141592653589793
-0.8407213084141333,-0.8407213084141333
-0.9322080428635396,-0.9322080428635396
3.141592653589793,3.141592653589793
-0.9426840962798303,-0.9426840962798303
3.141592653589793,3.141592653589793
