,theta_x,theta_y
0,1.0146305826124793,1.0146305826124793
1,0.6997325702422095,0.6997325702422095
2,1.181712378649588,1.181712378649588
3,0.8488322850139117,0.8488322850139117
4,0.8543829557990469,0.8543829557990469
5,0.6307778399320381,0.6307778399320381
6,0.5685871446907753,0.5685871446907753
7,0.553541482916322,0.553541482916322
8,-3.141592653589793,-3.141592653589793
9,0.6431299538243027,0.6431299538243027
