theta_x,theta_y
2.558927324772025,2.558927324772025
-3.141592653589793,-3.141592653589793
-3.141592653589793,-3.141592653589793
-3.141592653589793,-3.141592653589793
