,theta_x,theta_y
0,2.6560395007889483,2.6560395007889483
1,1.9976319569248935,1.9976319569248935
2,2.3493062780779215,2.3493062780779215
3,-3.141592653589793,-3.141592653589793
4,-3.141592653589793,-3.141592653589793
5,1.3908529873765199,1.3908529873765199
6,-3.141592653589793,-3.141592653589793
