,theta_x,theta_y
0,2.5228236284452485,2.5228236284452485
1,0.34268703585911403,0.34268703585911403
2,1.0680212734867767,1.0680212734867767
3,1.0266272034496664,1.0266272034496664
4,1.5586700016527713,1.5586700016527713
5,2.2406665359755134,2.2406665359755134
6,2.010407684607319,2.010407684607319
7,-0.4107283723789254,-0.4107283723789254
8,1.9830514863507696,1.9830514863507696
