,theta_x,theta_y
0,0.9769361975284783,0.9769361975284783
1,0.963217931862641,0.963217931862641
2,0.9616591172054663,0.9616591172054663
3,0.9612622665830625,0.9612622665830625
4,0.9554034579785459,0.9554034579785459
5,0.9579720673495865,0.9579720673495865
6,0.9510361795771608,0.9510361795771608
7,0.9500081847453563,0.9500081847453563
8,-3.141592653589793,-3.141592653589793
9,0.9371468972820403,0.9371468972820403
