,theta_x,theta_y
0,-2.948076281050184,-2.948076281050184
1,-1.8293142977482744,-1.8293142977482744
2,1.9646172073599102,1.9646172073599102
3,0.8630291046106603,0.8630291046106603
4,-2.903425636324242,-2.903425636324242
5,-0.17885278894552994,-0.17885278894552994
6,0.14269691496073622,0.14269691496073622
7,-2.452759292815991,-2.452759292815991
8,1.6592899680428554,1.6592899680428554
