theta_x,theta_y
3.141592653589793,3.141592653589793
0.7366669093444542,0.7366669093444542
-1.038692556729928,-1.038692556729928
3.141592653589793,3.141592653589793
0.36052536909426325,0.36052536909426325
3.141592653589793,3.141592653589793
1.7416460354491274,1.7416460354491274
