,theta_x,theta_y
0,0.1693881478181835,0.1693881478181835
1,-1.726188061305365,-1.726188061305365
2,-2.5507583622775636,-2.5507583622775636
3,-3.0133279720092596,-3.0133279720092596
4,2.206866936576191,2.206866936576191
5,2.116234274135156,2.116234274135156
6,0.7303007524599334,0.7303007524599334
