,theta_x,theta_y
0,1.949810822062776,1.949810822062776
1,0.5906480344322109,0.5906480344322109
2,1.4407342062542732,1.4407342062542732
3,-2.9163481889016514,-2.9163481889016514
4,1.3082571486305512,1.3082571486305512
5,-0.49994629781339583,-0.49994629781339583
6,1.555353753493109,1.555353753493109
7,-3.011468570646222,-3.011468570646222
