,theta_x,theta_y
0,0.06108061893966199,0.06108061893966199
1,-0.9032891406487884,-0.9032891406487884
2,-0.765842091844236,-0.765842091844236
