,theta_x,theta_y
0,2.9173678284355273,2.9173678284355273
1,2.4799550303123183,2.4799550303123183
2,1.6504053003052757,1.6504053003052757
3,-1.0759591653115395,-1.0759591653115395
4,-3.1415911998654606,-3.1415911998654606
5,0.0049533311414843555,0.0049533311414843555
