,theta_x,theta_y
0,-2.075204924526359,-2.075204924526359
1,-1.223095250136102,-1.223095250136102
2,-0.5257288488063547,-0.5257288488063547
3,0.5844969457797974,0.5844969457797974
4,3.1251469743793403,3.1251469743793403
5,-1.2672024929891945,-1.2672024929891945
6,0.7545599282143933,0.7545599282143933
7,1.6442824342161628,1.6442824342161628
8,1.8565897336072343,1.8565897336072343
