theta_x,theta_y
1.5641782803452426,1.5641782803452426
1.8417463919971653,1.8417463919971653
