,theta_x,theta_y
0,1.5641782803452426,1.5641782803452426
1,1.8417463919971653,1.8417463919971653
