theta_x,theta_y
0.8514935732231521,0.8514935732231521
0.8520551771460139,0.8520551771460139
-0.3853093668997195,-0.3853093668997195
-0.7313020066346969,-0.7313020066346969
-2.821706891997647,-2.821706891997647
-0.11398807634292492,-0.11398807634292492
-0.0028883440947334773,-0.0028883440947334773
-2.7787173263744864,-2.7787173263744864
-2.8089540276197615,-2.8089540276197615
