,theta_x,theta_y
0,0.8514935732231521,0.8514935732231521
1,0.8520551771460139,0.8520551771460139
2,-0.3853093668997195,-0.3853093668997195
3,-0.7313020066346969,-0.7313020066346969
4,-2.821706891997647,-2.821706891997647
5,-0.11398807634292492,-0.11398807634292492
6,-0.0028883440947334773,-0.0028883440947334773
7,-2.7787173263744864,-2.7787173263744864
8,-2.8089540276197615,-2.8089540276197615
