,theta_x,theta_y
0,1.0528016325269378,1.0528016325269378
1,1.030931288171142,1.030931288171142
2,-3.141592653589793,-3.141592653589793
3,1.027372936361534,1.027372936361534
4,1.0026826462418073,1.0026826462418073
5,0.9976076647611246,0.9976076647611246
6,0.9864875126318166,0.9864875126318166
7,0.980172369216339,0.980172369216339
8,1.0039715016362438,1.0039715016362438
9,-3.141592653589793,-3.141592653589793
