theta_x,theta_y
0.2354408026094037,0.2354408026094037
0.6234962084530287,0.6234962084530287
-0.7998777129794138,-0.7998777129794138
-0.9028113884930562,-0.9028113884930562
-2.9063356835774106,-2.9063356835774106
-0.29252174980456697,-0.29252174980456697
0.14008101737645148,0.14008101737645148
-3.0470787009260256,-3.0470787009260256
-2.7616766496894134,-2.7616766496894134
2.246632874328731,2.246632874328731
