,theta_x,theta_y
0,0.2354408026094037,0.2354408026094037
1,0.6234962084530287,0.6234962084530287
2,-0.7998777129794138,-0.7998777129794138
3,-0.9028113884930562,-0.9028113884930562
4,-2.9063356835774106,-2.9063356835774106
5,-0.29252174980456697,-0.29252174980456697
6,0.14008101737645148,0.14008101737645148
7,-3.0470787009260256,-3.0470787009260256
8,-2.7616766496894134,-2.7616766496894134
9,2.246632874328731,2.246632874328731
