theta_x,theta_y
-3.141592653589793,-3.141592653589793
-3.141592653589793,-3.141592653589793
2.150044671406316,2.150044671406316
2.42886728553086,2.42886728553086
