,theta_x,theta_y
0,-2.9649041836918846,-2.9649041836918846
1,-0.13460449045046483,-0.13460449045046483
2,0.8918443099724495,0.8918443099724495
