theta_x,theta_y
1.1881201424163188,1.1881201424163188
1.3179981125041644,1.3179981125041644
0.7847223638486726,0.7847223638486726
