theta_x,theta_y
1.4983084386848022,1.4983084386848022
