,theta_x,theta_y
0,1.6925217472374317,1.6925217472374317
