,theta_x,theta_y
0,-1.5046586424159356,-1.5046586424159356
1,-1.2594942154351714,-1.2594942154351714
2,1.9692500216528515,1.9692500216528515
