,theta_x,theta_y
0,1.6970674754042034,1.6970674754042034
1,2.054402366677522,2.054402366677522
2,1.4241903301146563,1.4241903301146563
3,-3.141592653589793,-3.141592653589793
4,2.0086833042746908,2.0086833042746908
5,0.6384963898441024,0.6384963898441024
6,1.6232566141840596,1.6232566141840596
7,-3.141592653589793,-3.141592653589793
8,1.6522580975392955,1.6522580975392955
