theta_x,theta_y
-1.266587799614798,-1.266587799614798
-1.6287383717395298,-1.6287383717395298
-1.8292780312764783,-1.8292780312764783
-2.0337407846322213,-2.0337407846322213
3.141592653589793,3.141592653589793
-1.6596321929750868,-1.6596321929750868
