theta_x,theta_y
-3.141592653589793,-3.141592653589793
-0.39420514490576075,-0.39420514490576075
