,theta_x,theta_y
0,-1.5719307278863246,-1.5719307278863246
1,-2.5630311687251663,-2.5630311687251663
2,3.052980050270117,3.052980050270117
3,-2.8012222771854636,-2.8012222771854636
4,2.1207311679069205,2.1207311679069205
5,1.4345145080892434,1.4345145080892434
6,-1.3018645988105546,-1.3018645988105546
7,-2.454401039939939,-2.454401039939939
8,-2.5504690439551467,-2.5504690439551467
