,theta_x,theta_y
0,1.1596598250628498,1.1596598250628498
