,theta_x,theta_y
0,1.9427270543201376,1.9427270543201376
1,0.21369751424476424,0.21369751424476424
