,theta_x,theta_y
0,-3.141592653589793,-3.141592653589793
1,2.3267562414881855,2.3267562414881855
