,theta_x,theta_y
0,2.890349408916249,2.890349408916249
1,-0.45613093749279005,-0.45613093749279005
2,3.097455686340236,3.097455686340236
3,-2.969007214131233,-2.969007214131233
4,0.7682843333266793,0.7682843333266793
5,-0.9109379233722585,-0.9109379233722585
6,1.5457146817395313,1.5457146817395313
