,theta_x,theta_y
0,-0.8611927602600269,-0.8611927602600269
1,-0.8715930102570371,-0.8715930102570371
2,1.647367743768597,1.647367743768597
3,-0.8340596189018682,-0.8340596189018682
4,0.9249815635959717,0.9249815635959717
5,-0.13896722790960253,-0.13896722790960253
6,2.5331244634976517,2.5331244634976517
7,3.141592653589793,3.141592653589793
8,-2.5919842936570463,-2.5919842936570463
