theta_x,theta_y
0.6600773881536109,0.6600773881536109
3.036369251983942,3.036369251983942
-0.31016855169645813,-0.31016855169645813
2.485999354069564,2.485999354069564
