theta_x,theta_y
1.1973175956736024,1.1973175956736024
3.141592653589793,3.141592653589793
-2.6842325603897743,-2.6842325603897743
2.884494697511836,2.884494697511836
-1.0074156404632628,-1.0074156404632628
0.3117999832577965,0.3117999832577965
3.1032615064449747,3.1032615064449747
0.17440624602513927,0.17440624602513927
1.8052272100173474,1.8052272100173474
-2.906731215136369,-2.906731215136369
