,theta_x,theta_y
0,0.8629976252300662,0.8629976252300662
1,-1.441495422120296,-1.441495422120296
2,-2.883831165359953,-2.883831165359953
3,-3.042424496209896,-3.042424496209896
4,1.9703283741248423,1.9703283741248423
5,2.5872057984412895,2.5872057984412895
6,0.6817534935263793,0.6817534935263793
7,1.447542896627219,1.447542896627219
8,0.2793430724926792,0.2793430724926792
9,2.7320783485300297,2.7320783485300297
