,theta_x,theta_y
0,-3.141592653589793,-3.141592653589793
1,0.9300062743384012,0.9300062743384012
2,0.9401647450016256,0.9401647450016256
3,0.95056589763345,0.95056589763345
4,-3.141592653589793,-3.141592653589793
5,0.9623619636264239,0.9623619636264239
6,0.9888704466472076,0.9888704466472076
7,1.0156413738257728,1.0156413738257728
