theta_x,theta_y
0.04913281753510752,0.04913281753510752
3.141592653589793,3.141592653589793
-1.6621875829021084,-1.6621875829021084
2.4826814055955353,2.4826814055955353
0.5289868044547241,0.5289868044547241
-1.058781373131601,-1.058781373131601
3.141592653589793,3.141592653589793
