,theta_x,theta_y
0,0.04913281753510752,0.04913281753510752
1,3.141592653589793,3.141592653589793
2,-1.6621875829021084,-1.6621875829021084
3,2.4826814055955353,2.4826814055955353
4,0.5289868044547241,0.5289868044547241
5,-1.058781373131601,-1.058781373131601
6,3.141592653589793,3.141592653589793
