,theta_x,theta_y
0,-1.177488747174203,-1.177488747174203
1,-1.8773965990248989,-1.8773965990248989
2,2.0865332276538147,2.0865332276538147
3,-3.141592653589793,-3.141592653589793
4,1.366981713248166,1.366981713248166
5,1.0863399098017879,1.0863399098017879
