,theta_x,theta_y
0,0.786517927903661,0.786517927903661
1,0.819157688443749,0.819157688443749
2,-3.141592653589793,-3.141592653589793
3,-3.141592653589793,-3.141592653589793
4,0.7144864003326353,0.7144864003326353
5,0.5988106788610326,0.5988106788610326
6,0.8883786798771238,0.8883786798771238
7,0.8955875816720875,0.8955875816720875
8,1.139604184128061,1.139604184128061
