theta_x,theta_y
0.786517927903661,0.786517927903661
0.819157688443749,0.819157688443749
-3.141592653589793,-3.141592653589793
-3.141592653589793,-3.141592653589793
0.7144864003326353,0.7144864003326353
0.5988106788610326,0.5988106788610326
0.8883786798771238,0.8883786798771238
0.8955875816720875,0.8955875816720875
1.139604184128061,1.139604184128061
