theta_x,theta_y
-1.9478196158524348,-1.9478196158524348
-1.600402240641285,-1.600402240641285
2.102379593117716,2.102379593117716
-2.5390615581662006,-2.5390615581662006
0.5010952378067437,0.5010952378067437
1.8309643542385907,1.8309643542385907
-2.2828835494494575,-2.2828835494494575
-2.701159511082968,-2.701159511082968
-1.8121306223100961,-1.8121306223100961
