,theta_x,theta_y
0,-2.8890759907950594,-2.8890759907950594
1,-1.7693667878844204,-1.7693667878844204
2,1.856805396797602,1.856805396797602
3,0.7965666443086284,0.7965666443086284
4,-2.895336961803193,-2.895336961803193
5,-0.06851157193629202,-0.06851157193629202
6,-0.035669839581278194,-0.035669839581278194
7,-2.2964263316371527,-2.2964263316371527
