theta_x,theta_y
1.1688019706269037,1.1688019706269037
