,theta_x,theta_y
0,1.271636396967304,1.271636396967304
1,1.247233076372619,1.247233076372619
2,1.2230561764533177,1.2230561764533177
3,-3.141592653589793,-3.141592653589793
4,1.1734921793449562,1.1734921793449562
5,1.191367007185254,1.191367007185254
6,1.2059842408980406,1.2059842408980406
7,-3.141592653589793,-3.141592653589793
8,1.1797700340597872,1.1797700340597872
9,1.2334655661149698,1.2334655661149698
