,theta_x,theta_y
0,-1.5793633423505709,-1.5793633423505709
1,3.1415926535897802,3.1415926535897802
2,0.8930093956338189,0.8930093956338189
3,-1.3876491375515614,-1.3876491375515614
