,theta_x,theta_y
0,-1.6685219320616198,-1.6685219320616198
1,3.141592653589793,3.141592653589793
