,theta_x,theta_y
0,1.4263293684525526,1.4263293684525526
1,1.8909727300382135,1.8909727300382135
2,0.29236493755457316,0.29236493755457316
3,-1.7851597980083747,-1.7851597980083747
4,-2.816540076590541,-2.816540076590541
5,-0.7978873625334879,-0.7978873625334879
