,theta_x,theta_y
0,0.17056018263597253,0.17056018263597253
1,0.9170796493621799,0.9170796493621799
2,1.0124275295782657,1.0124275295782657
3,-1.309130447751124,-1.309130447751124
4,-1.591191731933415,-1.591191731933415
5,-0.46687269083252525,-0.46687269083252525
