,theta_x,theta_y
0,-0.1620251851483259,-0.1620251851483259
1,2.890810372022196,2.890810372022196
2,-2.1990483800910314,-2.1990483800910314
3,2.4801526235551044,2.4801526235551044
4,-1.0485214239199483,-1.0485214239199483
5,-0.4672009957387579,-0.4672009957387579
6,1.9889714732607098,1.9889714732607098
7,-0.6226921148405817,-0.6226921148405817
