theta_x,theta_y
1.092098071708327,1.092098071708327
1.5171168218947384,1.5171168218947384
1.1015576088221637,1.1015576088221637
-1.8153195054775864,-1.8153195054775864
