,theta_x,theta_y
0,-3.0815146748526807,-3.0815146748526807
1,-3.141592653589793,-3.141592653589793
2,2.306831938427204,2.306831938427204
3,-1.867063561598087,-1.867063561598087
4,-1.2811220425281293,-1.2811220425281293
