theta_x,theta_y
1.3918153399590605,1.3918153399590605
1.8990736277726374,1.8990736277726374
-1.91025765349637,-1.91025765349637
