,theta_x,theta_y
0,-1.130163894263911,-1.130163894263911
1,-2.812809860722307,-2.812809860722307
2,-1.7787545189180438,-1.7787545189180438
3,0.06894397615016636,0.06894397615016636
4,1.4143293807498427,1.4143293807498427
5,0.8627199707278641,0.8627199707278641
6,2.6733660268595227,2.6733660268595227
