,theta_x,theta_y
0,-3.141592653589793,-3.141592653589793
1,-3.141592653589793,-3.141592653589793
2,0.9767267532986087,0.9767267532986087
3,-1.5802901514947068,-1.5802901514947068
4,-3.1256601331038367,-3.1256601331038367
