,theta_x,theta_y
0,0.7408184028927746,0.7408184028927746
1,-1.5506061347839,-1.5506061347839
2,-2.135240449388257,-2.135240449388257
3,-2.682458139133112,-2.682458139133112
4,2.721023568551736,2.721023568551736
5,2.4145645312620903,2.4145645312620903
6,1.2656858911341322,1.2656858911341322
7,0.8521701948507756,0.8521701948507756
8,0.043239168365183836,0.043239168365183836
9,2.0984389311435003,2.0984389311435003
