,theta_x,theta_y
0,-0.0785637420546299,-0.0785637420546299
1,-0.6313948374945797,-0.6313948374945797
2,-0.8080860336386365,-0.8080860336386365
3,-1.0730356878339622,-1.0730356878339622
