,theta_x,theta_y
0,-1.1129438724928762,-1.1129438724928762
1,2.6717203736246695,2.6717203736246695
2,-1.9256474246731052,-1.9256474246731052
3,1.7207694908180229,1.7207694908180229
4,0.981713795550316,0.981713795550316
