theta_x,theta_y
1.920799163036366,1.920799163036366
