theta_x,theta_y
0.20135720640830979,0.20135720640830979
0.21957169664976503,0.21957169664976503
0.16239302596276856,0.16239302596276856
0.19097476806340355,0.19097476806340355
0.005412971961710856,0.005412971961710856
