theta_x,theta_y
-2.891294212097646,-2.891294212097646
0.8304544231762359,0.8304544231762359
0.6726792063307938,0.6726792063307938
1.286669756058895,1.286669756058895
-2.8088439227553,-2.8088439227553
