,theta_x,theta_y
0,-0.6234931690698718,-0.6234931690698718
1,-2.1521280531349722,-2.1521280531349722
2,-2.1918270041305368,-2.1918270041305368
3,-1.598525826678071,-1.598525826678071
