,theta_x,theta_y
0,2.405000621046603,2.405000621046603
1,-0.6105585676878451,-0.6105585676878451
2,1.0524714987936634,1.0524714987936634
