,theta_x,theta_y
0,-3.141592653589793,-3.141592653589793
1,-3.141592653589793,-3.141592653589793
2,1.0171066147760843,1.0171066147760843
3,1.3003414990057502,1.3003414990057502
4,-3.141592653589793,-3.141592653589793
5,1.0333267452197155,1.0333267452197155
6,1.816202995562933,1.816202995562933
7,-3.141592653589793,-3.141592653589793
8,1.7915400434729132,1.7915400434729132
