,theta_x,theta_y
0,-0.5985816711802258,-0.5985816711802258
1,2.4916804977288676,2.4916804977288676
2,-0.8253333990099923,-0.8253333990099923
3,1.3193371434413175,1.3193371434413175
4,1.4141310648275183,1.4141310648275183
5,-0.09425347350810226,-0.09425347350810226
