theta_x,theta_y
-0.2967038856618357,-0.2967038856618357
-0.3822148241499205,-0.3822148241499205
-0.38465049111225885,-0.38465049111225885
-0.3291122890406571,-0.3291122890406571
