theta_x,theta_y
0.18709980441962065,0.18709980441962065
-0.9242846431513023,-0.9242846431513023
-0.8649008863833217,-0.8649008863833217
-0.8119516341587455,-0.8119516341587455
