,theta_x,theta_y
0,-2.841261089201161,-2.841261089201161
1,-2.3995098646227,-2.3995098646227
2,0.19278508051153198,0.19278508051153198
3,1.128634915232714,1.128634915232714
4,1.6188577028430957,1.6188577028430957
5,0.5929817280210723,0.5929817280210723
6,1.1852962362915331,1.1852962362915331
