,theta_x,theta_y
0,2.5312454000309987,2.5312454000309987
1,-1.9138580933849267,-1.9138580933849267
2,0.7711117460597121,0.7711117460597121
3,1.67562541883226,1.67562541883226
4,0.812053581356413,0.812053581356413
5,2.2596599313457637,2.2596599313457637
6,1.7887259844637873,1.7887259844637873
7,2.731300391171951,2.731300391171951
8,-2.46797234280758,-2.46797234280758
9,-0.762194835283059,-0.762194835283059
