theta_x,theta_y
0.7369930757824475,0.7369930757824475
0.7243714466772128,0.7243714466772128
0.7113079544089198,0.7113079544089198
0.6996321696937673,0.6996321696937673
0.6880372754009914,0.6880372754009914
0.6775297160429501,0.6775297160429501
