,theta_x,theta_y
0,2.902587631358279,2.902587631358279
1,-1.3927629185935049,-1.3927629185935049
2,1.6317587263556714,1.6317587263556714
3,-3.141592653589793,-3.141592653589793
4,0.8758647084112033,0.8758647084112033
5,-3.141592653589793,-3.141592653589793
6,0.586579304077467,0.586579304077467
7,-0.4034474477380614,-0.4034474477380614
8,-0.8289338079672215,-0.8289338079672215
