,theta_x,theta_y
0,0.4695945821479,0.4695945821479
1,-0.8140941076783776,-0.8140941076783776
2,-0.7849244449794612,-0.7849244449794612
3,0.5668160199308684,0.5668160199308684
