,theta_x,theta_y
0,2.3276666727546806,2.3276666727546806
1,-0.608345020696774,-0.608345020696774
2,-0.6585359731018388,-0.6585359731018388
3,1.7453717051882212,1.7453717051882212
4,1.6523120675475036,1.6523120675475036
5,3.141592653589793,3.141592653589793
