theta_x,theta_y
2.6581329631630344,2.6581329631630344
-2.892767077582196,-2.892767077582196
