,theta_x,theta_y
0,-1.6355103380380918,-1.6355103380380918
1,2.905478775081324,2.905478775081324
2,-2.8350510566879845,-2.8350510566879845
3,2.0662453238823004,2.0662453238823004
4,1.6910528804024145,1.6910528804024145
5,-0.4331345599713926,-0.4331345599713926
6,-2.5853887607666306,-2.5853887607666306
7,-2.958548095063298,-2.958548095063298
8,-2.0951458350794523,-2.0951458350794523
9,-1.5323560016083617,-1.5323560016083617
