,theta_x,theta_y
0,3.0320594113175603,3.0320594113175603
1,-0.8219515840460289,-0.8219515840460289
2,-1.461034652440649,-1.461034652440649
3,2.074881805309519,2.074881805309519
