theta_x,theta_y
3.141592653589793,3.141592653589793
-0.23085856260398463,-0.23085856260398463
3.141592653589793,3.141592653589793
-2.4426194940815633,-2.4426194940815633
0.7204943928203821,0.7204943928203821
