,theta_x,theta_y
0,3.141592653589793,3.141592653589793
1,-0.23085856260398463,-0.23085856260398463
2,3.141592653589793,3.141592653589793
3,-2.4426194940815633,-2.4426194940815633
4,0.7204943928203821,0.7204943928203821
