,theta_x,theta_y
0,-1.7295088422828688,-1.7295088422828688
1,3.11558911032483,3.11558911032483
2,-2.027000804135298,-2.027000804135298
3,2.3359461080369464,2.3359461080369464
4,3.0154383982635937,3.0154383982635937
5,-1.1827260589698974,-1.1827260589698974
