,theta_x,theta_y
0,0.9850594827989634,0.9850594827989634
1,-2.530775385986281,-2.530775385986281
2,-2.682274441543127,-2.682274441543127
3,-3.105744421893696,-3.105744421893696
4,2.65572659826791,2.65572659826791
5,1.9480762987461273,1.9480762987461273
6,1.4417036987488334,1.4417036987488334
7,1.0046835306237272,1.0046835306237272
8,0.15126502200021677,0.15126502200021677
9,1.878689765916644,1.878689765916644
