,theta_x,theta_y
0,2.3057077607779486,2.3057077607779486
1,0.19680566734867055,0.19680566734867055
2,2.528941883586708,2.528941883586708
3,-2.5892642736445213,-2.5892642736445213
4,0.5498443904082668,0.5498443904082668
5,-0.3413206899061106,-0.3413206899061106
