theta_x,theta_y
2.1950262194808565,2.1950262194808565
-1.923086301228176,-1.923086301228176
-2.873654480262414,-2.873654480262414
-3.141592653589793,-3.141592653589793
2.655371455740567,2.655371455740567
2.337246089789238,2.337246089789238
1.823452204499882,1.823452204499882
2.0012090287631854,2.0012090287631854
0.7636950030746217,0.7636950030746217
