theta_x,theta_y
1.6658317219891663,1.6658317219891663
0.2671736168990136,0.2671736168990136
1.6988543266156206,1.6988543266156206
-2.261991065932927,-2.261991065932927
0.11808132949163574,0.11808132949163574
-0.45454615274194476,-0.45454615274194476
1.2757992507937062,1.2757992507937062
-2.4747792868588596,-2.4747792868588596
