,theta_x,theta_y
0,-0.6086010640106196,-0.6086010640106196
1,-0.4334752774828093,-0.4334752774828093
2,-1.073346058112996,-1.073346058112996
3,-3.141592653589793,-3.141592653589793
