,theta_x,theta_y
0,2.8122071858917996,2.8122071858917996
1,2.605237346823369,2.605237346823369
2,1.056725688611714,1.056725688611714
3,-2.162681810559609,-2.162681810559609
4,1.6504125134432777,1.6504125134432777
5,0.4037460584943312,0.4037460584943312
6,-3.141592653589793,-3.141592653589793
7,0.2718582375327602,0.2718582375327602
