,theta_x,theta_y
0,0.04989656519723768,0.04989656519723768
1,3.141592653589793,3.141592653589793
2,-3.141592653589793,-3.141592653589793
