,theta_x,theta_y
0,-2.0570835825384877,-2.0570835825384877
1,-1.7769367572533943,-1.7769367572533943
2,-3.057758413186298,-3.057758413186298
