theta_x,theta_y
-3.141592653589793,-3.141592653589793
-1.09768818248274,-1.09768818248274
1.5837772595565032,1.5837772595565032
