,theta_x,theta_y
0,1.3062808176809337,1.3062808176809337
1,1.3002030327822331,1.3002030327822331
2,1.2923520494367076,1.2923520494367076
3,-3.141592653589793,-3.141592653589793
4,1.2650151834479204,1.2650151834479204
5,1.2756380622590249,1.2756380622590249
6,1.2805032722992364,1.2805032722992364
7,-3.141592653589793,-3.141592653589793
8,1.2627256868501686,1.2627256868501686
