theta_x,theta_y
-0.9840284082261817,-0.9840284082261817
3.141592653589793,3.141592653589793
-2.72303889598181,-2.72303889598181
2.936642474670345,2.936642474670345
