theta_x,theta_y
3.0708279158273704,3.0708279158273704
3.005689117007412,3.005689117007412
0.4478005007459652,0.4478005007459652
-1.933168442823917,-1.933168442823917
-2.6179966566307034,-2.6179966566307034
-2.3840466607723445,-2.3840466607723445
-2.389888414672154,-2.389888414672154
-2.927738307730706,-2.927738307730706
-2.65649807999611,-2.65649807999611
