,theta_x,theta_y
0,-0.867007893158406,-0.867007893158406
1,2.5339677971044066,2.5339677971044066
2,-1.0907658622197085,-1.0907658622197085
3,1.574836035572658,1.574836035572658
4,1.4763352470581048,1.4763352470581048
5,-0.07517082838606208,-0.07517082838606208
6,-0.33822889135479794,-0.33822889135479794
7,-1.1003816167240945,-1.1003816167240945
8,-2.498699260951824,-2.498699260951824
