,theta_x,theta_y
0,3.086616419546461,3.086616419546461
1,-1.6212662208885282,-1.6212662208885282
2,0.7806281729669323,0.7806281729669323
3,2.4709428172494445,2.4709428172494445
4,1.833470601604787,1.833470601604787
5,3.141592653589793,3.141592653589793
6,2.728596996587783,2.728596996587783
7,2.910856900180727,2.910856900180727
