,theta_x,theta_y
0,-2.7709855601796756,-2.7709855601796756
1,-0.36646485184148614,-0.36646485184148614
2,1.90822948310231,1.90822948310231
