,theta_x,theta_y
0,-2.0946421330631217,-2.0946421330631217
1,-3.141592653589793,-3.141592653589793
2,1.6919047692753575,1.6919047692753575
3,-3.141592653589793,-3.141592653589793
4,1.4631859302954813,1.4631859302954813
5,1.288307485527157,1.288307485527157
6,-3.141592653589793,-3.141592653589793
7,-3.141592653589793,-3.141592653589793
8,-2.472181578021396,-2.472181578021396
