,theta_x,theta_y
0,2.7526243183348753,2.7526243183348753
1,2.689166871462752,2.689166871462752
2,-3.141592653589793,-3.141592653589793
3,2.5710544705655494,2.5710544705655494
4,-3.141592653589793,-3.141592653589793
5,2.4722772259104255,2.4722772259104255
6,2.4325778537124054,2.4325778537124054
7,2.3943485727979072,2.3943485727979072
8,2.3574878493431703,2.3574878493431703
9,-3.141592653589793,-3.141592653589793
