,theta_x,theta_y
0,1.2436447893222164,1.2436447893222164
1,0.9090841396757345,0.9090841396757345
2,0.4898234076083252,0.4898234076083252
3,0.6896580056531136,0.6896580056531136
4,0.5166085941162503,0.5166085941162503
5,0.4365424509082409,0.4365424509082409
6,0.22062358987248634,0.22062358987248634
7,0.22398838792031153,0.22398838792031153
