,theta_x,theta_y
0,-0.012718715705062708,-0.012718715705062708
1,2.841385934487379,2.841385934487379
2,-2.58411259910297,-2.58411259910297
3,2.410848376063909,2.410848376063909
4,-1.1421975655422465,-1.1421975655422465
5,-0.19620307374051713,-0.19620307374051713
6,2.037096656929083,2.037096656929083
