,theta_x,theta_y
0,-2.651469612790779,-2.651469612790779
1,-1.6975596179414134,-1.6975596179414134
2,1.9187572986279013,1.9187572986279013
3,0.5637917235187462,0.5637917235187462
4,-2.6085126327102794,-2.6085126327102794
5,-0.4011192948407854,-0.4011192948407854
6,-0.12587453870121176,-0.12587453870121176
7,-2.195169758904418,-2.195169758904418
8,1.534641144778137,1.534641144778137
