,theta_x,theta_y
0,-2.723555351318941,-2.723555351318941
1,-1.931677827736516,-1.931677827736516
2,1.6990092163842108,1.6990092163842108
3,-3.141592653589793,-3.141592653589793
4,1.4205027269020918,1.4205027269020918
5,1.1728029049957363,1.1728029049957363
6,-3.141592653589793,-3.141592653589793
