theta_x,theta_y
2.9631684746547196,2.9631684746547196
-0.8621622667733939,-0.8621622667733939
1.0273640828420505,1.0273640828420505
2.300799124266484,2.300799124266484
1.7321542661370208,1.7321542661370208
3.141592653589793,3.141592653589793
2.696531186519126,2.696531186519126
3.0343728779292976,3.0343728779292976
-2.511624560349355,-2.511624560349355
