,theta_x,theta_y
0,3.141592653589793,3.141592653589793
1,3.141592653589793,3.141592653589793
2,-1.5306160018080057,-1.5306160018080057
3,-1.608836633050418,-1.608836633050418
4,3.141592653589793,3.141592653589793
