,theta_x,theta_y
0,-0.13564304319746118,-0.13564304319746118
1,-0.9523176245937133,-0.9523176245937133
2,-2.2955375672968543,-2.2955375672968543
3,-3.0851094956448892,-3.0851094956448892
4,1.0637460559793146,1.0637460559793146
5,2.1855703107436097,2.1855703107436097
6,0.5671329365103545,0.5671329365103545
