,theta_x,theta_y
0,1.48556062332937,1.48556062332937
1,1.623237954653608,1.623237954653608
2,1.2926273812322635,1.2926273812322635
3,-3.141592653589793,-3.141592653589793
4,1.5644816581954324,1.5644816581954324
5,1.2314622553959615,1.2314622553959615
6,1.5457423534058092,1.5457423534058092
7,-3.141592653589793,-3.141592653589793
8,1.738858805305602,1.738858805305602
