theta_x,theta_y
2.090439451773409,2.090439451773409
-2.7347785076094753,-2.7347785076094753
2.9172442858838568,2.9172442858838568
