,theta_x,theta_y
0,2.0336361208372353,2.0336361208372353
1,1.5419475053149383,1.5419475053149383
2,-3.141592653589793,-3.141592653589793
3,-3.141592653589793,-3.141592653589793
4,1.7985812754626878,1.7985812754626878
5,2.0852399029428867,2.0852399029428867
6,2.341185068541897,2.341185068541897
7,2.7619245021536725,2.7619245021536725
