theta_x,theta_y
0.9339629803307986,0.9339629803307986
-0.007419120770285378,-0.007419120770285378
-1.2259745006430223,-1.2259745006430223
-0.055593555261924416,-0.055593555261924416
-2.8305240107376246,-2.8305240107376246
0.09818283310375794,0.09818283310375794
-0.483378482069281,-0.483378482069281
-2.0244152421250776,-2.0244152421250776
