,theta_x,theta_y
0,-3.045113910879523,-3.045113910879523
1,3.141592653589793,3.141592653589793
