theta_x,theta_y
0.5943936031942529,0.5943936031942529
0.5585395596975017,0.5585395596975017
0.5256678048271208,0.5256678048271208
