,theta_x,theta_y
0,-2.1813916063029675,-2.1813916063029675
1,2.761717742704182,2.761717742704182
2,-2.768868975350632,-2.768868975350632
3,3.0659559062953776,3.0659559062953776
4,2.1897520985205774,2.1897520985205774
5,-1.3099940491528503,-1.3099940491528503
6,-1.6473279856432292,-1.6473279856432292
7,-1.1891412989018302,-1.1891412989018302
