,theta_x,theta_y
0,1.511640049613041,1.511640049613041
1,-0.5358572508526178,-0.5358572508526178
2,-1.0474842857519258,-1.0474842857519258
3,0.017731658901549957,0.017731658901549957
4,2.9029991685524057,2.9029991685524057
5,3.141592653589793,3.141592653589793
6,2.5243888536898247,2.5243888536898247
