,theta_x,theta_y
0,-1.7843772149239918,-1.7843772149239918
1,-1.9079537991039237,-1.9079537991039237
2,-3.096007352457964,-3.096007352457964
3,-2.2396351300075628,-2.2396351300075628
4,2.4247108923235663,2.4247108923235663
