theta_x,theta_y
3.141592653589793,3.141592653589793
0.3848486287005935,0.3848486287005935
3.141592653589793,3.141592653589793
-1.921724449748211,-1.921724449748211
0.7827093217019938,0.7827093217019938
