,theta_x,theta_y
0,-1.140453625935498,-1.140453625935498
1,-1.8315696208075274,-1.8315696208075274
2,3.141592653589793,3.141592653589793
3,-3.141592653589793,-3.141592653589793
4,-0.9976085760754121,-0.9976085760754121
