,theta_x,theta_y
0,-3.078336519556893,-3.078336519556893
1,-1.5623188793235983,-1.5623188793235983
2,1.5954238068215878,1.5954238068215878
3,0.8674578460811869,0.8674578460811869
4,-3.058450734648836,-3.058450734648836
5,0.19698372656623284,0.19698372656623284
6,0.24337361980545172,0.24337361980545172
7,-2.313461071115949,-2.313461071115949
8,1.2204326179840865,1.2204326179840865
