theta_x,theta_y
-3.141592653589793,-3.141592653589793
-1.581400051311108,-1.581400051311108
3.141592653589793,3.141592653589793
-1.6959821507940085,-1.6959821507940085
