theta_x,theta_y
1.655796300719616,1.655796300719616
-0.3432657279518805,-0.3432657279518805
0.3894678911873598,0.3894678911873598
-1.3729670826420883,-1.3729670826420883
-1.2228553948036671,-1.2228553948036671
-1.025441596811851,-1.025441596811851
0.15092659224459035,0.15092659224459035
