theta_x,theta_y
-0.23954359980622536,-0.23954359980622536
2.0120656633316396,2.0120656633316396
2.549001322847784,2.549001322847784
-1.1889978491051194,-1.1889978491051194
