theta_x,theta_y
-3.141592653589793,-3.141592653589793
-0.043203415175730064,-0.043203415175730064
1.4565721314351436,1.4565721314351436
0.15737647937158927,0.15737647937158927
-2.0749806917738773,-2.0749806917738773
0.07682532575544382,0.07682532575544382
-0.4369149378187157,-0.4369149378187157
