,theta_x,theta_y
0,-3.141592653589793,-3.141592653589793
1,-1.583794404532971,-1.583794404532971
2,1.826396111026121,1.826396111026121
3,-3.141592653589793,-3.141592653589793
4,1.8979159767087213,1.8979159767087213
5,3.050558788890851,3.050558788890851
6,-3.0221919114422704,-3.0221919114422704
7,-1.8083798443590158,-1.8083798443590158
8,-1.0568037036673241,-1.0568037036673241
9,0.3765309306646412,0.3765309306646412
