,theta_x,theta_y
0,-2.7530774751607505,-2.7530774751607505
1,-2.5560541157043852,-2.5560541157043852
2,3.141592653589793,3.141592653589793
3,-2.9746137063084666,-2.9746137063084666
4,0.4900250966517338,0.4900250966517338
5,-0.19550874653018108,-0.19550874653018108
