,theta_x,theta_y
0,-1.7954500151057133,-1.7954500151057133
1,-1.073123409159631,-1.073123409159631
2,-2.081700621939816,-2.081700621939816
3,-2.0113236015771574,-2.0113236015771574
