,theta_x,theta_y
0,-1.4333572716078482,-1.4333572716078482
1,1.445981003082069,1.445981003082069
2,-1.8317275033733638,-1.8317275033733638
