,theta_x,theta_y
0,-0.29738660181833415,-0.29738660181833415
1,3.141592653589793,3.141592653589793
2,-2.963691091906343,-2.963691091906343
