,theta_x,theta_y
0,0.8469296253767119,0.8469296253767119
1,-1.5416994761059397,-1.5416994761059397
2,-2.0421035922942283,-2.0421035922942283
3,-2.5469745865858284,-2.5469745865858284
4,2.8154969844525337,2.8154969844525337
5,2.555025970650762,2.555025970650762
6,1.3708073621747798,1.3708073621747798
7,1.1369007293934437,1.1369007293934437
