theta_x,theta_y
0.3042593177109369,0.3042593177109369
3.141592653589793,3.141592653589793
-2.159039646294939,-2.159039646294939
2.9716741383082184,2.9716741383082184
-1.8694604287271759,-1.8694604287271759
0.46679341513263856,0.46679341513263856
2.677684334758947,2.677684334758947
0.258096341038614,0.258096341038614
1.7383986062798849,1.7383986062798849
