,theta_x,theta_y
0,-1.0888696675547254,-1.0888696675547254
1,-1.613740314466495,-1.613740314466495
2,1.9684094510126067,1.9684094510126067
3,-2.924746690489911,-2.924746690489911
