,theta_x,theta_y
0,1.5035845576063431,1.5035845576063431
1,-0.9635061120109321,-0.9635061120109321
2,-1.7905254838523719,-1.7905254838523719
3,-2.8080601743905724,-2.8080601743905724
4,2.823806787156826,2.823806787156826
5,2.0383503271504044,2.0383503271504044
6,1.9127668512940001,1.9127668512940001
7,1.4184168051780937,1.4184168051780937
