theta_x,theta_y
-1.1152996263611383,-1.1152996263611383
3.111190719777989,3.111190719777989
-1.1958188119452464,-1.1958188119452464
1.9287188299654578,1.9287188299654578
2.3920976176214657,2.3920976176214657
-0.6643367265369566,-0.6643367265369566
