theta_x,theta_y
-3.141592653589793,-3.141592653589793
-3.141592653589793,-3.141592653589793
2.6970877313042045,2.6970877313042045
0.7975334531651986,0.7975334531651986
-3.141592653589793,-3.141592653589793
-2.952959889379393,-2.952959889379393
-0.9619935307137815,-0.9619935307137815
-3.141592653589793,-3.141592653589793
1.265358753292445,1.265358753292445
-2.223158932804732,-2.223158932804732
