,theta_x,theta_y
0,-3.141592653589793,-3.141592653589793
1,-3.141592653589793,-3.141592653589793
2,2.6970877313042045,2.6970877313042045
3,0.7975334531651986,0.7975334531651986
4,-3.141592653589793,-3.141592653589793
5,-2.952959889379393,-2.952959889379393
6,-0.9619935307137815,-0.9619935307137815
7,-3.141592653589793,-3.141592653589793
8,1.265358753292445,1.265358753292445
9,-2.223158932804732,-2.223158932804732
