,theta_x,theta_y
0,-2.5935426373374026,-2.5935426373374026
1,2.346044640598549,2.346044640598549
2,-0.5919707424797422,-0.5919707424797422
3,2.328509064175001,2.328509064175001
4,2.5670840579293634,2.5670840579293634
5,-1.9237564397844675,-1.9237564397844675
