,theta_x,theta_y
0,1.1636845018489206,1.1636845018489206
1,1.0170502454664538,1.0170502454664538
2,0.4141769067678013,0.4141769067678013
3,-0.3093279884519721,-0.3093279884519721
4,-2.9228171250034336,-2.9228171250034336
