,theta_x,theta_y
0,-2.127173476333595,-2.127173476333595
1,-1.7498213989517966,-1.7498213989517966
2,2.392847939261466,2.392847939261466
3,0.46811225875264767,0.46811225875264767
4,-2.2042349997885977,-2.2042349997885977
5,-0.7483974172333662,-0.7483974172333662
6,-0.6617801436634702,-0.6617801436634702
7,-2.204109245365972,-2.204109245365972
