,theta_x,theta_y
0,1.2876898933382417,1.2876898933382417
