,theta_x,theta_y
0,2.203890125561166,2.203890125561166
1,-1.2693629484075615,-1.2693629484075615
2,0.6444403176855746,0.6444403176855746
3,1.6036493710606394,1.6036493710606394
4,1.1849811040909906,1.1849811040909906
5,2.521979204644495,2.521979204644495
6,2.191827085126204,2.191827085126204
