,theta_x,theta_y
0,-2.4365890274483206,-2.4365890274483206
1,-0.5427397580510239,-0.5427397580510239
2,1.8897894671332751,1.8897894671332751
3,-1.921102324217396,-1.921102324217396
4,2.6588741268122864,2.6588741268122864
5,1.9290742056951764,1.9290742056951764
