,theta_x,theta_y
0,0.7084472367226016,0.7084472367226016
1,0.6915160190461129,0.6915160190461129
2,0.675647184622457,0.675647184622457
3,0.660519093436579,0.660519093436579
4,0.645809731056971,0.645809731056971
