,theta_x,theta_y
0,-1.5895656640419595,-1.5895656640419595
1,-1.4707635728653574,-1.4707635728653574
2,-2.0804230798549015,-2.0804230798549015
3,-2.2983732329048707,-2.2983732329048707
4,-1.9813939665756575,-1.9813939665756575
