,theta_x,theta_y
0,-0.17053579459851725,-0.17053579459851725
1,3.141592653589793,3.141592653589793
2,0.9817786658913512,0.9817786658913512
3,-0.8064859381552731,-0.8064859381552731
4,-1.3106921605557367,-1.3106921605557367
5,3.06944656871159,3.06944656871159
