,theta_x,theta_y
0,-3.141592653589793,-3.141592653589793
1,-3.141592653589793,-3.141592653589793
2,2.76766741935908,2.76766741935908
3,-3.141592653589793,-3.141592653589793
4,-2.585890705946114,-2.585890705946114
