,theta_x,theta_y
0,-1.65068934291434,-1.65068934291434
1,-1.6735662411418148,-1.6735662411418148
2,-1.6954603207077212,-1.6954603207077212
3,-1.716424027466107,-1.716424027466107
4,3.141592653589793,3.141592653589793
5,3.141592653589793,3.141592653589793
