theta_x,theta_y
-2.877343662163842,-2.877343662163842
-1.3352622220933867,-1.3352622220933867
