,theta_x,theta_y
0,0.17409351607468543,0.17409351607468543
1,-1.580272129350964,-1.580272129350964
2,-2.7452732962943545,-2.7452732962943545
3,-3.141592653589793,-3.141592653589793
4,1.9076502433681493,1.9076502433681493
5,1.8117994801923856,1.8117994801923856
6,0.8328191471233761,0.8328191471233761
