,theta_x,theta_y
0,-2.2183642365980236,-2.2183642365980236
