,theta_x,theta_y
0,2.2642656010878808,2.2642656010878808
1,2.904440429134775,2.904440429134775
2,1.539523499651803,1.539523499651803
3,-0.6333828788186965,-0.6333828788186965
4,-0.9451711579886013,-0.9451711579886013
