,theta_x,theta_y
0,3.141592653589793,3.141592653589793
1,-0.49868118090042324,-0.49868118090042324
2,0.8612982248254922,0.8612982248254922
3,3.141592653589793,3.141592653589793
