,theta_x,theta_y
0,3.141592653589793,3.141592653589793
1,-1.5126337990904082,-1.5126337990904082
2,3.141592653589793,3.141592653589793
3,-1.5952463606255651,-1.5952463606255651
