,theta_x,theta_y
0,-0.9262422088779144,-0.9262422088779144
1,3.141592653589793,3.141592653589793
2,-1.1136490396772014,-1.1136490396772014
3,3.141592653589793,3.141592653589793
4,-0.9896568146129587,-0.9896568146129587
5,-0.9964093005306883,-0.9964093005306883
6,3.141592653589793,3.141592653589793
7,-1.0009354916780386,-1.0009354916780386
