theta_x,theta_y
-1.0576735631981187,-1.0576735631981187
-1.1159511011864247,-1.1159511011864247
-1.1160018089327246,-1.1160018089327246
-1.2048068312235214,-1.2048068312235214
3.141592653589793,3.141592653589793
3.141592653589793,3.141592653589793
