theta_x,theta_y
-3.141592653589793,-3.141592653589793
3.0107164975842506,3.0107164975842506
-3.141592653589793,-3.141592653589793
2.8335883387939624,2.8335883387939624
-3.141592653589793,-3.141592653589793
-3.141592653589793,-3.141592653589793
2.95403460073358,2.95403460073358
