,theta_x,theta_y
0,-1.8715927564614696,-1.8715927564614696
1,2.9581857684644484,2.9581857684644484
2,-2.2121787464155145,-2.2121787464155145
3,2.4532609950175805,2.4532609950175805
4,3.141592653589793,3.141592653589793
