,theta_x,theta_y
0,1.1833068515866818,1.1833068515866818
1,1.1119452202919629,1.1119452202919629
2,1.0444109031900382,1.0444109031900382
3,0.9804245060542968,0.9804245060542968
4,-3.141592653589793,-3.141592653589793
5,0.9233479341502784,0.9233479341502784
