theta_x,theta_y
0.032132000264600176,0.032132000264600176
3.01626362004015,3.01626362004015
-0.21659493972957022,-0.21659493972957022
2.6540279692364104,2.6540279692364104
2.0671186553762837,2.0671186553762837
0.6864578528161185,0.6864578528161185
0.4299016815735827,0.4299016815735827
