,theta_x,theta_y
0,1.569338026515202,1.569338026515202
1,0.2942516770996121,0.2942516770996121
2,0.9077227258499303,0.9077227258499303
3,-2.4661077036782575,-2.4661077036782575
4,-0.1496165291247577,-0.1496165291247577
5,-0.18360630301400516,-0.18360630301400516
6,0.6124682217529331,0.6124682217529331
