,theta_x,theta_y
0,0.6169075455081134,0.6169075455081134
1,2.1177244782342655,2.1177244782342655
2,-1.9460414927327943,-1.9460414927327943
3,1.9649541001360848,1.9649541001360848
4,-0.3568956697642913,-0.3568956697642913
5,0.14058111326363182,0.14058111326363182
6,1.1328737090665542,1.1328737090665542
7,-0.06201761787783593,-0.06201761787783593
