,theta_x,theta_y
0,0.02988843751588416,0.02988843751588416
1,3.141592653589793,3.141592653589793
2,-0.7650670777939955,-0.7650670777939955
3,-0.9166817364480073,-0.9166817364480073
4,0.11636407076835104,0.11636407076835104
5,-0.2762595005506905,-0.2762595005506905
6,-1.5659265651041636,-1.5659265651041636
