,theta_x,theta_y
0,-0.249096469902515,-0.249096469902515
1,-1.2122336127818052,-1.2122336127818052
2,-1.7413886297794914,-1.7413886297794914
3,-1.9643135218804322,-1.9643135218804322
4,3.108257461937806,3.108257461937806
5,3.141592653589793,3.141592653589793
6,0.33983466831793224,0.33983466831793224
