,theta_x,theta_y
0,0.6439452350327938,0.6439452350327938
1,-1.485695872310728,-1.485695872310728
2,-2.3104709870573963,-2.3104709870573963
3,-3.0322692040550767,-3.0322692040550767
4,1.898257996634365,1.898257996634365
5,2.072491371543254,2.072491371543254
6,1.053073611886289,1.053073611886289
