,theta_x,theta_y
0,-1.4980617911970848,-1.4980617911970848
1,3.0650832174204243,3.0650832174204243
2,-1.3912948977825588,-1.3912948977825588
