theta_x,theta_y
-1.0047626621809973,-1.0047626621809973
-2.2399809043378838,-2.2399809043378838
3.0471674278187475,3.0471674278187475
1.4393796916151445,1.4393796916151445
-2.2545228368555295,-2.2545228368555295
-1.983662193365273,-1.983662193365273
-2.295239887286431,-2.295239887286431
-2.613822857565042,-2.613822857565042
0.6487386909935958,0.6487386909935958
-2.595623274448571,-2.595623274448571
