theta_x,theta_y
1.3611580252465143,1.3611580252465143
-0.11091206590148736,-0.11091206590148736
-1.295627504914532,-1.295627504914532
-2.0153263281468696,-2.0153263281468696
3.141592653589793,3.141592653589793
0.9939604657645827,0.9939604657645827
0.7694389134261412,0.7694389134261412
