,theta_x,theta_y
0,0.6351129923480067,0.6351129923480067
1,0.6148762298280065,0.6148762298280065
2,0.5408922996792837,0.5408922996792837
3,0.5751972372129015,0.5751972372129015
4,0.3852827761100279,0.3852827761100279
5,0.3997241437542809,0.3997241437542809
6,0.4780118132960541,0.4780118132960541
