theta_x,theta_y
0.6838827522361223,0.6838827522361223
1.1299617303275011,1.1299617303275011
0.776800914653696,0.776800914653696
0.46424257696514204,0.46424257696514204
0.2611421363362537,0.2611421363362537
