,theta_x,theta_y
0,-1.8289082063740085,-1.8289082063740085
1,2.983129439159165,2.983129439159165
2,-1.9784107495988545,-1.9784107495988545
3,2.2754171811572315,2.2754171811572315
4,2.9328414482076126,2.9328414482076126
