,theta_x,theta_y
0,-3.141592653589793,-3.141592653589793
1,3.0610892858370766,3.0610892858370766
2,-0.5256380866708386,-0.5256380866708386
3,3.141592653589793,3.141592653589793
