,theta_x,theta_y
0,-1.8651714071302266,-1.8651714071302266
1,-2.03549696530891,-2.03549696530891
2,2.3721855648703793,2.3721855648703793
3,-3.141592653589793,-3.141592653589793
4,1.8438225320925088,1.8438225320925088
5,1.366009821500183,1.366009821500183
6,-3.141592653589793,-3.141592653589793
