,theta_x,theta_y
0,0.589189193583096,0.589189193583096
1,1.6760185380658854,1.6760185380658854
2,0.9038636509055616,0.9038636509055616
3,-2.3542199791287834,-2.3542199791287834
4,1.5981501357845058,1.5981501357845058
5,0.48019323546547554,0.48019323546547554
6,-0.12155425181783469,-0.12155425181783469
7,-2.6225941130924406,-2.6225941130924406
