,theta_x,theta_y
0,1.3353407710363923,1.3353407710363923
1,1.3583450352936826,1.3583450352936826
2,1.063987823442762,1.063987823442762
3,-3.141592653589793,-3.141592653589793
4,1.0302163320297297,1.0302163320297297
