,theta_x,theta_y
0,-0.13126724028064615,-0.13126724028064615
1,2.6284761684066,2.6284761684066
2,1.6233430776560447,1.6233430776560447
3,-1.2852653278845672,-1.2852653278845672
4,-1.0165815986045694,-1.0165815986045694
5,2.484109803158347,2.484109803158347
6,-2.4923481392980342,-2.4923481392980342
7,1.5964676514620249,1.5964676514620249
8,1.2185788797672428,1.2185788797672428
9,-0.281375495131199,-0.281375495131199
