,theta_x,theta_y
0,-2.384671084324896,-2.384671084324896
1,-3.141592653589793,-3.141592653589793
