,theta_x,theta_y
0,0.19381480088523945,0.19381480088523945
1,2.7016094486690845,2.7016094486690845
2,1.276541069117922,1.276541069117922
3,-1.1470524086637262,-1.1470524086637262
4,-0.9686639020805698,-0.9686639020805698
5,2.556082790951397,2.556082790951397
6,-2.4568335071641765,-2.4568335071641765
7,1.8068031742470856,1.8068031742470856
8,1.333642396174307,1.333642396174307
9,-0.29216661769217894,-0.29216661769217894
