theta_x,theta_y
-1.7951086187143792,-1.7951086187143792
-1.7032959241860526,-1.7032959241860526
2.69942660098598,2.69942660098598
0.40227257290035373,0.40227257290035373
-2.063342560051541,-2.063342560051541
-1.1739222911704355,-1.1739222911704355
-1.2144480647698002,-1.2144480647698002
-2.4110574896480164,-2.4110574896480164
2.1444993247603144,2.1444993247603144
-2.462817186369513,-2.462817186369513
