,theta_x,theta_y
0,-1.7951086187143792,-1.7951086187143792
1,-1.7032959241860526,-1.7032959241860526
2,2.69942660098598,2.69942660098598
3,0.40227257290035373,0.40227257290035373
4,-2.063342560051541,-2.063342560051541
5,-1.1739222911704355,-1.1739222911704355
6,-1.2144480647698002,-1.2144480647698002
7,-2.4110574896480164,-2.4110574896480164
8,2.1444993247603144,2.1444993247603144
9,-2.462817186369513,-2.462817186369513
