theta_x,theta_y
2.2118948041549977,2.2118948041549977
-3.141592653589793,-3.141592653589793
