,theta_x,theta_y
0,2.2118948041549977,2.2118948041549977
1,-3.141592653589793,-3.141592653589793
