,theta_x,theta_y
0,-3.141592653589793,-3.141592653589793
1,-3.141592653589793,-3.141592653589793
2,1.427265165141813,1.427265165141813
3,1.4881299524816636,1.4881299524816636
4,-3.141592653589793,-3.141592653589793
5,-3.0681392697021637,-3.0681392697021637
6,0.8953883448971526,0.8953883448971526
7,-3.141592653589793,-3.141592653589793
8,1.7714201921815815,1.7714201921815815
9,-3.141592653589793,-3.141592653589793
