,theta_x,theta_y
0,-2.37323182611983,-2.37323182611983
1,1.0533387250371322,1.0533387250371322
2,-2.0991006818300426,-2.0991006818300426
3,2.4204752785893286,2.4204752785893286
4,2.473922803261627,2.473922803261627
5,0.22841174785649154,0.22841174785649154
6,1.9098238678274893,1.9098238678274893
7,0.016267722858623962,0.016267722858623962
8,-3.141592653589793,-3.141592653589793
