,theta_x,theta_y
0,0.9700510004283291,0.9700510004283291
1,0.8581328607799663,0.8581328607799663
2,-3.141592653589793,-3.141592653589793
