,theta_x,theta_y
0,0.07460632379094878,0.07460632379094878
1,-2.480151490355631,-2.480151490355631
