theta_x,theta_y
-1.5030661277276895,-1.5030661277276895
-1.529527530418988,-1.529527530418988
2.185573418117325,2.185573418117325
-2.750302979841698,-2.750302979841698
0.8536640570770996,0.8536640570770996
1.5842931904036306,1.5842931904036306
-1.9516546024901984,-1.9516546024901984
