theta_x,theta_y
-3.141592653589793,-3.141592653589793
2.820214480787021,2.820214480787021
-2.5750615335064597,-2.5750615335064597
