theta_x,theta_y
-1.6030860356884906,-1.6030860356884906
-1.6136156739223166,-1.6136156739223166
-1.6238733949122444,-1.6238733949122444
-1.633868599742207,-1.633868599742207
3.141592653589793,3.141592653589793
3.141592653589793,3.141592653589793
-1.6056069887493778,-1.6056069887493778
3.141592653589793,3.141592653589793
-1.6187983390493297,-1.6187983390493297
3.141592653589793,3.141592653589793
