,theta_x,theta_y
0,-1.6030860356884906,-1.6030860356884906
1,-1.6136156739223166,-1.6136156739223166
2,-1.6238733949122444,-1.6238733949122444
3,-1.633868599742207,-1.633868599742207
4,3.141592653589793,3.141592653589793
5,3.141592653589793,3.141592653589793
6,-1.6056069887493778,-1.6056069887493778
7,3.141592653589793,3.141592653589793
8,-1.6187983390493297,-1.6187983390493297
9,3.141592653589793,3.141592653589793
