,theta_x,theta_y
0,0.9921855335975774,0.9921855335975774
1,-1.7576568479973993,-1.7576568479973993
2,-2.4245848921649182,-2.4245848921649182
3,-2.7160234885957175,-2.7160234885957175
4,2.4499842235524603,2.4499842235524603
5,2.4396331302345384,2.4396331302345384
6,0.9787674416653718,0.9787674416653718
7,1.0558646136745098,1.0558646136745098
8,0.23575824294947936,0.23575824294947936
9,2.39647004378436,2.39647004378436
