,theta_x,theta_y
0,-3.141592653589793,-3.141592653589793
1,-2.8019120984682786,-2.8019120984682786
2,3.141592653589793,3.141592653589793
3,-0.11218269259005968,-0.11218269259005968
