,theta_x,theta_y
0,1.025797088381381,1.025797088381381
1,0.9878632071169842,0.9878632071169842
2,-3.141592653589793,-3.141592653589793
3,-3.141592653589793,-3.141592653589793
4,0.9289634659263901,0.9289634659263901
5,0.9279817564886724,0.9279817564886724
6,0.9269922039188582,0.9269922039188582
