,theta_x,theta_y
0,-0.4029875368168118,-0.4029875368168118
1,2.6881468331341343,2.6881468331341343
2,-2.0444259283495243,-2.0444259283495243
3,3.129978822906697,3.129978822906697
4,2.4288867670484406,2.4288867670484406
5,2.006005778345984,2.006005778345984
6,-2.5005739604116815,-2.5005739604116815
7,-3.141592653589793,-3.141592653589793
8,-0.9404047137020023,-0.9404047137020023
9,-3.141592653589793,-3.141592653589793
