theta_x,theta_y
2.202989607609015,2.202989607609015
0.6948967242172213,0.6948967242172213
