theta_x,theta_y
-0.8169509204864993,-0.8169509204864993
-0.7717316793255414,-0.7717316793255414
2.087459144076577,2.087459144076577
-3.141592653589793,-3.141592653589793
1.5472607346369158,1.5472607346369158
1.4533606388162659,1.4533606388162659
