,theta_x,theta_y
0,-2.4437603881101357,-2.4437603881101357
1,-2.262101874718765,-2.262101874718765
2,-3.141592653589793,-3.141592653589793
