,theta_x,theta_y
0,2.265864974861101,2.265864974861101
1,-1.5369697386591339,-1.5369697386591339
2,0.5212201984491263,0.5212201984491263
