,theta_x,theta_y
0,-2.1326312881415395,-2.1326312881415395
1,2.241551302885703,2.241551302885703
2,1.0439434735796218,1.0439434735796218
3,-1.1897889018655876,-1.1897889018655876
