,theta_x,theta_y
0,-1.4169360520253749,-1.4169360520253749
1,-1.3581256701186777,-1.3581256701186777
2,2.167064915179985,2.167064915179985
3,-2.560003384390515,-2.560003384390515
4,0.7486192428547636,0.7486192428547636
5,1.477239558448699,1.477239558448699
6,-1.850196573368386,-1.850196573368386
