theta_x,theta_y
-3.1065453636333435,-3.1065453636333435
2.9099582807010878,2.9099582807010878
-1.5752189212171943,-1.5752189212171943
1.4690123831527977,1.4690123831527977
