,theta_x,theta_y
0,1.7867670441490062,1.7867670441490062
1,0.9640521152370699,0.9640521152370699
2,0.5273932777062278,0.5273932777062278
3,-2.7587122535836657,-2.7587122535836657
4,-3.141592653589793,-3.141592653589793
5,0.5995813539078544,0.5995813539078544
6,0.4749509191721495,0.4749509191721495
7,-3.141592653589793,-3.141592653589793
8,-3.141592653589793,-3.141592653589793
9,2.212772635733434,2.212772635733434
