,theta_x,theta_y
0,2.467464072961793,2.467464072961793
1,0.8561157166055021,0.8561157166055021
2,2.1824158911368743,2.1824158911368743
3,-1.321762282775052,-1.321762282775052
4,0.6340626993596554,0.6340626993596554
