theta_x,theta_y
1.0421047687310048,1.0421047687310048
0.7376696180290088,0.7376696180290088
0.7372461199490528,0.7372461199490528
0.32803169505096086,0.32803169505096086
0.22488436288576652,0.22488436288576652
0.1351430431686084,0.1351430431686084
