theta_x,theta_y
1.172524269144683,1.172524269144683
2.607537102803395,2.607537102803395
1.1595019736938414,1.1595019736938414
-0.2656033220200599,-0.2656033220200599
-0.4411813114728062,-0.4411813114728062
2.3849467618126674,2.3849467618126674
-1.880710457707712,-1.880710457707712
1.4269910233919196,1.4269910233919196
0.7027388447208871,0.7027388447208871
