,theta_x,theta_y
0,2.8491162365453158,2.8491162365453158
1,-3.141592653589793,-3.141592653589793
2,-3.141592653589793,-3.141592653589793
