theta_x,theta_y
0.17963063020509476,0.17963063020509476
-0.7314622768402244,-0.7314622768402244
