,theta_x,theta_y
0,2.620974765344713,2.620974765344713
1,2.769749365930109,2.769749365930109
2,1.892512164995012,1.892512164995012
3,-3.141592653589793,-3.141592653589793
4,-2.5712816961581013,-2.5712816961581013
5,1.873427063499094,1.873427063499094
6,-3.141592653589793,-3.141592653589793
7,2.4664900950202084,2.4664900950202084
