,theta_x,theta_y
0,0.8286549747042175,0.8286549747042175
1,1.7492474798256663,1.7492474798256663
2,1.7813166846696369,1.7813166846696369
3,0.7628158818686567,0.7628158818686567
4,1.1874267099064482,1.1874267099064482
5,-0.12002559966978302,-0.12002559966978302
6,-1.9204532851685165,-1.9204532851685165
7,-0.1360267638271973,-0.1360267638271973
