,theta_x,theta_y
0,-0.8478577583818548,-0.8478577583818548
1,-3.0834873381027847,-3.0834873381027847
