theta_x,theta_y
-3.0182037117904956,-3.0182037117904956
-0.3129623772500081,-0.3129623772500081
-3.070681495519584,-3.070681495519584
-2.4399114029126565,-2.4399114029126565
-1.148827164002161,-1.148827164002161
-3.141592653589793,-3.141592653589793
