,theta_x,theta_y
0,0.643168844614726,0.643168844614726
1,2.524248533949629,2.524248533949629
2,1.8719266230767675,1.8719266230767675
3,-1.7470608150695484,-1.7470608150695484
4,-1.1983661461300794,-1.1983661461300794
