,theta_x,theta_y
0,2.42594297136048,2.42594297136048
1,-0.7134453509858925,-0.7134453509858925
2,1.048165371406359,1.048165371406359
3,1.0345890440430605,1.0345890440430605
4,-0.039004853469359224,-0.039004853469359224
5,2.117160443922471,2.117160443922471
6,2.6245474751287015,2.6245474751287015
7,3.141592653589793,3.141592653589793
8,-2.466708373524438,-2.466708373524438
