theta_x,theta_y
-2.7148267947796536,-2.7148267947796536
-3.0655873441351638,-3.0655873441351638
2.4257043916907652,2.4257043916907652
1.982962019989975,1.982962019989975
-3.141592653589793,-3.141592653589793
1.0466887580338562,1.0466887580338562
1.2930167851904333,1.2930167851904333
