,theta_x,theta_y
0,-3.141592653589793,-3.141592653589793
1,0.5141489709428124,0.5141489709428124
2,0.48111601231110535,0.48111601231110535
3,0.592251933417981,0.592251933417981
4,-3.141592653589793,-3.141592653589793
5,0.8758402230200566,0.8758402230200566
6,0.808645604915952,0.808645604915952
