,theta_x,theta_y
0,0.3120243121940728,0.3120243121940728
1,-0.5727764624188757,-0.5727764624188757
2,-1.0237674626369804,-1.0237674626369804
3,-1.3397423548657468,-1.3397423548657468
4,3.141592653589793,3.141592653589793
