theta_x,theta_y
-3.141592653589793,-3.141592653589793
3.0495965448501425,3.0495965448501425
