,theta_x,theta_y
0,-0.08595032384536822,-0.08595032384536822
1,3.141592653589793,3.141592653589793
2,-0.9795178000758358,-0.9795178000758358
3,3.141592653589793,3.141592653589793
4,-0.43215026226880976,-0.43215026226880976
5,-0.6677851364812387,-0.6677851364812387
6,2.98795662431108,2.98795662431108
