,theta_x,theta_y
0,-1.2286996623127429,-1.2286996623127429
1,3.141592653589793,3.141592653589793
2,-1.2637835280169198,-1.2637835280169198
3,3.141592653589793,3.141592653589793
4,3.141592653589793,3.141592653589793
5,-2.102283245076926,-2.102283245076926
6,-3.141592653589793,-3.141592653589793
