,theta_x,theta_y
0,2.000715701899266,2.000715701899266
1,2.09888310246458,2.09888310246458
2,2.0320910818147806,2.0320910818147806
3,-3.141592653589793,-3.141592653589793
4,-3.141592653589793,-3.141592653589793
5,1.949637164113572,1.949637164113572
6,-3.141592653589793,-3.141592653589793
7,1.9893189986186566,1.9893189986186566
8,2.0801802870189623,2.0801802870189623
