,theta_x,theta_y
0,1.3909318998429558,1.3909318998429558
1,0.16025037301395478,0.16025037301395478
2,-0.2971581608336439,-0.2971581608336439
3,-3.132024193485901,-3.132024193485901
