,theta_x,theta_y
0,2.3272363368354734,2.3272363368354734
1,-1.5607378278170514,-1.5607378278170514
2,-3.141592653589793,-3.141592653589793
3,-3.141592653589793,-3.141592653589793
4,3.141592653589793,3.141592653589793
