theta_x,theta_y
2.3272363368354734,2.3272363368354734
-1.5607378278170514,-1.5607378278170514
-3.141592653589793,-3.141592653589793
-3.141592653589793,-3.141592653589793
3.141592653589793,3.141592653589793
