,theta_x,theta_y
0,-0.6799347273918234,-0.6799347273918234
1,-1.7992400642186424,-1.7992400642186424
2,-2.0234793804724256,-2.0234793804724256
3,-1.889811386990918,-1.889811386990918
4,3.141592653589793,3.141592653589793
5,-0.9444920485796007,-0.9444920485796007
6,0.5481357381992693,0.5481357381992693
7,-1.406344379363366,-1.406344379363366
8,1.4187003963141507,1.4187003963141507
9,-1.8156028111752356,-1.8156028111752356
