,theta_x,theta_y
0,2.207961149804532,2.207961149804532
1,0.6908588026541255,0.6908588026541255
