theta_x,theta_y
0.20128545535734765,0.20128545535734765
-0.8039132133617563,-0.8039132133617563
