,theta_x,theta_y
0,-2.0134818500992533,-2.0134818500992533
1,-1.2460159906510961,-1.2460159906510961
2,2.2330594179236383,2.2330594179236383
3,-2.4437543108521016,-2.4437543108521016
4,0.7384162160756494,0.7384162160756494
