,theta_x,theta_y
0,0.02822145201921098,0.02822145201921098
1,3.141592653589793,3.141592653589793
2,-2.306985114308008,-2.306985114308008
3,2.5082254350563256,2.5082254350563256
4,-1.7290484842357363,-1.7290484842357363
5,0.5331246743041168,0.5331246743041168
6,2.2768054094496177,2.2768054094496177
7,0.3618741709983548,0.3618741709983548
