,theta_x,theta_y
0,0.2008884763982164,0.2008884763982164
1,3.141592653589793,3.141592653589793
2,-1.4584341317691611,-1.4584341317691611
