theta_x,theta_y
1.6659522702521437,1.6659522702521437
0.0937486021554959,0.0937486021554959
-0.49412536208202523,-0.49412536208202523
-1.011087372396153,-1.011087372396153
3.141592653589793,3.141592653589793
3.141592653589793,3.141592653589793
2.168996030393601,2.168996030393601
-0.2394293677254466,-0.2394293677254466
1.9403291296239364,1.9403291296239364
