theta_x,theta_y
0.3448557401938731,0.3448557401938731
-1.3993740300931907,-1.3993740300931907
-2.158702539393242,-2.158702539393242
-2.5641184543616373,-2.5641184543616373
2.032724915799488,2.032724915799488
2.1871778794322965,2.1871778794322965
0.5629116281509676,0.5629116281509676
