,theta_x,theta_y
0,0.5689054339373254,0.5689054339373254
1,-0.4921360763320819,-0.4921360763320819
2,-0.8736157588978426,-0.8736157588978426
3,-0.9148079760126806,-0.9148079760126806
4,-0.5333266779184764,-0.5333266779184764
5,0.3858711653897457,0.3858711653897457
6,-2.51557816142749,-2.51557816142749
7,0.4963222158345888,0.4963222158345888
