,theta_x,theta_y
0,-1.2194775812392193,-1.2194775812392193
1,-2.007326872397904,-2.007326872397904
2,-2.298112730666169,-2.298112730666169
3,-2.4843246032342012,-2.4843246032342012
