theta_x,theta_y
1.3239619714093473,1.3239619714093473
1.034737907253382,1.034737907253382
0.7805219330236985,0.7805219330236985
0.48873774128236014,0.48873774128236014
-3.141592653589793,-3.141592653589793
0.4862238273195152,0.4862238273195152
0.32837701335074754,0.32837701335074754
-3.141592653589793,-3.141592653589793
-3.141592653589793,-3.141592653589793
