,theta_x,theta_y
0,0.949454939907319,0.949454939907319
1,0.9380268993602019,0.9380268993602019
2,0.914089488494379,0.914089488494379
3,0.9163688176655358,0.9163688176655358
4,0.8855767497232927,0.8855767497232927
5,0.8856287820967056,0.8856287820967056
6,0.8563631102593938,0.8563631102593938
7,0.8607051020216316,0.8607051020216316
