theta_x,theta_y
0.949454939907319,0.949454939907319
0.9380268993602019,0.9380268993602019
0.914089488494379,0.914089488494379
0.9163688176655358,0.9163688176655358
0.8855767497232927,0.8855767497232927
0.8856287820967056,0.8856287820967056
0.8563631102593938,0.8563631102593938
0.8607051020216316,0.8607051020216316
