,theta_x,theta_y
0,1.3402396032094117,1.3402396032094117
1,1.6178296491713609,1.6178296491713609
2,-2.903505182592488,-2.903505182592488
3,1.471528805428052,1.471528805428052
4,0.3799180544165797,0.3799180544165797
5,1.213660235609876,1.213660235609876
6,1.586602892324952,1.586602892324952
