,theta_x,theta_y
0,0.6599283543370562,0.6599283543370562
1,0.8578670680608198,0.8578670680608198
2,-0.21740442876413835,-0.21740442876413835
3,-0.7539930743119728,-0.7539930743119728
4,-1.4443106645658341,-1.4443106645658341
