theta_x,theta_y
0.6599283543370562,0.6599283543370562
0.8578670680608198,0.8578670680608198
-0.21740442876413835,-0.21740442876413835
-0.7539930743119728,-0.7539930743119728
-1.4443106645658341,-1.4443106645658341
