,theta_x,theta_y
0,0.3000220019607297,0.3000220019607297
1,1.1059660881577618,1.1059660881577618
2,-1.3001835643062059,-1.3001835643062059
3,-0.9847724691291919,-0.9847724691291919
4,0.4270860055604844,0.4270860055604844
5,3.141592653589793,3.141592653589793
6,3.141592653589793,3.141592653589793
7,3.141592653589793,3.141592653589793
8,-3.141592653589793,-3.141592653589793
9,1.401662500127426,1.401662500127426
