,theta_x,theta_y
0,-0.4510695184633577,-0.4510695184633577
