,theta_x,theta_y
0,1.0820128597571492,1.0820128597571492
1,0.981556326412735,0.981556326412735
2,0.7740697152917817,0.7740697152917817
3,-3.141592653589793,-3.141592653589793
