theta_x,theta_y
1.1105341693169861,1.1105341693169861
-0.06718613417364613,-0.06718613417364613
2.441043257713701,2.441043257713701
-2.690649740238606,-2.690649740238606
