,theta_x,theta_y
0,-1.9125924751999228,-1.9125924751999228
1,-2.3465366488131485,-2.3465366488131485
2,1.8243765718349119,1.8243765718349119
3,0.4592331194424124,0.4592331194424124
4,-2.643969516549279,-2.643969516549279
5,-1.3911867082427902,-1.3911867082427902
6,-1.6784365873428126,-1.6784365873428126
7,-2.9023079651559205,-2.9023079651559205
8,2.521597886923222,2.521597886923222
9,-3.0789903363637254,-3.0789903363637254
