,theta_x,theta_y
0,-0.3874386537049267,-0.3874386537049267
1,-1.5889629101095022,-1.5889629101095022
2,-1.6280458896228693,-1.6280458896228693
3,-1.2556328556794258,-1.2556328556794258
4,3.141592653589793,3.141592653589793
5,-0.048177074983437096,-0.048177074983437096
6,1.348148335254756,1.348148335254756
7,-1.3740301015021277,-1.3740301015021277
