,theta_x,theta_y
0,-1.5768413033249409,-1.5768413033249409
1,-2.2530755032244225,-2.2530755032244225
2,3.1055074460915586,3.1055074460915586
3,-2.9522556310072643,-2.9522556310072643
