,theta_x,theta_y
0,0.09855668376088958,0.09855668376088958
1,-1.557981472653161,-1.557981472653161
2,-2.249529245259614,-2.249529245259614
3,-2.78361265954521,-2.78361265954521
4,1.6547420911856239,1.6547420911856239
5,1.86410844492076,1.86410844492076
6,0.1996513212508776,0.1996513212508776
