theta_x,theta_y
-3.141592653589793,-3.141592653589793
-3.141592653589793,-3.141592653589793
1.8729055294022972,1.8729055294022972
2.724160990233561,2.724160990233561
-3.141592653589793,-3.141592653589793
-0.0005218076248938719,-0.0005218076248938719
1.5571280784236028,1.5571280784236028
