,theta_x,theta_y
0,1.0654678623496814,1.0654678623496814
1,2.1172855743188204,2.1172855743188204
2,1.2113089038527105,1.2113089038527105
3,-1.3553223491443418,-1.3553223491443418
4,-0.7308073351955212,-0.7308073351955212
5,1.8754861541937229,1.8754861541937229
6,-3.102898661748189,-3.102898661748189
7,1.5327769534753672,1.5327769534753672
8,1.723960525080144,1.723960525080144
