,theta_x,theta_y
0,-0.3965950605161088,-0.3965950605161088
1,2.889937439434134,2.889937439434134
2,0.689727899174559,0.689727899174559
