,theta_x,theta_y
0,-0.26236732668955187,-0.26236732668955187
1,-0.2656522755287451,-0.2656522755287451
2,-0.2686060413076988,-0.2686060413076988
3,-0.27161677725880967,-0.27161677725880967
4,-0.2755673675534747,-0.2755673675534747
5,-0.27761714187845227,-0.27761714187845227
6,-0.2816171609725541,-0.2816171609725541
7,-0.2843202222171414,-0.2843202222171414
8,-0.2881486402803493,-0.2881486402803493
9,-0.291448217548036,-0.291448217548036
