,theta_x,theta_y
0,-3.141592653589793,-3.141592653589793
1,-1.968336804886812,-1.968336804886812
2,2.212088660364818,2.212088660364818
3,1.443273678837644,1.443273678837644
4,-3.1150761438047985,-3.1150761438047985
5,-0.013208966151401186,-0.013208966151401186
6,1.1335588540295727,1.1335588540295727
