,theta_x,theta_y
0,-2.146786660137251,-2.146786660137251
1,3.141592653589793,3.141592653589793
2,3.141592653589793,3.141592653589793
3,-2.6335937065578228,-2.6335937065578228
4,-2.959423366745988,-2.959423366745988
5,2.9812403772107814,2.9812403772107814
6,-3.141592653589793,-3.141592653589793
7,2.3908107571401276,2.3908107571401276
8,2.09840275680356,2.09840275680356
9,-3.141592653589793,-3.141592653589793
