theta_x,theta_y
-3.117090183095783,-3.117090183095783
-0.14552027887260122,-0.14552027887260122
1.384189593470009,1.384189593470009
0.4030041690468356,0.4030041690468356
-2.2794999339079403,-2.2794999339079403
0.24935334779617604,0.24935334779617604
-0.20132701542061945,-0.20132701542061945
