theta_x,theta_y
1.169143210171923,1.169143210171923
