theta_x,theta_y
0.46591941431095074,0.46591941431095074
-0.9730060978996972,-0.9730060978996972
-2.08857289582499,-2.08857289582499
-3.1383034362952964,-3.1383034362952964
2.298410238712246,2.298410238712246
1.6030232507599431,1.6030232507599431
1.155681363831665,1.155681363831665
1.016929537942953,1.016929537942953
0.9750749073549172,0.9750749073549172
