,theta_x,theta_y
0,0.3001098320461604,0.3001098320461604
1,-1.389529433395846,-1.389529433395846
2,-2.647479636629237,-2.647479636629237
3,-3.141592653589793,-3.141592653589793
4,1.7303203452278695,1.7303203452278695
5,1.9576102142138112,1.9576102142138112
6,0.931031124113014,0.931031124113014
7,1.3335112771608146,1.3335112771608146
8,0.7970257586326224,0.7970257586326224
