theta_x,theta_y
1.6075628830749444,1.6075628830749444
1.5481186152106112,1.5481186152106112
1.4915539785241136,1.4915539785241136
1.4378582663146757,1.4378582663146757
1.3926222230141283,1.3926222230141283
1.3397842320290898,1.3397842320290898
1.2952237444377481,1.2952237444377481
1.259439376343609,1.259439376343609
1.2176692730621632,1.2176692730621632
