,theta_x,theta_y
0,0.1683661424026064,0.1683661424026064
1,3.141592653589793,3.141592653589793
