,theta_x,theta_y
0,2.44474219313576,2.44474219313576
1,-3.001354154068498,-3.001354154068498
2,0.8221544563440116,0.8221544563440116
3,-1.705979916102707,-1.705979916102707
4,-3.141592653589793,-3.141592653589793
5,-3.141592653589793,-3.141592653589793
