,theta_x,theta_y
0,-3.141592653589793,-3.141592653589793
1,-3.141592653589793,-3.141592653589793
2,2.889429279802331,2.889429279802331
3,-3.1174903284184303,-3.1174903284184303
4,0.407066332694956,0.407066332694956
5,1.4996222857592614,1.4996222857592614
6,3.141592653589793,3.141592653589793
