,theta_x,theta_y
0,1.0077063212040465,1.0077063212040465
1,1.1078332265248243,1.1078332265248243
2,0.7127106064094509,0.7127106064094509
3,-1.8232688415413625,-1.8232688415413625
4,-3.141592653589793,-3.141592653589793
