,theta_x,theta_y
0,1.2480762334355657,1.2480762334355657
1,1.7238904950651244,1.7238904950651244
2,1.0065046475082533,1.0065046475082533
3,-2.131357871515351,-2.131357871515351
4,-2.769039979094255,-2.769039979094255
5,-0.37874056940725687,-0.37874056940725687
