theta_x,theta_y
0.5883257476724182,0.5883257476724182
0.8557836998674895,0.8557836998674895
-2.6808765052150916,-2.6808765052150916
-3.141592653589793,-3.141592653589793
0.48934169985067594,0.48934169985067594
0.4530534616143585,0.4530534616143585
