,theta_x,theta_y
0,-1.9046456360078223,-1.9046456360078223
1,2.5963518535574432,2.5963518535574432
2,-2.8403907626292444,-2.8403907626292444
3,1.6939128759908633,1.6939128759908633
4,-2.7535076904797675,-2.7535076904797675
5,-1.9803453451993576,-1.9803453451993576
6,2.1969943676046597,2.1969943676046597
7,-1.1083172702879855,-1.1083172702879855
