theta_x,theta_y
1.089479925624984,1.089479925624984
0.5449777488594091,0.5449777488594091
-3.141592653589793,-3.141592653589793
-3.141592653589793,-3.141592653589793
0.7534739170935272,0.7534739170935272
0.8694701171082228,0.8694701171082228
0.9258549389825341,0.9258549389825341
1.0357332243446413,1.0357332243446413
1.0159961306215042,1.0159961306215042
1.1119048497319148,1.1119048497319148
