theta_x,theta_y
0.8353119039295489,0.8353119039295489
0.14585716908304636,0.14585716908304636
0.4512964550924737,0.4512964550924737
-1.4533025431055624,-1.4533025431055624
-3.141592653589793,-3.141592653589793
