theta_x,theta_y
-0.3218898089070487,-0.3218898089070487
-1.5448312005646199,-1.5448312005646199
-0.42687409574158824,-0.42687409574158824
-0.5225486854465985,-0.5225486854465985
