,theta_x,theta_y
0,0.7348109134710171,0.7348109134710171
1,0.3473836290422436,0.3473836290422436
2,-0.8405620629400935,-0.8405620629400935
3,-0.4664647685282986,-0.4664647685282986
4,-2.946009421873323,-2.946009421873323
5,0.15621530314191961,0.15621530314191961
6,-0.2557226497866956,-0.2557226497866956
7,-2.1108830573126434,-2.1108830573126434
8,-3.111506569718361,-3.111506569718361
