,theta_x,theta_y
0,0.3172871929245706,0.3172871929245706
1,1.144842691282384,1.144842691282384
2,-0.46691026697855165,-0.46691026697855165
3,-0.27794466399427775,-0.27794466399427775
4,-2.244468529645393,-2.244468529645393
5,-0.077172767921713,-0.077172767921713
6,-0.22435110685060577,-0.22435110685060577
7,-2.4274129500490984,-2.4274129500490984
8,-3.141592653589793,-3.141592653589793
