theta_x,theta_y
2.2387930563252976,2.2387930563252976
2.0653683029589294,2.0653683029589294
-0.03344599204338606,-0.03344599204338606
-1.2427639711780687,-1.2427639711780687
-2.4298007197132323,-2.4298007197132323
-0.9069047566455011,-0.9069047566455011
-0.9533651384712594,-0.9533651384712594
-2.593528234766105,-2.593528234766105
-2.6242613939881974,-2.6242613939881974
3.1244926674046214,3.1244926674046214
