,theta_x,theta_y
0,0.31591080349484163,0.31591080349484163
1,-0.800144633872091,-0.800144633872091
2,-2.6034045217198742,-2.6034045217198742
3,-3.141592653589793,-3.141592653589793
4,2.012836447300441,2.012836447300441
5,2.6637903737951376,2.6637903737951376
6,1.5041689492737735,1.5041689492737735
7,2.407169304445628,2.407169304445628
