theta_x,theta_y
3.141592653589793,3.141592653589793
2.3139532755676626,2.3139532755676626
1.9962204015341931,1.9962204015341931
-1.7509315200034388,-1.7509315200034388
-3.141592653589793,-3.141592653589793
0.2535826832331832,0.2535826832331832
0.699527092668319,0.699527092668319
