theta_x,theta_y
-0.8290337015569753,-0.8290337015569753
-1.640528097304238,-1.640528097304238
-1.1525412965532122,-1.1525412965532122
-0.17349208230257318,-0.17349208230257318
2.157971688845756,2.157971688845756
0.7078572411108556,0.7078572411108556
1.814236772801881,1.814236772801881
-0.21842514297599658,-0.21842514297599658
