,theta_x,theta_y
0,-0.8290337015569753,-0.8290337015569753
1,-1.640528097304238,-1.640528097304238
2,-1.1525412965532122,-1.1525412965532122
3,-0.17349208230257318,-0.17349208230257318
4,2.157971688845756,2.157971688845756
5,0.7078572411108556,0.7078572411108556
6,1.814236772801881,1.814236772801881
7,-0.21842514297599658,-0.21842514297599658
