,theta_x,theta_y
0,2.282052567178671,2.282052567178671
1,1.6546980519384675,1.6546980519384675
2,-0.6991286811374016,-0.6991286811374016
3,-1.0324400614398077,-1.0324400614398077
4,-1.916932073634437,-1.916932073634437
5,-1.4627704577718488,-1.4627704577718488
6,-1.7301967881919065,-1.7301967881919065
