,theta_x,theta_y
0,-1.5207682034510885,-1.5207682034510885
1,-1.0012686964690365,-1.0012686964690365
2,-1.3781219852288713,-1.3781219852288713
3,-1.6091985932502946,-1.6091985932502946
4,2.774230592983104,2.774230592983104
5,-1.9928464974466493,-1.9928464974466493
6,-1.3596153829476978,-1.3596153829476978
7,-2.1684150120917383,-2.1684150120917383
8,-1.4071617156911023,-1.4071617156911023
