theta_x,theta_y
-3.141592653589793,-3.141592653589793
1.9065135960890889,1.9065135960890889
-1.8540728807559326,-1.8540728807559326
3.141592653589793,3.141592653589793
