,theta_x,theta_y
0,-2.7772367568993883,-2.7772367568993883
1,-1.4009878995471712,-1.4009878995471712
