theta_x,theta_y
1.5504697827123972,1.5504697827123972
1.6404404587734653,1.6404404587734653
0.6720494556702723,0.6720494556702723
-2.0440369250750763,-2.0440369250750763
