,theta_x,theta_y
0,-2.389311001267426,-2.389311001267426
1,2.603238551978797,2.603238551978797
2,-2.5941352305799925,-2.5941352305799925
3,2.6113605952880903,2.6113605952880903
4,3.0310404008893763,3.0310404008893763
5,-1.7232572177498207,-1.7232572177498207
