,theta_x,theta_y
0,-1.6365320306268418,-1.6365320306268418
1,-2.7329494782485124,-2.7329494782485124
2,3.098890166583303,3.098890166583303
3,2.773408800972591,2.773408800972591
4,-2.866163077971743,-2.866163077971743
5,1.2797035473335656,1.2797035473335656
6,-2.133389652264264,-2.133389652264264
