theta_x,theta_y
3.141592653589793,3.141592653589793
-2.785014043917087,-2.785014043917087
-3.141592653589793,-3.141592653589793
-3.141592653589793,-3.141592653589793
2.554059645303825,2.554059645303825
2.2395525699768517,2.2395525699768517
2.328115971640766,2.328115971640766
2.4207110567558963,2.4207110567558963
