theta_x,theta_y
1.6374320750221114,1.6374320750221114
1.0167862322457117,1.0167862322457117
1.1471374164651014,1.1471374164651014
-1.6684696573735376,-1.6684696573735376
-3.141592653589793,-3.141592653589793
