theta_x,theta_y
-1.0871652493666746,-1.0871652493666746
3.061650702589703,3.061650702589703
