,theta_x,theta_y
0,0.9279604103887957,0.9279604103887957
1,0.9267817977896654,0.9267817977896654
2,0.9113105350209498,0.9113105350209498
3,-3.141592653589793,-3.141592653589793
4,0.9215773457142348,0.9215773457142348
5,0.9342035004361574,0.9342035004361574
6,0.9394886419448818,0.9394886419448818
