theta_x,theta_y
-0.2747814049634453,-0.2747814049634453
-1.454701745678319,-1.454701745678319
-1.6248108936141545,-1.6248108936141545
-1.5108801770091276,-1.5108801770091276
3.141592653589793,3.141592653589793
0.551897562755375,0.551897562755375
2.3378636675250726,2.3378636675250726
-1.8113265924974258,-1.8113265924974258
2.5700698578396746,2.5700698578396746
-2.32464970104071,-2.32464970104071
