,theta_x,theta_y
0,-0.2747814049634453,-0.2747814049634453
1,-1.454701745678319,-1.454701745678319
2,-1.6248108936141545,-1.6248108936141545
3,-1.5108801770091276,-1.5108801770091276
4,3.141592653589793,3.141592653589793
5,0.551897562755375,0.551897562755375
6,2.3378636675250726,2.3378636675250726
7,-1.8113265924974258,-1.8113265924974258
8,2.5700698578396746,2.5700698578396746
9,-2.32464970104071,-2.32464970104071
