,theta_x,theta_y
0,-0.7907252025963042,-0.7907252025963042
1,3.070069328878177,3.070069328878177
2,-3.1180618120479724,-3.1180618120479724
3,2.4015093997319807,2.4015093997319807
4,-1.773236009412856,-1.773236009412856
5,0.9806830209939058,0.9806830209939058
6,1.7449585730045312,1.7449585730045312
7,0.4130490455569896,0.4130490455569896
