,theta_x,theta_y
0,-1.3929600513780271,-1.3929600513780271
1,1.8884096081060835,1.8884096081060835
2,-1.8858870398835392,-1.8858870398835392
3,3.141592653589793,3.141592653589793
4,2.60463582664336,2.60463582664336
5,0.9391773197759097,0.9391773197759097
6,1.9642045820065623,1.9642045820065623
7,0.21722399096359252,0.21722399096359252
8,-2.9640825595434217,-2.9640825595434217
