,theta_x,theta_y
0,-3.0262109184815857,-3.0262109184815857
1,2.237115878989179,2.237115878989179
2,-3.141592653589793,-3.141592653589793
3,2.3374779021909986,2.3374779021909986
4,-3.141592653589793,-3.141592653589793
5,-3.141592653589793,-3.141592653589793
6,1.8856340297600036,1.8856340297600036
7,-2.462259083059955,-2.462259083059955
