,theta_x,theta_y
0,0.48262277696282624,0.48262277696282624
1,3.0278942299053617,3.0278942299053617
2,-2.2495352742655057,-2.2495352742655057
3,1.9634428039857805,1.9634428039857805
4,-0.11626935192940532,-0.11626935192940532
5,0.10415053607971493,0.10415053607971493
6,0.7810083625950216,0.7810083625950216
7,-0.6294136433494748,-0.6294136433494748
8,-0.04366652275902202,-0.04366652275902202
9,-3.141592653589793,-3.141592653589793
