,theta_x,theta_y
0,0.4039987490225035,0.4039987490225035
1,-0.7273080524967638,-0.7273080524967638
2,1.780351686699916,1.780351686699916
3,-3.141592653589793,-3.141592653589793
4,1.7698707719404305,1.7698707719404305
5,0.4196992680294773,0.4196992680294773
6,-1.2328598651387586,-1.2328598651387586
7,-3.141592653589793,-3.141592653589793
