theta_x,theta_y
1.1180633749968933,1.1180633749968933
0.62998819739994,0.62998819739994
0.8300492777133911,0.8300492777133911
-2.810956677698542,-2.810956677698542
0.1564804978033082,0.1564804978033082
-0.028248038641334683,-0.028248038641334683
0.6250763007936512,0.6250763007936512
-2.677434272687442,-2.677434272687442
0.8623413896877384,0.8623413896877384
0.762305846964796,0.762305846964796
