,theta_x,theta_y
0,-0.20569872913500709,-0.20569872913500709
1,3.1381591950185297,3.1381591950185297
2,0.0097617027566591,0.0097617027566591
3,-1.7933403543043007,-1.7933403543043007
4,-3.0896637748866334,-3.0896637748866334
5,2.741271311661672,2.741271311661672
6,-3.141592653589793,-3.141592653589793
7,1.8692131366026388,1.8692131366026388
8,1.3942952957286108,1.3942952957286108
9,1.4338606799900804,1.4338606799900804
