,theta_x,theta_y
0,0.3664735422246401,0.3664735422246401
1,-0.8798226785611934,-0.8798226785611934
2,-2.6848993433601342,-2.6848993433601342
3,-3.141592653589793,-3.141592653589793
4,1.5611700519148926,1.5611700519148926
5,2.8791717174359763,2.8791717174359763
