theta_x,theta_y
-0.35145738315674113,-0.35145738315674113
-0.41608555026918015,-0.41608555026918015
