theta_x,theta_y
2.4333081794115388,2.4333081794115388
0.09783778134698039,0.09783778134698039
-0.6937399868067822,-0.6937399868067822
1.849377255734916,1.849377255734916
0.5776475476078697,0.5776475476078697
3.141592653589793,3.141592653589793
3.141592653589793,3.141592653589793
