theta_x,theta_y
-3.141592653589793,-3.141592653589793
-1.1311882757434013,-1.1311882757434013
1.3813885111622,1.3813885111622
0.7383072487208937,0.7383072487208937
