,theta_x,theta_y
0,-3.141592653589793,-3.141592653589793
1,-1.1311882757434013,-1.1311882757434013
2,1.3813885111622,1.3813885111622
3,0.7383072487208937,0.7383072487208937
