theta_x,theta_y
1.3814521011534269,1.3814521011534269
1.2478421613742725,1.2478421613742725
-0.6612186057398766,-0.6612186057398766
