theta_x,theta_y
-3.141505564431878,-3.141505564431878
-1.3057013342770027,-1.3057013342770027
2.0649743077736162,2.0649743077736162
-0.21264064290799248,-0.21264064290799248
