,theta_x,theta_y
0,2.1971100234083,2.1971100234083
1,2.0221326193748412,2.0221326193748412
2,0.9336870379554626,0.9336870379554626
3,-2.0643640002512007,-2.0643640002512007
4,-2.1085536187250082,-2.1085536187250082
5,1.7178948123142306,1.7178948123142306
6,-3.141592653589793,-3.141592653589793
