theta_x,theta_y
-3.141592653589793,-3.141592653589793
-3.141592653589793,-3.141592653589793
2.321573833272066,2.321573833272066
-3.141592653589793,-3.141592653589793
2.3011347160666067,2.3011347160666067
