theta_x,theta_y
0.54469995118184,0.54469995118184
2.2069668500210993,2.2069668500210993
0.9727401953321779,0.9727401953321779
-1.2913399957087537,-1.2913399957087537
-0.8422851384012751,-0.8422851384012751
1.929287706227744,1.929287706227744
-2.6049339131057643,-2.6049339131057643
