theta_x,theta_y
2.7923123604172897,2.7923123604172897
0.13817203532600547,0.13817203532600547
3.0027398955793148,3.0027398955793148
-2.6484387625987713,-2.6484387625987713
0.7361946944384378,0.7361946944384378
-0.64986262549189,-0.64986262549189
1.8578447985611646,1.8578447985611646
-1.946994721963544,-1.946994721963544
2.249960123637986,2.249960123637986
