,theta_x,theta_y
0,1.9097045354768347,1.9097045354768347
1,1.908541966361824,1.908541966361824
