,theta_x,theta_y
0,0.31214762688939707,0.31214762688939707
1,-2.232444221987257,-2.232444221987257
2,-2.141734199595508,-2.141734199595508
3,-0.5410533549888547,-0.5410533549888547
