theta_x,theta_y
-0.8088516453824964,-0.8088516453824964
2.1291614273292674,2.1291614273292674
-1.3712890325717035,-1.3712890325717035
3.141592653589793,3.141592653589793
2.2868073569725094,2.2868073569725094
0.9502582875739933,0.9502582875739933
1.445597385772689,1.445597385772689
-0.6525391938339619,-0.6525391938339619
-2.644498558806097,-2.644498558806097
