,theta_x,theta_y
0,3.030724513561449,3.030724513561449
1,1.0782258088217533,1.0782258088217533
2,1.4514406852678159,1.4514406852678159
3,-0.10424195329006343,-0.10424195329006343
4,1.627186619527933,1.627186619527933
5,1.6124886400687861,1.6124886400687861
