,theta_x,theta_y
0,1.6054342612399646,1.6054342612399646
1,-1.06195357291252,-1.06195357291252
2,-3.092759018843535,-3.092759018843535
3,-3.141592653589793,-3.141592653589793
4,2.3562856959937863,2.3562856959937863
5,2.2636746003241264,2.2636746003241264
6,1.8079717161602278,1.8079717161602278
7,2.0699130209536536,2.0699130209536536
8,0.3934351225227172,0.3934351225227172
9,2.9677497335006633,2.9677497335006633
