,theta_x,theta_y
0,0.970121099684443,0.970121099684443
1,0.6465223802831623,0.6465223802831623
2,-1.0548633136561107,-1.0548633136561107
3,3.0091218000800746,3.0091218000800746
4,1.8377274508731947,1.8377274508731947
5,1.3717999281704343,1.3717999281704343
6,1.2295763103849795,1.2295763103849795
7,-0.2592974804695135,-0.2592974804695135
