,theta_x,theta_y
0,2.858336571481578,2.858336571481578
1,-1.0345144399301447,-1.0345144399301447
2,1.810943197954324,1.810943197954324
