,theta_x,theta_y
0,0.4048191517189597,0.4048191517189597
1,-1.2252610021302537,-1.2252610021302537
2,-2.7633464867993753,-2.7633464867993753
3,-3.0873685222185108,-3.0873685222185108
4,2.0985122822191107,2.0985122822191107
5,2.81251679859501,2.81251679859501
