theta_x,theta_y
-0.31858706360507894,-0.31858706360507894
-1.1362469115763143,-1.1362469115763143
-0.9652675776457318,-0.9652675776457318
-2.9937322173667034,-2.9937322173667034
1.5906575981278976,1.5906575981278976
1.7961942939095061,1.7961942939095061
