,theta_x,theta_y
0,-1.659270212891831,-1.659270212891831
1,-1.1741261628519015,-1.1741261628519015
2,1.0847251001356746,1.0847251001356746
3,-0.27829062437137014,-0.27829062437137014
4,-1.8362466101718193,-1.8362466101718193
5,-1.3071683932787246,-1.3071683932787246
6,-1.5510247876449115,-1.5510247876449115
