theta_x,theta_y
-2.592235091433106,-2.592235091433106
-1.6527753209911582,-1.6527753209911582
1.9281830928129637,1.9281830928129637
0.5699117789736934,0.5699117789736934
-2.5489045802356562,-2.5489045802356562
-0.3782541434394615,-0.3782541434394615
-0.10546091308565322,-0.10546091308565322
-2.142315646205744,-2.142315646205744
