theta_x,theta_y
0.4417693217686774,0.4417693217686774
3.005870260893423,3.005870260893423
-3.099157906248956,-3.099157906248956
2.837720692403386,2.837720692403386
