,theta_x,theta_y
0,-0.4978337912818388,-0.4978337912818388
1,3.062390165283867,3.062390165283867
2,-2.8198828157784486,-2.8198828157784486
3,2.6637026085851896,2.6637026085851896
4,-1.4770730104436414,-1.4770730104436414
5,0.3661557950469647,0.3661557950469647
6,1.7536335995669183,1.7536335995669183
7,0.09746144551419342,0.09746144551419342
