theta_x,theta_y
-2.935348207490809,-2.935348207490809
-1.6554319523246008,-1.6554319523246008
1.6846305624656077,1.6846305624656077
0.9203373018069746,0.9203373018069746
