theta_x,theta_y
2.422011503102291,2.422011503102291
-0.3678012973455801,-0.3678012973455801
0.6007173958389537,0.6007173958389537
1.5058001159088705,1.5058001159088705
0.4229818148729243,0.4229818148729243
3.141592653589793,3.141592653589793
2.2357191521921536,2.2357191521921536
3.141592653589793,3.141592653589793
-1.6824181516226488,-1.6824181516226488
