theta_x,theta_y
-1.8506760120359649,-1.8506760120359649
-2.069530443800057,-2.069530443800057
