theta_x,theta_y
-3.141592653589793,-3.141592653589793
-0.791003000423648,-0.791003000423648
