theta_x,theta_y
1.0304826843734944,1.0304826843734944
0.6854107588287004,0.6854107588287004
