,theta_x,theta_y
0,-2.212012357588788,-2.212012357588788
1,0.046041051393468056,0.046041051393468056
2,2.2508810530536194,2.2508810530536194
3,-3.129399642356516,-3.129399642356516
4,1.5258941051279782,1.5258941051279782
