,theta_x,theta_y
0,-0.23532265827995105,-0.23532265827995105
1,0.352073357176104,0.352073357176104
2,0.8792923260287733,0.8792923260287733
3,-0.0172576778633588,-0.0172576778633588
4,1.0489482747533256,1.0489482747533256
5,1.2675578062327313,1.2675578062327313
