,theta_x,theta_y
0,1.1635024039701884,1.1635024039701884
