theta_x,theta_y
1.1635024039701884,1.1635024039701884
