,theta_x,theta_y
0,-3.141592653589793,-3.141592653589793
1,-3.141592653589793,-3.141592653589793
2,-3.141592653589793,-3.141592653589793
3,1.6520388395694328,1.6520388395694328
4,2.5636546739347983,2.5636546739347983
5,2.4587894199040345,2.4587894199040345
6,3.141592653589793,3.141592653589793
7,-2.991623589462433,-2.991623589462433
