theta_x,theta_y
1.0670734347540116,1.0670734347540116
0.3774193764685164,0.3774193764685164
-0.16953894994831967,-0.16953894994831967
-0.5249756166781487,-0.5249756166781487
3.141592653589793,3.141592653589793
0.5059863111592797,0.5059863111592797
-0.4129511674022233,-0.4129511674022233
