,theta_x,theta_y
0,0.7628641482477587,0.7628641482477587
1,0.4280671159143792,0.4280671159143792
