,theta_x,theta_y
0,0.2069746171477222,0.2069746171477222
