theta_x,theta_y
-1.4800036866205912,-1.4800036866205912
1.746771695987648,1.746771695987648
-1.9920195832909033,-1.9920195832909033
3.141592653589793,3.141592653589793
2.5683421047590818,2.5683421047590818
0.527576052060841,0.527576052060841
1.500271664042115,1.500271664042115
