,theta_x,theta_y
0,0.5350212890939436,0.5350212890939436
1,1.7275098946528888,1.7275098946528888
2,1.2350493181778064,1.2350493181778064
3,-1.2356798537109486,-1.2356798537109486
4,-0.48664109938909844,-0.48664109938909844
5,1.290351349700974,1.290351349700974
