theta_x,theta_y
-1.1407573643137037,-1.1407573643137037
