,theta_x,theta_y
0,0.31409445919015316,0.31409445919015316
1,-1.29204064877511,-1.29204064877511
2,-2.058836196654039,-2.058836196654039
3,-2.5631154800912554,-2.5631154800912554
4,2.4570199251674176,2.4570199251674176
5,2.383534370392174,2.383534370392174
6,0.8931398832600849,0.8931398832600849
7,0.6344046447801152,0.6344046447801152
8,-0.0373374549169414,-0.0373374549169414
9,1.5996107713952314,1.5996107713952314
