,theta_x,theta_y
0,-0.19863376222623588,-0.19863376222623588
1,-1.3486035907802763,-1.3486035907802763
2,-0.8517418677640215,-0.8517418677640215
3,-0.16316553073263626,-0.16316553073263626
4,2.6304332195540505,2.6304332195540505
5,1.3673605057357818,1.3673605057357818
6,1.730512507995877,1.730512507995877
