,theta_x,theta_y
0,2.1034985907210233,2.1034985907210233
1,-1.1255884363719448,-1.1255884363719448
2,0.6675129762438378,0.6675129762438378
3,1.4678101198101008,1.4678101198101008
