,theta_x,theta_y
0,0.03696040039257594,0.03696040039257594
1,2.5751201443924905,2.5751201443924905
2,2.0840990344223753,2.0840990344223753
3,-1.4637688779162952,-1.4637688779162952
4,-0.8181789524040538,-0.8181789524040538
5,2.5622251803056093,2.5622251803056093
6,-2.217679894703776,-2.217679894703776
7,1.3019112803504407,1.3019112803504407
