,theta_x,theta_y
0,-3.0269025907240508,-3.0269025907240508
1,-1.684684701365358,-1.684684701365358
2,1.6936388492183978,1.6936388492183978
3,0.8031465287503764,0.8031465287503764
4,-3.0107275905765585,-3.0107275905765585
5,0.0891095859437765,0.0891095859437765
6,0.12871264094443155,0.12871264094443155
7,-2.271132764972922,-2.271132764972922
8,1.2788763659516096,1.2788763659516096
9,-2.7541616438171643,-2.7541616438171643
