theta_x,theta_y
-0.8077258464512169,-0.8077258464512169
-0.27837381291384733,-0.27837381291384733
-0.9761393838697894,-0.9761393838697894
-1.516059518073751,-1.516059518073751
-2.3047518467193564,-2.3047518467193564
0.3311477726416909,0.3311477726416909
0.28918651108977456,0.28918651108977456
-2.1247590497178903,-2.1247590497178903
