theta_x,theta_y
-2.989253101518643,-2.989253101518643
-0.1327699223793991,-0.1327699223793991
1.4019381000598505,1.4019381000598505
0.29054637654420223,0.29054637654420223
-2.2605809657480664,-2.2605809657480664
