,theta_x,theta_y
0,0.7412016341886266,0.7412016341886266
1,-1.440005425093236,-1.440005425093236
2,-1.9844425525661582,-1.9844425525661582
3,-1.3448490004189875,-1.3448490004189875
