theta_x,theta_y
-2.280636930693251,-2.280636930693251
-2.5888558985571515,-2.5888558985571515
2.8264982304016604,2.8264982304016604
-2.654165091005572,-2.654165091005572
1.0320296053708624,1.0320296053708624
2.518152702144576,2.518152702144576
-2.198807001116008,-2.198807001116008
-3.025553996304684,-3.025553996304684
