theta_x,theta_y
3.03095406091179,3.03095406091179
0.9282513074210915,0.9282513074210915
2.755545804381157,2.755545804381157
-3.141592653589793,-3.141592653589793
1.466941217177221,1.466941217177221
1.1068128396991637,1.1068128396991637
2.257547546927617,2.257547546927617
-3.141592653589793,-3.141592653589793
2.7983112313383525,2.7983112313383525
