,theta_x,theta_y
0,0.5164557865184791,0.5164557865184791
1,2.5611336931841464,2.5611336931841464
2,-2.4202277250611517,-2.4202277250611517
3,2.3625514909922076,2.3625514909922076
4,-0.9477227165055582,-0.9477227165055582
5,0.007929422221567072,0.007929422221567072
6,1.6055353447475043,1.6055353447475043
