,theta_x,theta_y
0,-0.008900980256909191,-0.008900980256909191
1,-0.6967592763456365,-0.6967592763456365
2,2.067688527455106,2.067688527455106
3,-0.8875716579462398,-0.8875716579462398
4,-0.5354129086082088,-0.5354129086082088
5,1.2342824762725206,1.2342824762725206
6,3.037431576642811,3.037431576642811
