,theta_x,theta_y
0,-1.1828566447346465,-1.1828566447346465
1,-2.7800340632067466,-2.7800340632067466
2,-3.0749714354465016,-3.0749714354465016
3,-2.8742123289230874,-2.8742123289230874
