,theta_x,theta_y
0,2.0707332952833837,2.0707332952833837
1,-1.2937063078422142,-1.2937063078422142
2,-0.011500034977935003,-0.011500034977935003
3,2.410767543779736,2.410767543779736
