theta_x,theta_y
3.141592653589793,3.141592653589793
-0.42813568163627397,-0.42813568163627397
3.141592653589793,3.141592653589793
-2.1831593730943375,-2.1831593730943375
1.0368479008835523,1.0368479008835523
-0.8116248706311872,-0.8116248706311872
2.3029863292686743,2.3029863292686743
-1.368577354901615,-1.368577354901615
2.6007400416934923,2.6007400416934923
0.5987467629367647,0.5987467629367647
