,theta_x,theta_y
0,1.0699959929133316,1.0699959929133316
1,0.76911894022876,0.76911894022876
2,0.41257778040046683,0.41257778040046683
3,0.00508726034958671,0.00508726034958671
4,-3.141592653589793,-3.141592653589793
5,0.2456504387150775,0.2456504387150775
6,0.07219152069031479,0.07219152069031479
7,-3.022781256493205,-3.022781256493205
8,-3.141592653589793,-3.141592653589793
