theta_x,theta_y
2.76045234847696,2.76045234847696
0.11827511670159335,0.11827511670159335
2.96738326570797,2.96738326570797
-2.667032783074102,-2.667032783074102
0.7008561988243035,0.7008561988243035
-0.7245349658070456,-0.7245349658070456
1.878655813409209,1.878655813409209
-2.0357636953549876,-2.0357636953549876
2.28517537294344,2.28517537294344
0.32493187560087194,0.32493187560087194
