theta_x,theta_y
2.5557868304819884,2.5557868304819884
2.368462706835039,2.368462706835039
0.59251203461263,0.59251203461263
-1.2152007515383403,-1.2152007515383403
-2.6706166308835364,-2.6706166308835364
-1.7135347946365562,-1.7135347946365562
-1.9510113080228149,-1.9510113080228149
-3.14116347639693,-3.14116347639693
-2.93338857729873,-2.93338857729873
3.1081823848077414,3.1081823848077414
