theta_x,theta_y
-0.21844108342147156,-0.21844108342147156
-0.7338370265673652,-0.7338370265673652
2.429552202413669,2.429552202413669
-2.990631460988576,-2.990631460988576
1.7373283684318082,1.7373283684318082
0.9289070751191477,0.9289070751191477
