,theta_x,theta_y
0,-1.5609870638407692,-1.5609870638407692
1,-1.6498298256325048,-1.6498298256325048
2,-1.6010352846584464,-1.6010352846584464
3,-1.6639097835997645,-1.6639097835997645
4,3.141592653589793,3.141592653589793
5,3.141592653589793,3.141592653589793
6,-1.906195333560874,-1.906195333560874
7,3.141592653589793,3.141592653589793
