,theta_x,theta_y
0,0.958239103629196,0.958239103629196
1,0.6490635047079041,0.6490635047079041
2,0.25625288537845414,0.25625288537845414
3,0.4523167565896853,0.4523167565896853
