theta_x,theta_y
1.9431612560324547,1.9431612560324547
2.6441495950601888,2.6441495950601888
0.2839653594097954,0.2839653594097954
-1.3326357743435935,-1.3326357743435935
