,theta_x,theta_y
0,0.7774842262259827,0.7774842262259827
1,1.1413547824003505,1.1413547824003505
2,0.6397071632022195,0.6397071632022195
3,1.5407326132961692,1.5407326132961692
4,1.4216010075855539,1.4216010075855539
5,1.4920266586275486,1.4920266586275486
6,2.3280324946124495,2.3280324946124495
7,1.005844528704013,1.005844528704013
8,-2.877954973027549,-2.877954973027549
9,2.3381154709693575,2.3381154709693575
