theta_x,theta_y
0.7774842262259827,0.7774842262259827
1.1413547824003505,1.1413547824003505
0.6397071632022195,0.6397071632022195
1.5407326132961692,1.5407326132961692
1.4216010075855539,1.4216010075855539
1.4920266586275486,1.4920266586275486
2.3280324946124495,2.3280324946124495
1.005844528704013,1.005844528704013
-2.877954973027549,-2.877954973027549
2.3381154709693575,2.3381154709693575
