theta_x,theta_y
-0.2804862348669621,-0.2804862348669621
3.141592653589793,3.141592653589793
-0.2767168789825194,-0.2767168789825194
-0.23335173748476604,-0.23335173748476604
-0.3026467398013443,-0.3026467398013443
-0.2962834187970859,-0.2962834187970859
-0.3033360739167339,-0.3033360739167339
-0.3225535764004946,-0.3225535764004946
