,theta_x,theta_y
0,-0.2421767536089494,-0.2421767536089494
