theta_x,theta_y
-1.0313032304482552,-1.0313032304482552
3.141592653589793,3.141592653589793
