,theta_x,theta_y
0,0.756268239781362,0.756268239781362
1,-2.461323909888596,-2.461323909888596
2,-2.0755584549823674,-2.0755584549823674
3,-2.9371334408738945,-2.9371334408738945
4,1.723714098002848,1.723714098002848
5,1.1604343987854955,1.1604343987854955
