,theta_x,theta_y
0,0.37578721091065115,0.37578721091065115
1,2.759113027808279,2.759113027808279
2,-2.984948981630888,-2.984948981630888
3,2.1905438683030853,2.1905438683030853
4,-1.0820008848486427,-1.0820008848486427
5,0.22708750372399528,0.22708750372399528
6,1.8563113746663096,1.8563113746663096
7,-0.21965461228975533,-0.21965461228975533
8,0.17724011557638505,0.17724011557638505
