theta_x,theta_y
1.1120073555044836,1.1120073555044836
1.0958386328006162,1.0958386328006162
1.0564835269277646,1.0564835269277646
-3.141592653589793,-3.141592653589793
1.0374802909733167,1.0374802909733167
1.0094468921510436,1.0094468921510436
0.9907770986489565,0.9907770986489565
-3.141592653589793,-3.141592653589793
0.9560694561613771,0.9560694561613771
0.9579303033658075,0.9579303033658075
