theta_x,theta_y
1.243276534454637,1.243276534454637
1.4541252150852237,1.4541252150852237
-1.8930936529088753,-1.8930936529088753
1.3196930698823488,1.3196930698823488
0.11923631552305246,0.11923631552305246
0.6437269405498548,0.6437269405498548
0.4761211045705763,0.4761211045705763
0.4765410818627488,0.4765410818627488
0.7060118842166232,0.7060118842166232
