,theta_x,theta_y
0,-1.8782947241822787,-1.8782947241822787
1,-1.390869744993818,-1.390869744993818
2,2.471170024825809,2.471170024825809
3,0.5374728472518568,0.5374728472518568
4,-1.9282395490350848,-1.9282395490350848
5,-0.5580489991045552,-0.5580489991045552
6,-0.4670327056949936,-0.4670327056949936
7,-1.8926824596009126,-1.8926824596009126
8,1.9803316067583312,1.9803316067583312
9,-2.037536969057217,-2.037536969057217
