,theta_x,theta_y
0,-0.3725402727266574,-0.3725402727266574
1,-0.3584078496643924,-0.3584078496643924
2,-0.39407369775099443,-0.39407369775099443
3,-0.42379665652611925,-0.42379665652611925
4,3.141592653589793,3.141592653589793
5,-0.441054780256667,-0.441054780256667
6,-0.46918995992052365,-0.46918995992052365
7,-0.47262599631540914,-0.47262599631540914
8,-0.5455027808456416,-0.5455027808456416
9,-0.6225185680505018,-0.6225185680505018
