theta_x,theta_y
0.16125420186482148,0.16125420186482148
-0.3997298158488783,-0.3997298158488783
-0.7670959076466762,-0.7670959076466762
-1.1920570515576145,-1.1920570515576145
3.141592653589793,3.141592653589793
0.24289082268719545,0.24289082268719545
0.16074015383167584,0.16074015383167584
