,theta_x,theta_y
0,-0.046517699544989695,-0.046517699544989695
1,3.13426988082635,3.13426988082635
2,-2.1183143172767984,-2.1183143172767984
3,2.992085779283253,2.992085779283253
4,-1.2611003866293655,-1.2611003866293655
5,-0.5911196716829837,-0.5911196716829837
6,2.350890797127693,2.350890797127693
7,-0.6989857535614571,-0.6989857535614571
8,0.31985121633758923,0.31985121633758923
