,theta_x,theta_y
0,2.834938557155214,2.834938557155214
1,0.27871607115950264,0.27871607115950264
2,3.0272924468086364,3.0272924468086364
3,-3.141592653589793,-3.141592653589793
4,1.0429635592137059,1.0429635592137059
