theta_x,theta_y
0.9353335188939155,0.9353335188939155
0.911428662525895,0.911428662525895
-3.141592653589793,-3.141592653589793
0.8689028211001147,0.8689028211001147
0.8786574119277938,0.8786574119277938
