,theta_x,theta_y
0,1.104461995967994,1.104461995967994
1,-0.9698194678801388,-0.9698194678801388
2,0.8205000917313349,0.8205000917313349
3,2.9082032366725628,2.9082032366725628
4,-3.1154595001451013,-3.1154595001451013
5,3.141592653589793,3.141592653589793
6,1.1735961826254688,1.1735961826254688
7,-1.9227018666720328,-1.9227018666720328
