,theta_x,theta_y
0,1.7387583158818989,1.7387583158818989
1,1.742676026313451,1.742676026313451
2,-3.141592653589793,-3.141592653589793
3,-3.141592653589793,-3.141592653589793
4,1.8241591641182713,1.8241591641182713
5,1.9291338938740885,1.9291338938740885
6,2.0347703365729557,2.0347703365729557
7,2.157654727325999,2.157654727325999
8,2.2591381657083,2.2591381657083
