theta_x,theta_y
1.506268163699154,1.506268163699154
1.3655205445620915,1.3655205445620915
