theta_x,theta_y
2.2863916718460144,2.2863916718460144
0.6237918839263399,0.6237918839263399
2.3578075484859577,2.3578075484859577
