,theta_x,theta_y
0,-2.0616756795431277,-2.0616756795431277
1,-1.7586951831050472,-1.7586951831050472
2,2.4179170813420217,2.4179170813420217
3,0.46218986867663064,0.46218986867663064
4,-2.171308526720484,-2.171308526720484
5,-0.8194072608708909,-0.8194072608708909
6,-0.7519489010172449,-0.7519489010172449
7,-2.2401911004274995,-2.2401911004274995
8,1.8715089018999036,1.8715089018999036
9,-2.332530901374453,-2.332530901374453
