theta_x,theta_y
2.5719251478205254,2.5719251478205254
-0.8482728542591818,-0.8482728542591818
-0.2513698419714467,-0.2513698419714467
1.947293793104889,1.947293793104889
1.2564090297150008,1.2564090297150008
3.141592653589793,3.141592653589793
