,theta_x,theta_y
0,2.5719251478205254,2.5719251478205254
1,-0.8482728542591818,-0.8482728542591818
2,-0.2513698419714467,-0.2513698419714467
3,1.947293793104889,1.947293793104889
4,1.2564090297150008,1.2564090297150008
5,3.141592653589793,3.141592653589793
