,theta_x,theta_y
0,3.076692332912592,3.076692332912592
1,0.08276031833071662,0.08276031833071662
2,3.141592653589793,3.141592653589793
3,-3.141592653589793,-3.141592653589793
