theta_x,theta_y
2.6877010151439564,2.6877010151439564
0.5559393795515237,0.5559393795515237
2.8688193192233973,2.8688193192233973
-2.7896341177943795,-2.7896341177943795
