,theta_x,theta_y
0,0.9368458089510778,0.9368458089510778
1,0.9490923846348804,0.9490923846348804
2,0.5652267259421782,0.5652267259421782
3,0.7745342064797802,0.7745342064797802
4,0.41418212189098425,0.41418212189098425
5,0.12547294870247616,0.12547294870247616
