theta_x,theta_y
0.9368458089510778,0.9368458089510778
0.9490923846348804,0.9490923846348804
0.5652267259421782,0.5652267259421782
0.7745342064797802,0.7745342064797802
0.41418212189098425,0.41418212189098425
0.12547294870247616,0.12547294870247616
