theta_x,theta_y
1.5657207705663223,1.5657207705663223
1.6429150236471537,1.6429150236471537
1.3284440787868081,1.3284440787868081
-3.141592653589793,-3.141592653589793
1.3693193382720368,1.3693193382720368
1.2217877959518824,1.2217877959518824
1.3976614693333778,1.3976614693333778
-3.141592653589793,-3.141592653589793
