,theta_x,theta_y
0,-0.27217608176094027,-0.27217608176094027
1,-0.33605837732378246,-0.33605837732378246
2,-0.44771816640344897,-0.44771816640344897
