theta_x,theta_y
-2.6184847670227773,-2.6184847670227773
-3.141592653589793,-3.141592653589793
-2.1596358137973555,-2.1596358137973555
-2.9962019313426733,-2.9962019313426733
