theta_x,theta_y
0.42352673776456157,0.42352673776456157
-0.7884343683269427,-0.7884343683269427
-2.031593647948376,-2.031593647948376
-2.6440732927869717,-2.6440732927869717
2.007270943783792,2.007270943783792
2.1555722656104312,2.1555722656104312
0.7436154006384041,0.7436154006384041
