,theta_x,theta_y
0,2.2780491456158454,2.2780491456158454
1,-2.4939533293990546,-2.4939533293990546
2,0.9634820561291171,0.9634820561291171
3,1.1980275206203466,1.1980275206203466
4,0.7609494203772134,0.7609494203772134
5,1.543306657805715,1.543306657805715
6,1.5413715610108358,1.5413715610108358
7,2.5545064933027994,2.5545064933027994
8,-2.436420857446929,-2.436420857446929
