theta_x,theta_y
1.933790864473737,1.933790864473737
0.4937710660512622,0.4937710660512622
-2.9405568580804893,-2.9405568580804893
-3.141592653589793,-3.141592653589793
1.6041925543221385,1.6041925543221385
2.6694475651960428,2.6694475651960428
