,theta_x,theta_y
0,1.7858657546275882,1.7858657546275882
1,0.4951678077490278,0.4951678077490278
2,-0.4818194616662514,-0.4818194616662514
3,-0.7929077830691288,-0.7929077830691288
4,-2.357042149560722,-2.357042149560722
5,-2.049417060349255,-2.049417060349255
