,theta_x,theta_y
0,-2.577173072382383,-2.577173072382383
1,2.810452607764608,2.810452607764608
2,1.2786374318733702,1.2786374318733702
3,2.8024275634608,2.8024275634608
4,0.4267026073253146,0.4267026073253146
5,-2.925172681980464,-2.925172681980464
6,2.6290460287391664,2.6290460287391664
7,-2.818432300268022,-2.818432300268022
