,theta_x,theta_y
0,2.4212764900651944,2.4212764900651944
1,0.4166543774226984,0.4166543774226984
2,2.572484141745604,2.572484141745604
3,-2.5756064525203914,-2.5756064525203914
4,0.5833751601750273,0.5833751601750273
5,-0.14099562661217757,-0.14099562661217757
6,1.1100017690425894,1.1100017690425894
7,-1.483130287016411,-1.483130287016411
