,theta_x,theta_y
0,0.40871734076325766,0.40871734076325766
1,-0.8875678782107406,-0.8875678782107406
2,-0.8370061841136556,-0.8370061841136556
3,-1.0848311726775426,-1.0848311726775426
4,-0.6400537059886864,-0.6400537059886864
5,-0.6825930551396101,-0.6825930551396101
6,-2.366582412692242,-2.366582412692242
