,theta_x,theta_y
0,-3.141592653589793,-3.141592653589793
1,-2.0484541734021113,-2.0484541734021113
2,3.012852563255312,3.012852563255312
