,theta_x,theta_y
0,3.141592653589793,3.141592653589793
1,3.141592653589793,3.141592653589793
2,-1.4426651280737814,-1.4426651280737814
3,-1.4806103998454108,-1.4806103998454108
4,-1.5186658720947468,-1.5186658720947468
5,-1.5571534398518545,-1.5571534398518545
6,-1.5956618845495858,-1.5956618845495858
7,-1.634408184279767,-1.634408184279767
8,-1.67330971887454,-1.67330971887454
