,theta_x,theta_y
0,-0.9481118257292771,-0.9481118257292771
1,3.141592653589793,3.141592653589793
2,-1.0291453530275556,-1.0291453530275556
3,3.141592653589793,3.141592653589793
4,-0.9339914082437221,-0.9339914082437221
5,-0.9660041746998599,-0.9660041746998599
6,3.141592653589793,3.141592653589793
