,theta_x,theta_y
0,-2.6651118357841086,-2.6651118357841086
1,2.6677856637338975,2.6677856637338975
2,1.966218205201067,1.966218205201067
3,-3.141592653589793,-3.141592653589793
4,2.8122204198678653,2.8122204198678653
