,theta_x,theta_y
0,-0.08559706167475536,-0.08559706167475536
1,1.704647888242063,1.704647888242063
