,theta_x,theta_y
0,1.208628755418221,1.208628755418221
1,-0.9757213705390464,-0.9757213705390464
2,-2.0395204542635645,-2.0395204542635645
3,-2.9995055995222453,-2.9995055995222453
4,2.6594716839877424,2.6594716839877424
5,1.9362615337974247,1.9362615337974247
6,1.6286489883116957,1.6286489883116957
7,1.0739329616082827,1.0739329616082827
