,theta_x,theta_y
0,0.3599770876129478,0.3599770876129478
1,2.8898165128265823,2.8898165128265823
2,1.4232768648789529,1.4232768648789529
3,-1.5091427007467555,-1.5091427007467555
