theta_x,theta_y
3.141592653589793,3.141592653589793
0.7539039356363828,0.7539039356363828
3.141592653589793,3.141592653589793
-3.141592653589793,-3.141592653589793
0.9354889191983915,0.9354889191983915
