theta_x,theta_y
-0.5514163197554227,-0.5514163197554227
