,theta_x,theta_y
0,1.8421758307365645,1.8421758307365645
1,0.37208345815494037,0.37208345815494037
2,2.1542131612407274,2.1542131612407274
3,-2.0455855952489665,-2.0455855952489665
4,0.4291899826338972,0.4291899826338972
5,-0.1962409003393591,-0.1962409003393591
6,1.5992348124094435,1.5992348124094435
7,-1.7699620462698231,-1.7699620462698231
8,2.4727073999985345,2.4727073999985345
