,theta_x,theta_y
0,-0.39656206104881037,-0.39656206104881037
1,-0.8099318390753201,-0.8099318390753201
