,theta_x,theta_y
0,-1.3089188137280567,-1.3089188137280567
1,3.141592653589793,3.141592653589793
2,-1.6870972614417465,-1.6870972614417465
3,3.141592653589793,3.141592653589793
4,-2.0409118708132175,-2.0409118708132175
