theta_x,theta_y
1.0436290671970834,1.0436290671970834
1.0274160648193496,1.0274160648193496
-3.141592653589793,-3.141592653589793
-3.141592653589793,-3.141592653589793
0.9384344440029332,0.9384344440029332
