,theta_x,theta_y
0,0.6027218106260244,0.6027218106260244
1,-0.7575384430499453,-0.7575384430499453
2,-1.2143043892096115,-1.2143043892096115
3,-1.5167348529886961,-1.5167348529886961
4,3.141592653589793,3.141592653589793
5,0.5241720846625355,0.5241720846625355
6,0.5504561840698059,0.5504561840698059
7,-1.5603388712880994,-1.5603388712880994
8,0.36086103285547844,0.36086103285547844
