theta_x,theta_y
0.6027218106260244,0.6027218106260244
-0.7575384430499453,-0.7575384430499453
-1.2143043892096115,-1.2143043892096115
-1.5167348529886961,-1.5167348529886961
3.141592653589793,3.141592653589793
0.5241720846625355,0.5241720846625355
0.5504561840698059,0.5504561840698059
-1.5603388712880994,-1.5603388712880994
0.36086103285547844,0.36086103285547844
