,theta_x,theta_y
0,1.0954997676487697,1.0954997676487697
1,0.7807005377043102,0.7807005377043102
2,-0.3292594674637306,-0.3292594674637306
