,theta_x,theta_y
0,0.39586559547570427,0.39586559547570427
1,2.185549562036641,2.185549562036641
2,0.8058726230082583,0.8058726230082583
3,-1.2269154750227247,-1.2269154750227247
4,-0.8921715071442282,-0.8921715071442282
5,1.7850961545829456,1.7850961545829456
6,-2.464164342898094,-2.464164342898094
7,1.4087653523823251,1.4087653523823251
