theta_x,theta_y
-2.7070950596661523,-2.7070950596661523
1.960838865347834,1.960838865347834
-3.141592653589793,-3.141592653589793
1.9106420057568498,1.9106420057568498
3.141592653589793,3.141592653589793
