,theta_x,theta_y
0,-1.1992892908359,-1.1992892908359
1,-2.6529638110686333,-2.6529638110686333
2,1.8693283420134514,1.8693283420134514
3,-1.240346209794896,-1.240346209794896
4,-1.7953798730036679,-1.7953798730036679
5,-1.3776019579407557,-1.3776019579407557
6,-2.668933009148968,-2.668933009148968
7,-1.2468527947349934,-1.2468527947349934
8,1.0588039789305286,1.0588039789305286
