,theta_x,theta_y
0,-2.6399488824769084,-2.6399488824769084
1,-0.15050439330328658,-0.15050439330328658
2,1.023549767015721,1.023549767015721
3,-0.5676202770551126,-0.5676202770551126
