,theta_x,theta_y
0,2.7732558354859678,2.7732558354859678
