theta_x,theta_y
2.7732558354859678,2.7732558354859678
