theta_x,theta_y
0.888865101836137,0.888865101836137
0.8505141242599694,0.8505141242599694
0.7834769948708362,0.7834769948708362
-3.141592653589793,-3.141592653589793
0.7433256033201465,0.7433256033201465
0.7437362863528594,0.7437362863528594
