theta_x,theta_y
2.8599693401047706,2.8599693401047706
1.1242444318150626,1.1242444318150626
3.0123020618184784,3.0123020618184784
-3.141592653589793,-3.141592653589793
0.6709399198531146,0.6709399198531146
-3.141592653589793,-3.141592653589793
