,theta_x,theta_y
0,2.7838036127885077,2.7838036127885077
1,0.0711731134094981,0.0711731134094981
2,2.9923274543394056,2.9923274543394056
