,theta_x,theta_y
0,-0.3624740070994881,-0.3624740070994881
1,2.250080314306716,2.250080314306716
2,-0.4922689369063625,-0.4922689369063625
3,0.6514907038410297,0.6514907038410297
4,0.4241181751575727,0.4241181751575727
5,-0.7110669616894861,-0.7110669616894861
6,-0.8243010656876074,-0.8243010656876074
7,-0.8694541800506157,-0.8694541800506157
