theta_x,theta_y
1.836949373528857,1.836949373528857
0.15383808803892068,0.15383808803892068
1.954117467910419,1.954117467910419
-1.880666261820002,-1.880666261820002
-0.30241375070496973,-0.30241375070496973
-0.3354661089340821,-0.3354661089340821
