,theta_x,theta_y
0,1.782288885298207,1.782288885298207
1,1.7756884544050449,1.7756884544050449
2,1.7192722549107653,1.7192722549107653
3,1.7164961866539417,1.7164961866539417
4,1.6989465279404625,1.6989465279404625
