theta_x,theta_y
3.1189842789756734,3.1189842789756734
0.6781198103583881,0.6781198103583881
-0.225473176281632,-0.225473176281632
2.194505470370476,2.194505470370476
