,theta_x,theta_y
0,-0.9204945067709285,-0.9204945067709285
1,-1.4496626999780373,-1.4496626999780373
2,3.141592653589793,3.141592653589793
3,-1.1398221017412546,-1.1398221017412546
