theta_x,theta_y
-2.7120358629480004,-2.7120358629480004
-2.768345991957697,-2.768345991957697
-2.87714099549296,-2.87714099549296
3.141592653589793,3.141592653589793
-2.9538726906138053,-2.9538726906138053
