theta_x,theta_y
2.1885058735956204,2.1885058735956204
-0.937346246065402,-0.937346246065402
