,theta_x,theta_y
0,2.1885058735956204,2.1885058735956204
1,-0.937346246065402,-0.937346246065402
