,theta_x,theta_y
0,-2.953145101906451,-2.953145101906451
1,-1.7982872137777095,-1.7982872137777095
2,1.947904282398312,1.947904282398312
3,0.8880545007177125,0.8880545007177125
4,-2.8802810039488964,-2.8802810039488964
5,-0.17100834227222944,-0.17100834227222944
6,0.13374542426080926,0.13374542426080926
7,-2.4513069381690937,-2.4513069381690937
8,1.633030164121946,1.633030164121946
