,theta_x,theta_y
0,2.3554491636178834,2.3554491636178834
1,-0.14112354333602076,-0.14112354333602076
2,-2.656366872499143,-2.656366872499143
3,-3.141592653589793,-3.141592653589793
4,2.0613395363206264,2.0613395363206264
5,2.2002549969488343,2.2002549969488343
6,2.2285108005359193,2.2285108005359193
7,2.6868019797466425,2.6868019797466425
