,theta_x,theta_y
0,0.00553240947712097,0.00553240947712097
1,-0.41932125651701035,-0.41932125651701035
