,theta_x,theta_y
0,3.141592653589793,3.141592653589793
1,-1.593019101072378,-1.593019101072378
2,2.6834550160185535,2.6834550160185535
3,-3.141592653589793,-3.141592653589793
4,1.8803582828629037,1.8803582828629037
