theta_x,theta_y
1.1496311228557459,1.1496311228557459
3.141592653589793,3.141592653589793
3.141592653589793,3.141592653589793
