theta_x,theta_y
3.141592653589793,3.141592653589793
1.4975099039399995,1.4975099039399995
