,theta_x,theta_y
0,-3.036687313621159,-3.036687313621159
1,-1.592738665239582,-1.592738665239582
2,1.7668700653522884,1.7668700653522884
3,1.0689846199140942,1.0689846199140942
4,-2.9796483549614483,-2.9796483549614483
5,0.1887859945346901,0.1887859945346901
6,0.4327141688445313,0.4327141688445313
