,theta_x,theta_y
0,2.960579865711136,2.960579865711136
1,-0.829303010513123,-0.829303010513123
2,1.347409949359612,1.347409949359612
3,1.8082822439744333,1.8082822439744333
4,0.6132756586111887,0.6132756586111887
5,1.8209927650323614,1.8209927650323614
6,0.5437474591916487,0.5437474591916487
7,1.1090525026651599,1.1090525026651599
8,-3.141592653589793,-3.141592653589793
