theta_x,theta_y
-2.0706476415404564,-2.0706476415404564
-3.141592653589793,-3.141592653589793
3.0604995925323886,3.0604995925323886
-0.9145585057988551,-0.9145585057988551
-3.141592653589793,-3.141592653589793
-1.5536099040581282,-1.5536099040581282
