,theta_x,theta_y
0,3.141592653589793,3.141592653589793
1,-1.655191357442919,-1.655191357442919
2,3.141592653589793,3.141592653589793
