theta_x,theta_y
0.19704596756623638,0.19704596756623638
-1.368940879335172,-1.368940879335172
-1.6050954745221702,-1.6050954745221702
-1.9231569980695338,-1.9231569980695338
3.141592653589793,3.141592653589793
1.8044788185081282,1.8044788185081282
2.360064707374151,2.360064707374151
-1.469455492385836,-1.469455492385836
