theta_x,theta_y
-1.1504131151004129,-1.1504131151004129
3.141592653589793,3.141592653589793
