,theta_x,theta_y
0,-1.9821819289505502,-1.9821819289505502
1,-2.0188250798178498,-2.0188250798178498
2,2.3922563732930167,2.3922563732930167
3,-0.3676467852069876,-0.3676467852069876
4,-2.3090786385694555,-2.3090786385694555
5,-1.5870447750708316,-1.5870447750708316
6,-1.2650997031463445,-1.2650997031463445
7,-2.0663071556667743,-2.0663071556667743
