,theta_x,theta_y
0,0.7007193669928344,0.7007193669928344
1,2.5833251327620497,2.5833251327620497
2,-2.7317544219718872,-2.7317544219718872
3,2.1992928289121507,2.1992928289121507
4,-1.040566491234508,-1.040566491234508
5,0.22998136202171637,0.22998136202171637
