,theta_x,theta_y
0,0.4602263544345326,0.4602263544345326
1,-0.527113192681315,-0.527113192681315
2,-3.1162085205287666,-3.1162085205287666
3,-3.141592653589793,-3.141592653589793
4,1.1254807322534952,1.1254807322534952
5,1.9679250122031542,1.9679250122031542
6,1.3534091130336376,1.3534091130336376
