theta_x,theta_y
-3.141592653589793,-3.141592653589793
1.0175122301886468,1.0175122301886468
0.9551640831382925,0.9551640831382925
1.0144017349840417,1.0144017349840417
-3.141592653589793,-3.141592653589793
0.9218835547296995,0.9218835547296995
0.9496222682387268,0.9496222682387268
