,theta_x,theta_y
0,-3.141592653589793,-3.141592653589793
1,1.0175122301886468,1.0175122301886468
2,0.9551640831382925,0.9551640831382925
3,1.0144017349840417,1.0144017349840417
4,-3.141592653589793,-3.141592653589793
5,0.9218835547296995,0.9218835547296995
6,0.9496222682387268,0.9496222682387268
