,theta_x,theta_y
0,-0.6329901669176903,-0.6329901669176903
1,-0.5919007139064905,-0.5919007139064905
2,-1.717255624732775,-1.717255624732775
3,2.653814421715104,2.653814421715104
4,-1.0833379300879358,-1.0833379300879358
5,0.0315195678781333,0.0315195678781333
