theta_x,theta_y
0.21042241602495543,0.21042241602495543
2.680358386219707,2.680358386219707
1.1185788157876584,1.1185788157876584
-1.0575338822669147,-1.0575338822669147
-0.9763356954234533,-0.9763356954234533
2.649511176924014,2.649511176924014
-2.937563923782829,-2.937563923782829
