theta_x,theta_y
2.1151086163614052,2.1151086163614052
