,theta_x,theta_y
0,2.2923258287399504,2.2923258287399504
1,1.227178736384116,1.227178736384116
2,0.6501288444476495,0.6501288444476495
