,theta_x,theta_y
0,-1.3780793562315958,-1.3780793562315958
1,-2.194296889962996,-2.194296889962996
2,3.0786431934780136,3.0786431934780136
3,-1.029075559799479,-1.029075559799479
4,-1.9986177869359711,-1.9986177869359711
5,0.11931282109420226,0.11931282109420226
6,-2.8949255448924287,-2.8949255448924287
