,theta_x,theta_y
0,3.003666631512916,3.003666631512916
1,0.35025778917678746,0.35025778917678746
2,3.141592653589793,3.141592653589793
3,-3.0034254501312327,-3.0034254501312327
4,1.1303284530757367,1.1303284530757367
5,-0.47218189437037333,-0.47218189437037333
6,2.040881399984995,2.040881399984995
