,theta_x,theta_y
0,2.8600038095836617,2.8600038095836617
1,-0.023988403689633984,-0.023988403689633984
2,3.1138097451040307,3.1138097451040307
3,-2.3578237303218845,-2.3578237303218845
4,0.5039572629463134,0.5039572629463134
5,-0.5167949458856492,-0.5167949458856492
6,1.626490419290143,1.626490419290143
7,-1.5783398364755574,-1.5783398364755574
8,2.1582730626601156,2.1582730626601156
