,theta_x,theta_y
0,1.6607114367552989,1.6607114367552989
1,-0.7424114676848315,-0.7424114676848315
2,0.18956745809700343,0.18956745809700343
3,1.3265408325774153,1.3265408325774153
4,1.8938230760114494,1.8938230760114494
5,2.9907880961878432,2.9907880961878432
6,2.672543101176985,2.672543101176985
