theta_x,theta_y
0.8338771537171673,0.8338771537171673
-1.5607331079385522,-1.5607331079385522
-2.5792122655630467,-2.5792122655630467
-2.8321554336356938,-2.8321554336356938
2.1196575682591225,2.1196575682591225
2.450796481641321,2.450796481641321
0.749994916722285,0.749994916722285
1.1754045894807394,1.1754045894807394
0.3265531849103816,0.3265531849103816
