,theta_x,theta_y
0,-0.4420292314936039,-0.4420292314936039
