theta_x,theta_y
-0.7585936415803286,-0.7585936415803286
-1.4728653459176484,-1.4728653459176484
-0.7578741221970332,-0.7578741221970332
-0.20966898053459923,-0.20966898053459923
2.347376363433612,2.347376363433612
