,theta_x,theta_y
0,2.6942016385792735,2.6942016385792735
1,-1.6994670069266145,-1.6994670069266145
2,0.09588458377189354,0.09588458377189354
3,1.869409911274313,1.869409911274313
4,0.7236982039087023,0.7236982039087023
5,2.9435602453358913,2.9435602453358913
6,1.7243390194248545,1.7243390194248545
7,2.1487976763761796,2.1487976763761796
8,-2.7347903738101835,-2.7347903738101835
