,theta_x,theta_y
0,-0.03993812151108749,-0.03993812151108749
1,2.639914357193038,2.639914357193038
2,-2.6768748923836845,-2.6768748923836845
3,2.2492912621090855,2.2492912621090855
4,-0.5893293182881111,-0.5893293182881111
5,-0.07340420294543067,-0.07340420294543067
6,1.4296363462948425,1.4296363462948425
