,theta_x,theta_y
0,-2.047062536986497,-2.047062536986497
1,-1.987925255551101,-1.987925255551101
2,2.423775787938525,2.423775787938525
3,-2.4976314073817703,-2.4976314073817703
4,0.5346113972985769,0.5346113972985769
