theta_x,theta_y
-2.047062536986497,-2.047062536986497
-1.987925255551101,-1.987925255551101
2.423775787938525,2.423775787938525
-2.4976314073817703,-2.4976314073817703
0.5346113972985769,0.5346113972985769
