,theta_x,theta_y
0,-0.2603164586527938,-0.2603164586527938
1,-1.6185206788895736,-1.6185206788895736
2,-1.5488144362007685,-1.5488144362007685
3,-1.0520104061868345,-1.0520104061868345
4,3.141592653589793,3.141592653589793
5,0.4171423978400299,0.4171423978400299
6,1.8055009935977555,1.8055009935977555
7,-1.5428089380772287,-1.5428089380772287
