theta_x,theta_y
1.327981141813512,1.327981141813512
0.6160125954876855,0.6160125954876855
-1.4191024071358418,-1.4191024071358418
