theta_x,theta_y
1.5626301790188937,1.5626301790188937
1.3193124393156923,1.3193124393156923
1.2553046300459973,1.2553046300459973
1.177350374151407,1.177350374151407
1.0677050304963502,1.0677050304963502
1.1096309664762036,1.1096309664762036
1.0064267265853537,1.0064267265853537
0.8580788367426471,0.8580788367426471
0.8768708484031814,0.8768708484031814
