theta_x,theta_y
3.141592653589793,3.141592653589793
-2.7650914267873814,-2.7650914267873814
-2.321519257606201,-2.321519257606201
-2.9654606668610977,-2.9654606668610977
2.366895639235617,2.366895639235617
2.5976142958600077,2.5976142958600077
2.8166544626058885,2.8166544626058885
2.7265286435718195,2.7265286435718195
1.6113875965891964,1.6113875965891964
3.026587881268415,3.026587881268415
