theta_x,theta_y
0.9242825470998386,0.9242825470998386
