,theta_x,theta_y
0,1.387906008131671,1.387906008131671
1,1.6481636389607357,1.6481636389607357
2,1.3652437125266172,1.3652437125266172
3,-3.141592653589793,-3.141592653589793
4,1.1121654993155232,1.1121654993155232
5,1.2897387304028276,1.2897387304028276
6,-3.141592653589793,-3.141592653589793
7,1.2736437546358728,1.2736437546358728
