,theta_x,theta_y
0,-0.7763415295145836,-0.7763415295145836
1,1.8591464711186727,1.8591464711186727
2,-3.141592653589793,-3.141592653589793
