theta_x,theta_y
3.141592653589793,3.141592653589793
3.141592653589793,3.141592653589793
-0.8126776788538631,-0.8126776788538631
-1.1419306601294026,-1.1419306601294026
-1.3870664369488166,-1.3870664369488166
-1.6266707202724608,-1.6266707202724608
-1.8293781076350857,-1.8293781076350857
