theta_x,theta_y
2.170716490054851,2.170716490054851
1.4633965887041478,1.4633965887041478
0.08161000023099639,0.08161000023099639
-0.7267974548483367,-0.7267974548483367
