,theta_x,theta_y
0,3.035679082177651,3.035679082177651
1,-0.272040217684417,-0.272040217684417
2,-1.2493196412138148,-1.2493196412138148
3,-2.045868574659803,-2.045868574659803
4,-2.3249352418251483,-2.3249352418251483
