theta_x,theta_y
-0.685531707730564,-0.685531707730564
-1.6593708143643016,-1.6593708143643016
0.8434504459046194,0.8434504459046194
2.170803168276627,2.170803168276627
