,theta_x,theta_y
0,1.9939744629837552,1.9939744629837552
1,-0.5332859284310938,-0.5332859284310938
2,0.16029939619743674,0.16029939619743674
3,2.4450345675456444,2.4450345675456444
4,2.1756173556724665,2.1756173556724665
