,theta_x,theta_y
0,2.0945677903032554,2.0945677903032554
1,2.2753696726404353,2.2753696726404353
2,2.1374689551484933,2.1374689551484933
3,-3.141592653589793,-3.141592653589793
4,-3.141592653589793,-3.141592653589793
5,2.103858186941508,2.103858186941508
6,-3.141592653589793,-3.141592653589793
7,2.1911569110111273,2.1911569110111273
