,theta_x,theta_y
0,-0.09394496556496205,-0.09394496556496205
1,2.988174846628847,2.988174846628847
