,theta_x,theta_y
0,-2.545717582111186,-2.545717582111186
1,-2.5167362338462564,-2.5167362338462564
