,theta_x,theta_y
0,-0.6470199900220573,-0.6470199900220573
1,3.141592653589793,3.141592653589793
2,-2.586291895979314,-2.586291895979314
3,2.8909902290010363,2.8909902290010363
