theta_x,theta_y
0.21590198799744872,0.21590198799744872
-0.9401456299199403,-0.9401456299199403
-2.7335465262774936,-2.7335465262774936
-3.141592653589793,-3.141592653589793
