theta_x,theta_y
-0.5602111423935342,-0.5602111423935342
-0.8200699973048663,-0.8200699973048663
-1.3849608497470287,-1.3849608497470287
-1.4708061457332364,-1.4708061457332364
3.1085428245070994,3.1085428245070994
3.141592653589793,3.141592653589793
-0.5442708099526493,-0.5442708099526493
1.7262368320374195,1.7262368320374195
-1.2161708872632717,-1.2161708872632717
3.141592653589793,3.141592653589793
