,theta_x,theta_y
0,0.7856494612057445,0.7856494612057445
1,-1.2928141233466723,-1.2928141233466723
2,0.4561047916000798,0.4561047916000798
3,2.8128906067529167,2.8128906067529167
4,1.048994785070831,1.048994785070831
5,2.5231267845378227,2.5231267845378227
6,2.37114037477147,2.37114037477147
7,0.0839740608172779,0.0839740608172779
8,-2.388162160591337,-2.388162160591337
