,theta_x,theta_y
0,0.21651553555681147,0.21651553555681147
1,3.003543096465168,3.003543096465168
2,0.9419277032093627,0.9419277032093627
