theta_x,theta_y
2.19300338172584,2.19300338172584
1.339431404350373,1.339431404350373
0.3518170749135362,0.3518170749135362
-0.7666913709540374,-0.7666913709540374
-3.048198984107958,-3.048198984107958
-0.31506731055750486,-0.31506731055750486
