,theta_x,theta_y
0,-2.1605328409937314,-2.1605328409937314
1,-1.5791884066575408,-1.5791884066575408
2,1.5237895580116723,1.5237895580116723
3,0.19946458551664506,0.19946458551664506
4,-2.294266785499242,-2.294266785499242
