theta_x,theta_y
0.45139125397321717,0.45139125397321717
3.141592653589793,3.141592653589793
