,theta_x,theta_y
0,1.5324169245556787,1.5324169245556787
1,1.117774804771784,1.117774804771784
2,0.6302122676515979,0.6302122676515979
3,-3.141592653589793,-3.141592653589793
4,0.5949233112332468,0.5949233112332468
5,0.2659842380702911,0.2659842380702911
6,-0.05370373419808048,-0.05370373419808048
7,-3.141592653589793,-3.141592653589793
