theta_x,theta_y
-3.141592653589793,-3.141592653589793
3.141592653589793,3.141592653589793
-0.902405333445051,-0.902405333445051
