theta_x,theta_y
2.5784316925545037,2.5784316925545037
2.5564549098922904,2.5564549098922904
2.6272027606207904,2.6272027606207904
-3.141592653589793,-3.141592653589793
-3.141592653589793,-3.141592653589793
2.4143752696191823,2.4143752696191823
-3.141592653589793,-3.141592653589793
2.4201259621112725,2.4201259621112725
2.433208179147322,2.433208179147322
