,theta_x,theta_y
0,0.8095284646856507,0.8095284646856507
1,0.7006207391714266,0.7006207391714266
