theta_x,theta_y
0.7643226769703582,0.7643226769703582
0.47158394088798294,0.47158394088798294
1.0659526197030063,1.0659526197030063
0.2386491150035134,0.2386491150035134
0.09863271239612709,0.09863271239612709
-0.13877541196527626,-0.13877541196527626
-0.17535448929147912,-0.17535448929147912
-0.03159506187077217,-0.03159506187077217
-2.129580152503175,-2.129580152503175
-0.013279941317616138,-0.013279941317616138
