,theta_x,theta_y
0,1.4969031620199253,1.4969031620199253
1,1.0700112605068568,1.0700112605068568
2,-3.141592653589793,-3.141592653589793
3,-3.141592653589793,-3.141592653589793
4,0.742297928699224,0.742297928699224
5,0.7270004468339332,0.7270004468339332
6,1.3649679377441568,1.3649679377441568
7,1.4097384893392528,1.4097384893392528
