theta_x,theta_y
1.4969031620199253,1.4969031620199253
1.0700112605068568,1.0700112605068568
-3.141592653589793,-3.141592653589793
-3.141592653589793,-3.141592653589793
0.742297928699224,0.742297928699224
0.7270004468339332,0.7270004468339332
1.3649679377441568,1.3649679377441568
1.4097384893392528,1.4097384893392528
