,theta_x,theta_y
0,1.3712658474733932,1.3712658474733932
1,0.1899227115832235,0.1899227115832235
2,-3.141592653589793,-3.141592653589793
3,-3.141592653589793,-3.141592653589793
4,1.8019450256618832,1.8019450256618832
5,2.274205006485868,2.274205006485868
