theta_x,theta_y
1.9881385082010394,1.9881385082010394
1.972853765053452,1.972853765053452
1.948632776134306,1.948632776134306
-3.141592653589793,-3.141592653589793
1.9328136582213409,1.9328136582213409
