theta_x,theta_y
1.3199583248433282,1.3199583248433282
0.9639204414986189,0.9639204414986189
1.1594344540100954,1.1594344540100954
