theta_x,theta_y
2.540325486779372,2.540325486779372
0.20248898237364624,0.20248898237364624
2.706809426928386,2.706809426928386
