,theta_x,theta_y
0,-3.0018709928827647,-3.0018709928827647
1,-1.9311163010420482,-1.9311163010420482
2,1.882329796434831,1.882329796434831
3,0.9966813240523558,0.9966813240523558
4,-3.009295478941626,-3.009295478941626
5,-0.020612652845817998,-0.020612652845817998
6,0.3275340955013102,0.3275340955013102
7,-2.5782470100940436,-2.5782470100940436
8,1.5859847961232374,1.5859847961232374
9,-2.9140444136530714,-2.9140444136530714
