,theta_x,theta_y
0,-1.832457767280835,-1.832457767280835
1,-1.9137820801071956,-1.9137820801071956
2,-2.1484358048202234,-2.1484358048202234
3,2.5903821390121493,2.5903821390121493
4,-2.116531038028795,-2.116531038028795
5,-2.177928066189796,-2.177928066189796
6,-1.6177847390379385,-1.6177847390379385
7,-2.2225202697226893,-2.2225202697226893
8,-2.2607689153922337,-2.2607689153922337
9,-2.2522480769328492,-2.2522480769328492
