theta_x,theta_y
-3.141592653589793,-3.141592653589793
-3.141592653589793,-3.141592653589793
2.2811606106535334,2.2811606106535334
-3.141592653589793,-3.141592653589793
2.233907860753198,2.233907860753198
2.3162328239594134,2.3162328239594134
-3.141592653589793,-3.141592653589793
-3.141592653589793,-3.141592653589793
-3.141592653589793,-3.141592653589793
