,theta_x,theta_y
0,1.8764464550638347,1.8764464550638347
1,0.7066259335598561,0.7066259335598561
2,1.949203293290406,1.949203293290406
3,-3.141592653589793,-3.141592653589793
4,0.6720917798817788,0.6720917798817788
5,0.538053042524599,0.538053042524599
6,0.8034867302364918,0.8034867302364918
7,-1.5122234792594405,-1.5122234792594405
8,0.945551881356048,0.945551881356048
9,0.1670991664316525,0.1670991664316525
