,theta_x,theta_y
0,-3.059909445237172,-3.059909445237172
1,-2.4553574057726184,-2.4553574057726184
2,1.4096507183043436,1.4096507183043436
3,1.254488355901904,1.254488355901904
4,-3.141592653589793,-3.141592653589793
5,0.6802320850109033,0.6802320850109033
