,theta_x,theta_y
0,-0.5464884483196952,-0.5464884483196952
1,0.016487832328383495,0.016487832328383495
2,-0.869064735236078,-0.869064735236078
3,-0.9504814648657776,-0.9504814648657776
4,-0.9164555345296356,-0.9164555345296356
5,-0.8681539868462095,-0.8681539868462095
6,-0.6471722237845329,-0.6471722237845329
