,theta_x,theta_y
0,-0.9800096339983949,-0.9800096339983949
1,3.141592653589793,3.141592653589793
2,-0.9421339190760121,-0.9421339190760121
3,-1.0252672428208192,-1.0252672428208192
4,-1.1234650986693242,-1.1234650986693242
5,3.141592653589793,3.141592653589793
6,-1.101537303390472,-1.101537303390472
7,3.141592653589793,3.141592653589793
