,theta_x,theta_y
0,1.2400998204580307,1.2400998204580307
