,theta_x,theta_y
0,1.3911873910434756,1.3911873910434756
1,1.4017090699027064,1.4017090699027064
2,1.388957232092402,1.388957232092402
3,-3.141592653589793,-3.141592653589793
4,1.3778091398295773,1.3778091398295773
5,1.3777567945310623,1.3777567945310623
6,-3.141592653589793,-3.141592653589793
7,1.3629382422835634,1.3629382422835634
