theta_x,theta_y
-0.09925698832472066,-0.09925698832472066
3.0211944836941,3.0211944836941
1.4698707288834736,1.4698707288834736
-1.0283600296901376,-1.0283600296901376
-1.1450159134723021,-1.1450159134723021
2.962814937173669,2.962814937173669
-2.244119818161976,-2.244119818161976
2.1650292848502617,2.1650292848502617
1.466187924231458,1.466187924231458
