,theta_x,theta_y
0,0.9420262236118357,0.9420262236118357
