,theta_x,theta_y
0,-0.8103365263024103,-0.8103365263024103
1,-1.4716833183097238,-1.4716833183097238
2,2.538680420209206,2.538680420209206
3,-3.077081570244186,-3.077081570244186
4,1.3466699360305596,1.3466699360305596
