,theta_x,theta_y
0,0.8457980920908537,0.8457980920908537
1,-0.5963839193040681,-0.5963839193040681
2,-2.960142687574163,-2.960142687574163
3,1.4514611351535964,1.4514611351535964
4,-0.6053536337417128,-0.6053536337417128
5,3.141592653589793,3.141592653589793
