theta_x,theta_y
1.0882395379802365,1.0882395379802365
