,theta_x,theta_y
0,2.027636252758834,2.027636252758834
1,1.9936449918813635,1.9936449918813635
2,1.9262947768980465,1.9262947768980465
3,-3.141592653589793,-3.141592653589793
4,1.9820066440558457,1.9820066440558457
5,1.9194874205962,1.9194874205962
6,1.9749929048956683,1.9749929048956683
7,-3.141592653589793,-3.141592653589793
8,2.03904261251699,2.03904261251699
