theta_x,theta_y
2.3040387274334106,2.3040387274334106
2.0114179363687206,2.0114179363687206
2.2836366369186467,2.2836366369186467
1.8482482340703403,1.8482482340703403
-3.141592653589793,-3.141592653589793
-3.141592653589793,-3.141592653589793
1.9003824382122299,1.9003824382122299
1.8690157220369237,1.8690157220369237
2.3037950187183087,2.3037950187183087
-3.141592653589793,-3.141592653589793
