theta_x,theta_y
-0.8371710088346932,-0.8371710088346932
2.558362752130829,2.558362752130829
-1.5312821804476013,-1.5312821804476013
2.3416612395138645,2.3416612395138645
2.181100844831339,2.181100844831339
0.20863878283091586,0.20863878283091586
0.2984489383922611,0.2984489383922611
-1.6055178400505166,-1.6055178400505166
-2.530646370894806,-2.530646370894806
