,theta_x,theta_y
0,-0.35164740678320827,-0.35164740678320827
1,-0.19840264379291161,-0.19840264379291161
