,theta_x,theta_y
0,-1.1942613565027993,-1.1942613565027993
1,3.096401472733389,3.096401472733389
2,-1.3119565589943054,-1.3119565589943054
3,1.9843831294399332,1.9843831294399332
4,2.420179707727995,2.420179707727995
5,-0.6911975815188282,-0.6911975815188282
6,-0.5020472822467482,-0.5020472822467482
7,-0.9481295447630872,-0.9481295447630872
8,-2.4877004268758505,-2.4877004268758505
