theta_x,theta_y
1.5035309546539102,1.5035309546539102
2.4086735600366724,2.4086735600366724
-3.141592653589793,-3.141592653589793
0.3546092365118936,0.3546092365118936
-3.1325067665678055,-3.1325067665678055
