theta_x,theta_y
1.2603856895635241,1.2603856895635241
0.9537999724211683,0.9537999724211683
-0.17669498157047506,-0.17669498157047506
-0.6134885377496155,-0.6134885377496155
-2.6163925509458252,-2.6163925509458252
-0.12347430025259788,-0.12347430025259788
-0.3583645351880914,-0.3583645351880914
-2.250484442995567,-2.250484442995567
-2.787900326112019,-2.787900326112019
2.379583540730567,2.379583540730567
