,theta_x,theta_y
0,-0.03881465132959331,-0.03881465132959331
1,2.6799559727609057,2.6799559727609057
2,1.3117165192532216,1.3117165192532216
3,-1.0845463517031801,-1.0845463517031801
4,-1.2009959896001512,-1.2009959896001512
5,2.464426812655774,2.464426812655774
6,-3.106219577882831,-3.106219577882831
