,theta_x,theta_y
0,-2.867628722953196,-2.867628722953196
1,-1.4417979823841898,-1.4417979823841898
2,1.786379562369702,1.786379562369702
3,0.8900028534793227,0.8900028534793227
