,theta_x,theta_y
0,-3.141592653589793,-3.141592653589793
1,1.0522688671312397,1.0522688671312397
2,0.8414417742971391,0.8414417742971391
