,theta_x,theta_y
0,2.295441447645513,2.295441447645513
1,0.5500382515686333,0.5500382515686333
2,2.507197659069593,2.507197659069593
3,-2.635116141697433,-2.635116141697433
4,0.40961832355828737,0.40961832355828737
