theta_x,theta_y
2.295441447645513,2.295441447645513
0.5500382515686333,0.5500382515686333
2.507197659069593,2.507197659069593
-2.635116141697433,-2.635116141697433
0.40961832355828737,0.40961832355828737
