,theta_x,theta_y
0,-3.141592653589793,-3.141592653589793
1,-1.4160212828958674,-1.4160212828958674
2,1.125495164426499,1.125495164426499
3,0.46047275527030884,0.46047275527030884
4,-2.529940735729283,-2.529940735729283
