,theta_x,theta_y
0,-0.23087016585454512,-0.23087016585454512
1,-1.2315467645819163,-1.2315467645819163
2,-1.2345850283186424,-1.2345850283186424
3,-0.753437343358422,-0.753437343358422
4,3.141592653589793,3.141592653589793
