theta_x,theta_y
1.2050976116095353,1.2050976116095353
1.4049428018377421,1.4049428018377421
0.04240058521752634,0.04240058521752634
-1.2029543797663171,-1.2029543797663171
