,theta_x,theta_y
0,-0.2672791064954091,-0.2672791064954091
1,-1.108648769643964,-1.108648769643964
2,-1.63721983158174,-1.63721983158174
3,-2.209084568157252,-2.209084568157252
4,1.9427457609909005,1.9427457609909005
5,2.1654184101085168,2.1654184101085168
6,0.015216530617364235,0.015216530617364235
7,-0.1846681543525836,-0.1846681543525836
8,-0.2952988138896001,-0.2952988138896001
