theta_x,theta_y
0.5483073082703018,0.5483073082703018
2.0374926986199102,2.0374926986199102
0.43213788804392383,0.43213788804392383
-1.2098137009389143,-1.2098137009389143
-0.5639145352960092,-0.5639145352960092
1.1172681974491618,1.1172681974491618
-2.305513589923158,-2.305513589923158
1.281705125043806,1.281705125043806
