,theta_x,theta_y
0,-1.5710942257345857,-1.5710942257345857
