,theta_x,theta_y
0,-0.7271946164270527,-0.7271946164270527
1,-1.57408305801672,-1.57408305801672
2,2.6868849739518876,2.6868849739518876
3,-3.141592653589793,-3.141592653589793
