theta_x,theta_y
0.8511311307557139,0.8511311307557139
0.7271435608324762,0.7271435608324762
