,theta_x,theta_y
0,-1.3609003326246372,-1.3609003326246372
1,-1.5635178415581525,-1.5635178415581525
