,theta_x,theta_y
0,0.9831652560722148,0.9831652560722148
