,theta_x,theta_y
0,1.8589662697211915,1.8589662697211915
1,0.7584378658608519,0.7584378658608519
2,2.5153139545867957,2.5153139545867957
3,-1.285616680118038,-1.285616680118038
4,-0.5648690315268589,-0.5648690315268589
