theta_x,theta_y
-2.0198261495225727,-2.0198261495225727
-2.8627788223987416,-2.8627788223987416
3.1034306700025236,3.1034306700025236
-2.1086557302300974,-2.1086557302300974
1.6081526070755898,1.6081526070755898
-1.2777870183993738,-1.2777870183993738
