,theta_x,theta_y
0,-2.889410828505528,-2.889410828505528
1,-1.3895640251286765,-1.3895640251286765
2,1.6200843124064912,1.6200843124064912
3,0.8575568727374782,0.8575568727374782
