theta_x,theta_y
2.0524413191214816,2.0524413191214816
-0.33055933079024447,-0.33055933079024447
1.1411890815814634,1.1411890815814634
1.6205565638049453,1.6205565638049453
1.308981733997774,1.308981733997774
2.122683189822457,2.122683189822457
1.677886977728912,1.677886977728912
