theta_x,theta_y
-1.330096091805196,-1.330096091805196
-1.3325780062841817,-1.3325780062841817
