,theta_x,theta_y
0,0.692892496203998,0.692892496203998
1,-1.8439156327961992,-1.8439156327961992
2,-1.930268716386342,-1.930268716386342
