,theta_x,theta_y
0,1.1760474925751763,1.1760474925751763
1,0.7517052521634948,0.7517052521634948
2,-0.2317512802971688,-0.2317512802971688
3,-0.7264254613126113,-0.7264254613126113
4,-2.7427821191642123,-2.7427821191642123
5,-0.1462970756335391,-0.1462970756335391
