theta_x,theta_y
1.1760474925751763,1.1760474925751763
0.7517052521634948,0.7517052521634948
-0.2317512802971688,-0.2317512802971688
-0.7264254613126113,-0.7264254613126113
-2.7427821191642123,-2.7427821191642123
-0.1462970756335391,-0.1462970756335391
