theta_x,theta_y
1.8934763054272772,1.8934763054272772
1.7121827530848852,1.7121827530848852
-3.141592653589793,-3.141592653589793
-3.141592653589793,-3.141592653589793
