theta_x,theta_y
-1.3394192260394464,-1.3394192260394464
2.9384775286854556,2.9384775286854556
-2.470447529178699,-2.470447529178699
2.503853740357729,2.503853740357729
2.6027744343709243,2.6027744343709243
-1.0870694976260973,-1.0870694976260973
0.9286700655025977,0.9286700655025977
