,theta_x,theta_y
0,-0.17151923700533386,-0.17151923700533386
1,3.141592653589793,3.141592653589793
2,-3.141592653589793,-3.141592653589793
3,2.8473049105110917,2.8473049105110917
