,theta_x,theta_y
0,1.8334022384978386,1.8334022384978386
1,2.1945320077342516,2.1945320077342516
2,1.1296259802166542,1.1296259802166542
3,-0.49275242696606736,-0.49275242696606736
4,1.417506981850709,1.417506981850709
