,theta_x,theta_y
0,-1.8602539859273801,-1.8602539859273801
1,-2.0438773217214394,-2.0438773217214394
2,3.042711442600999,3.042711442600999
3,-2.5775879673831414,-2.5775879673831414
4,-2.5860774439421763,-2.5860774439421763
5,-1.0558759616005544,-1.0558759616005544
6,-2.4187392047003553,-2.4187392047003553
