,theta_x,theta_y
0,-1.0146790110697728,-1.0146790110697728
1,2.3049213384884886,2.3049213384884886
2,-3.141592653589793,-3.141592653589793
3,2.079395070496001,2.079395070496001
4,0.26003434528544755,0.26003434528544755
5,-1.248913021591315,-1.248913021591315
