theta_x,theta_y
0.03322608677338255,0.03322608677338255
2.7875768612985166,2.7875768612985166
-1.8311138663423523,-1.8311138663423523
2.390430320993021,2.390430320993021
-0.7663413849239554,-0.7663413849239554
-0.36636862817358623,-0.36636862817358623
