,theta_x,theta_y
0,0.5881161296108117,0.5881161296108117
1,1.6314833922257177,1.6314833922257177
2,-0.9049431497263829,-0.9049431497263829
3,2.6137271619617546,2.6137271619617546
4,0.08910438091948159,0.08910438091948159
