,theta_x,theta_y
0,3.141592653589793,3.141592653589793
1,-0.11544427267835165,-0.11544427267835165
2,3.141592653589793,3.141592653589793
3,-2.344952110148556,-2.344952110148556
4,0.7423008689621505,0.7423008689621505
5,-0.7089242454025354,-0.7089242454025354
