theta_x,theta_y
-0.7290488606974472,-0.7290488606974472
-2.250523553211316,-2.250523553211316
