,theta_x,theta_y
0,2.0748279408105827,2.0748279408105827
