,theta_x,theta_y
0,-1.2630278560077197,-1.2630278560077197
1,2.8340738719776866,2.8340738719776866
2,-1.7486799293733333,-1.7486799293733333
3,2.3267984223817284,2.3267984223817284
4,2.445442916798472,2.445442916798472
5,-0.6694062003323632,-0.6694062003323632
6,-0.046911573866916155,-0.046911573866916155
7,-1.234521863992145,-1.234521863992145
8,-3.1361950065437183,-3.1361950065437183
9,0.04375971520108501,0.04375971520108501
