,theta_x,theta_y
0,-0.1322444551388831,-0.1322444551388831
1,-0.16374034387364292,-0.16374034387364292
2,0.9511670202575943,0.9511670202575943
3,-1.0247782940753802,-1.0247782940753802
4,-2.403481246445366,-2.403481246445366
