,theta_x,theta_y
0,-0.8574158508441649,-0.8574158508441649
1,-0.8275927763526485,-0.8275927763526485
