theta_x,theta_y
-2.153207429568632,-2.153207429568632
-2.102578035450697,-2.102578035450697
-2.5452835724684824,-2.5452835724684824
1.1075857590246085,1.1075857590246085
3.141592653589793,3.141592653589793
-2.7773819678858613,-2.7773819678858613
2.2578603133542043,2.2578603133542043
