theta_x,theta_y
0.6148082297399299,0.6148082297399299
3.0780272614188653,3.0780272614188653
