,theta_x,theta_y
0,-0.3626554223626063,-0.3626554223626063
1,-0.4291845830284439,-0.4291845830284439
2,-0.3784103452589185,-0.3784103452589185
3,-0.4041049576548535,-0.4041049576548535
4,-0.6080840602022907,-0.6080840602022907
5,-0.5512150285788402,-0.5512150285788402
6,-0.48799109661880286,-0.48799109661880286
