,theta_x,theta_y
0,1.8758509205669323,1.8758509205669323
1,1.1818475971293738,1.1818475971293738
2,0.8321252802069719,0.8321252802069719
3,-3.141592653589793,-3.141592653589793
