,theta_x,theta_y
0,2.0289675777165503,2.0289675777165503
1,-0.9101332309262515,-0.9101332309262515
2,1.3116242475424327,1.3116242475424327
3,1.430175482224373,1.430175482224373
4,0.903177306078239,0.903177306078239
5,1.3315950952465172,1.3315950952465172
6,1.0727375628732023,1.0727375628732023
7,1.5070852184538006,1.5070852184538006
8,-3.120615543544804,-3.120615543544804
9,-0.4237852618526933,-0.4237852618526933
