,theta_x,theta_y
0,-3.141592653589793,-3.141592653589793
1,-1.4325814340098064,-1.4325814340098064
2,1.3975134117821812,1.3975134117821812
3,-3.141592653589793,-3.141592653589793
