,theta_x,theta_y
0,2.258014467849781,2.258014467849781
1,2.609217563721202,2.609217563721202
2,-3.141592653589793,-3.141592653589793
3,2.436913126689047,2.436913126689047
4,-2.967492213871496,-2.967492213871496
5,0.16954318788285133,0.16954318788285133
6,3.100879190614257,3.100879190614257
7,-0.1687734751639097,-0.1687734751639097
8,2.9326496597434075,2.9326496597434075
