,theta_x,theta_y
0,-1.160533405625562,-1.160533405625562
1,-1.535327211697134,-1.535327211697134
2,3.141592653589793,3.141592653589793
3,-1.529103787464114,-1.529103787464114
4,-1.3776981330882008,-1.3776981330882008
5,-2.2072784838884765,-2.2072784838884765
