,theta_x,theta_y
0,-1.6627056280360752,-1.6627056280360752
1,-1.8870820466065996,-1.8870820466065996
2,1.5442242634841605,1.5442242634841605
3,-0.3991688309446345,-0.3991688309446345
4,-2.3194052338480304,-2.3194052338480304
5,-1.4163048302704924,-1.4163048302704924
6,-1.8643116496328824,-1.8643116496328824
7,-1.609886183010358,-1.609886183010358
