,theta_x,theta_y
0,2.837894530261759,2.837894530261759
1,-0.2021121916461896,-0.2021121916461896
2,3.102537008408279,3.102537008408279
3,-2.742036531079402,-2.742036531079402
4,0.5592812284991321,0.5592812284991321
5,-0.8026686338861752,-0.8026686338861752
