,theta_x,theta_y
0,-1.6794787857362903,-1.6794787857362903
