theta_x,theta_y
-0.5206298374943189,-0.5206298374943189
2.9795620427973337,2.9795620427973337
-0.78685649972753,-0.78685649972753
1.947457850435677,1.947457850435677
1.6615557371725704,1.6615557371725704
-0.013318757619743427,-0.013318757619743427
-0.12162929863856797,-0.12162929863856797
-0.9000160861736184,-0.9000160861736184
