,theta_x,theta_y
0,-1.983037099453925,-1.983037099453925
1,-1.8809738096660735,-1.8809738096660735
2,2.383635467283234,2.383635467283234
3,-2.416857544265969,-2.416857544265969
4,0.41172348071183623,0.41172348071183623
5,1.9014949619633967,1.9014949619633967
6,-2.2366949830766742,-2.2366949830766742
7,-2.5943706465538314,-2.5943706465538314
8,-2.0788749133797872,-2.0788749133797872
