,theta_x,theta_y
0,-3.141592653589793,-3.141592653589793
1,-3.141592653589793,-3.141592653589793
2,2.450628067284732,2.450628067284732
3,-3.141592653589793,-3.141592653589793
4,2.7183870936574945,2.7183870936574945
5,2.980738043817949,2.980738043817949
6,-3.141592653589793,-3.141592653589793
