,theta_x,theta_y
0,0.47888984426382764,0.47888984426382764
1,1.6738173570439407,1.6738173570439407
2,0.613417006720415,0.613417006720415
3,-2.6718687294694177,-2.6718687294694177
4,1.2687895579646162,1.2687895579646162
5,0.8565987700083014,0.8565987700083014
