theta_x,theta_y
-2.31939805854923,-2.31939805854923
-2.1061410600654935,-2.1061410600654935
1.318924134374912,1.318924134374912
1.4744654307560305,1.4744654307560305
