,theta_x,theta_y
0,1.417732549976256,1.417732549976256
1,2.022672288583272,2.022672288583272
2,1.1310996418511579,1.1310996418511579
3,-3.0286296969036477,-3.0286296969036477
4,2.0450165922568644,2.0450165922568644
5,0.2982762710238437,0.2982762710238437
6,1.5643323671156588,1.5643323671156588
7,-3.067560628076658,-3.067560628076658
8,1.7871453610403927,1.7871453610403927
