,theta_x,theta_y
0,-1.149245961100228,-1.149245961100228
