theta_x,theta_y
3.0942780771221243,3.0942780771221243
0.3744364515828096,0.3744364515828096
3.141592653589793,3.141592653589793
-2.131394913596547,-2.131394913596547
1.2383912489085527,1.2383912489085527
-0.37315672477251405,-0.37315672477251405
0.9328535473528113,0.9328535473528113
-0.769124175179068,-0.769124175179068
2.548615236876608,2.548615236876608
