,theta_x,theta_y
0,3.0942780771221243,3.0942780771221243
1,0.3744364515828096,0.3744364515828096
2,3.141592653589793,3.141592653589793
3,-2.131394913596547,-2.131394913596547
4,1.2383912489085527,1.2383912489085527
5,-0.37315672477251405,-0.37315672477251405
6,0.9328535473528113,0.9328535473528113
7,-0.769124175179068,-0.769124175179068
8,2.548615236876608,2.548615236876608
