,theta_x,theta_y
0,0.40177083740889885,0.40177083740889885
1,3.141592653589793,3.141592653589793
2,-2.5155919907045963,-2.5155919907045963
3,2.195595170793766,2.195595170793766
4,-0.7938629315970418,-0.7938629315970418
5,0.7284275251016497,0.7284275251016497
6,1.9561267273044718,1.9561267273044718
7,0.17542397631522216,0.17542397631522216
8,0.2039092860253307,0.2039092860253307
9,-2.0285813953402867,-2.0285813953402867
