theta_x,theta_y
0.10819056543539579,0.10819056543539579
-0.9394535896999459,-0.9394535896999459
-1.290680092142168,-1.290680092142168
-2.590855163658373,-2.590855163658373
0.9193854111895353,0.9193854111895353
0.5994269250684346,0.5994269250684346
