,theta_x,theta_y
0,-2.0864017054352066,-2.0864017054352066
1,-1.9739981184545365,-1.9739981184545365
2,2.6219251894353297,2.6219251894353297
3,-2.6519424379171723,-2.6519424379171723
4,0.5762980218239122,0.5762980218239122
