,theta_x,theta_y
0,2.644592506033354,2.644592506033354
1,3.141592653589793,3.141592653589793
