theta_x,theta_y
-1.4626418215535286,-1.4626418215535286
-3.141592653589793,-3.141592653589793
3.141592653589793,3.141592653589793
-0.7886749562663384,-0.7886749562663384
-3.141592653589793,-3.141592653589793
-2.5548603067565634,-2.5548603067565634
