theta_x,theta_y
1.449734243682969,1.449734243682969
1.3416929843726026,1.3416929843726026
0.8067900546173321,0.8067900546173321
-3.141592653589793,-3.141592653589793
