,theta_x,theta_y
0,2.1825060308122994,2.1825060308122994
1,1.5602330409556204,1.5602330409556204
2,-3.141592653589793,-3.141592653589793
3,-3.141592653589793,-3.141592653589793
