theta_x,theta_y
1.0458088126749678,1.0458088126749678
1.0378046646886145,1.0378046646886145
1.030608138335879,1.030608138335879
1.0262518404474135,1.0262518404474135
-3.141592653589793,-3.141592653589793
0.9971229749498143,0.9971229749498143
0.9990540708251866,0.9990540708251866
-3.141592653589793,-3.141592653589793
-3.141592653589793,-3.141592653589793
0.9559494390927852,0.9559494390927852
