,theta_x,theta_y
0,1.6333743475836384,1.6333743475836384
1,0.6501696949649224,0.6501696949649224
2,2.7876089688459675,2.7876089688459675
3,-1.0829454951680426,-1.0829454951680426
