,theta_x,theta_y
0,2.524006941183763,2.524006941183763
1,-1.9921770019577962,-1.9921770019577962
2,0.5123078314146092,0.5123078314146092
3,1.5851134786608143,1.5851134786608143
4,0.4784416076156404,0.4784416076156404
5,2.683050956289086,2.683050956289086
6,2.055256955967479,2.055256955967479
