,theta_x,theta_y
0,-3.141592653589793,-3.141592653589793
1,2.911630648047116,2.911630648047116
2,0.783919577364537,0.783919577364537
3,3.094566502505383,3.094566502505383
4,-3.141592653589793,-3.141592653589793
5,-3.141592653589793,-3.141592653589793
6,2.276177873709008,2.276177873709008
7,-3.1007574932127864,-3.1007574932127864
