,theta_x,theta_y
0,-0.9354361185795821,-0.9354361185795821
1,-1.4512263452757863,-1.4512263452757863
2,-1.0408465499480914,-1.0408465499480914
3,-0.3878351063917813,-0.3878351063917813
4,3.1215128546145134,3.1215128546145134
5,0.06054203665874079,0.06054203665874079
6,1.0440018948072445,1.0440018948072445
7,0.5219130478426393,0.5219130478426393
