theta_x,theta_y
-0.4362827032476609,-0.4362827032476609
-1.8980263046234942,-1.8980263046234942
-1.6825026980386386,-1.6825026980386386
-0.6233759741909162,-0.6233759741909162
3.0806694853565904,3.0806694853565904
-0.27307694861177034,-0.27307694861177034
0.15429627277688532,0.15429627277688532
0.4550690174423323,0.4550690174423323
