theta_x,theta_y
-3.0723090660783434,-3.0723090660783434
-0.9207007133006263,-0.9207007133006263
1.2220310598382802,1.2220310598382802
0.9653332779021365,0.9653332779021365
-3.0572160972158797,-3.0572160972158797
0.6838558437710339,0.6838558437710339
0.7530918209399804,0.7530918209399804
-1.9051597263873448,-1.9051597263873448
1.0414224346239083,1.0414224346239083
-2.817001188849787,-2.817001188849787
