,theta_x,theta_y
0,-3.0723090660783434,-3.0723090660783434
1,-0.9207007133006263,-0.9207007133006263
2,1.2220310598382802,1.2220310598382802
3,0.9653332779021365,0.9653332779021365
4,-3.0572160972158797,-3.0572160972158797
5,0.6838558437710339,0.6838558437710339
6,0.7530918209399804,0.7530918209399804
7,-1.9051597263873448,-1.9051597263873448
8,1.0414224346239083,1.0414224346239083
9,-2.817001188849787,-2.817001188849787
