theta_x,theta_y
-1.2274134172349875,-1.2274134172349875
3.141592653589793,3.141592653589793
