,theta_x,theta_y
0,-0.43094209292704616,-0.43094209292704616
1,-1.1994235405536113,-1.1994235405536113
2,-1.4183805649688515,-1.4183805649688515
3,-1.6650085175142408,-1.6650085175142408
4,3.141592653589793,3.141592653589793
5,1.0700526140826683,1.0700526140826683
6,2.141277654974135,2.141277654974135
7,-1.4543909650278959,-1.4543909650278959
8,2.226954243830073,2.226954243830073
9,-1.636840929175932,-1.636840929175932
