theta_x,theta_y
2.971381215392365,2.971381215392365
0.41662213498044914,0.41662213498044914
3.141592653589793,3.141592653589793
-2.572288923911051,-2.572288923911051
1.0596727959932815,1.0596727959932815
-0.4283349902032103,-0.4283349902032103
2.09641568803412,2.09641568803412
-1.8416147496684878,-1.8416147496684878
2.416497558454329,2.416497558454329
