,theta_x,theta_y
0,1.7017382892215858,1.7017382892215858
1,-0.26377574244812557,-0.26377574244812557
2,-0.2682145265114551,-0.2682145265114551
3,0.07975379937363514,0.07975379937363514
4,-0.17434772972064125,-0.17434772972064125
5,3.141592653589793,3.141592653589793
6,3.141592653589793,3.141592653589793
7,3.141592653589793,3.141592653589793
8,-2.092154095421782,-2.092154095421782
9,-1.6590967957829228,-1.6590967957829228
