,theta_x,theta_y
0,0.8613896815454158,0.8613896815454158
