theta_x,theta_y
2.7310282360936555,2.7310282360936555
