theta_x,theta_y
-3.093752554627111,-3.093752554627111
-1.8170039593784015,-1.8170039593784015
1.6728456702192889,1.6728456702192889
0.9530844132030406,0.9530844132030406
-3.0572398446818365,-3.0572398446818365
-0.14595015783702692,-0.14595015783702692
0.5409495607024397,0.5409495607024397
-2.5314244250406284,-2.5314244250406284
