theta_x,theta_y
3.1121282198141773,3.1121282198141773
1.0103107408171916,1.0103107408171916
2.7546665061235185,2.7546665061235185
-3.141592653589793,-3.141592653589793
0.8959197061594824,0.8959197061594824
1.1081537667785124,1.1081537667785124
1.6005937425798935,1.6005937425798935
0.33171279678723115,0.33171279678723115
1.7954121595576509,1.7954121595576509
