,theta_x,theta_y
0,1.1446029394926418,1.1446029394926418
1,1.1274664179875145,1.1274664179875145
2,1.1953516593358535,1.1953516593358535
3,1.1227107821930877,1.1227107821930877
4,1.120898439845007,1.120898439845007
5,1.113301760058387,1.113301760058387
6,1.110974740138167,1.110974740138167
7,1.1048716826558804,1.1048716826558804
8,-3.141592653589793,-3.141592653589793
