,theta_x,theta_y
0,1.6195151637181175,1.6195151637181175
1,0.08524733960990083,0.08524733960990083
2,0.8728372864780733,0.8728372864780733
3,-2.04964689680912,-2.04964689680912
4,-0.49312815714812064,-0.49312815714812064
5,-0.5776462153983455,-0.5776462153983455
6,0.13488477933962323,0.13488477933962323
7,-1.9605030356755895,-1.9605030356755895
8,0.7889985573822993,0.7889985573822993
9,-0.10380266415171088,-0.10380266415171088
