,theta_x,theta_y
0,-3.141592653589793,-3.141592653589793
1,-2.708081879445912,-2.708081879445912
2,2.703855744142131,2.703855744142131
3,-1.0062371995943762,-1.0062371995943762
