,theta_x,theta_y
0,1.9411263733437405,1.9411263733437405
1,-0.9313166573742848,-0.9313166573742848
2,0.3183530473246396,0.3183530473246396
3,0.9772869025381646,0.9772869025381646
4,0.12285832818395569,0.12285832818395569
5,2.892118532309002,2.892118532309002
6,1.8338863339436033,1.8338863339436033
7,2.8719007691356606,2.8719007691356606
