theta_x,theta_y
3.141592653589793,3.141592653589793
1.0098025857666122,1.0098025857666122
3.141592653589793,3.141592653589793
-1.7457467700185052,-1.7457467700185052
1.8716286850869321,1.8716286850869321
0.09901152372696254,0.09901152372696254
2.888974422983246,2.888974422983246
-1.1549732215698951,-1.1549732215698951
2.9864419189709026,2.9864419189709026
1.3970943607837436,1.3970943607837436
