theta_x,theta_y
2.4305319634849165,2.4305319634849165
-0.5315811360234995,-0.5315811360234995
0.28975432035525034,0.28975432035525034
1.1717213729991351,1.1717213729991351
0.23410742937093126,0.23410742937093126
3.141592653589793,3.141592653589793
3.141592653589793,3.141592653589793
2.648749047589708,2.648749047589708
