,theta_x,theta_y
0,-0.35816001530267727,-0.35816001530267727
1,-2.066414393387376,-2.066414393387376
2,-1.8168667868881714,-1.8168667868881714
3,-0.8814028378202796,-0.8814028378202796
4,2.748393241477301,2.748393241477301
5,-0.4120800814715889,-0.4120800814715889
6,1.652217996547342,1.652217996547342
