theta_x,theta_y
-2.6099712968065316,-2.6099712968065316
-1.6802989585338544,-1.6802989585338544
1.9189822440881827,1.9189822440881827
0.5549089782285677,0.5549089782285677
-2.5672579904341357,-2.5672579904341357
-0.4061987617360756,-0.4061987617360756
-0.12502422699555818,-0.12502422699555818
-2.1677604164527264,-2.1677604164527264
1.5195206359771778,1.5195206359771778
