,theta_x,theta_y
0,-1.8225278436622128,-1.8225278436622128
1,3.141592653589793,3.141592653589793
2,3.141592653589793,3.141592653589793
3,-2.8405003004448073,-2.8405003004448073
4,-3.141592653589793,-3.141592653589793
5,2.6078413833132905,2.6078413833132905
6,-3.141592653589793,-3.141592653589793
7,2.4807194114733755,2.4807194114733755
8,2.488247848221478,2.488247848221478
9,2.3607185543809317,2.3607185543809317
