,theta_x,theta_y
0,1.165640131722519,1.165640131722519
1,1.4091192963662313,1.4091192963662313
2,-1.5211696999244064,-1.5211696999244064
3,-0.6269826512643303,-0.6269826512643303
4,-1.2511278705511442,-1.2511278705511442
5,-0.2861338762075915,-0.2861338762075915
6,-0.7476366912460976,-0.7476366912460976
