,theta_x,theta_y
0,-3.0115080164766734,-3.0115080164766734
1,0.43191277797506367,0.43191277797506367
2,-0.03201868631551546,-0.03201868631551546
3,1.3042114253241621,1.3042114253241621
4,-2.3652954199505345,-2.3652954199505345
5,1.7603168667069091,1.7603168667069091
