theta_x,theta_y
1.3282429630128263,1.3282429630128263
0.8312442257452117,0.8312442257452117
0.47762215211197434,0.47762215211197434
1.0619934172693073,1.0619934172693073
0.2782868975591136,0.2782868975591136
