,theta_x,theta_y
0,1.3282429630128263,1.3282429630128263
1,0.8312442257452117,0.8312442257452117
2,0.47762215211197434,0.47762215211197434
3,1.0619934172693073,1.0619934172693073
4,0.2782868975591136,0.2782868975591136
