,theta_x,theta_y
0,0.8136666565339582,0.8136666565339582
1,-1.365916988299639,-1.365916988299639
2,-3.1376108094362793,-3.1376108094362793
3,-3.141592653589793,-3.141592653589793
4,2.1594775049888533,2.1594775049888533
5,2.716626437514131,2.716626437514131
6,1.1770328893267985,1.1770328893267985
7,1.7351084678288586,1.7351084678288586
8,-0.10904995684985816,-0.10904995684985816
