,theta_x,theta_y
0,0.184560762086997,0.184560762086997
1,-0.8875357312780108,-0.8875357312780108
