,theta_x,theta_y
0,2.05082062525298,2.05082062525298
1,0.26773175988067927,0.26773175988067927
2,0.03218165504315537,0.03218165504315537
3,-0.8411578711056765,-0.8411578711056765
4,2.297665103073577,2.297665103073577
5,1.8573032344748677,1.8573032344748677
6,1.2727807107177564,1.2727807107177564
