,theta_x,theta_y
0,0.68364471632783,0.68364471632783
1,2.564345404439057,2.564345404439057
2,-2.8966115991285215,-2.8966115991285215
3,2.222352480619692,2.222352480619692
4,-0.9551180510790475,-0.9551180510790475
5,0.17959258790111818,0.17959258790111818
6,1.9486944569410896,1.9486944569410896
7,-0.14012216878700676,-0.14012216878700676
8,0.4502751071928672,0.4502751071928672
9,-2.941640020986874,-2.941640020986874
