theta_x,theta_y
2.666449718543068,2.666449718543068
