theta_x,theta_y
2.051395470544174,2.051395470544174
2.0428162350064394,2.0428162350064394
2.0362256788572197,2.0362256788572197
-3.141592653589793,-3.141592653589793
2.0075228120994746,2.0075228120994746
2.001285545927603,2.001285545927603
2.0157320216042125,2.0157320216042125
-3.141592653589793,-3.141592653589793
2.0041580510532992,2.0041580510532992
