,theta_x,theta_y
0,-0.2709606966694835,-0.2709606966694835
1,3.141592653589793,3.141592653589793
2,-1.368514419913164,-1.368514419913164
3,3.141592653589793,3.141592653589793
4,-0.8857236625836137,-0.8857236625836137
5,-0.6360969691805456,-0.6360969691805456
6,2.7834178110722356,2.7834178110722356
7,-0.7147659356557,-0.7147659356557
