theta_x,theta_y
1.1436030847111942,1.1436030847111942
1.908119555416113,1.908119555416113
1.2308589914214751,1.2308589914214751
-1.4521416581815205,-1.4521416581815205
-0.6321304131539558,-0.6321304131539558
1.6899619019976417,1.6899619019976417
-3.1200912353048675,-3.1200912353048675
1.5235695813796943,1.5235695813796943
1.8107845390208113,1.8107845390208113
-0.24819656773974572,-0.24819656773974572
