theta_x,theta_y
-0.8112278418024185,-0.8112278418024185
-2.0465353503814625,-2.0465353503814625
3.050510304123415,3.050510304123415
-2.704636945153623,-2.704636945153623
1.6915676958928039,1.6915676958928039
1.1734657891921219,1.1734657891921219
-1.0068447522835269,-1.0068447522835269
-2.674221065640595,-2.674221065640595
