,theta_x,theta_y
0,3.058250466877707,3.058250466877707
1,-0.0854794605753452,-0.0854794605753452
2,3.141592653589793,3.141592653589793
3,-2.4852332903584156,-2.4852332903584156
4,0.7127714533913886,0.7127714533913886
5,-0.7168439584038147,-0.7168439584038147
