,theta_x,theta_y
0,-3.141592653589793,-3.141592653589793
1,-0.3952255977461099,-0.3952255977461099
2,1.686669695303152,1.686669695303152
3,-2.17016825176768,-2.17016825176768
4,1.7448176885489393,1.7448176885489393
5,1.5515125837354478,1.5515125837354478
6,-2.942214804867234,-2.942214804867234
