theta_x,theta_y
2.1738961333439275,2.1738961333439275
0.8015964704693133,0.8015964704693133
0.45615298358025674,0.45615298358025674
0.08837448749919045,0.08837448749919045
3.0798433894037753,3.0798433894037753
1.1281059970134835,1.1281059970134835
