,theta_x,theta_y
0,1.251222735355849,1.251222735355849
1,1.2127369552451215,1.2127369552451215
2,1.2521661735498513,1.2521661735498513
3,1.1023356807117308,1.1023356807117308
4,-3.141592653589793,-3.141592653589793
5,1.1010845746797973,1.1010845746797973
6,1.134239699395007,1.134239699395007
7,-3.141592653589793,-3.141592653589793
8,-3.141592653589793,-3.141592653589793
