,theta_x,theta_y
0,0.6144264837545163,0.6144264837545163
1,1.262862284735013,1.262862284735013
2,1.5464801402386694,1.5464801402386694
3,-1.1686957226980474,-1.1686957226980474
