theta_x,theta_y
-0.19333905024528736,-0.19333905024528736
3.141592653589793,3.141592653589793
-2.468021047088296,-2.468021047088296
2.9157893322812614,2.9157893322812614
-1.569789478169833,-1.569789478169833
-0.31423181901110864,-0.31423181901110864
