theta_x,theta_y
-0.30507665930172656,-0.30507665930172656
-0.37862538154161707,-0.37862538154161707
-0.403575897947781,-0.403575897947781
-0.35741765845619455,-0.35741765845619455
