,theta_x,theta_y
0,-2.3431522713050397,-2.3431522713050397
1,-1.7658867059111953,-1.7658867059111953
2,2.781814442545652,2.781814442545652
3,-2.432982203273798,-2.432982203273798
4,0.40375767796396983,0.40375767796396983
5,2.0207357761640576,2.0207357761640576
6,-2.5266610721707785,-2.5266610721707785
