theta_x,theta_y
2.0665447748940107,2.0665447748940107
-0.7404601883211751,-0.7404601883211751
0.1971530955781127,0.1971530955781127
1.1194367976743607,1.1194367976743607
0.6068617090718685,0.6068617090718685
2.541066734103077,2.541066734103077
2.08404115205455,2.08404115205455
2.902124098680615,2.902124098680615
