,theta_x,theta_y
0,2.19164294166904,2.19164294166904
1,3.141592653589793,3.141592653589793
