theta_x,theta_y
-1.2298160803029723,-1.2298160803029723
