,theta_x,theta_y
0,2.223941088807198,2.223941088807198
1,-3.141592653589793,-3.141592653589793
