,theta_x,theta_y
0,-1.4706604408677677,-1.4706604408677677
