,theta_x,theta_y
0,1.9447721828995215,1.9447721828995215
1,1.3131971283752741,1.3131971283752741
2,0.8622072879583428,0.8622072879583428
3,0.3220793522798299,0.3220793522798299
4,-3.141592653589793,-3.141592653589793
5,0.2391569501799449,0.2391569501799449
6,-0.3612025261621932,-0.3612025261621932
