,theta_x,theta_y
0,-3.1076586611531045,-3.1076586611531045
1,-3.0460937931322656,-3.0460937931322656
2,3.1169539689703893,3.1169539689703893
3,2.9081037984835185,2.9081037984835185
4,-3.0228568416406345,-3.0228568416406345
