,theta_x,theta_y
0,-3.141592653589793,-3.141592653589793
1,2.781524312572595,2.781524312572595
2,2.7662460668909823,2.7662460668909823
3,-3.141592653589793,-3.141592653589793
4,-3.141592653589793,-3.141592653589793
