theta_x,theta_y
2.573972182808729,2.573972182808729
-0.5918486114694124,-0.5918486114694124
1.4980350336972554,1.4980350336972554
0.45297510411086805,0.45297510411086805
-0.3148084732251033,-0.3148084732251033
1.6267483037367882,1.6267483037367882
