,theta_x,theta_y
0,2.573972182808729,2.573972182808729
1,-0.5918486114694124,-0.5918486114694124
2,1.4980350336972554,1.4980350336972554
3,0.45297510411086805,0.45297510411086805
4,-0.3148084732251033,-0.3148084732251033
5,1.6267483037367882,1.6267483037367882
