,theta_x,theta_y
0,0.15529522567125384,0.15529522567125384
1,-0.9600830998610008,-0.9600830998610008
2,-1.0810943559098054,-1.0810943559098054
3,-1.1128000520603265,-1.1128000520603265
4,3.141592653589793,3.141592653589793
5,0.3284110033401566,0.3284110033401566
6,0.7019169173836769,0.7019169173836769
7,-1.243142603609527,-1.243142603609527
