theta_x,theta_y
2.9406812613518443,2.9406812613518443
-0.30189549081646566,-0.30189549081646566
0.9612625109943252,0.9612625109943252
1.936263563013154,1.936263563013154
0.2235382323115141,0.2235382323115141
2.714863125852991,2.714863125852991
0.2644841514470883,0.2644841514470883
0.7344249763383369,0.7344249763383369
