theta_x,theta_y
0.039349119789410955,0.039349119789410955
-0.999311361435444,-0.999311361435444
-1.394135737191415,-1.394135737191415
-1.8108725816394864,-1.8108725816394864
-2.13355892272193,-2.13355892272193
3.141592653589793,3.141592653589793
3.141592653589793,3.141592653589793
3.141592653589793,3.141592653589793
