,theta_x,theta_y
0,-0.30018465852902293,-0.30018465852902293
1,3.141592653589793,3.141592653589793
2,-0.34133105451070495,-0.34133105451070495
3,3.141592653589793,3.141592653589793
4,-0.33865926531470036,-0.33865926531470036
5,-0.3318274616794226,-0.3318274616794226
6,-0.36395230953650015,-0.36395230953650015
