,theta_x,theta_y
0,-2.4901860432022342,-2.4901860432022342
1,-0.6228607572106808,-0.6228607572106808
2,1.4537113329481117,1.4537113329481117
3,-2.877873622807867,-2.877873622807867
4,0.49498554698354624,0.49498554698354624
