,theta_x,theta_y
0,-2.233113187931943,-2.233113187931943
1,-0.406881498287202,-0.406881498287202
2,1.6549882321551699,1.6549882321551699
3,-2.1498537720903665,-2.1498537720903665
4,1.118453099725263,1.118453099725263
