,theta_x,theta_y
0,-0.9998448557635693,-0.9998448557635693
1,3.141592653589793,3.141592653589793
2,-1.3162386582217618,-1.3162386582217618
3,1.8154535709245585,1.8154535709245585
