,theta_x,theta_y
0,-3.141592653589793,-3.141592653589793
1,3.0951666129319313,3.0951666129319313
2,-1.2109312913976524,-1.2109312913976524
3,1.8669422557032578,1.8669422557032578
