,theta_x,theta_y
0,-2.7672789276453837,-2.7672789276453837
1,2.298117860175078,2.298117860175078
2,-1.7553730444481426,-1.7553730444481426
3,2.913369891858244,2.913369891858244
