theta_x,theta_y
1.984946238641431,1.984946238641431
-0.9972930467244437,-0.9972930467244437
0.7497088833079132,0.7497088833079132
1.340830090787787,1.340830090787787
