theta_x,theta_y
-1.0298467040906227,-1.0298467040906227
-0.9927352628624019,-0.9927352628624019
2.1644048786745973,2.1644048786745973
-2.353346303287783,-2.353346303287783
0.870806211511404,0.870806211511404
1.4251351304781048,1.4251351304781048
-1.5150378889343867,-1.5150378889343867
-2.6105056865055887,-2.6105056865055887
-1.1746718791524844,-1.1746718791524844
