,theta_x,theta_y
0,-0.843977544888602,-0.843977544888602
1,3.141592653589793,3.141592653589793
