,theta_x,theta_y
0,-0.33102335191560134,-0.33102335191560134
1,2.8940752036249577,2.8940752036249577
2,-3.0003171786477894,-3.0003171786477894
3,3.141592653589793,3.141592653589793
