,theta_x,theta_y
0,-3.1360834051563575,-3.1360834051563575
1,-0.743510812173705,-0.743510812173705
2,2.169536463161587,2.169536463161587
3,-2.212330412046767,-2.212330412046767
4,1.1433635050590147,1.1433635050590147
5,2.039899941163077,2.039899941163077
6,-2.541863475076774,-2.541863475076774
