theta_x,theta_y
1.503457863233911,1.503457863233911
3.141592653589793,3.141592653589793
3.141592653589793,3.141592653589793
-1.6885857755468534,-1.6885857755468534
-2.856106366355363,-2.856106366355363
2.95097131953412,2.95097131953412
-3.141592653589793,-3.141592653589793
2.3024681933191937,2.3024681933191937
2.1805031335482745,2.1805031335482745
1.8727765277346393,1.8727765277346393
