,theta_x,theta_y
0,2.2241045016923873,2.2241045016923873
1,0.2882102863421909,0.2882102863421909
2,2.49492931137402,2.49492931137402
3,-2.6166072351170646,-2.6166072351170646
4,0.5745177316354957,0.5745177316354957
5,-0.19978099312460956,-0.19978099312460956
6,1.2834948444173038,1.2834948444173038
7,-1.6360133373272254,-1.6360133373272254
