theta_x,theta_y
3.141592653589793,3.141592653589793
-0.4490232095067586,-0.4490232095067586
3.141592653589793,3.141592653589793
-0.4247160616560685,-0.4247160616560685
-0.5646315292275423,-0.5646315292275423
-0.6915301139783396,-0.6915301139783396
