theta_x,theta_y
2.929050150262902,2.929050150262902
-2.18420029119696,-2.18420029119696
1.7375066038391436,1.7375066038391436
1.2647669313118843,1.2647669313118843
1.1953536131901648,1.1953536131901648
