,theta_x,theta_y
0,2.8834952508119165,2.8834952508119165
1,-2.905955491506982,-2.905955491506982
2,-3.141592653589793,-3.141592653589793
3,-3.141592653589793,-3.141592653589793
4,2.0692940830479256,2.0692940830479256
5,2.781576189284217,2.781576189284217
6,1.3147809757798863,1.3147809757798863
