theta_x,theta_y
0.7944069588483906,0.7944069588483906
1.0403904236685118,1.0403904236685118
0.09139472087907223,0.09139472087907223
