,theta_x,theta_y
0,1.0799433365099005,1.0799433365099005
1,0.3426056847719735,0.3426056847719735
2,-2.457578743363007,-2.457578743363007
3,-2.817734204636666,-2.817734204636666
4,1.4263918566680156,1.4263918566680156
5,1.6182864407152195,1.6182864407152195
6,0.8373736870162227,0.8373736870162227
7,0.7635011478494867,0.7635011478494867
8,0.4316823826262292,0.4316823826262292
9,1.143544946166548,1.143544946166548
