theta_x,theta_y
1.0799433365099005,1.0799433365099005
0.3426056847719735,0.3426056847719735
-2.457578743363007,-2.457578743363007
-2.817734204636666,-2.817734204636666
1.4263918566680156,1.4263918566680156
1.6182864407152195,1.6182864407152195
0.8373736870162227,0.8373736870162227
0.7635011478494867,0.7635011478494867
0.4316823826262292,0.4316823826262292
1.143544946166548,1.143544946166548
