theta_x,theta_y
0.1043447393460999,0.1043447393460999
-1.0408160255207415,-1.0408160255207415
-0.9513329708980832,-0.9513329708980832
-0.8498449328787887,-0.8498449328787887
3.141592653589793,3.141592653589793
0.5400468593294381,0.5400468593294381
