,theta_x,theta_y
0,-0.33748187365104493,-0.33748187365104493
1,-0.3206407323372522,-0.3206407323372522
2,-0.3674637217669166,-0.3674637217669166
3,-0.3817032858718091,-0.3817032858718091
4,3.141592653589793,3.141592653589793
5,-0.44179294935946145,-0.44179294935946145
6,-0.474928783272906,-0.474928783272906
7,-0.3636379460844424,-0.3636379460844424
8,-0.49114732505939873,-0.49114732505939873
