,theta_x,theta_y
0,-0.1462106567488239,-0.1462106567488239
1,-0.8012756827259899,-0.8012756827259899
2,-1.309806018725985,-1.309806018725985
3,-1.1897156170934333,-1.1897156170934333
4,3.141592653589793,3.141592653589793
