,theta_x,theta_y
0,-1.1848271240348174,-1.1848271240348174
1,-1.7338069657462523,-1.7338069657462523
2,-1.2606512246257628,-1.2606512246257628
3,-0.491028928100832,-0.491028928100832
4,1.6586668810427723,1.6586668810427723
