,theta_x,theta_y
0,1.294549521675062,1.294549521675062
1,0.4295388287595371,0.4295388287595371
2,-0.7980961544560807,-0.7980961544560807
