,theta_x,theta_y
0,0.3756067186204262,0.3756067186204262
1,0.3284107667981221,0.3284107667981221
2,0.28650442643349894,0.28650442643349894
3,0.24725675259049168,0.24725675259049168
4,0.21140588390123496,0.21140588390123496
5,0.17540925138486574,0.17540925138486574
6,0.14128943883750425,0.14128943883750425
7,0.10764598893089483,0.10764598893089483
8,0.0777141316553492,0.0777141316553492
