theta_x,theta_y
3.141592653589793,3.141592653589793
-0.9217389294601729,-0.9217389294601729
-1.4518558776284483,-1.4518558776284483
3.141592653589793,3.141592653589793
1.1725492328698577,1.1725492328698577
