,theta_x,theta_y
0,0.6784034827592896,0.6784034827592896
1,-1.6666619989120484,-1.6666619989120484
2,-2.6411334548729553,-2.6411334548729553
3,-2.9949028484522073,-2.9949028484522073
4,2.0459140853555233,2.0459140853555233
5,2.2655392954096487,2.2655392954096487
6,0.6816341991502828,0.6816341991502828
7,1.006476012990647,1.006476012990647
8,0.19531726178758635,0.19531726178758635
