,theta_x,theta_y
0,0.5035163388416992,0.5035163388416992
1,-1.1223517378465355,-1.1223517378465355
2,-2.4471085878298338,-2.4471085878298338
3,-2.9522334947142377,-2.9522334947142377
4,1.7914465392767398,1.7914465392767398
