,theta_x,theta_y
0,-0.4031440931050142,-0.4031440931050142
1,2.464408398462534,2.464408398462534
2,-3.141592653589793,-3.141592653589793
3,2.290488226432144,2.290488226432144
4,-3.141592653589793,-3.141592653589793
