,theta_x,theta_y
0,-3.0621453158652616,-3.0621453158652616
1,-2.6332610235018725,-2.6332610235018725
2,2.0675523387870065,2.0675523387870065
3,1.5708714368750998,1.5708714368750998
4,-3.141592653589793,-3.141592653589793
5,0.2038247289201914,0.2038247289201914
