,theta_x,theta_y
0,0.6860417670033471,0.6860417670033471
1,1.2553589043375366,1.2553589043375366
2,0.8232198945377087,0.8232198945377087
3,-1.1238168589927766,-1.1238168589927766
4,-0.817296847985548,-0.817296847985548
5,1.120848213034745,1.120848213034745
