,theta_x,theta_y
0,0.7805293768963458,0.7805293768963458
1,-0.8753189115289417,-0.8753189115289417
2,-1.6196264947434105,-1.6196264947434105
3,-2.347319787616539,-2.347319787616539
4,2.9454307868480076,2.9454307868480076
5,2.2948180506378173,2.2948180506378173
6,1.3586637971719895,1.3586637971719895
7,-2.4759823714773637,-2.4759823714773637
8,1.2285083649996633,1.2285083649996633
9,-3.081598577227612,-3.081598577227612
