,theta_x,theta_y
0,1.0230308726259962,1.0230308726259962
1,0.8958370503267448,0.8958370503267448
2,1.082118719597469,1.082118719597469
3,0.8508717153387627,0.8508717153387627
4,0.8270714565877326,0.8270714565877326
5,0.6872861543948641,0.6872861543948641
6,0.6212317939985363,0.6212317939985363
7,0.5832521472234289,0.5832521472234289
8,-3.141592653589793,-3.141592653589793
9,0.6310167130166785,0.6310167130166785
