,theta_x,theta_y
0,1.4253808351117672,1.4253808351117672
1,-0.8122839897833602,-0.8122839897833602
2,-0.8638152282103406,-0.8638152282103406
3,0.9885796363177201,0.9885796363177201
4,1.844093450794454,1.844093450794454
5,3.141592653589793,3.141592653589793
6,3.141592653589793,3.141592653589793
7,2.5225348339373257,2.5225348339373257
