theta_x,theta_y
-0.16400731166802207,-0.16400731166802207
3.141592653589793,3.141592653589793
-3.141592653589793,-3.141592653589793
2.382171270779105,2.382171270779105
2.1822552613233164,2.1822552613233164
