,theta_x,theta_y
0,0.864606034546421,0.864606034546421
1,2.105917876725049,2.105917876725049
2,-3.141592653589793,-3.141592653589793
3,1.4806298711375208,1.4806298711375208
4,-2.7592190570507333,-2.7592190570507333
5,0.7417414580227689,0.7417414580227689
6,1.84458106861746,1.84458106861746
