,theta_x,theta_y
0,-1.7098660231154383,-1.7098660231154383
1,-2.0092787316052787,-2.0092787316052787
2,-2.147704677738781,-2.147704677738781
3,-1.9909605126816725,-1.9909605126816725
4,2.4293765111921415,2.4293765111921415
5,-1.7203430921458307,-1.7203430921458307
6,1.5161266222646563,1.5161266222646563
7,-1.9625013096839186,-1.9625013096839186
8,2.160105895358535,2.160105895358535
