,theta_x,theta_y
0,2.075020957306156,2.075020957306156
1,0.21303115537586412,0.21303115537586412
2,2.3764852920908464,2.3764852920908464
3,-1.8520310408925338,-1.8520310408925338
4,0.056024968314361503,0.056024968314361503
5,-0.6320072707402741,-0.6320072707402741
6,1.145237255505258,1.145237255505258
7,-1.4060371446177704,-1.4060371446177704
8,2.503961365991753,2.503961365991753
9,-0.16879573278343335,-0.16879573278343335
