,theta_x,theta_y
0,2.3940021523094344,2.3940021523094344
1,0.6518820712208012,0.6518820712208012
2,1.0079617205533824,1.0079617205533824
3,-0.30356919403742066,-0.30356919403742066
4,-0.07771425661852646,-0.07771425661852646
5,-0.47947524406178565,-0.47947524406178565
6,-0.7611191583598983,-0.7611191583598983
7,-1.1290243216625644,-1.1290243216625644
8,0.1932121293446881,0.1932121293446881
9,-1.3588218431734285,-1.3588218431734285
