theta_x,theta_y
0.3211868085365366,0.3211868085365366
-0.8639393520119292,-0.8639393520119292
-1.8073793294879628,-1.8073793294879628
-2.4896804330567646,-2.4896804330567646
2.3815922491083024,2.3815922491083024
2.3385076606986335,2.3385076606986335
1.000061339187056,1.000061339187056
0.5576411189987623,0.5576411189987623
