theta_x,theta_y
2.0019785105300483,2.0019785105300483
3.141592653589793,3.141592653589793
-3.141592653589793,-3.141592653589793
