,theta_x,theta_y
0,2.0019785105300483,2.0019785105300483
1,3.141592653589793,3.141592653589793
2,-3.141592653589793,-3.141592653589793
