,theta_x,theta_y
0,-1.9610373486615298,-1.9610373486615298
1,-2.5096729038975667,-2.5096729038975667
2,1.807311524032755,1.807311524032755
3,0.04153132965751534,0.04153132965751534
4,-2.782554521826686,-2.782554521826686
5,-1.5853892828444,-1.5853892828444
6,-2.434419137093092,-2.434419137093092
7,-2.568091749081842,-2.568091749081842
