theta_x,theta_y
0.7214566753582263,0.7214566753582263
-1.2591833946965276,-1.2591833946965276
-2.859066214752766,-2.859066214752766
-3.08375376111377,-3.08375376111377
1.992613607082092,1.992613607082092
2.6689661677320635,2.6689661677320635
