,theta_x,theta_y
0,-2.569314151801292,-2.569314151801292
1,-2.3138710717777076,-2.3138710717777076
2,2.4416161670789163,2.4416161670789163
3,1.7013646345367914,1.7013646345367914
4,-3.141592653589793,-3.141592653589793
5,0.5142909156549311,0.5142909156549311
6,0.7576579083348223,0.7576579083348223
7,-3.076898021130328,-3.076898021130328
8,1.7708671903516322,1.7708671903516322
