theta_x,theta_y
1.692070898115324,1.692070898115324
1.369280506222057,1.369280506222057
-0.2069893711510929,-0.2069893711510929
-0.6054624972920648,-0.6054624972920648
-1.9548855165793446,-1.9548855165793446
-0.4283551287753623,-0.4283551287753623
-0.8792251778521919,-0.8792251778521919
-2.1537483886985673,-2.1537483886985673
-2.449369293041109,-2.449369293041109
3.141592653589793,3.141592653589793
