,theta_x,theta_y
0,1.692070898115324,1.692070898115324
1,1.369280506222057,1.369280506222057
2,-0.2069893711510929,-0.2069893711510929
3,-0.6054624972920648,-0.6054624972920648
4,-1.9548855165793446,-1.9548855165793446
5,-0.4283551287753623,-0.4283551287753623
6,-0.8792251778521919,-0.8792251778521919
7,-2.1537483886985673,-2.1537483886985673
8,-2.449369293041109,-2.449369293041109
9,3.141592653589793,3.141592653589793
