,theta_x,theta_y
0,-0.45618245321760953,-0.45618245321760953
1,0.32798462796354005,0.32798462796354005
2,2.9587403001231887,2.9587403001231887
3,-2.9741606703801926,-2.9741606703801926
4,-3.141592653589793,-3.141592653589793
5,-2.2047246833405985,-2.2047246833405985
