theta_x,theta_y
2.1785149670668145,2.1785149670668145
-1.1140445984283436,-1.1140445984283436
0.8257128275856995,0.8257128275856995
1.6144039551497813,1.6144039551497813
1.17703315404739,1.17703315404739
2.3254449885235218,2.3254449885235218
1.950079393369899,1.950079393369899
2.4335486069657426,2.4335486069657426
