theta_x,theta_y
0.6156579959590438,0.6156579959590438
2.0280996985622517,2.0280996985622517
-1.9506229016606633,-1.9506229016606633
1.889444616630199,1.889444616630199
-0.21614183270009374,-0.21614183270009374
0.24549786833016418,0.24549786833016418
1.221074233387506,1.221074233387506
0.05018069303663811,0.05018069303663811
0.30584357186753364,0.30584357186753364
