,theta_x,theta_y
0,-2.64219752738871,-2.64219752738871
1,1.9609989813190767,1.9609989813190767
2,-2.1735499236193268,-2.1735499236193268
3,2.006151135029811,2.006151135029811
4,3.0571613799249597,3.0571613799249597
5,-1.797572878237169,-1.797572878237169
