,theta_x,theta_y
0,-3.0975999747640834,-3.0975999747640834
1,-2.01581091535363,-2.01581091535363
2,1.8651753072021513,1.8651753072021513
3,0.9507649184999208,0.9507649184999208
4,-3.141592653589793,-3.141592653589793
5,0.3247114141490353,0.3247114141490353
6,0.1489723182565056,0.1489723182565056
7,-2.3937258694909103,-2.3937258694909103
8,1.1557232689425727,1.1557232689425727
9,-3.022431020728212,-3.022431020728212
