theta_x,theta_y
-1.9942345454627048,-1.9942345454627048
-1.6522639986429375,-1.6522639986429375
