,theta_x,theta_y
0,-0.8936523720812397,-0.8936523720812397
1,-1.2269266621313333,-1.2269266621313333
2,-0.5351959438058838,-0.5351959438058838
3,-1.4835887611108207,-1.4835887611108207
4,-1.530462462969567,-1.530462462969567
5,-1.6201650680243167,-1.6201650680243167
6,-1.570523843130933,-1.570523843130933
7,-1.7134421274758458,-1.7134421274758458
