,theta_x,theta_y
0,-0.05918262090819822,-0.05918262090819822
1,-1.326239458303281,-1.326239458303281
2,-1.279735978469845,-1.279735978469845
3,-0.982490675011067,-0.982490675011067
4,3.141592653589793,3.141592653589793
5,0.4510848805985753,0.4510848805985753
6,1.3290398700540655,1.3290398700540655
7,-1.2764775201580145,-1.2764775201580145
8,1.4767909560601997,1.4767909560601997
9,-2.411668807437088,-2.411668807437088
