,theta_x,theta_y
0,-0.9370883076956782,-0.9370883076956782
1,3.141592653589793,3.141592653589793
2,2.504717723718882,2.504717723718882
3,-0.38177132935907904,-0.38177132935907904
4,-1.1517586922454608,-1.1517586922454608
5,3.141592653589793,3.141592653589793
6,-1.7278253768958183,-1.7278253768958183
7,2.8265036917284476,2.8265036917284476
8,1.9141960991027935,1.9141960991027935
