,theta_x,theta_y
0,3.141592653589793,3.141592653589793
1,-0.6076356626747745,-0.6076356626747745
2,2.0278029927530192,2.0278029927530192
