,theta_x,theta_y
0,-2.9048394491072536,-2.9048394491072536
1,-1.3057198408493944,-1.3057198408493944
2,1.0057615921812326,1.0057615921812326
