theta_x,theta_y
-0.2391583015070531,-0.2391583015070531
3.141592653589793,3.141592653589793
0.49521461950197315,0.49521461950197315
-0.19101252222085996,-0.19101252222085996
