,theta_x,theta_y
0,0.6461021124946215,0.6461021124946215
1,3.141592653589793,3.141592653589793
2,0.5362258254581969,0.5362258254581969
3,-1.815604276114522,-1.815604276114522
