theta_x,theta_y
3.141592653589793,3.141592653589793
2.2614520027185296,2.2614520027185296
1.1311908324434037,1.1311908324434037
