,theta_x,theta_y
0,3.0143721083790243,3.0143721083790243
1,1.4874097939298443,1.4874097939298443
2,0.7441466549898333,0.7441466549898333
3,0.25981994343826265,0.25981994343826265
4,-0.16275229797059174,-0.16275229797059174
