theta_x,theta_y
2.3392492684840254,2.3392492684840254
-0.7411510825195909,-0.7411510825195909
0.8786156777283619,0.8786156777283619
0.6127307345569784,0.6127307345569784
0.21941636147706933,0.21941636147706933
2.1911116116850917,2.1911116116850917
2.7463842804015073,2.7463842804015073
3.141592653589793,3.141592653589793
