,theta_x,theta_y
0,-1.394248291869054,-1.394248291869054
1,-2.1931362881522727,-2.1931362881522727
2,2.5290078191188177,2.5290078191188177
3,-3.141592653589793,-3.141592653589793
