,theta_x,theta_y
0,-0.6954464335051548,-0.6954464335051548
1,2.605241579836202,2.605241579836202
