theta_x,theta_y
-2.3358678220336273,-2.3358678220336273
-3.141592653589793,-3.141592653589793
2.633543453808145,2.633543453808145
2.276336209337492,2.276336209337492
-3.0100021051588417,-3.0100021051588417
0.1597563352666182,0.1597563352666182
-2.6190174967486057,-2.6190174967486057
-2.358973263028895,-2.358973263028895
