,theta_x,theta_y
0,0.9205555080694272,0.9205555080694272
1,-1.9258580805511136,-1.9258580805511136
2,-2.8470393434293886,-2.8470393434293886
3,-3.141592653589793,-3.141592653589793
4,2.2489480836524307,2.2489480836524307
5,2.2251774106016025,2.2251774106016025
6,1.013733597401245,1.013733597401245
7,1.1415772121803092,1.1415772121803092
8,0.17257122230940736,0.17257122230940736
