,theta_x,theta_y
0,0.8503847328113476,0.8503847328113476
1,2.781428831897058,2.781428831897058
2,0.9996318708470877,0.9996318708470877
3,-0.2871909546209866,-0.2871909546209866
4,-0.6917382196096387,-0.6917382196096387
5,2.7703001400651264,2.7703001400651264
6,-1.7314175895494497,-1.7314175895494497
7,1.8396459820864302,1.8396459820864302
