theta_x,theta_y
-3.141592653589793,-3.141592653589793
0.74802434524383,0.74802434524383
3.141592653589793,3.141592653589793
