,theta_x,theta_y
0,1.2781266496631014,1.2781266496631014
1,-0.500263037785642,-0.500263037785642
2,0.2628024103736979,0.2628024103736979
