theta_x,theta_y
1.2781266496631014,1.2781266496631014
-0.500263037785642,-0.500263037785642
0.2628024103736979,0.2628024103736979
