,theta_x,theta_y
0,0.0997229647492516,0.0997229647492516
1,-0.5703694760010881,-0.5703694760010881
2,0.5814086100595728,0.5814086100595728
3,-0.8179082646731667,-0.8179082646731667
4,-0.30533193780791873,-0.30533193780791873
