theta_x,theta_y
0.7736857785882927,0.7736857785882927
-1.4465107541776372,-1.4465107541776372
-2.3507609319460423,-2.3507609319460423
-2.5470014435307835,-2.5470014435307835
2.4648091423273026,2.4648091423273026
2.9825614715299076,2.9825614715299076
0.7690314112600541,0.7690314112600541
1.491585837244673,1.491585837244673
0.12091579882503424,0.12091579882503424
3.141592653589793,3.141592653589793
