theta_x,theta_y
1.2025387787910762,1.2025387787910762
-0.43759933941139095,-0.43759933941139095
-1.0488647728695601,-1.0488647728695601
-1.5659433126625297,-1.5659433126625297
3.141592653589793,3.141592653589793
2.353098882846182,2.353098882846182
1.628646632027332,1.628646632027332
-0.8057612650316202,-0.8057612650316202
1.4333187199335693,1.4333187199335693
