theta_x,theta_y
-3.141592653589793,-3.141592653589793
1.4990724433794047,1.4990724433794047
