theta_x,theta_y
0.12421066209983711,0.12421066209983711
3.101918212025988,3.101918212025988
