,theta_x,theta_y
0,1.1581052385481554,1.1581052385481554
1,1.223837135112098,1.223837135112098
2,0.14536943765496307,0.14536943765496307
3,-0.5701601844866064,-0.5701601844866064
4,-2.914885666134157,-2.914885666134157
5,-0.1665872598105056,-0.1665872598105056
6,-0.1490307161177008,-0.1490307161177008
7,-2.9512169783340703,-2.9512169783340703
8,-2.95863216676513,-2.95863216676513
9,2.5532118181316705,2.5532118181316705
