theta_x,theta_y
-1.7618164731100043,-1.7618164731100043
-1.4408144480707505,-1.4408144480707505
-2.375575894498766,-2.375575894498766
-3.141592653589793,-3.141592653589793
