theta_x,theta_y
0.03743115887005363,0.03743115887005363
-0.52768880880637,-0.52768880880637
-0.9867383036207837,-0.9867383036207837
