,theta_x,theta_y
0,-0.8961307727622873,-0.8961307727622873
1,-1.7772507286869357,-1.7772507286869357
2,1.9626885320349707,1.9626885320349707
3,-3.141592653589793,-3.141592653589793
4,1.093493553647505,1.093493553647505
5,0.6382807627554187,0.6382807627554187
6,-1.4766721671844085,-1.4766721671844085
7,-3.141592653589793,-3.141592653589793
8,-1.0905995429200626,-1.0905995429200626
