theta_x,theta_y
0.5434736810162688,0.5434736810162688
3.059956623361267,3.059956623361267
0.3029218788057087,0.3029218788057087
2.7445325437465478,2.7445325437465478
2.1989090236897253,2.1989090236897253
0.9551076036320627,0.9551076036320627
0.7383757523401457,0.7383757523401457
0.1555633909219094,0.1555633909219094
-1.296542264898961,-1.296542264898961
0.5328943671336168,0.5328943671336168
