,theta_x,theta_y
0,2.515619739509553,2.515619739509553
1,-0.8380009782426159,-0.8380009782426159
2,0.23596292605553632,0.23596292605553632
3,1.840176516527769,1.840176516527769
4,0.790957242421003,0.790957242421003
5,3.141592653589793,3.141592653589793
6,2.486575241812454,2.486575241812454
7,2.2973748825716824,2.2973748825716824
8,-3.0088047048169844,-3.0088047048169844
