,theta_x,theta_y
0,-2.22195524256173,-2.22195524256173
1,-2.550277721608337,-2.550277721608337
2,2.615262339204833,2.615262339204833
