theta_x,theta_y
1.0139427583663099,1.0139427583663099
3.141592653589793,3.141592653589793
2.3623235588700884,2.3623235588700884
-0.11616709253449795,-0.11616709253449795
-0.17882741471253236,-0.17882741471253236
3.141592653589793,3.141592653589793
-1.6904256324202238,-1.6904256324202238
2.967798601425217,2.967798601425217
2.371968693049332,2.371968693049332
