,theta_x,theta_y
0,1.0139427583663099,1.0139427583663099
1,3.141592653589793,3.141592653589793
2,2.3623235588700884,2.3623235588700884
3,-0.11616709253449795,-0.11616709253449795
4,-0.17882741471253236,-0.17882741471253236
5,3.141592653589793,3.141592653589793
6,-1.6904256324202238,-1.6904256324202238
7,2.967798601425217,2.967798601425217
8,2.371968693049332,2.371968693049332
