,theta_x,theta_y
0,1.1877976070731977,1.1877976070731977
1,1.2622050635795312,1.2622050635795312
2,1.1704958248447936,1.1704958248447936
3,-3.141592653589793,-3.141592653589793
4,-3.141592653589793,-3.141592653589793
5,1.1571009425890113,1.1571009425890113
6,1.1826010642621878,1.1826010642621878
7,1.1741756482766836,1.1741756482766836
8,1.2279421749438661,1.2279421749438661
9,1.2294789358266156,1.2294789358266156
