,theta_x,theta_y
0,-1.7670451572982508,-1.7670451572982508
1,2.7058550801110597,2.7058550801110597
2,-2.0481772057568386,-2.0481772057568386
3,2.2707951453083175,2.2707951453083175
4,2.716965005834642,2.716965005834642
5,-1.8558578640834562,-1.8558578640834562
6,0.7042503940814019,0.7042503940814019
7,0.32164493566850183,0.32164493566850183
