,theta_x,theta_y
0,-0.3252041649057078,-0.3252041649057078
1,3.141592653589793,3.141592653589793
2,-0.33629703253013143,-0.33629703253013143
3,3.141592653589793,3.141592653589793
4,-0.3482456786705465,-0.3482456786705465
5,-0.45552972146340154,-0.45552972146340154
6,-0.634052882521196,-0.634052882521196
7,-0.6746468430785448,-0.6746468430785448
8,-0.7437185704494618,-0.7437185704494618
