,theta_x,theta_y
0,1.7306445676093396,1.7306445676093396
1,0.4282820811004015,0.4282820811004015
2,2.2251971072300196,2.2251971072300196
