theta_x,theta_y
1.5398165852582926,1.5398165852582926
-1.5702230297903705,-1.5702230297903705
-2.08902031717593,-2.08902031717593
-2.893560381284867,-2.893560381284867
2.918845358895633,2.918845358895633
2.200070085164958,2.200070085164958
1.8913980890387503,1.8913980890387503
1.4993085182364247,1.4993085182364247
0.9312279820757912,0.9312279820757912
2.1657246417498435,2.1657246417498435
