theta_x,theta_y
-0.30598612542220727,-0.30598612542220727
3.141592653589793,3.141592653589793
-0.7282046111663016,-0.7282046111663016
3.141592653589793,3.141592653589793
-0.9378964019949392,-0.9378964019949392
-1.6245043882544479,-1.6245043882544479
3.141592653589793,3.141592653589793
-1.9976102665604012,-1.9976102665604012
