,theta_x,theta_y
0,-0.17997108697879458,-0.17997108697879458
1,2.9518848405375184,2.9518848405375184
2,-2.0415738576003806,-2.0415738576003806
