,theta_x,theta_y
0,2.2203015750408666,2.2203015750408666
1,-1.5958171670311814,-1.5958171670311814
2,1.0457587833925792,1.0457587833925792
3,1.6484000788457898,1.6484000788457898
4,1.1422074538512572,1.1422074538512572
5,2.0210115925935503,2.0210115925935503
6,1.7710578816825422,1.7710578816825422
7,2.392654482668072,2.392654482668072
8,-2.8102559165381886,-2.8102559165381886
9,-0.3239641183991724,-0.3239641183991724
