theta_x,theta_y
-0.15502490499036578,-0.15502490499036578
-1.2499159344755513,-1.2499159344755513
-1.5713954696575854,-1.5713954696575854
-1.682981965077841,-1.682981965077841
3.141592653589793,3.141592653589793
3.141592653589793,3.141592653589793
-0.1988719705069238,-0.1988719705069238
2.0425386151974942,2.0425386151974942
-1.3725565619125693,-1.3725565619125693
