,theta_x,theta_y
0,-2.552715725285851,-2.552715725285851
1,-2.274527907157116,-2.274527907157116
2,2.395612370811887,2.395612370811887
3,0.41118272332387557,0.41118272332387557
4,-2.445973997775392,-2.445973997775392
5,-0.9816054072011224,-0.9816054072011224
