,theta_x,theta_y
0,-1.4418830389317976,-1.4418830389317976
1,-0.7266984516308305,-0.7266984516308305
2,-0.6125493669586972,-0.6125493669586972
