theta_x,theta_y
-3.141592653589793,-3.141592653589793
-2.791171243855898,-2.791171243855898
3.141592653589793,3.141592653589793
-3.141592653589793,-3.141592653589793
