,theta_x,theta_y
0,-0.8539417606906006,-0.8539417606906006
1,-3.0186783792038856,-3.0186783792038856
2,2.7901133509877734,2.7901133509877734
3,-0.12055587025997952,-0.12055587025997952
