,theta_x,theta_y
0,-1.9149366691972414,-1.9149366691972414
1,-2.9472712110773247,-2.9472712110773247
