theta_x,theta_y
0.28501645325865055,0.28501645325865055
-0.7993703074006736,-0.7993703074006736
-1.0265352992454597,-1.0265352992454597
-1.1732453124167772,-1.1732453124167772
3.141592653589793,3.141592653589793
0.49694471099729653,0.49694471099729653
