,theta_x,theta_y
0,1.634230407831095,1.634230407831095
1,-0.017494330440935714,-0.017494330440935714
