,theta_x,theta_y
0,3.0572044882434586,3.0572044882434586
1,3.0466994282147377,3.0466994282147377
2,-0.004040101028948757,-0.004040101028948757
3,-0.9504601012750686,-0.9504601012750686
4,-1.16450928359933,-1.16450928359933
5,-2.12457558914673,-2.12457558914673
6,-2.6240007183631806,-2.6240007183631806
7,-2.260475675393584,-2.260475675393584
8,-2.2689792691362705,-2.2689792691362705
