,theta_x,theta_y
0,-3.141592653589793,-3.141592653589793
1,0.8112115795494755,0.8112115795494755
