,theta_x,theta_y
0,0.8611632549351804,0.8611632549351804
1,3.141592653589793,3.141592653589793
2,-0.7687279108475956,-0.7687279108475956
