,theta_x,theta_y
0,2.434131251441988,2.434131251441988
1,-0.41478086228417116,-0.41478086228417116
2,-0.5449724098370688,-0.5449724098370688
3,2.461236654133404,2.461236654133404
4,0.989219026749431,0.989219026749431
