theta_x,theta_y
2.434131251441988,2.434131251441988
-0.41478086228417116,-0.41478086228417116
-0.5449724098370688,-0.5449724098370688
2.461236654133404,2.461236654133404
0.989219026749431,0.989219026749431
