,theta_x,theta_y
0,-2.3836681156955075,-2.3836681156955075
1,-1.8471087069488692,-1.8471087069488692
2,2.084048803295415,2.084048803295415
3,0.2622160925242761,0.2622160925242761
4,-2.430792693702469,-2.430792693702469
5,-0.7812943610277546,-0.7812943610277546
6,-0.5831720946936082,-0.5831720946936082
7,-2.161616551905704,-2.161616551905704
