,theta_x,theta_y
0,0.6543094654275309,0.6543094654275309
1,2.33202313100568,2.33202313100568
2,-1.9433653331543876,-1.9433653331543876
3,1.975167011979071,1.975167011979071
4,-0.3296074318817639,-0.3296074318817639
5,0.05720017485464357,0.05720017485464357
6,1.008598385511559,1.008598385511559
7,-0.27442903696436083,-0.27442903696436083
8,0.09891654416325096,0.09891654416325096
9,-3.0432226394714754,-3.0432226394714754
