,theta_x,theta_y
0,1.826276557007299,1.826276557007299
1,-1.6839048030114692,-1.6839048030114692
2,-3.141592653589793,-3.141592653589793
3,-3.141592653589793,-3.141592653589793
4,2.069133101369304,2.069133101369304
5,2.6286215064782645,2.6286215064782645
6,2.2603834768798325,2.2603834768798325
7,2.6674877407713335,2.6674877407713335
8,1.4768961205315434,1.4768961205315434
9,3.043361270678635,3.043361270678635
