,theta_x,theta_y
0,-2.8384253929583734,-2.8384253929583734
1,-1.3074179168056625,-1.3074179168056625
2,1.6468078388580036,1.6468078388580036
3,0.7643384153339505,0.7643384153339505
4,-2.84430709418637,-2.84430709418637
