theta_x,theta_y
0.3780339207130381,0.3780339207130381
2.7409257577980015,2.7409257577980015
-1.600125417685047,-1.600125417685047
2.8832868865408665,2.8832868865408665
1.827534167735269,1.827534167735269
