,theta_x,theta_y
0,0.6837247948675462,0.6837247948675462
1,2.3412447403361067,2.3412447403361067
2,1.48399392359273,1.48399392359273
3,-1.480331303264394,-1.480331303264394
4,-1.0879324754972899,-1.0879324754972899
5,2.170215227678051,2.170215227678051
