,theta_x,theta_y
0,0.9508360012901071,0.9508360012901071
1,0.9316389749423113,0.9316389749423113
2,0.9132790438987077,0.9132790438987077
3,-3.141592653589793,-3.141592653589793
4,0.8773914630589751,0.8773914630589751
5,0.8825427424960895,0.8825427424960895
