,theta_x,theta_y
0,0.3000987264677173,0.3000987264677173
1,-1.4597297846999115,-1.4597297846999115
2,-1.8030682730948013,-1.8030682730948013
3,-3.0676510100112524,-3.0676510100112524
4,1.8365182309960084,1.8365182309960084
