,theta_x,theta_y
0,-1.530362074357628,-1.530362074357628
1,3.141592653589793,3.141592653589793
2,-1.551296449624349,-1.551296449624349
3,3.141592653589793,3.141592653589793
4,-1.593142314463883,-1.593142314463883
5,-1.640690008196128,-1.640690008196128
6,3.141592653589793,3.141592653589793
7,-1.7106447647305014,-1.7106447647305014
