,theta_x,theta_y
0,-0.39495344633936996,-0.39495344633936996
1,3.1149859683685035,3.1149859683685035
2,1.4157629716919156,1.4157629716919156
3,-1.2558320240612622,-1.2558320240612622
4,-1.6371580524109854,-1.6371580524109854
5,2.8838235006552226,2.8838235006552226
6,-3.0735622753249925,-3.0735622753249925
7,1.7521570389376326,1.7521570389376326
8,1.1083732712338383,1.1083732712338383
