theta_x,theta_y
-0.01573820830604016,-0.01573820830604016
3.141592653589793,3.141592653589793
-3.141592653589793,-3.141592653589793
