,theta_x,theta_y
0,-0.01573820830604016,-0.01573820830604016
1,3.141592653589793,3.141592653589793
2,-3.141592653589793,-3.141592653589793
