,theta_x,theta_y
0,1.2807686732541108,1.2807686732541108
1,0.8730852292873884,0.8730852292873884
2,1.476743616653485,1.476743616653485
3,-3.0123424499064897,-3.0123424499064897
4,0.4703602270488732,0.4703602270488732
5,1.7825123283457955,1.7825123283457955
6,0.7074161726731039,0.7074161726731039
7,-1.3930397734198872,-1.3930397734198872
8,0.23516456668014502,0.23516456668014502
