,theta_x,theta_y
0,-3.141592653589793,-3.141592653589793
1,2.3718250468673037,2.3718250468673037
2,-3.141592653589793,-3.141592653589793
3,2.4362026271904207,2.4362026271904207
4,2.4901379761282194,2.4901379761282194
5,-3.141592653589793,-3.141592653589793
6,-3.141592653589793,-3.141592653589793
7,-3.141592653589793,-3.141592653589793
8,-3.141592653589793,-3.141592653589793
