theta_x,theta_y
-0.8756836068940334,-0.8756836068940334
3.141592653589793,3.141592653589793
-1.0044228633429257,-1.0044228633429257
3.141592653589793,3.141592653589793
3.141592653589793,3.141592653589793
-0.6704761113402449,-0.6704761113402449
-1.3704130737315678,-1.3704130737315678
-2.0827838363318096,-2.0827838363318096
