theta_x,theta_y
1.9453811440545645,1.9453811440545645
-0.11041712993646857,-0.11041712993646857
1.7148066469799892,1.7148066469799892
-2.3374732647930303,-2.3374732647930303
-0.4138456883232654,-0.4138456883232654
-0.6903208912926513,-0.6903208912926513
1.0214980453715974,1.0214980453715974
