,theta_x,theta_y
0,-0.4112596167939761,-0.4112596167939761
1,3.141592653589793,3.141592653589793
2,-1.6436362875803041,-1.6436362875803041
3,2.511864405178556,2.511864405178556
4,-1.0193895674667701,-1.0193895674667701
5,1.5315583307743144,1.5315583307743144
6,2.5071501487838432,2.5071501487838432
7,1.0884370849709668,1.0884370849709668
8,0.38801924667384424,0.38801924667384424
