theta_x,theta_y
-1.49783513549459,-1.49783513549459
