,theta_x,theta_y
0,-1.49783513549459,-1.49783513549459
