,theta_x,theta_y
0,-3.141592653589793,-3.141592653589793
1,-2.6269341170966523,-2.6269341170966523
2,3.141592653589793,3.141592653589793
3,1.041188950317362,1.041188950317362
