theta_x,theta_y
-2.0995490421232486,-2.0995490421232486
-2.7706265811635604,-2.7706265811635604
2.4683556729846563,2.4683556729846563
0.23387945651635855,0.23387945651635855
