,theta_x,theta_y
0,-2.007299615136131,-2.007299615136131
1,-3.0354117100128226,-3.0354117100128226
