,theta_x,theta_y
0,-0.45436191104733736,-0.45436191104733736
1,3.141592653589793,3.141592653589793
2,-0.4462803877690253,-0.4462803877690253
3,3.141592653589793,3.141592653589793
4,-0.415676788853917,-0.415676788853917
5,-0.5017755043038069,-0.5017755043038069
6,-0.5920694430894481,-0.5920694430894481
