,theta_x,theta_y
0,1.7632251578668783,1.7632251578668783
1,1.7430378810529426,1.7430378810529426
2,-3.141592653589793,-3.141592653589793
