,theta_x,theta_y
0,0.24302534190476302,0.24302534190476302
1,-0.5194471071507989,-0.5194471071507989
2,2.1061925354813447,2.1061925354813447
3,-2.8554187031157054,-2.8554187031157054
4,1.4534400856869214,1.4534400856869214
5,0.28803673462027035,0.28803673462027035
6,-0.6317481909715239,-0.6317481909715239
7,-3.0161731954957953,-3.0161731954957953
