,theta_x,theta_y
0,-0.9090819367026711,-0.9090819367026711
1,3.096969595785957,3.096969595785957
2,-1.4758033619262738,-1.4758033619262738
3,1.6117863549588436,1.6117863549588436
4,-1.1041412281507537,-1.1041412281507537
5,-2.165695985626336,-2.165695985626336
