,theta_x,theta_y
0,2.133792774448321,2.133792774448321
1,1.4278263534151114,1.4278263534151114
