,theta_x,theta_y
0,-1.3782735903764733,-1.3782735903764733
1,3.141592653589793,3.141592653589793
2,3.141592653589793,3.141592653589793
3,-1.330593923186769,-1.330593923186769
4,-1.5383354733414007,-1.5383354733414007
5,3.141592653589793,3.141592653589793
6,-1.7329833044232823,-1.7329833044232823
7,3.141592653589793,3.141592653589793
