theta_x,theta_y
1.1553477030803576,1.1553477030803576
