theta_x,theta_y
2.805765099561003,2.805765099561003
0.1891380960108756,0.1891380960108756
3.0006574149441994,3.0006574149441994
-2.7411045844741135,-2.7411045844741135
0.8057859542319856,0.8057859542319856
