,theta_x,theta_y
0,1.2549081919654679,1.2549081919654679
1,-0.7230464294042017,-0.7230464294042017
2,-1.4147501954889365,-1.4147501954889365
3,-1.9675153200825328,-1.9675153200825328
4,3.114290839048445,3.114290839048445
