,theta_x,theta_y
0,1.6296516014550613,1.6296516014550613
1,0.0176357940460056,0.0176357940460056
2,1.8817327920355982,1.8817327920355982
3,-0.9969897091025738,-0.9969897091025738
4,0.5746096824308948,0.5746096824308948
5,-1.1067605077883822,-1.1067605077883822
6,-0.2103973028770995,-0.2103973028770995
7,-1.2988714526568443,-1.2988714526568443
8,-0.06098713358530055,-0.06098713358530055
9,-0.48077881610443185,-0.48077881610443185
