theta_x,theta_y
-2.9718211862186883,-2.9718211862186883
-3.141592653589793,-3.141592653589793
3.127580406935874,3.127580406935874
0.9745396216193335,0.9745396216193335
-3.0641645069657097,-3.0641645069657097
-1.8174042878284238,-1.8174042878284238
