theta_x,theta_y
-0.7032849766000228,-0.7032849766000228
-2.126537227809363,-2.126537227809363
2.7341308084899993,2.7341308084899993
