,theta_x,theta_y
0,-1.9796817914406126,-1.9796817914406126
1,-2.0894748713683695,-2.0894748713683695
2,1.2700645688347154,1.2700645688347154
3,0.8975717602539625,0.8975717602539625
