,theta_x,theta_y
0,0.3171168476767295,0.3171168476767295
1,2.699090722261982,2.699090722261982
2,1.467415158402864,1.467415158402864
3,-1.3450290047636615,-1.3450290047636615
4,-1.1122610911065485,-1.1122610911065485
5,2.5975660524133115,2.5975660524133115
6,-2.723002157375079,-2.723002157375079
7,1.7667517134502755,1.7667517134502755
