,theta_x,theta_y
0,-2.7091709430136732,-2.7091709430136732
1,-1.6135000247042857,-1.6135000247042857
2,1.790897677096273,1.790897677096273
3,0.7554485369331148,0.7554485369331148
4,-2.735646730560769,-2.735646730560769
5,-0.16777036028498019,-0.16777036028498019
