,theta_x,theta_y
0,-2.7378380014716486,-2.7378380014716486
1,-1.5747423925305226,-1.5747423925305226
2,1.7766451556914709,1.7766451556914709
3,0.7080705832616127,0.7080705832616127
4,-2.72795293409472,-2.72795293409472
5,-0.22749957680644994,-0.22749957680644994
