,theta_x,theta_y
0,0.881582156952743,0.881582156952743
1,0.7430022830384908,0.7430022830384908
2,-3.141592653589793,-3.141592653589793
3,-3.141592653589793,-3.141592653589793
4,0.6483486987081143,0.6483486987081143
5,0.7834683519469487,0.7834683519469487
6,0.8177155507056048,0.8177155507056048
7,0.6865739371960938,0.6865739371960938
8,0.889550469202291,0.889550469202291
