,theta_x,theta_y
0,-3.141592653589793,-3.141592653589793
1,1.5407563937069924,1.5407563937069924
2,-3.141592653589793,-3.141592653589793
