theta_x,theta_y
-2.210423779067684,-2.210423779067684
-2.9862737995251996,-2.9862737995251996
2.768315902452114,2.768315902452114
-3.0858510742287213,-3.0858510742287213
2.1635607008645112,2.1635607008645112
