theta_x,theta_y
-1.6949497764349042,-1.6949497764349042
