theta_x,theta_y
-2.0344724066701545,-2.0344724066701545
-3.141592653589793,-3.141592653589793
2.5928253839306925,2.5928253839306925
3.141592653589793,3.141592653589793
-2.2894744397397755,-2.2894744397397755
