,theta_x,theta_y
0,3.141592653589793,3.141592653589793
1,-0.08797283511468258,-0.08797283511468258
2,3.141592653589793,3.141592653589793
3,-0.17160229312036626,-0.17160229312036626
4,-0.09683993919079273,-0.09683993919079273
5,-1.0845254557509714,-1.0845254557509714
6,3.141592653589793,3.141592653589793
7,-0.9594296356948253,-0.9594296356948253
8,3.141592653589793,3.141592653589793
