theta_x,theta_y
3.141592653589793,3.141592653589793
-0.08797283511468258,-0.08797283511468258
3.141592653589793,3.141592653589793
-0.17160229312036626,-0.17160229312036626
-0.09683993919079273,-0.09683993919079273
-1.0845254557509714,-1.0845254557509714
3.141592653589793,3.141592653589793
-0.9594296356948253,-0.9594296356948253
3.141592653589793,3.141592653589793
