,theta_x,theta_y
0,-1.7315946089041503,-1.7315946089041503
1,-2.4460646889678412,-2.4460646889678412
2,-3.056136674399013,-3.056136674399013
