,theta_x,theta_y
0,2.1234034025002044,2.1234034025002044
1,0.2633120234407616,0.2633120234407616
2,0.028908000813350022,0.028908000813350022
3,-0.4300259233384255,-0.4300259233384255
4,3.141592653589793,3.141592653589793
5,2.5495934115542616,2.5495934115542616
6,1.6884132273887718,1.6884132273887718
7,-0.22759499224822638,-0.22759499224822638
8,1.5041174001575273,1.5041174001575273
