theta_x,theta_y
-0.7534723162426711,-0.7534723162426711
2.1277396548261676,2.1277396548261676
-1.467719972636046,-1.467719972636046
3.141592653589793,3.141592653589793
2.4254326542702507,2.4254326542702507
1.5073661883669986,1.5073661883669986
