theta_x,theta_y
-0.18560420975953235,-0.18560420975953235
-1.79357922340456,-1.79357922340456
-1.9844043233910416,-1.9844043233910416
-2.1164761732945205,-2.1164761732945205
3.141592653589793,3.141592653589793
0.9134423808038434,0.9134423808038434
2.6549637335346286,2.6549637335346286
