,theta_x,theta_y
0,-0.7390385127400108,-0.7390385127400108
1,3.141592653589793,3.141592653589793
2,-0.926445472676413,-0.926445472676413
3,2.0892330687363296,2.0892330687363296
4,-0.7358149665542456,-0.7358149665542456
5,-1.254160120459527,-1.254160120459527
6,1.6913877640240553,1.6913877640240553
7,-1.27970776427197,-1.27970776427197
