,theta_x,theta_y
0,1.9097463059301327,1.9097463059301327
1,1.7993056922929,1.7993056922929
2,1.0773690902166957,1.0773690902166957
3,-0.6504984529664869,-0.6504984529664869
4,-0.5440387364209133,-0.5440387364209133
5,1.0250894854361567,1.0250894854361567
