theta_x,theta_y
0.5413090207233566,0.5413090207233566
-0.7500715266683518,-0.7500715266683518
-2.366529733691251,-2.366529733691251
-3.141592653589793,-3.141592653589793
1.9448819654624285,1.9448819654624285
1.80237357027237,1.80237357027237
1.337558518484006,1.337558518484006
1.4896216827115523,1.4896216827115523
1.0160348858246548,1.0160348858246548
