theta_x,theta_y
-0.5760370039847219,-0.5760370039847219
3.141592653589793,3.141592653589793
-3.141592653589793,-3.141592653589793
2.999596106733947,2.999596106733947
-2.556644843848408,-2.556644843848408
