theta_x,theta_y
0.8338691647443832,0.8338691647443832
0.6857794046021619,0.6857794046021619
