theta_x,theta_y
-3.141592653589793,-3.141592653589793
-0.6945163271864352,-0.6945163271864352
1.5997765544892315,1.5997765544892315
0.5517861614280108,0.5517861614280108
-2.7919350300111816,-2.7919350300111816
0.18624048159743384,0.18624048159743384
