,theta_x,theta_y
0,-3.141592653589793,-3.141592653589793
1,-0.6945163271864352,-0.6945163271864352
2,1.5997765544892315,1.5997765544892315
3,0.5517861614280108,0.5517861614280108
4,-2.7919350300111816,-2.7919350300111816
5,0.18624048159743384,0.18624048159743384
