,theta_x,theta_y
0,2.9538831084730113,2.9538831084730113
1,1.5995412266677402,1.5995412266677402
2,-0.6346428871935378,-0.6346428871935378
