,theta_x,theta_y
0,0.31524140962913316,0.31524140962913316
1,-0.6479004127867647,-0.6479004127867647
2,-3.141592653589793,-3.141592653589793
3,-2.7396541334493927,-2.7396541334493927
