,theta_x,theta_y
0,0.37187915604897004,0.37187915604897004
1,-1.3722577119456598,-1.3722577119456598
2,-2.736698853544366,-2.736698853544366
3,-3.141592653589793,-3.141592653589793
4,1.7655546314207897,1.7655546314207897
5,2.040050292289036,2.040050292289036
6,0.9371811250459844,0.9371811250459844
7,1.3156623002694816,1.3156623002694816
8,0.6906585514037928,0.6906585514037928
