theta_x,theta_y
2.9186222427871407,2.9186222427871407
-0.05188179649492125,-0.05188179649492125
3.141592653589793,3.141592653589793
-2.3789994892212816,-2.3789994892212816
0.5659093077319692,0.5659093077319692
-0.5304037054608484,-0.5304037054608484
1.625041143450075,1.625041143450075
-1.5405116616476442,-1.5405116616476442
2.2164495149798342,2.2164495149798342
