theta_x,theta_y
0.848316347471009,0.848316347471009
0.062397399662928954,0.062397399662928954
