,theta_x,theta_y
0,0.541543811333969,0.541543811333969
1,3.141592653589793,3.141592653589793
2,-1.4374220785994247,-1.4374220785994247
