,theta_x,theta_y
0,1.305849008824507,1.305849008824507
1,0.744924206607452,0.744924206607452
2,1.7943319963001794,1.7943319963001794
3,-2.0066804779066523,-2.0066804779066523
4,0.7456616013841499,0.7456616013841499
5,0.08574445547506931,0.08574445547506931
6,1.998594244711794,1.998594244711794
7,-2.2821781122632956,-2.2821781122632956
8,3.141592653589793,3.141592653589793
9,0.7045788669469978,0.7045788669469978
