,theta_x,theta_y
0,0.8565006655853574,0.8565006655853574
1,0.8717148864921982,0.8717148864921982
2,0.8551759463545281,0.8551759463545281
3,0.8460478875723616,0.8460478875723616
4,0.7963872311400714,0.7963872311400714
5,0.813157357838601,0.813157357838601
6,0.8135306258526114,0.8135306258526114
