,theta_x,theta_y
0,1.093915071864756,1.093915071864756
1,-1.6948208156236129,-1.6948208156236129
2,-3.141592653589793,-3.141592653589793
3,-3.141592653589793,-3.141592653589793
4,2.300823192333746,2.300823192333746
5,2.6509967236840515,2.6509967236840515
6,1.1894522692363898,1.1894522692363898
7,1.622614764139911,1.622614764139911
8,-0.08936292357306208,-0.08936292357306208
