,theta_x,theta_y
0,-3.141592653589793,-3.141592653589793
1,-0.8009594178890792,-0.8009594178890792
2,1.8342961683119494,1.8342961683119494
3,1.2588077625614789,1.2588077625614789
4,-2.540390634958485,-2.540390634958485
