,theta_x,theta_y
0,1.0390494568173796,1.0390494568173796
1,0.4713708785532964,0.4713708785532964
2,0.44777344413731507,0.44777344413731507
3,-3.134254101497458,-3.134254101497458
4,0.1564502403560807,0.1564502403560807
5,0.4583897963378304,0.4583897963378304
6,0.09957380876217098,0.09957380876217098
7,-0.278061130391314,-0.278061130391314
8,-0.39945743344757856,-0.39945743344757856
