theta_x,theta_y
0.2792118026525593,0.2792118026525593
0.03058295443784884,0.03058295443784884
-0.19743855741279287,-0.19743855741279287
-0.302303861789264,-0.302303861789264
3.141592653589793,3.141592653589793
-0.4405985849324207,-0.4405985849324207
