theta_x,theta_y
2.0396040199030656,2.0396040199030656
-0.9686749188840262,-0.9686749188840262
0.5778781619171175,0.5778781619171175
1.3972427706077173,1.3972427706077173
1.192378372336066,1.192378372336066
