,theta_x,theta_y
0,-3.141592653589793,-3.141592653589793
1,-1.5643699838444733,-1.5643699838444733
2,1.1371299489212634,1.1371299489212634
3,0.24055399195752708,0.24055399195752708
4,-2.980689529319194,-2.980689529319194
