,theta_x,theta_y
0,-0.028665095200258173,-0.028665095200258173
1,1.1989203338125145,1.1989203338125145
2,3.118647256447824,3.118647256447824
