,theta_x,theta_y
0,1.8182791126658477,1.8182791126658477
1,0.4890843992031698,0.4890843992031698
2,1.9732303018359907,1.9732303018359907
3,-2.5978740418977404,-2.5978740418977404
4,0.7127821555742282,0.7127821555742282
5,-0.13560811262315559,-0.13560811262315559
6,1.5781791536533931,1.5781791536533931
