theta_x,theta_y
2.5537261982287274,2.5537261982287274
1.7193875753584398,1.7193875753584398
0.356969442575535,0.356969442575535
-0.49293101301460984,-0.49293101301460984
-1.8302650415845207,-1.8302650415845207
-1.1541654523637037,-1.1541654523637037
