,theta_x,theta_y
0,0.11733245387751849,0.11733245387751849
1,-0.925283016699571,-0.925283016699571
2,-2.4124752824967364,-2.4124752824967364
3,-3.029235169871252,-3.029235169871252
4,1.1813250427767956,1.1813250427767956
5,2.1957716072150104,2.1957716072150104
6,0.5509914429749112,0.5509914429749112
7,1.5267077487294032,1.5267077487294032
8,0.928841062410714,0.928841062410714
9,2.5715724197382994,2.5715724197382994
