theta_x,theta_y
-2.137830644062368,-2.137830644062368
3.101003270205324,3.101003270205324
-2.053527893589578,-2.053527893589578
2.7347313861727063,2.7347313861727063
3.141592653589793,3.141592653589793
-1.1814811506315388,-1.1814811506315388
