,theta_x,theta_y
0,2.70103660449914,2.70103660449914
1,-0.47396812497996,-0.47396812497996
2,2.7066849153476826,2.7066849153476826
3,-3.141592653589793,-3.141592653589793
4,1.0517839894785044,1.0517839894785044
