,theta_x,theta_y
0,-0.4659736403155472,-0.4659736403155472
1,3.141592653589793,3.141592653589793
2,-0.4010985922110696,-0.4010985922110696
