,theta_x,theta_y
0,0.9062645356099706,0.9062645356099706
1,0.9973197494450777,0.9973197494450777
2,0.5072087038582406,0.5072087038582406
3,-2.72619832476295,-2.72619832476295
4,1.2619166548595924,1.2619166548595924
5,0.05288091251962685,0.05288091251962685
