,theta_x,theta_y
0,0.0907324771722494,0.0907324771722494
1,-1.433057338237643,-1.433057338237643
2,-1.8894741168523135,-1.8894741168523135
3,-2.0451219719765605,-2.0451219719765605
