theta_x,theta_y
2.9220499464471974,2.9220499464471974
0.15393434803641032,0.15393434803641032
3.141592653589793,3.141592653589793
-2.432264703380419,-2.432264703380419
0.7535226404607572,0.7535226404607572
-0.4751147565268393,-0.4751147565268393
1.8101966091041075,1.8101966091041075
-1.613227632925721,-1.613227632925721
2.275724184225606,2.275724184225606
