theta_x,theta_y
2.200003234431358,2.200003234431358
-0.8443285926854929,-0.8443285926854929
0.3226007859128368,0.3226007859128368
1.3657222879237965,1.3657222879237965
0.8361996209207818,0.8361996209207818
2.810307968367546,2.810307968367546
2.5332024484063886,2.5332024484063886
3.0679052868128545,3.0679052868128545
