theta_x,theta_y
-2.5885013174802562,-2.5885013174802562
1.741150866247323,1.741150866247323
