,theta_x,theta_y
0,-2.223323223867259,-2.223323223867259
