theta_x,theta_y
-2.223323223867259,-2.223323223867259
