,theta_x,theta_y
0,2.1807023285544496,2.1807023285544496
1,1.424427299702656,1.424427299702656
2,1.4768955607035277,1.4768955607035277
3,-3.141592653589793,-3.141592653589793
