theta_x,theta_y
3.141592653589793,3.141592653589793
3.141592653589793,3.141592653589793
-1.015137890889571,-1.015137890889571
-1.1857788805678071,-1.1857788805678071
-1.2759038009131747,-1.2759038009131747
-1.4973683245641058,-1.4973683245641058
-1.6366148231860633,-1.6366148231860633
-1.6877598119551689,-1.6877598119551689
-1.8118268575378051,-1.8118268575378051
3.141592653589793,3.141592653589793
