,theta_x,theta_y
0,-2.1049365770417277,-2.1049365770417277
1,-3.11510667633911,-3.11510667633911
2,2.9620490135404807,2.9620490135404807
3,-0.6561770606249306,-0.6561770606249306
4,-3.141592653589793,-3.141592653589793
5,2.1751429351328517,2.1751429351328517
