,theta_x,theta_y
0,-1.8716283235284665,-1.8716283235284665
1,-2.069675785115773,-2.069675785115773
2,-0.08445090569231978,-0.08445090569231978
3,0.5619044913106891,0.5619044913106891
