,theta_x,theta_y
0,-3.141592653589793,-3.141592653589793
1,-1.3078627720903957,-1.3078627720903957
2,0.8336302029614644,0.8336302029614644
3,0.9607571235668988,0.9607571235668988
4,-2.6846062326204474,-2.6846062326204474
5,1.0531180754204723,1.0531180754204723
6,0.4174925742272248,0.4174925742272248
