,theta_x,theta_y
0,-0.18331588999517506,-0.18331588999517506
1,-0.6629766602220949,-0.6629766602220949
2,-0.7334216241808431,-0.7334216241808431
