theta_x,theta_y
-1.555607887975169,-1.555607887975169
