,theta_x,theta_y
0,0.6305835730461317,0.6305835730461317
1,0.9475048309785984,0.9475048309785984
2,-0.7132122809901331,-0.7132122809901331
3,-0.15356504821481234,-0.15356504821481234
4,-0.06892206501717987,-0.06892206501717987
5,0.2194648612722196,0.2194648612722196
6,-1.12874654333639,-1.12874654333639
