theta_x,theta_y
-3.118221817417673,-3.118221817417673
-3.141592653589793,-3.141592653589793
0.27184465358320775,0.27184465358320775
1.3417060210300165,1.3417060210300165
