,theta_x,theta_y
0,-1.5800041521708126,-1.5800041521708126
1,3.141592653589793,3.141592653589793
2,-1.6123966097234206,-1.6123966097234206
