,theta_x,theta_y
0,-0.7318816804198894,-0.7318816804198894
1,-1.2100699504422021,-1.2100699504422021
2,-1.5846396787176773,-1.5846396787176773
3,-1.960041371086715,-1.960041371086715
4,3.141592653589793,3.141592653589793
5,1.1903924862522977,1.1903924862522977
6,2.1156767626705264,2.1156767626705264
7,-1.7022895409161531,-1.7022895409161531
