,theta_x,theta_y
0,-3.141592653589793,-3.141592653589793
1,-2.778834694544051,-2.778834694544051
2,3.141592653589793,3.141592653589793
3,-3.141592653589793,-3.141592653589793
