theta_x,theta_y
-2.9256556811054404,-2.9256556811054404
-3.141592653589793,-3.141592653589793
