,theta_x,theta_y
0,-2.9256556811054404,-2.9256556811054404
1,-3.141592653589793,-3.141592653589793
