,theta_x,theta_y
0,-3.1415926535897927,-3.1415926535897927
1,3.1415926535897922,3.1415926535897922
2,-3.141592653589793,-3.141592653589793
3,3.141592653589791,3.141592653589791
4,-3.141592653589793,-3.141592653589793
5,-3.141592653589793,-3.141592653589793
