,theta_x,theta_y
0,1.2724738062198058,1.2724738062198058
