,theta_x,theta_y
0,1.0110563631933327,1.0110563631933327
1,0.8451171039942927,0.8451171039942927
2,0.9141309686676629,0.9141309686676629
