,theta_x,theta_y
0,-1.742693846838506,-1.742693846838506
1,-2.0997896470856414,-2.0997896470856414
2,2.5950399916407236,2.5950399916407236
3,-3.0818054430386286,-3.0818054430386286
4,1.8548329711326397,1.8548329711326397
5,1.7285598705472156,1.7285598705472156
6,-2.65529938952125,-2.65529938952125
7,-3.141592653589793,-3.141592653589793
8,-0.322109608300028,-0.322109608300028
