,theta_x,theta_y
0,-0.1131777235855626,-0.1131777235855626
1,0.30300536800467487,0.30300536800467487
2,1.7249583681266456,1.7249583681266456
3,-1.388943650323388,-1.388943650323388
4,-1.4343338441944127,-1.4343338441944127
5,0.8153476599186668,0.8153476599186668
