theta_x,theta_y
0.8757082604630833,0.8757082604630833
3.141592653589793,3.141592653589793
