,theta_x,theta_y
0,0.1479370492935303,0.1479370492935303
1,2.8968156585394076,2.8968156585394076
2,0.7619518101357206,0.7619518101357206
3,-0.8396516648046406,-0.8396516648046406
