,theta_x,theta_y
0,-1.1146093499208107,-1.1146093499208107
1,-3.140684608377163,-3.140684608377163
