,theta_x,theta_y
0,-2.1768904327614393,-2.1768904327614393
1,2.1081169795763706,2.1081169795763706
2,-2.889789608551999,-2.889789608551999
3,1.5508779369636887,1.5508779369636887
4,1.6144825123012094,1.6144825123012094
5,-2.72340846779082,-2.72340846779082
6,-0.1378298051723791,-0.1378298051723791
7,0.6308322334525484,0.6308322334525484
8,-2.8507315263597137,-2.8507315263597137
9,0.7764117302188381,0.7764117302188381
