,theta_x,theta_y
0,3.141592653589793,3.141592653589793
1,3.141592653589793,3.141592653589793
2,-0.8583153152652806,-0.8583153152652806
3,-0.9185302446614858,-0.9185302446614858
4,-1.0154145103446717,-1.0154145103446717
5,-1.2760584744332972,-1.2760584744332972
