,theta_x,theta_y
0,1.2412378497814422,1.2412378497814422
1,-0.03328163614871135,-0.03328163614871135
2,-0.7721316761640988,-0.7721316761640988
3,-1.5488322719345669,-1.5488322719345669
4,3.141592653589793,3.141592653589793
5,1.4813212937331097,1.4813212937331097
6,1.0652377207905634,1.0652377207905634
7,-1.4251597964180285,-1.4251597964180285
