,theta_x,theta_y
0,-1.426331532486232,-1.426331532486232
1,2.1765210616646287,2.1765210616646287
2,-2.455920432550915,-2.455920432550915
3,2.286820016399319,2.286820016399319
4,2.3469005030937122,2.3469005030937122
5,1.0059836278862495,1.0059836278862495
6,1.3154840627497248,1.3154840627497248
