theta_x,theta_y
-1.426331532486232,-1.426331532486232
2.1765210616646287,2.1765210616646287
-2.455920432550915,-2.455920432550915
2.286820016399319,2.286820016399319
2.3469005030937122,2.3469005030937122
1.0059836278862495,1.0059836278862495
1.3154840627497248,1.3154840627497248
