,theta_x,theta_y
0,-3.141592653589793,-3.141592653589793
1,2.575862015587837,2.575862015587837
2,-3.141592653589793,-3.141592653589793
