,theta_x,theta_y
0,-0.033401377759702255,-0.033401377759702255
1,2.851624781827444,2.851624781827444
2,-1.777185861009789,-1.777185861009789
3,2.428228749447848,2.428228749447848
4,-0.7210670009510444,-0.7210670009510444
5,-0.3985747103741312,-0.3985747103741312
