theta_x,theta_y
1.376950224167802,1.376950224167802
1.0214616428664,1.0214616428664
-3.141592653589793,-3.141592653589793
-3.141592653589793,-3.141592653589793
0.7057956634064677,0.7057956634064677
1.1823438797332717,1.1823438797332717
2.0767490727476767,2.0767490727476767
