,theta_x,theta_y
0,-1.8326259163158019,-1.8326259163158019
1,3.091485061209901,3.091485061209901
2,1.521706468735699,1.521706468735699
3,-1.6171038646746927,-1.6171038646746927
4,-3.141592653589793,-3.141592653589793
5,2.642740840828183,2.642740840828183
6,-3.141592653589793,-3.141592653589793
