,theta_x,theta_y
0,-1.352760990241888,-1.352760990241888
1,3.1252309162683356,3.1252309162683356
2,-1.771488249324487,-1.771488249324487
3,2.5090860576049265,2.5090860576049265
4,2.5816703935125735,2.5816703935125735
5,-0.4354874463500224,-0.4354874463500224
6,-1.163286807680083,-1.163286807680083
7,-1.2781339710733601,-1.2781339710733601
