theta_x,theta_y
-0.3139917277299284,-0.3139917277299284
-0.8422198059398466,-0.8422198059398466
2.531223042825294,2.531223042825294
-3.1373735455533844,-3.1373735455533844
1.901426803490896,1.901426803490896
1.136469338444028,1.136469338444028
-1.1113912184352717,-1.1113912184352717
-2.9690909339958984,-2.9690909339958984
