,theta_x,theta_y
0,-1.336266373540582,-1.336266373540582
