theta_x,theta_y
-1.2744414350217779,-1.2744414350217779
-1.7523186909288497,-1.7523186909288497
2.542400157176635,2.542400157176635
-3.02384066263717,-3.02384066263717
1.6681836511281964,1.6681836511281964
1.4771100057260063,1.4771100057260063
-1.6280656458558285,-1.6280656458558285
-3.141592653589793,-3.141592653589793
-0.8357001023880639,-0.8357001023880639
1.3237219397244235,1.3237219397244235
