,theta_x,theta_y
0,-2.066941514232232,-2.066941514232232
1,1.6376297278101652,1.6376297278101652
