theta_x,theta_y
-1.9403772609971206,-1.9403772609971206
-2.0239329247839914,-2.0239329247839914
2.4133542263389667,2.4133542263389667
-2.629798872754365,-2.629798872754365
1.4018449369688568,1.4018449369688568
2.049905435935632,2.049905435935632
