theta_x,theta_y
-2.854070866211541,-2.854070866211541
-2.5291176658063907,-2.5291176658063907
