,theta_x,theta_y
0,0.9783721143964736,0.9783721143964736
1,-0.9159564775794528,-0.9159564775794528
2,-1.0665901105847713,-1.0665901105847713
3,-2.014925204337874,-2.014925204337874
4,-0.6889154531631334,-0.6889154531631334
5,-1.8450551559728938,-1.8450551559728938
6,-1.6956921554017783,-1.6956921554017783
7,-0.8682429739271571,-0.8682429739271571
