,theta_x,theta_y
0,-0.27564114333911316,-0.27564114333911316
1,-0.2499139607175477,-0.2499139607175477
2,-0.24473829974545025,-0.24473829974545025
3,-0.24539056646067145,-0.24539056646067145
4,3.141592653589793,3.141592653589793
5,-0.2603704590153523,-0.2603704590153523
6,-0.2746642942942453,-0.2746642942942453
7,-0.2573662417911115,-0.2573662417911115
8,-0.2794744225666774,-0.2794744225666774
