,theta_x,theta_y
0,-3.141592653589793,-3.141592653589793
1,-2.327835319619891,-2.327835319619891
2,1.2807383918959392,1.2807383918959392
3,1.1057958136754011,1.1057958136754011
4,-3.141592653589793,-3.141592653589793
5,0.7111373086374291,0.7111373086374291
