,theta_x,theta_y
0,0.448285009586389,0.448285009586389
1,2.5692988750841965,2.5692988750841965
2,1.5724457271707928,1.5724457271707928
3,-1.501622386850437,-1.501622386850437
4,-1.1576732348765606,-1.1576732348765606
5,2.4801313993485308,2.4801313993485308
6,-2.8478924206010485,-2.8478924206010485
7,1.8155482491294948,1.8155482491294948
8,1.4975668441786036,1.4975668441786036
9,-0.12386945090889717,-0.12386945090889717
