,theta_x,theta_y
0,0.21727178810245829,0.21727178810245829
1,2.2848958798988424,2.2848958798988424
2,-3.0225378479478837,-3.0225378479478837
3,1.9621443717953249,1.9621443717953249
4,-3.0524169872591593,-3.0524169872591593
5,0.6922652421811702,0.6922652421811702
6,2.626120439628258,2.626120439628258
