theta_x,theta_y
-0.3412027836391776,-0.3412027836391776
0.20435289999705497,0.20435289999705497
1.026298219300084,1.026298219300084
-1.868491871547171,-1.868491871547171
-1.620537459146566,-1.620537459146566
0.2909587802571313,0.2909587802571313
-1.8452053227507401,-1.8452053227507401
3.0497970661766436,3.0497970661766436
3.0366804771926126,3.0366804771926126
