,theta_x,theta_y
0,1.181442276286298,1.181442276286298
1,2.723819230938269,2.723819230938269
2,2.149377100373798,2.149377100373798
3,-2.1498215730043055,-2.1498215730043055
4,-1.757610021395952,-1.757610021395952
5,2.581390497378322,2.581390497378322
6,-3.141592653589793,-3.141592653589793
7,2.31630288505927,2.31630288505927
8,2.17859711906564,2.17859711906564
9,-0.2067734962886363,-0.2067734962886363
