theta_x,theta_y
0.01026961966956138,0.01026961966956138
3.141592653589793,3.141592653589793
-2.088546757690681,-2.088546757690681
2.742190012873713,2.742190012873713
-0.9407829336423381,-0.9407829336423381
-0.03278563835436197,-0.03278563835436197
2.6981471559911174,2.6981471559911174
-0.20698612023336257,-0.20698612023336257
0.4611525528767831,0.4611525528767831
-2.5122801443366147,-2.5122801443366147
