,theta_x,theta_y
0,2.0582217003891627,2.0582217003891627
1,0.8142764024501554,0.8142764024501554
2,1.9670217278652893,1.9670217278652893
3,-3.141592653589793,-3.141592653589793
4,0.8489751648198375,0.8489751648198375
5,0.2949824256652237,0.2949824256652237
6,1.1995782960065933,1.1995782960065933
