,theta_x,theta_y
0,-0.868621618547548,-0.868621618547548
1,-1.5742873914762274,-1.5742873914762274
2,-1.4589959070114602,-1.4589959070114602
3,-1.5672722218122221,-1.5672722218122221
4,2.6109177928141385,2.6109177928141385
