,theta_x,theta_y
0,0.7415647448848528,0.7415647448848528
1,0.39229059056887966,0.39229059056887966
2,0.627164595419348,0.627164595419348
