,theta_x,theta_y
0,-0.9752060121159264,-0.9752060121159264
1,2.3086655441775963,2.3086655441775963
2,-1.128873332602992,-1.128873332602992
3,2.0660636733878572,2.0660636733878572
4,1.4598081102451952,1.4598081102451952
5,0.21372307590452752,0.21372307590452752
6,-0.561482242174992,-0.561482242174992
