,theta_x,theta_y
0,0.6126974017946125,0.6126974017946125
