,theta_x,theta_y
0,1.0753790268790309,1.0753790268790309
1,-0.3193131164154335,-0.3193131164154335
2,-0.7528714583983334,-0.7528714583983334
3,-1.2359726298479026,-1.2359726298479026
4,3.141592653589793,3.141592653589793
5,2.68992608133171,2.68992608133171
6,1.851962177505876,1.851962177505876
