,theta_x,theta_y
0,-2.300553963290136,-2.300553963290136
