theta_x,theta_y
1.9689655147895138,1.9689655147895138
3.141592653589793,3.141592653589793
-2.9254383156047936,-2.9254383156047936
2.190341782852357,2.190341782852357
-2.948413745183412,-2.948413745183412
0.27720141016722777,0.27720141016722777
2.650336209558003,2.650336209558003
0.15926446363787372,0.15926446363787372
