,theta_x,theta_y
0,3.044320391989093,3.044320391989093
1,-0.1940952885599159,-0.1940952885599159
2,-2.107357909209932,-2.107357909209932
3,-3.141592653589793,-3.141592653589793
4,2.793001155762958,2.793001155762958
