,theta_x,theta_y
0,0.6439500911568744,0.6439500911568744
1,1.9591085162452857,1.9591085162452857
2,1.366206645312132,1.366206645312132
3,-1.279780417881654,-1.279780417881654
4,-0.7230017822911647,-0.7230017822911647
5,1.8011317679693615,1.8011317679693615
6,-3.1196166980297035,-3.1196166980297035
