,theta_x,theta_y
0,-1.706277423227448,-1.706277423227448
