,theta_x,theta_y
0,-2.243759925759279,-2.243759925759279
1,-2.0081413057286164,-2.0081413057286164
2,2.4065852031669794,2.4065852031669794
3,-2.416459422571581,-2.416459422571581
4,0.13616305464919506,0.13616305464919506
5,2.0767650063465455,2.0767650063465455
6,-2.414427071896631,-2.414427071896631
7,-2.579337918742323,-2.579337918742323
8,-2.0443051516475923,-2.0443051516475923
