,theta_x,theta_y
0,-0.6322205272006607,-0.6322205272006607
1,3.0222101368610885,3.0222101368610885
