,theta_x,theta_y
0,-2.1336179896324126,-2.1336179896324126
1,-2.5171789087610166,-2.5171789087610166
2,2.6823228210079253,2.6823228210079253
3,0.716893302289043,0.716893302289043
4,-2.208165868804365,-2.208165868804365
5,-1.421126899596872,-1.421126899596872
