,theta_x,theta_y
0,-1.9159748751312653,-1.9159748751312653
1,2.8437369481043295,2.8437369481043295
2,1.0829516640293926,1.0829516640293926
3,-0.591161790151564,-0.591161790151564
