,theta_x,theta_y
0,-0.18979994192423538,-0.18979994192423538
1,-2.6715515104004055,-2.6715515104004055
2,-1.9892687195770682,-1.9892687195770682
