theta_x,theta_y
1.017208975627236,1.017208975627236
-1.3735707196563032,-1.3735707196563032
-2.337242729988842,-2.337242729988842
-2.535800651217844,-2.535800651217844
2.5601315141243712,2.5601315141243712
3.0574107080682036,3.0574107080682036
0.938602617072101,0.938602617072101
1.7722434146172896,1.7722434146172896
0.3342133370127718,0.3342133370127718
3.141592653589793,3.141592653589793
