theta_x,theta_y
1.267174134256921,1.267174134256921
1.0737315113778,1.0737315113778
-0.39453080372736055,-0.39453080372736055
-0.45011199052892853,-0.45011199052892853
