,theta_x,theta_y
0,-1.8972381061683876,-1.8972381061683876
1,2.333360302054024,2.333360302054024
2,-1.4854087297680836,-1.4854087297680836
3,2.4082981293772163,2.4082981293772163
4,2.4792364499780377,2.4792364499780377
5,-0.8007646049060184,-0.8007646049060184
6,0.6181444457252214,0.6181444457252214
