theta_x,theta_y
-1.4078480742079527,-1.4078480742079527
2.9052893771899546,2.9052893771899546
-2.419880842651199,-2.419880842651199
2.450775423905808,2.450775423905808
2.7487663214802915,2.7487663214802915
-1.2628968465776307,-1.2628968465776307
0.7870930197799618,0.7870930197799618
