theta_x,theta_y
1.9239117180874967,1.9239117180874967
-0.5313761814069345,-0.5313761814069345
3.141592653589793,3.141592653589793
