theta_x,theta_y
-1.0962317099340249,-1.0962317099340249
0.5107402215278353,0.5107402215278353
