,theta_x,theta_y
0,0.9118600719929919,0.9118600719929919
