theta_x,theta_y
-2.880530339251785,-2.880530339251785
0.16343544701880539,0.16343544701880539
1.999133467560815,1.999133467560815
-0.036122441117633075,-0.036122441117633075
