,theta_x,theta_y
0,-2.7596894334375692,-2.7596894334375692
1,-1.7301891097223803,-1.7301891097223803
2,1.4956631002790899,1.4956631002790899
3,0.5415662777396012,0.5415662777396012
4,-2.86668885551925,-2.86668885551925
5,0.050797077470196184,0.050797077470196184
6,-0.57650085978475,-0.57650085978475
7,-2.106077317243187,-2.106077317243187
8,1.242671528456999,1.242671528456999
9,-2.515195320711122,-2.515195320711122
