theta_x,theta_y
1.2463222869265635,1.2463222869265635
1.1913312517454069,1.1913312517454069
1.1710743866792355,1.1710743866792355
1.1328235730996676,1.1328235730996676
1.0894598105173234,1.0894598105173234
1.0289616622231483,1.0289616622231483
0.9831360446618935,0.9831360446618935
0.9444205063606204,0.9444205063606204
-3.141592653589793,-3.141592653589793
