theta_x,theta_y
0.023477457384799272,0.023477457384799272
-0.7887012778714427,-0.7887012778714427
-0.7447850748855553,-0.7447850748855553
-0.8060710443970931,-0.8060710443970931
3.141592653589793,3.141592653589793
0.47377530112594296,0.47377530112594296
0.6596930281124368,0.6596930281124368
-0.9780195829935917,-0.9780195829935917
0.6836563394167285,0.6836563394167285
-2.061115551844157,-2.061115551844157
