,theta_x,theta_y
0,0.7878799052803472,0.7878799052803472
1,0.7826230440211194,0.7826230440211194
2,0.7743061779775174,0.7743061779775174
3,0.7676345895222081,0.7676345895222081
4,0.7622124586871654,0.7622124586871654
5,0.7590804461596284,0.7590804461596284
