,theta_x,theta_y
0,-0.31126963948935876,-0.31126963948935876
1,-0.8510778833072763,-0.8510778833072763
2,0.2582372664644441,0.2582372664644441
3,-1.0001452242310156,-1.0001452242310156
4,-0.9652391272325632,-0.9652391272325632
5,-0.8637511219092133,-0.8637511219092133
6,-0.8282732234102607,-0.8282732234102607
7,-0.6699444782870427,-0.6699444782870427
