theta_x,theta_y
1.3380347990403696,1.3380347990403696
