,theta_x,theta_y
0,0.9724003296990186,0.9724003296990186
1,0.9647015369781426,0.9647015369781426
2,0.9642386374094745,0.9642386374094745
3,0.9606978083373697,0.9606978083373697
4,0.956090036862328,0.956090036862328
5,0.9500540532874854,0.9500540532874854
6,0.9456836751392783,0.9456836751392783
7,0.9421384301638805,0.9421384301638805
8,-3.141592653589793,-3.141592653589793
9,0.9445075509043975,0.9445075509043975
