theta_x,theta_y
-0.9137982282897964,-0.9137982282897964
-1.3681045264714298,-1.3681045264714298
-1.6074310790829036,-1.6074310790829036
-1.7404972730482322,-1.7404972730482322
3.141592653589793,3.141592653589793
-1.3054632045741088,-1.3054632045741088
-1.419827712339389,-1.419827712339389
-2.167667914749296,-2.167667914749296
-1.6352720685461795,-1.6352720685461795
-1.902105554821047,-1.902105554821047
