,theta_x,theta_y
0,-0.158299672425675,-0.158299672425675
1,3.141592653589793,3.141592653589793
2,-1.3612077060612013,-1.3612077060612013
3,2.6811459378906903,2.6811459378906903
4,-0.6375751393247505,-0.6375751393247505
5,-0.65391593431125,-0.65391593431125
6,2.6831114530830087,2.6831114530830087
7,-0.9070029992286669,-0.9070029992286669
