theta_x,theta_y
-0.158299672425675,-0.158299672425675
3.141592653589793,3.141592653589793
-1.3612077060612013,-1.3612077060612013
2.6811459378906903,2.6811459378906903
-0.6375751393247505,-0.6375751393247505
-0.65391593431125,-0.65391593431125
2.6831114530830087,2.6831114530830087
-0.9070029992286669,-0.9070029992286669
