,theta_x,theta_y
0,3.141592653589793,3.141592653589793
1,-0.8736087764798514,-0.8736087764798514
2,3.141592653589793,3.141592653589793
3,-3.141592653589793,-3.141592653589793
4,0.6233396143607106,0.6233396143607106
