,theta_x,theta_y
0,1.4966761584440949,1.4966761584440949
1,1.4884165017678872,1.4884165017678872
2,1.468869484065915,1.468869484065915
3,1.464451543694181,1.464451543694181
4,-3.141592653589793,-3.141592653589793
5,1.4398192207014828,1.4398192207014828
6,1.4465541883674358,1.4465541883674358
7,-3.141592653589793,-3.141592653589793
