theta_x,theta_y
-3.141592653589793,-3.141592653589793
-3.141592653589793,-3.141592653589793
2.468070691446934,2.468070691446934
-3.141592653589793,-3.141592653589793
2.545038637566798,2.545038637566798
2.624050761888686,2.624050761888686
-3.141592653589793,-3.141592653589793
-3.141592653589793,-3.141592653589793
