theta_x,theta_y
-0.9473805759627981,-0.9473805759627981
3.141592653589793,3.141592653589793
-0.5598550400909403,-0.5598550400909403
1.8868770523091323,1.8868770523091323
