theta_x,theta_y
-1.77735579387387,-1.77735579387387
2.6364213349632473,2.6364213349632473
-1.6139260974306058,-1.6139260974306058
2.1650255093379642,2.1650255093379642
-1.5852852242285524,-1.5852852242285524
-2.8103303001637383,-2.8103303001637383
-2.958549428738215,-2.958549428738215
-1.5847858392450687,-1.5847858392450687
