theta_x,theta_y
0.10513790284870497,0.10513790284870497
-1.03928147134843,-1.03928147134843
-0.8011675792484402,-0.8011675792484402
-0.7199364354106109,-0.7199364354106109
