,theta_x,theta_y
0,1.2083311427263683,1.2083311427263683
1,2.6245349716522726,2.6245349716522726
2,1.7370926318312263,1.7370926318312263
3,-2.0061394429254134,-2.0061394429254134
4,-1.7099016541236987,-1.7099016541236987
