,theta_x,theta_y
0,-3.141592653589793,-3.141592653589793
1,1.3044920239000914,1.3044920239000914
2,0.8604113769559816,0.8604113769559816
3,2.195672832592191,2.195672832592191
4,-2.961780420509809,-2.961780420509809
