,theta_x,theta_y
0,0.6802684043141949,0.6802684043141949
1,0.6585179343025632,0.6585179343025632
2,0.6405348188834844,0.6405348188834844
3,0.6213216262255644,0.6213216262255644
