,theta_x,theta_y
0,-3.141592653589793,-3.141592653589793
1,-2.162733657330093,-2.162733657330093
2,0.9417892311208929,0.9417892311208929
3,-3.141592653589793,-3.141592653589793
4,0.763981664937853,0.763981664937853
5,1.726425046160364,1.726425046160364
6,-3.141592653589793,-3.141592653589793
