,theta_x,theta_y
0,-1.1824578038935067,-1.1824578038935067
1,3.141592653589793,3.141592653589793
2,-1.2376371442193124,-1.2376371442193124
3,1.981977159970829,1.981977159970829
4,2.523487284025998,2.523487284025998
