theta_x,theta_y
-1.1824578038935067,-1.1824578038935067
3.141592653589793,3.141592653589793
-1.2376371442193124,-1.2376371442193124
1.981977159970829,1.981977159970829
2.523487284025998,2.523487284025998
