theta_x,theta_y
1.9710035602775107,1.9710035602775107
0.9189116673290261,0.9189116673290261
1.9878618602725822,1.9878618602725822
-2.873691394271623,-2.873691394271623
0.850904505800552,0.850904505800552
0.5988886426751052,0.5988886426751052
0.9139140030172568,0.9139140030172568
-0.8855729338731786,-0.8855729338731786
1.0223945937893522,1.0223945937893522
0.38689097619453744,0.38689097619453744
