theta_x,theta_y
-3.141592653589793,-3.141592653589793
0.7314218734716353,0.7314218734716353
0.8297407499422722,0.8297407499422722
0.8039798812916424,0.8039798812916424
-3.141592653589793,-3.141592653589793
0.7958947370936591,0.7958947370936591
