,theta_x,theta_y
0,1.512129550959066,1.512129550959066
