theta_x,theta_y
0.09394209516074722,0.09394209516074722
3.075959657016277,3.075959657016277
-1.9837178925794843,-1.9837178925794843
2.672677383239459,2.672677383239459
-0.8052560405734634,-0.8052560405734634
-0.1991283749133806,-0.1991283749133806
