,theta_x,theta_y
0,0.8294224888833435,0.8294224888833435
1,2.296832082906212,2.296832082906212
2,0.7034057217266476,0.7034057217266476
3,-1.0874922839980115,-1.0874922839980115
4,-0.3207397894344052,-0.3207397894344052
