,theta_x,theta_y
0,1.6187865306433697,1.6187865306433697
1,0.18924159886208,0.18924159886208
2,1.2655227355967607,1.2655227355967607
3,-1.3814724216301841,-1.3814724216301841
4,-0.22595526404342514,-0.22595526404342514
5,-0.6858543041646824,-0.6858543041646824
6,0.07697940308998547,0.07697940308998547
