theta_x,theta_y
-3.141592653589793,-3.141592653589793
1.4796776656385493,1.4796776656385493
