,theta_x,theta_y
0,-1.9302557772643612,-1.9302557772643612
1,2.980230315395088,2.980230315395088
2,-2.814030264309585,-2.814030264309585
3,1.040851712608822,1.040851712608822
4,-2.05029379713958,-2.05029379713958
5,0.15540006737979437,0.15540006737979437
6,1.961122398723347,1.961122398723347
7,-0.7715345815327942,-0.7715345815327942
8,0.15357216232588064,0.15357216232588064
