,theta_x,theta_y
0,2.2644834514977177,2.2644834514977177
1,-3.141592653589793,-3.141592653589793
2,-3.141592653589793,-3.141592653589793
3,-3.141592653589793,-3.141592653589793
4,2.273848729174302,2.273848729174302
5,2.264221832970088,2.264221832970088
6,2.2806284921914592,2.2806284921914592
7,-3.141592653589793,-3.141592653589793
