,theta_x,theta_y
0,0.5248398771130953,0.5248398771130953
1,-0.6453601349598509,-0.6453601349598509
2,-1.122506108860805,-1.122506108860805
3,-1.3771512338837237,-1.3771512338837237
4,3.141592653589793,3.141592653589793
5,0.15830898149537398,0.15830898149537398
6,0.03353850842602746,0.03353850842602746
7,-1.2726730556933434,-1.2726730556933434
8,0.17346970172937315,0.17346970172937315
