,theta_x,theta_y
0,2.0405641885861594,2.0405641885861594
1,2.485048868543141,2.485048868543141
2,-3.141592653589793,-3.141592653589793
3,0.7446051782812566,0.7446051782812566
4,-3.141592653589793,-3.141592653589793
