,theta_x,theta_y
0,2.0239724206158956,2.0239724206158956
