,theta_x,theta_y
0,-2.987390713046704,-2.987390713046704
1,-1.2831990781627058,-1.2831990781627058
2,1.7160023244954696,1.7160023244954696
3,1.0865222435787634,1.0865222435787634
4,-3.0662602948453297,-3.0662602948453297
5,0.5254908365230603,0.5254908365230603
6,0.5475967351595423,0.5475967351595423
7,-1.8352122637106183,-1.8352122637106183
8,1.2692334488161667,1.2692334488161667
