,theta_x,theta_y
0,-3.141592653589793,-3.141592653589793
1,0.9591464935588738,0.9591464935588738
2,0.9830923107574464,0.9830923107574464
3,0.9421254026172603,0.9421254026172603
4,-3.141592653589793,-3.141592653589793
5,0.9632224044997614,0.9632224044997614
6,0.940842606567881,0.940842606567881
7,-3.141592653589793,-3.141592653589793
8,0.9261676474192817,0.9261676474192817
9,-3.141592653589793,-3.141592653589793
