theta_x,theta_y
-2.487997073958472,-2.487997073958472
-1.795835271641072,-1.795835271641072
2.1249942829495323,2.1249942829495323
0.590604071839484,0.590604071839484
-2.4845115169790897,-2.4845115169790897
-0.4770759421939629,-0.4770759421939629
-0.27103219088352565,-0.27103219088352565
-2.219215784187832,-2.219215784187832
