,theta_x,theta_y
0,0.5432182125658611,0.5432182125658611
1,-0.24127160444616794,-0.24127160444616794
2,2.3887644552277965,2.3887644552277965
3,-1.533452389062447,-1.533452389062447
4,0.7324485845931471,0.7324485845931471
