,theta_x,theta_y
0,0.475781439148458,0.475781439148458
1,2.9537756688567542,2.9537756688567542
2,1.5800220773456595,1.5800220773456595
3,-1.3535084286081083,-1.3535084286081083
4,-1.5298520682723789,-1.5298520682723789
