theta_x,theta_y
0.475781439148458,0.475781439148458
2.9537756688567542,2.9537756688567542
1.5800220773456595,1.5800220773456595
-1.3535084286081083,-1.3535084286081083
-1.5298520682723789,-1.5298520682723789
