,theta_x,theta_y
0,-0.2686632851102555,-0.2686632851102555
1,3.0385595332394697,3.0385595332394697
2,-3.141592653589793,-3.141592653589793
3,2.545040657343428,2.545040657343428
4,-1.7937558865090955,-1.7937558865090955
5,0.39313761533278146,0.39313761533278146
6,1.9299199576262933,1.9299199576262933
7,0.4297870931397564,0.4297870931397564
