,theta_x,theta_y
0,-2.7672262760546316,-2.7672262760546316
1,-0.3824790929459001,-0.3824790929459001
2,3.0531690838782226,3.0531690838782226
3,-0.8567669361595436,-0.8567669361595436
4,-2.046088832079447,-2.046088832079447
5,-2.3355236605141356,-2.3355236605141356
6,-2.61860400655412,-2.61860400655412
