,theta_x,theta_y
0,-3.141592653589793,-3.141592653589793
1,-3.141592653589793,-3.141592653589793
2,2.703465505312995,2.703465505312995
3,1.7845742733266614,1.7845742733266614
4,-3.141592653589793,-3.141592653589793
5,0.44605830390367107,0.44605830390367107
6,1.1576466778297223,1.1576466778297223
