,theta_x,theta_y
0,0.5845851392050307,0.5845851392050307
1,2.234835429711049,2.234835429711049
2,-2.426554130351496,-2.426554130351496
3,1.9764538632669226,1.9764538632669226
4,-0.6418422065976774,-0.6418422065976774
