,theta_x,theta_y
0,0.7463876649032323,0.7463876649032323
1,-1.797411756827039,-1.797411756827039
2,-2.4934692905070865,-2.4934692905070865
3,-2.735083359977129,-2.735083359977129
4,2.355705576170434,2.355705576170434
5,2.555323275114596,2.555323275114596
6,0.5078761980748454,0.5078761980748454
7,0.9171648176936131,0.9171648176936131
8,-0.19264324794857524,-0.19264324794857524
9,2.878878871092182,2.878878871092182
