,theta_x,theta_y
0,0.8698397205918579,0.8698397205918579
1,3.059908990888537,3.059908990888537
2,-0.6995379797100241,-0.6995379797100241
