,theta_x,theta_y
0,1.5476443486185663,1.5476443486185663
1,2.3396155787862027,2.3396155787862027
2,-0.027321128290591967,-0.027321128290591967
3,0.12662341214164818,0.12662341214164818
