theta_x,theta_y
1.5517637561014295,1.5517637561014295
1.9606663104112332,1.9606663104112332
-3.141592653589793,-3.141592653589793
0.4824228998477015,0.4824228998477015
-2.909926728960906,-2.909926728960906
