theta_x,theta_y
0.012538371714263738,0.012538371714263738
-0.7310754973528788,-0.7310754973528788
-1.0788801409575308,-1.0788801409575308
-1.3300896748582405,-1.3300896748582405
3.141592653589793,3.141592653589793
-0.45467000938455215,-0.45467000938455215
-0.5286451057062189,-0.5286451057062189
