,theta_x,theta_y
0,-2.636333943512369,-2.636333943512369
1,-2.9826290077984057,-2.9826290077984057
2,1.7201477401217011,1.7201477401217011
3,0.8585769432244439,0.8585769432244439
4,-3.141592653589793,-3.141592653589793
5,0.9361995197444822,0.9361995197444822
6,0.16094381283874742,0.16094381283874742
7,-3.141592653589793,-3.141592653589793
