,theta_x,theta_y
0,0.919825238710754,0.919825238710754
