theta_x,theta_y
2.2147909196046736,2.2147909196046736
-0.3478783803700459,-0.3478783803700459
0.44540842539429404,0.44540842539429404
1.1382525258339218,1.1382525258339218
0.45804663194404577,0.45804663194404577
2.4656390821203287,2.4656390821203287
1.4853236031192771,1.4853236031192771
2.402467908388528,2.402467908388528
