theta_x,theta_y
-2.0083468914408864,-2.0083468914408864
1.9005852282954392,1.9005852282954392
-2.1443134318123525,-2.1443134318123525
1.6028554648384554,1.6028554648384554
2.4054529337474335,2.4054529337474335
-2.1938968592697026,-2.1938968592697026
