,theta_x,theta_y
0,-2.0083468914408864,-2.0083468914408864
1,1.9005852282954392,1.9005852282954392
2,-2.1443134318123525,-2.1443134318123525
3,1.6028554648384554,1.6028554648384554
4,2.4054529337474335,2.4054529337474335
5,-2.1938968592697026,-2.1938968592697026
