,theta_x,theta_y
0,2.056200401506128,2.056200401506128
1,-0.38292177973553554,-0.38292177973553554
2,-0.6642792329087033,-0.6642792329087033
3,2.195970562420104,2.195970562420104
4,1.7496213585842117,1.7496213585842117
5,3.141592653589793,3.141592653589793
