theta_x,theta_y
3.141592653589793,3.141592653589793
-0.5628054938894699,-0.5628054938894699
1.275580681050105,1.275580681050105
1.7003763090042114,1.7003763090042114
0.11301942622843215,0.11301942622843215
2.1708180125758343,2.1708180125758343
0.30572209067404454,0.30572209067404454
1.785996914010599,1.785996914010599
