theta_x,theta_y
0.7253444905565283,0.7253444905565283
0.7703020070077569,0.7703020070077569
-2.8520112830031312,-2.8520112830031312
-3.141592653589793,-3.141592653589793
0.6937084405428369,0.6937084405428369
0.6157820393739595,0.6157820393739595
0.5537552956713518,0.5537552956713518
0.48358367933442026,0.48358367933442026
0.457162243184604,0.457162243184604
