theta_x,theta_y
-0.4333970991401461,-0.4333970991401461
-1.0299867354850258,-1.0299867354850258
-0.941564303127076,-0.941564303127076
-0.7001178313104609,-0.7001178313104609
3.0110010481980796,3.0110010481980796
0.20083924383340948,0.20083924383340948
0.3869248165624526,0.3869248165624526
-0.265194144884712,-0.265194144884712
