,theta_x,theta_y
0,-0.9945829999852158,-0.9945829999852158
1,-1.3288384943142468,-1.3288384943142468
2,1.7961643819547,1.7961643819547
3,-2.662323436421305,-2.662323436421305
