theta_x,theta_y
0.976617606553038,0.976617606553038
0.958913619619276,0.958913619619276
0.913021959873949,0.913021959873949
-3.141592653589793,-3.141592653589793
0.8816116512814182,0.8816116512814182
