,theta_x,theta_y
0,1.6557452770443728,1.6557452770443728
1,0.7750041049139532,0.7750041049139532
2,-3.141592653589793,-3.141592653589793
3,-3.141592653589793,-3.141592653589793
4,1.3427460319378368,1.3427460319378368
5,1.286719104333342,1.286719104333342
6,1.754123819955814,1.754123819955814
7,1.8155874984871463,1.8155874984871463
