,theta_x,theta_y
0,1.446098348085119,1.446098348085119
1,-0.3073969275056982,-0.3073969275056982
2,1.7178681898342467,1.7178681898342467
3,-0.9215591939915736,-0.9215591939915736
4,-0.5781216979591877,-0.5781216979591877
5,-0.20470508095946993,-0.20470508095946993
6,1.4013028394732305,1.4013028394732305
7,-1.0223115886513636,-1.0223115886513636
8,2.9134724846214213,2.9134724846214213
