,theta_x,theta_y
0,-1.6974916420201835,-1.6974916420201835
