,theta_x,theta_y
0,0.1449602045480784,0.1449602045480784
1,-0.7133697138777463,-0.7133697138777463
2,-2.373971818726124,-2.373971818726124
3,-3.141592653589793,-3.141592653589793
4,1.6084104930990735,1.6084104930990735
5,3.141592653589793,3.141592653589793
