theta_x,theta_y
-2.1484762697243083,-2.1484762697243083
-0.48777611638046553,-0.48777611638046553
-1.4130937809949489,-1.4130937809949489
-3.141592653589793,-3.141592653589793
-0.20087105816337175,-0.20087105816337175
3.039051137016028,3.039051137016028
