theta_x,theta_y
-1.342005401223632,-1.342005401223632
-1.8251024971910372,-1.8251024971910372
3.141592653589793,3.141592653589793
-2.0923962199661665,-2.0923962199661665
