theta_x,theta_y
-0.19963290103250617,-0.19963290103250617
3.141592653589793,3.141592653589793
-2.5587166490812665,-2.5587166490812665
3.0039267542531816,3.0039267542531816
-1.6665161096029217,-1.6665161096029217
