theta_x,theta_y
-1.430941667060478,-1.430941667060478
-0.38954871548151393,-0.38954871548151393
0.6623293839716983,0.6623293839716983
