,theta_x,theta_y
0,-0.12146991790806924,-0.12146991790806924
1,-0.856144952484678,-0.856144952484678
2,-1.111559758634748,-1.111559758634748
3,-0.9550720786599859,-0.9550720786599859
4,3.141592653589793,3.141592653589793
5,0.3101056888339078,0.3101056888339078
6,1.149503056528491,1.149503056528491
