,theta_x,theta_y
0,-1.7656547787635026,-1.7656547787635026
1,2.475362383140098,2.475362383140098
2,-3.141592653589793,-3.141592653589793
3,2.1534604173160123,2.1534604173160123
4,-3.1205366886746106,-3.1205366886746106
5,-2.600826762964319,-2.600826762964319
6,2.913393524041812,2.913393524041812
7,-1.7211617870220073,-1.7211617870220073
