theta_x,theta_y
0.9326833188156803,0.9326833188156803
2.1487107999869375,2.1487107999869375
0.6313534656365895,0.6313534656365895
-0.8647473154606176,-0.8647473154606176
-0.26840456741012675,-0.26840456741012675
1.6516679382965758,1.6516679382965758
-3.114861545470574,-3.114861545470574
1.1543836533945373,1.1543836533945373
