,theta_x,theta_y
0,-0.2672500256267592,-0.2672500256267592
1,-0.2817535835211813,-0.2817535835211813
2,-0.285280667418316,-0.285280667418316
3,-0.30069092430467104,-0.30069092430467104
4,-0.30689717977562125,-0.30689717977562125
5,-0.30905574976027506,-0.30905574976027506
6,-0.3208898705266361,-0.3208898705266361
7,-0.32265416199794755,-0.32265416199794755
8,-0.3287518168112523,-0.3287518168112523
9,-0.3401536252637535,-0.3401536252637535
