,theta_x,theta_y
0,2.5144297737083825,2.5144297737083825
1,0.45616548029510523,0.45616548029510523
2,1.1291783845789907,1.1291783845789907
3,-1.8422003038658088,-1.8422003038658088
4,-3.141592653589793,-3.141592653589793
5,0.8904253970927436,0.8904253970927436
6,0.2531506722279628,0.2531506722279628
7,-3.141592653589793,-3.141592653589793
8,-3.141592653589793,-3.141592653589793
9,1.8184317052917096,1.8184317052917096
