theta_x,theta_y
-0.05779495190916807,-0.05779495190916807
3.1243922010565943,3.1243922010565943
-2.129594895405229,-2.129594895405229
2.8772880956864646,2.8772880956864646
-1.240229857775886,-1.240229857775886
-0.5193639086400862,-0.5193639086400862
2.2974592496116264,2.2974592496116264
-0.6263601897455385,-0.6263601897455385
0.3852758380206842,0.3852758380206842
