,theta_x,theta_y
0,-0.917276119365135,-0.917276119365135
1,3.141592653589793,3.141592653589793
2,-1.471781027379697,-1.471781027379697
3,2.618756651994348,2.618756651994348
4,2.193920996193436,2.193920996193436
5,0.2259269175978637,0.2259269175978637
6,-0.9013605394293428,-0.9013605394293428
7,-1.6589284015172814,-1.6589284015172814
8,-1.6524114232331706,-1.6524114232331706
9,-1.1081798969965642,-1.1081798969965642
