theta_x,theta_y
-0.917276119365135,-0.917276119365135
3.141592653589793,3.141592653589793
-1.471781027379697,-1.471781027379697
2.618756651994348,2.618756651994348
2.193920996193436,2.193920996193436
0.2259269175978637,0.2259269175978637
-0.9013605394293428,-0.9013605394293428
-1.6589284015172814,-1.6589284015172814
-1.6524114232331706,-1.6524114232331706
-1.1081798969965642,-1.1081798969965642
