theta_x,theta_y
2.739473877019073,2.739473877019073
1.9795028380491468,1.9795028380491468
0.2985530150465029,0.2985530150465029
-0.8840092955732874,-0.8840092955732874
-2.30942616833779,-2.30942616833779
-1.824550375458223,-1.824550375458223
-2.1221638789310475,-2.1221638789310475
-2.570260868812492,-2.570260868812492
