,theta_x,theta_y
0,-0.9322147550714369,-0.9322147550714369
1,3.141592653589793,3.141592653589793
2,-1.0458302613509893,-1.0458302613509893
3,3.141592653589793,3.141592653589793
4,-0.9692618951593631,-0.9692618951593631
5,-1.0227707581237737,-1.0227707581237737
6,3.141592653589793,3.141592653589793
7,-1.0380621765760647,-1.0380621765760647
8,-1.162856288809331,-1.162856288809331
9,-1.3845980797231727,-1.3845980797231727
