theta_x,theta_y
0.4871889298854017,0.4871889298854017
-0.9978593296912436,-0.9978593296912436
-2.6846429502306433,-2.6846429502306433
-3.076629541965531,-3.076629541965531
1.5544953095442737,1.5544953095442737
2.2033622656153034,2.2033622656153034
0.5989324222369636,0.5989324222369636
1.3659637151995656,1.3659637151995656
0.6196084163926413,0.6196084163926413
2.3572083108189994,2.3572083108189994
