,theta_x,theta_y
0,-0.8910089600492183,-0.8910089600492183
1,2.1326274301295802,2.1326274301295802
2,-2.0004202509014313,-2.0004202509014313
3,2.0439118343625147,2.0439118343625147
4,-0.8366368204106597,-0.8366368204106597
5,-1.6024871692461513,-1.6024871692461513
