,theta_x,theta_y
0,-1.6352381483340623,-1.6352381483340623
1,-3.141592653589793,-3.141592653589793
2,2.08707833333734,2.08707833333734
3,0.5186955628981443,0.5186955628981443
4,-3.141592653589793,-3.141592653589793
5,-2.166850470928004,-2.166850470928004
6,-2.797460047622024,-2.797460047622024
7,-2.7614503099737333,-2.7614503099737333
