theta_x,theta_y
-2.601732040315799,-2.601732040315799
0.6805017186013014,0.6805017186013014
