,theta_x,theta_y
0,-2.2689508226682236,-2.2689508226682236
1,2.8204932474780637,2.8204932474780637
2,-2.8366865117178093,-2.8366865117178093
3,3.141592653589793,3.141592653589793
4,3.141592653589793,3.141592653589793
5,-1.8392731872804164,-1.8392731872804164
