,theta_x,theta_y
0,-0.25119925985368585,-0.25119925985368585
1,-0.2613860321097335,-0.2613860321097335
2,-0.2922739209796653,-0.2922739209796653
3,-0.28428414518822487,-0.28428414518822487
4,-0.2770733585780372,-0.2770733585780372
5,-0.29858440191098257,-0.29858440191098257
6,-0.2760227644776267,-0.2760227644776267
7,-0.28287801973822724,-0.28287801973822724
8,-0.279661616617542,-0.279661616617542
