theta_x,theta_y
2.572859008350042,2.572859008350042
1.5631155033538526,1.5631155033538526
0.7662924782216562,0.7662924782216562
-0.5478793416086228,-0.5478793416086228
-2.6960739558047067,-2.6960739558047067
-1.509405167049914,-1.509405167049914
-1.9411050215823127,-1.9411050215823127
-2.9995577860772973,-2.9995577860772973
