,theta_x,theta_y
0,0.4227010006043417,0.4227010006043417
1,2.0006290392326678,2.0006290392326678
2,0.683131309834753,0.683131309834753
3,-1.374859114186107,-1.374859114186107
4,-0.9680054521125518,-0.9680054521125518
5,1.3552610233000806,1.3552610233000806
6,-2.2778042354426007,-2.2778042354426007
7,1.6518510650871632,1.6518510650871632
8,1.9227526045250782,1.9227526045250782
