,theta_x,theta_y
0,1.9665633845272419,1.9665633845272419
1,0.2692901645452796,0.2692901645452796
2,-0.39017651837309847,-0.39017651837309847
3,-0.9448366913547874,-0.9448366913547874
4,3.141592653589793,3.141592653589793
5,2.8844239086134453,2.8844239086134453
6,1.6391385306311914,1.6391385306311914
7,-0.1393562209109525,-0.1393562209109525
8,1.2602247388286656,1.2602247388286656
