,theta_x,theta_y
0,1.8692609877328314,1.8692609877328314
1,1.349416878555748,1.349416878555748
2,-3.141592653589793,-3.141592653589793
3,1.5147129553997256,1.5147129553997256
4,-3.141592653589793,-3.141592653589793
5,1.7280586180755222,1.7280586180755222
6,1.9321776136660573,1.9321776136660573
