,theta_x,theta_y
0,2.102495745878226,2.102495745878226
1,0.2759791295162746,0.2759791295162746
2,0.2359177475102612,0.2359177475102612
3,-0.28935703199958496,-0.28935703199958496
4,3.141592653589793,3.141592653589793
5,2.5211542020545825,2.5211542020545825
6,2.114521490461436,2.114521490461436
