theta_x,theta_y
3.141592653589793,3.141592653589793
-0.46327217110005864,-0.46327217110005864
3.141592653589793,3.141592653589793
