theta_x,theta_y
-0.542480872804614,-0.542480872804614
-1.3619106831567998,-1.3619106831567998
-1.8586037299153295,-1.8586037299153295
-2.1755344045890372,-2.1755344045890372
3.141592653589793,3.141592653589793
-1.8938719043909322,-1.8938719043909322
-0.6586345690042411,-0.6586345690042411
-2.578965481095611,-2.578965481095611
-0.49358571149068586,-0.49358571149068586
-2.888584684209678,-2.888584684209678
