theta_x,theta_y
2.593736459598765,2.593736459598765
-0.12098739314737812,-0.12098739314737812
0.14775844862998852,0.14775844862998852
1.7225367538170702,1.7225367538170702
-0.40069676505599183,-0.40069676505599183
3.141592653589793,3.141592653589793
2.8157462352304323,2.8157462352304323
2.2652301823369982,2.2652301823369982
-1.979217674767785,-1.979217674767785
