theta_x,theta_y
-2.494103566380577,-2.494103566380577
-2.2253472416756193,-2.2253472416756193
-3.141592653589793,-3.141592653589793
