,theta_x,theta_y
0,0.2113844853834344,0.2113844853834344
1,2.68668181318757,2.68668181318757
2,1.554336302598824,1.554336302598824
3,-1.4043865116076346,-1.4043865116076346
4,-1.2327240035122318,-1.2327240035122318
5,2.6889475482858622,2.6889475482858622
6,-2.739791595922095,-2.739791595922095
7,1.7531412154071004,1.7531412154071004
8,1.3579901738314226,1.3579901738314226
9,0.21038686664873607,0.21038686664873607
