,theta_x,theta_y
0,-1.5229867823583267,-1.5229867823583267
1,-1.5488504572357744,-1.5488504572357744
2,3.141592653589793,3.141592653589793
3,-1.5725078868813722,-1.5725078868813722
4,-1.584234122496417,-1.584234122496417
