,theta_x,theta_y
0,3.141592653589793,3.141592653589793
1,1.4802721291281973,1.4802721291281973
2,2.9702648067800013,2.9702648067800013
3,-3.127441098922694,-3.127441098922694
4,2.1775815680399355,2.1775815680399355
5,-0.41356226992926054,-0.41356226992926054
6,2.5558307650504655,2.5558307650504655
