,theta_x,theta_y
0,0.41274393812554,0.41274393812554
1,-1.520390347983487,-1.520390347983487
2,-2.370652868077522,-2.370652868077522
3,-2.7033840442553747,-2.7033840442553747
4,1.9126588413031231,1.9126588413031231
5,2.336110230015211,2.336110230015211
6,0.351940476196288,0.351940476196288
7,0.8261077234415047,0.8261077234415047
8,0.08550951365288452,0.08550951365288452
9,2.6727407770711373,2.6727407770711373
