,theta_x,theta_y
0,2.7956919656536607,2.7956919656536607
1,-1.725823455002174,-1.725823455002174
2,-0.07093650894400601,-0.07093650894400601
3,-0.2531176016544602,-0.2531176016544602
