,theta_x,theta_y
0,-2.9734323174994515,-2.9734323174994515
1,3.141592653589793,3.141592653589793
2,2.217169393583306,2.217169393583306
3,0.3287666905878737,0.3287666905878737
