,theta_x,theta_y
0,2.5540904066053556,2.5540904066053556
1,-0.2741007319138713,-0.2741007319138713
2,-1.879061754994141,-1.879061754994141
