theta_x,theta_y
0.007680667887982329,0.007680667887982329
3.0378524421951667,3.0378524421951667
0.6388471757387376,0.6388471757387376
-0.727829434452963,-0.727829434452963
