,theta_x,theta_y
0,-0.06211038113557376,-0.06211038113557376
1,-0.9908224044610515,-0.9908224044610515
2,-1.332613157116563,-1.332613157116563
3,-1.4707671433525693,-1.4707671433525693
4,3.141592653589793,3.141592653589793
5,-0.11683036254585177,-0.11683036254585177
6,0.3971225696416333,0.3971225696416333
7,-1.1240274401354637,-1.1240274401354637
8,0.9321446322647402,0.9321446322647402
9,-1.8881629660716224,-1.8881629660716224
