theta_x,theta_y
2.44925803192105,2.44925803192105
-2.6216561720962663,-2.6216561720962663
-2.751204737369982,-2.751204737369982
-3.141592653589793,-3.141592653589793
0.9722914122882111,0.9722914122882111
1.5952575301887673,1.5952575301887673
2.0196938695942426,2.0196938695942426
