,theta_x,theta_y
0,-1.5038555930303854,-1.5038555930303854
1,3.141592653589793,3.141592653589793
2,-1.5510802469370761,-1.5510802469370761
3,3.141592653589793,3.141592653589793
4,-1.6311173804798813,-1.6311173804798813
5,-1.7250824546489352,-1.7250824546489352
