,theta_x,theta_y
0,-0.2894717986441929,-0.2894717986441929
1,-0.29545620948674134,-0.29545620948674134
2,-0.30259491122183685,-0.30259491122183685
3,-0.3104184354681919,-0.3104184354681919
4,-0.3162533198122095,-0.3162533198122095
5,-0.32476144967526577,-0.32476144967526577
6,-0.3316894678237546,-0.3316894678237546
