theta_x,theta_y
0.16972571985154722,0.16972571985154722
0.3518620860342074,0.3518620860342074
2.166252914012023,2.166252914012023
-2.913836320595563,-2.913836320595563
1.4559628024539242,1.4559628024539242
0.9843370384919126,0.9843370384919126
-0.9964140926834273,-0.9964140926834273
-2.937649912671712,-2.937649912671712
0.375486365853435,0.375486365853435
