,theta_x,theta_y
0,-1.4646606914017777,-1.4646606914017777
1,-1.7302917614056812,-1.7302917614056812
2,2.2567463007632496,2.2567463007632496
3,-3.015124066854542,-3.015124066854542
4,1.224891396934659,1.224891396934659
