,theta_x,theta_y
0,-2.1155625211044997,-2.1155625211044997
1,-3.141592653589793,-3.141592653589793
2,2.559299989172705,2.559299989172705
3,1.5863549380045185,1.5863549380045185
4,-3.141592653589793,-3.141592653589793
5,2.4450989293345806,2.4450989293345806
6,-2.1406676487106653,-2.1406676487106653
7,0.004503292942382331,0.004503292942382331
8,-3.141592653589793,-3.141592653589793
9,3.141592653589793,3.141592653589793
