,theta_x,theta_y
0,0.8189056151301752,0.8189056151301752
1,0.6876996268922299,0.6876996268922299
