,theta_x,theta_y
0,-2.630606049547575,-2.630606049547575
1,-1.9974847339350417,-1.9974847339350417
2,2.1088347543027197,2.1088347543027197
3,0.46896666371824564,0.46896666371824564
