,theta_x,theta_y
0,1.1870875872517035,1.1870875872517035
1,3.141592653589793,3.141592653589793
2,-1.5958796484692384,-1.5958796484692384
3,2.2797355619284936,2.2797355619284936
4,0.4672378739504444,0.4672378739504444
5,0.4824642065147976,0.4824642065147976
6,1.3038738100316183,1.3038738100316183
7,-0.47452339486573597,-0.47452339486573597
