theta_x,theta_y
1.1565561068170913,1.1565561068170913
3.141592653589793,3.141592653589793
-2.5414793783319065,-2.5414793783319065
2.5771959033334917,2.5771959033334917
-0.930614441995475,-0.930614441995475
0.41449479862778005,0.41449479862778005
2.6570758706051616,2.6570758706051616
