,theta_x,theta_y
0,2.3577339271955586,2.3577339271955586
1,0.7118949560818458,0.7118949560818458
2,2.474010403873149,2.474010403873149
3,-2.0942249534620467,-2.0942249534620467
4,0.6646115584637545,0.6646115584637545
