,theta_x,theta_y
0,2.1778179336083996,2.1778179336083996
1,2.203563329897307,2.203563329897307
2,-3.141592653589793,-3.141592653589793
3,2.2172726577998003,2.2172726577998003
4,-3.141592653589793,-3.141592653589793
5,2.2599963998103827,2.2599963998103827
