theta_x,theta_y
-1.7779513472403083,-1.7779513472403083
3.141592653589793,3.141592653589793
-1.8244827477395236,-1.8244827477395236
