theta_x,theta_y
0.009753462109425542,0.009753462109425542
-0.8367299203611709,-0.8367299203611709
-3.0304952301103665,-3.0304952301103665
-3.141592653589793,-3.141592653589793
