,theta_x,theta_y
0,-1.0523616123644424,-1.0523616123644424
1,3.141592653589793,3.141592653589793
2,-1.3137871632342462,-1.3137871632342462
3,2.155955391731681,2.155955391731681
4,2.1861700771288493,2.1861700771288493
