,theta_x,theta_y
0,-3.141592653589793,-3.141592653589793
1,-3.141592653589793,-3.141592653589793
2,-3.141592653589793,-3.141592653589793
3,0.05939996972167627,0.05939996972167627
4,2.931659505207619,2.931659505207619
5,-1.151536254654791,-1.151536254654791
6,-0.6151928705228261,-0.6151928705228261
