,theta_x,theta_y
0,-0.16599586984927917,-0.16599586984927917
