,theta_x,theta_y
0,-3.141592653589793,-3.141592653589793
1,-3.141592653589793,-3.141592653589793
2,2.4035610228500905,2.4035610228500905
3,2.469094173544551,2.469094173544551
4,-3.141592653589793,-3.141592653589793
