theta_x,theta_y
1.1576908907748429,1.1576908907748429
1.0046116246607264,1.0046116246607264
1.0141521303135832,1.0141521303135832
-3.141592653589793,-3.141592653589793
