,theta_x,theta_y
0,1.7411614802861672,1.7411614802861672
1,0.42302590504165055,0.42302590504165055
2,2.1026726834974014,2.1026726834974014
3,-2.1719440838248794,-2.1719440838248794
4,0.5026877150136221,0.5026877150136221
5,-0.1506795244487093,-0.1506795244487093
6,1.6022959373898966,1.6022959373898966
7,-1.8637008802936224,-1.8637008802936224
8,2.3973217388034205,2.3973217388034205
