,theta_x,theta_y
0,-1.8244816336197154,-1.8244816336197154
1,3.141592653589793,3.141592653589793
2,-2.8834253775506697,-2.8834253775506697
3,2.097582163768055,2.097582163768055
