theta_x,theta_y
3.141592653589793,3.141592653589793
-1.555263868560862,-1.555263868560862
