theta_x,theta_y
0.05477339932405867,0.05477339932405867
-0.8180789623742382,-0.8180789623742382
