,theta_x,theta_y
0,-3.1194468723082607,-3.1194468723082607
1,-2.887576297712144,-2.887576297712144
2,0.9000454124845634,0.9000454124845634
3,-3.141592653589793,-3.141592653589793
4,1.2793404570994054,1.2793404570994054
5,1.4818598763692754,1.4818598763692754
6,-3.141592653589793,-3.141592653589793
7,-2.8216839518129815,-2.8216839518129815
