,theta_x,theta_y
0,-1.4752314597173186,-1.4752314597173186
