,theta_x,theta_y
0,2.427890021319286,2.427890021319286
1,-0.002102001220204635,-0.002102001220204635
2,-0.16583032058177907,-0.16583032058177907
3,1.3610971446496551,1.3610971446496551
4,-0.12417415309158136,-0.12417415309158136
5,3.141592653589793,3.141592653589793
6,3.141592653589793,3.141592653589793
7,3.141592653589793,3.141592653589793
8,-2.170677410401578,-2.170677410401578
