theta_x,theta_y
2.427890021319286,2.427890021319286
-0.002102001220204635,-0.002102001220204635
-0.16583032058177907,-0.16583032058177907
1.3610971446496551,1.3610971446496551
-0.12417415309158136,-0.12417415309158136
3.141592653589793,3.141592653589793
3.141592653589793,3.141592653589793
3.141592653589793,3.141592653589793
-2.170677410401578,-2.170677410401578
