theta_x,theta_y
1.2592858858845015,1.2592858858845015
-0.589325672644249,-0.589325672644249
1.029548155337029,1.029548155337029
0.42297333693434996,0.42297333693434996
