,theta_x,theta_y
0,-2.9945735529267496,-2.9945735529267496
1,-3.141592653589793,-3.141592653589793
2,1.5515668170191612,1.5515668170191612
3,1.31437627183915,1.31437627183915
4,-3.141592653589793,-3.141592653589793
5,0.1927008334729493,0.1927008334729493
6,1.1258975728713756,1.1258975728713756
