theta_x,theta_y
2.537347761852901,2.537347761852901
2.422797482967826,2.422797482967826
2.4702858315758713,2.4702858315758713
-3.141592653589793,-3.141592653589793
-3.141592653589793,-3.141592653589793
-3.141592653589793,-3.141592653589793
