,theta_x,theta_y
0,1.1984123270708043,1.1984123270708043
1,1.1188657800059523,1.1188657800059523
2,0.057886942213443426,0.057886942213443426
3,-0.6547834385566174,-0.6547834385566174
4,-3.052210481897555,-3.052210481897555
