,theta_x,theta_y
0,1.6688284890394969,1.6688284890394969
1,-0.1696075079535586,-0.1696075079535586
2,-0.7913999746064653,-0.7913999746064653
3,1.797186176545814,1.797186176545814
4,2.4220686442938715,2.4220686442938715
5,3.141592653589793,3.141592653589793
