theta_x,theta_y
0.47279814693851063,0.47279814693851063
-1.1400187520474576,-1.1400187520474576
-1.1834054047672156,-1.1834054047672156
0.07427653095845632,0.07427653095845632
-0.8679362036352064,-0.8679362036352064
