,theta_x,theta_y
0,1.8907821036161283,1.8907821036161283
