,theta_x,theta_y
0,3.141592653589793,3.141592653589793
1,3.141592653589793,3.141592653589793
2,-0.8888764079868544,-0.8888764079868544
3,-1.2733355685886445,-1.2733355685886445
4,-1.6922575825360566,-1.6922575825360566
5,-2.1761237675939484,-2.1761237675939484
