,theta_x,theta_y
0,2.209274507924803,2.209274507924803
1,0.20841979177572972,0.20841979177572972
2,1.8142322642255162,1.8142322642255162
3,-3.010247776109365,-3.010247776109365
4,0.71996467749805,0.71996467749805
5,-0.357494101396627,-0.357494101396627
6,-0.14948943961964314,-0.14948943961964314
