,theta_x,theta_y
0,0.3063615836420995,0.3063615836420995
1,2.8573089872407613,2.8573089872407613
2,1.5791230547607662,1.5791230547607662
3,-1.5888674924344046,-1.5888674924344046
4,-1.3745056749621705,-1.3745056749621705
5,2.654629270906363,2.654629270906363
6,-2.90630549935627,-2.90630549935627
7,1.8410915796657112,1.8410915796657112
8,1.4375792505014255,1.4375792505014255
