theta_x,theta_y
-2.8825248106461943,-2.8825248106461943
1.0203903232024267,1.0203903232024267
0.5571648328408813,0.5571648328408813
0.6151911702248508,0.6151911702248508
-2.9497068163343076,-2.9497068163343076
