theta_x,theta_y
-3.141592653589793,-3.141592653589793
-1.9122518428621413,-1.9122518428621413
1.3238514128079213,1.3238514128079213
-2.7155653392156367,-2.7155653392156367
0.08154212319634986,0.08154212319634986
2.012456783558065,2.012456783558065
-3.120606963176668,-3.120606963176668
