theta_x,theta_y
-2.6646478372929905,-2.6646478372929905
-0.576191656826431,-0.576191656826431
1.3538743545014476,1.3538743545014476
-3.141592653589793,-3.141592653589793
0.7236726499749315,0.7236726499749315
