,theta_x,theta_y
0,2.167579068785116,2.167579068785116
1,2.182544640031313,2.182544640031313
2,2.0931759929546248,2.0931759929546248
3,-3.141592653589793,-3.141592653589793
4,-3.141592653589793,-3.141592653589793
5,2.1927990214554343,2.1927990214554343
6,-3.141592653589793,-3.141592653589793
7,2.3520740954188977,2.3520740954188977
8,2.4760429777346427,2.4760429777346427
