theta_x,theta_y
-0.2778923077469822,-0.2778923077469822
-0.5310365358427938,-0.5310365358427938
0.8865877997850868,0.8865877997850868
-1.0647863782524605,-1.0647863782524605
-0.6218302715820686,-0.6218302715820686
-1.0256316504112786,-1.0256316504112786
-1.1874441556687567,-1.1874441556687567
-1.0595323728290575,-1.0595323728290575
-0.5557568206446983,-0.5557568206446983
-0.8625481701634363,-0.8625481701634363
