,theta_x,theta_y
0,-0.2778923077469822,-0.2778923077469822
1,-0.5310365358427938,-0.5310365358427938
2,0.8865877997850868,0.8865877997850868
3,-1.0647863782524605,-1.0647863782524605
4,-0.6218302715820686,-0.6218302715820686
5,-1.0256316504112786,-1.0256316504112786
6,-1.1874441556687567,-1.1874441556687567
7,-1.0595323728290575,-1.0595323728290575
8,-0.5557568206446983,-0.5557568206446983
9,-0.8625481701634363,-0.8625481701634363
