,theta_x,theta_y
0,1.605431531256745,1.605431531256745
1,-1.5391260635948958,-1.5391260635948958
2,-2.373349147834564,-2.373349147834564
3,-3.141592653589793,-3.141592653589793
4,2.7706331736644705,2.7706331736644705
5,1.959350706428106,1.959350706428106
6,2.0221947816091443,2.0221947816091443
7,1.6147700259497921,1.6147700259497921
8,0.9987036117604556,0.9987036117604556
9,2.2154537015678915,2.2154537015678915
