,theta_x,theta_y
0,1.4282666457733049,1.4282666457733049
1,-2.842625506924617,-2.842625506924617
2,-1.3979908408305708,-1.3979908408305708
3,2.2644076364122916,2.2644076364122916
