,theta_x,theta_y
0,1.824427384999746,1.824427384999746
1,1.4598330625490863,1.4598330625490863
