,theta_x,theta_y
0,1.3118088515734916,1.3118088515734916
1,0.310155794266042,0.310155794266042
2,1.176496167975937,1.176496167975937
3,0.542897158625562,0.542897158625562
4,0.1300206921301998,0.1300206921301998
5,0.4234553858040106,0.4234553858040106
