,theta_x,theta_y
0,1.173872132447841,1.173872132447841
1,1.0887355090930124,1.0887355090930124
2,-3.141592653589793,-3.141592653589793
3,1.0433035555762977,1.0433035555762977
4,1.0077254063872356,1.0077254063872356
5,1.110093478423757,1.110093478423757
6,0.9573163198721354,0.9573163198721354
7,1.0659958830430865,1.0659958830430865
