theta_x,theta_y
1.173872132447841,1.173872132447841
1.0887355090930124,1.0887355090930124
-3.141592653589793,-3.141592653589793
1.0433035555762977,1.0433035555762977
1.0077254063872356,1.0077254063872356
1.110093478423757,1.110093478423757
0.9573163198721354,0.9573163198721354
1.0659958830430865,1.0659958830430865
