,theta_x,theta_y
0,0.5765481555105084,0.5765481555105084
1,-1.1265471203406976,-1.1265471203406976
2,-2.1861005161438825,-2.1861005161438825
3,-3.0890640312834012,-3.0890640312834012
4,2.564935681149916,2.564935681149916
5,1.7281804766318105,1.7281804766318105
6,1.043779092587088,1.043779092587088
