,theta_x,theta_y
0,0.6985087332587847,0.6985087332587847
1,-1.7879348962499377,-1.7879348962499377
2,-2.731584307110928,-2.731584307110928
3,-3.0962162955124826,-3.0962162955124826
4,2.0762018139530176,2.0762018139530176
5,2.108605598441546,2.108605598441546
6,0.9236820801704825,0.9236820801704825
7,0.9579458316435636,0.9579458316435636
8,0.3167060285534392,0.3167060285534392
