,theta_x,theta_y
0,-0.3619702576510604,-0.3619702576510604
1,3.056356356923621,3.056356356923621
2,-2.75569290128565,-2.75569290128565
3,2.473326853039272,2.473326853039272
4,-1.2148248601727278,-1.2148248601727278
5,0.07702690191536712,0.07702690191536712
6,1.8292556181798405,1.8292556181798405
