theta_x,theta_y
0.7957925716070013,0.7957925716070013
-0.7430984440385597,-0.7430984440385597
-0.4581057311128859,-0.4581057311128859
-1.4169865316634094,-1.4169865316634094
-0.9550453842304709,-0.9550453842304709
-0.6586927409417516,-0.6586927409417516
