theta_x,theta_y
2.1814016415792574,2.1814016415792574
0.46495038098311103,0.46495038098311103
0.712416813249743,0.712416813249743
0.07293303154228499,0.07293303154228499
-3.1357031131516173,-3.1357031131516173
0.10440523298236372,0.10440523298236372
0.1921377447194872,0.1921377447194872
-3.118856096504171,-3.118856096504171
-3.1094023286144004,-3.1094023286144004
0.7250645115469676,0.7250645115469676
