,theta_x,theta_y
0,2.1814016415792574,2.1814016415792574
1,0.46495038098311103,0.46495038098311103
2,0.712416813249743,0.712416813249743
3,0.07293303154228499,0.07293303154228499
4,-3.1357031131516173,-3.1357031131516173
5,0.10440523298236372,0.10440523298236372
6,0.1921377447194872,0.1921377447194872
7,-3.118856096504171,-3.118856096504171
8,-3.1094023286144004,-3.1094023286144004
9,0.7250645115469676,0.7250645115469676
