,theta_x,theta_y
0,2.7953458187990448,2.7953458187990448
1,1.2939186046961946,1.2939186046961946
2,1.179718428459549,1.179718428459549
3,-0.027537419195704516,-0.027537419195704516
4,-2.6971577835021536,-2.6971577835021536
5,-1.591815239203471,-1.591815239203471
6,-2.202413394844575,-2.202413394844575
7,-3.0588785787354382,-3.0588785787354382
