theta_x,theta_y
2.7953458187990448,2.7953458187990448
1.2939186046961946,1.2939186046961946
1.179718428459549,1.179718428459549
-0.027537419195704516,-0.027537419195704516
-2.6971577835021536,-2.6971577835021536
-1.591815239203471,-1.591815239203471
-2.202413394844575,-2.202413394844575
-3.0588785787354382,-3.0588785787354382
