theta_x,theta_y
-0.04081848102220426,-0.04081848102220426
-1.1748822350203745,-1.1748822350203745
-1.2509186118303717,-1.2509186118303717
-0.8763606181134553,-0.8763606181134553
3.141592653589793,3.141592653589793
-0.038436584177442834,-0.038436584177442834
0.3183438049857384,0.3183438049857384
