,theta_x,theta_y
0,-0.34229358830481393,-0.34229358830481393
1,2.8011250918209614,2.8011250918209614
2,-0.6259006374615617,-0.6259006374615617
3,2.009781435979458,2.009781435979458
4,1.471087337801421,1.471087337801421
5,0.10429236420725552,0.10429236420725552
6,-0.07602824790966937,-0.07602824790966937
7,-0.7466024268657914,-0.7466024268657914
