,theta_x,theta_y
0,-3.141592653589793,-3.141592653589793
1,1.1100843230100739,1.1100843230100739
2,1.0462161741350822,1.0462161741350822
3,1.099119807684341,1.099119807684341
4,-3.141592653589793,-3.141592653589793
5,0.9949695636037525,0.9949695636037525
6,1.000554717002957,1.000554717002957
7,-3.141592653589793,-3.141592653589793
8,0.9508255159489388,0.9508255159489388
9,-3.141592653589793,-3.141592653589793
