,theta_x,theta_y
0,2.611586597842136,2.611586597842136
1,-0.6561403698106649,-0.6561403698106649
2,1.061621959134314,1.061621959134314
3,0.17173517071528713,0.17173517071528713
