,theta_x,theta_y
0,-0.04183838765791411,-0.04183838765791411
1,2.6682808034453083,2.6682808034453083
2,1.0960717109724465,1.0960717109724465
