theta_x,theta_y
0.4728845249793026,0.4728845249793026
2.0401806598591707,2.0401806598591707
-1.5278818461931445,-1.5278818461931445
1.8671927273230566,1.8671927273230566
