,theta_x,theta_y
0,0.30950610356784913,0.30950610356784913
1,2.878317145699585,2.878317145699585
2,-2.370784972578784,-2.370784972578784
3,2.274658960245297,2.274658960245297
4,-0.796955454420877,-0.796955454420877
5,0.07932572174560207,0.07932572174560207
6,1.5816084355405102,1.5816084355405102
