,theta_x,theta_y
0,-1.6980059923253563,-1.6980059923253563
1,-1.9751136183938653,-1.9751136183938653
