,theta_x,theta_y
0,-3.141592653589793,-3.141592653589793
1,1.620032846040737,1.620032846040737
