theta_x,theta_y
-0.25100512025442406,-0.25100512025442406
-0.33648500200703263,-0.33648500200703263
-0.2946458455725011,-0.2946458455725011
