,theta_x,theta_y
0,0.7366352675717684,0.7366352675717684
1,0.6927899306282181,0.6927899306282181
2,-3.141592653589793,-3.141592653589793
3,-3.141592653589793,-3.141592653589793
4,0.7150416069510955,0.7150416069510955
5,0.7718100985490384,0.7718100985490384
6,0.8297708403643463,0.8297708403643463
7,0.8889758114466005,0.8889758114466005
