theta_x,theta_y
1.8876884813468096,1.8876884813468096
