,theta_x,theta_y
0,2.733794053758202,2.733794053758202
1,2.2132315772291595,2.2132315772291595
2,0.8390573103224552,0.8390573103224552
3,-1.1298316391910472,-1.1298316391910472
4,-2.926955786553595,-2.926955786553595
5,-1.4065946274163386,-1.4065946274163386
6,-1.5542675706643474,-1.5542675706643474
7,-3.0757111707237943,-3.0757111707237943
8,-2.9997728598969875,-2.9997728598969875
9,3.1363224387152666,3.1363224387152666
