theta_x,theta_y
0.4401915750580993,0.4401915750580993
3.141592653589793,3.141592653589793
-2.5995961999020203,-2.5995961999020203
2.311380781214991,2.311380781214991
-1.131998402321225,-1.131998402321225
0.35372184750249314,0.35372184750249314
1.8568880594115742,1.8568880594115742
0.004838378464639831,0.004838378464639831
