,theta_x,theta_y
0,0.935473073214188,0.935473073214188
1,0.8202501892780132,0.8202501892780132
2,0.765059349316045,0.765059349316045
3,-3.141592653589793,-3.141592653589793
4,0.6814675089690653,0.6814675089690653
5,0.6585288136646017,0.6585288136646017
6,0.5990754792907922,0.5990754792907922
