,theta_x,theta_y
0,2.0597633803105166,2.0597633803105166
1,0.6549877594224572,0.6549877594224572
2,-3.141592653589793,-3.141592653589793
3,-3.141592653589793,-3.141592653589793
4,1.5321142959797887,1.5321142959797887
