,theta_x,theta_y
0,-0.6847978043536673,-0.6847978043536673
1,-0.4682038188688379,-0.4682038188688379
2,-1.6202378068278416,-1.6202378068278416
3,1.0685846348037797,1.0685846348037797
4,-1.3381784434484738,-1.3381784434484738
