theta_x,theta_y
3.141592653589793,3.141592653589793
-0.38257031008143494,-0.38257031008143494
-1.7372284850179154,-1.7372284850179154
-2.8393722752992745,-2.8393722752992745
3.141592653589793,3.141592653589793
2.5424202666348563,2.5424202666348563
