,theta_x,theta_y
0,3.141592653589793,3.141592653589793
1,-0.38257031008143494,-0.38257031008143494
2,-1.7372284850179154,-1.7372284850179154
3,-2.8393722752992745,-2.8393722752992745
4,3.141592653589793,3.141592653589793
5,2.5424202666348563,2.5424202666348563
