,theta_x,theta_y
0,-1.8848423493843596,-1.8848423493843596
