theta_x,theta_y
0.1005129143094483,0.1005129143094483
0.9666015335318209,0.9666015335318209
-1.139325219992963,-1.139325219992963
-2.852237046625715,-2.852237046625715
0.5013099222632086,0.5013099222632086
0.9841664941638558,0.9841664941638558
2.4134162053820045,2.4134162053820045
2.813178008392265,2.813178008392265
