,theta_x,theta_y
0,0.6207060728049034,0.6207060728049034
1,-1.2551031614803476,-1.2551031614803476
2,-3.141592653589793,-3.141592653589793
3,-3.141592653589793,-3.141592653589793
4,2.2743920952170735,2.2743920952170735
5,2.93372000494985,2.93372000494985
6,0.8676442434648856,0.8676442434648856
7,1.4934871402420753,1.4934871402420753
