,theta_x,theta_y
0,1.6369901752001457,1.6369901752001457
1,-1.3169321082501715,-1.3169321082501715
2,1.3113329499084379,1.3113329499084379
3,1.2662065064848587,1.2662065064848587
4,1.0538023704423776,1.0538023704423776
5,1.3809453326165633,1.3809453326165633
6,1.4917293876488902,1.4917293876488902
7,2.121032294013373,2.121032294013373
