theta_x,theta_y
-0.1662279113701515,-0.1662279113701515
2.9443891426551936,2.9443891426551936
-2.39180664204377,-2.39180664204377
2.803329775051065,2.803329775051065
-1.3730483751838427,-1.3730483751838427
