,theta_x,theta_y
0,0.14031991888482465,0.14031991888482465
1,-0.6954905841716394,-0.6954905841716394
