,theta_x,theta_y
0,1.954461972809041,1.954461972809041
1,1.8936427319657483,1.8936427319657483
2,0.11925005139413952,0.11925005139413952
3,-1.274942254207427,-1.274942254207427
4,-2.795497157367736,-2.795497157367736
5,-0.7041512165374482,-0.7041512165374482
6,-0.6055381837848175,-0.6055381837848175
