theta_x,theta_y
2.021383165320514,2.021383165320514
0.3168226571627125,0.3168226571627125
-0.10369833287634242,-0.10369833287634242
3.141592653589793,3.141592653589793
-0.01060290003793403,-0.01060290003793403
