theta_x,theta_y
-1.3748873954789276,-1.3748873954789276
3.141592653589793,3.141592653589793
3.02432397260477,3.02432397260477
-1.5956734735095626,-1.5956734735095626
-3.141592653589793,-3.141592653589793
2.3457769556574073,2.3457769556574073
-3.141592653589793,-3.141592653589793
2.6216356611345883,2.6216356611345883
