,theta_x,theta_y
0,-0.6984432597820338,-0.6984432597820338
1,2.914259963459128,2.914259963459128
2,-3.141592653589793,-3.141592653589793
3,2.2620335219407246,2.2620335219407246
4,-0.5016806185097215,-0.5016806185097215
5,-0.14696295897784592,-0.14696295897784592
