theta_x,theta_y
1.4513790931542878,1.4513790931542878
-1.1823257483904621,-1.1823257483904621
-2.8903766636368275,-2.8903766636368275
-3.141592653589793,-3.141592653589793
2.5803022516664122,2.5803022516664122
2.4502940255022487,2.4502940255022487
1.9877930420882826,1.9877930420882826
