,theta_x,theta_y
0,-3.141592653589793,-3.141592653589793
1,0.935296474542079,0.935296474542079
2,0.8978484242955669,0.8978484242955669
3,1.665167659567678,1.665167659567678
4,-3.141592653589793,-3.141592653589793
