theta_x,theta_y
0.8656447045635153,0.8656447045635153
-0.3259852439319435,-0.3259852439319435
-2.7973715679626285,-2.7973715679626285
-3.1121918954841177,-3.1121918954841177
1.3116751312159807,1.3116751312159807
1.8622434907422383,1.8622434907422383
1.1176929355749612,1.1176929355749612
2.334188113267175,2.334188113267175
0.9664067088151539,0.9664067088151539
2.939764554571814,2.939764554571814
