theta_x,theta_y
-1.5704417062099763,-1.5704417062099763
