theta_x,theta_y
0.10582890230600747,0.10582890230600747
3.0794407156237757,3.0794407156237757
-2.3764053101720584,-2.3764053101720584
2.175479983630708,2.175479983630708
-0.6554305212980636,-0.6554305212980636
0.45594612671568546,0.45594612671568546
1.5795064317795302,1.5795064317795302
-0.3509949723985337,-0.3509949723985337
-0.2815789518262374,-0.2815789518262374
