,theta_x,theta_y
0,0.46997827925443264,0.46997827925443264
1,2.8836562814671023,2.8836562814671023
2,1.8029330860142039,1.8029330860142039
3,-1.6596617279030281,-1.6596617279030281
4,-1.3995012880187572,-1.3995012880187572
5,2.6746422441240987,2.6746422441240987
6,-2.819993811361969,-2.819993811361969
7,2.1415223930638043,2.1415223930638043
8,1.8529261234558465,1.8529261234558465
9,-0.43468691067302107,-0.43468691067302107
