,theta_x,theta_y
0,-2.9015100460115777,-2.9015100460115777
1,-2.9461990889227936,-2.9461990889227936
2,3.1172867006328717,3.1172867006328717
3,0.5319153214078589,0.5319153214078589
4,-2.691489725707108,-2.691489725707108
5,-2.023307667849298,-2.023307667849298
