,theta_x,theta_y
0,1.9587805595031784,1.9587805595031784
1,-0.9648474889058134,-0.9648474889058134
