,theta_x,theta_y
0,-0.26916980683899316,-0.26916980683899316
1,3.141592653589793,3.141592653589793
2,-3.141592653589793,-3.141592653589793
3,1.482587491281802,1.482587491281802
4,-3.141592653589793,-3.141592653589793
5,1.2463829224125447,1.2463829224125447
6,1.0133924581750964,1.0133924581750964
7,1.2411494254827629,1.2411494254827629
