,theta_x,theta_y
0,-0.597429118650742,-0.597429118650742
1,-1.0935913266147237,-1.0935913266147237
2,0.16150336263857312,0.16150336263857312
3,-0.6508197283515492,-0.6508197283515492
4,2.257135162727435,2.257135162727435
5,0.9134442861687414,0.9134442861687414
