theta_x,theta_y
-2.4324523199534562,-2.4324523199534562
-1.7191106334438386,-1.7191106334438386
2.209021487697493,2.209021487697493
1.0937181028842264,1.0937181028842264
-2.6667937333064393,-2.6667937333064393
0.2864113160392796,0.2864113160392796
0.11234977209552928,0.11234977209552928
-1.8657896550633977,-1.8657896550633977
