,theta_x,theta_y
0,-1.5026020405025031,-1.5026020405025031
1,-1.9172762961115855,-1.9172762961115855
2,3.141592653589793,3.141592653589793
3,-0.6903960717196858,-0.6903960717196858
4,-2.7153131518821185,-2.7153131518821185
5,0.8273477759987059,0.8273477759987059
6,-1.3038282136921904,-1.3038282136921904
7,-0.48307618412336883,-0.48307618412336883
8,-2.2579004469440913,-2.2579004469440913
9,-1.1054621753836193,-1.1054621753836193
