,theta_x,theta_y
0,0.15761323451855364,0.15761323451855364
1,1.5576471356308041,1.5576471356308041
2,-2.409279775889479,-2.409279775889479
3,2.239171583217504,2.239171583217504
4,-0.6781950726735028,-0.6781950726735028
5,0.26091641915076413,0.26091641915076413
6,1.6960784449367994,1.6960784449367994
7,-0.476509079088532,-0.476509079088532
