theta_x,theta_y
3.141592653589793,3.141592653589793
2.0943480060524005,2.0943480060524005
0.5906230438055865,0.5906230438055865
