,theta_x,theta_y
0,-0.3992392000760054,-0.3992392000760054
1,-1.734261021343264,-1.734261021343264
2,-2.3641517791657276,-2.3641517791657276
3,-2.4653442291852707,-2.4653442291852707
4,-1.8055137570389082,-1.8055137570389082
5,-0.5378964740165546,-0.5378964740165546
6,-2.7683406100150387,-2.7683406100150387
