,theta_x,theta_y
0,0.31552950009978453,0.31552950009978453
1,2.490427313457165,2.490427313457165
2,-2.3554869752680276,-2.3554869752680276
3,2.524523545056255,2.524523545056255
4,-0.8840636320763863,-0.8840636320763863
5,-0.12997346324171632,-0.12997346324171632
6,1.713219117849863,1.713219117849863
