,theta_x,theta_y
0,-3.141592653589793,-3.141592653589793
1,-0.6004978899978595,-0.6004978899978595
2,1.6018970651056195,1.6018970651056195
3,-3.141592653589793,-3.141592653589793
