,theta_x,theta_y
0,1.1287729153802029,1.1287729153802029
1,0.8582531401035843,0.8582531401035843
2,-0.39243998895948873,-0.39243998895948873
3,-0.5731432470661801,-0.5731432470661801
4,-2.722086876107853,-2.722086876107853
5,-0.05698336069774464,-0.05698336069774464
6,-0.2736003313096547,-0.2736003313096547
7,-2.197153701249401,-2.197153701249401
8,-2.9281651663863633,-2.9281651663863633
