,theta_x,theta_y
0,-3.141592653589793,-3.141592653589793
1,-3.141592653589793,-3.141592653589793
2,-2.9105448639953133,-2.9105448639953133
3,-0.9701134363679568,-0.9701134363679568
4,2.9435196292439465,2.9435196292439465
