theta_x,theta_y
-2.1970637084245936,-2.1970637084245936
-2.2997643543445476,-2.2997643543445476
3.141592653589793,3.141592653589793
-2.205098260432019,-2.205098260432019
