,theta_x,theta_y
0,-1.0224257446920388,-1.0224257446920388
1,-1.5606058400968692,-1.5606058400968692
