,theta_x,theta_y
0,-3.141592653589793,-3.141592653589793
1,-1.3380162594873266,-1.3380162594873266
2,1.9533336473853287,1.9533336473853287
