theta_x,theta_y
-2.9798799516443397,-2.9798799516443397
-0.6715858224647877,-0.6715858224647877
1.540922083224733,1.540922083224733
0.9852702076514894,0.9852702076514894
-2.864629685187337,-2.864629685187337
0.6740501094473316,0.6740501094473316
