,theta_x,theta_y
0,-0.6243433294670171,-0.6243433294670171
1,-0.38878148561252357,-0.38878148561252357
2,-0.4009019470379869,-0.4009019470379869
3,-0.7147851650058128,-0.7147851650058128
4,-0.7371183818930661,-0.7371183818930661
5,-0.6423900999680494,-0.6423900999680494
6,-0.74256307187232,-0.74256307187232
