,theta_x,theta_y
0,-0.16099775163840385,-0.16099775163840385
1,-1.8833794624553832,-1.8833794624553832
2,-1.6845333102374191,-1.6845333102374191
3,-1.7656347716691212,-1.7656347716691212
4,3.0465816455340624,3.0465816455340624
5,3.141592653589793,3.141592653589793
6,0.06093786289540306,0.06093786289540306
7,1.3953138892488797,1.3953138892488797
