theta_x,theta_y
2.064431025327896,2.064431025327896
-0.06501589128856997,-0.06501589128856997
-1.2814347229336154,-1.2814347229336154
-2.1044289451080287,-2.1044289451080287
