,theta_x,theta_y
0,-0.20118976425979324,-0.20118976425979324
