theta_x,theta_y
0.5296561092303891,0.5296561092303891
1.7948899188777407,1.7948899188777407
1.3933631996627525,1.3933631996627525
-1.740386921791058,-1.740386921791058
-1.0782253335118945,-1.0782253335118945
