,theta_x,theta_y
0,1.4999385330447284,1.4999385330447284
1,2.909584454910291,2.909584454910291
2,1.9155285790966026,1.9155285790966026
3,-1.380330067426428,-1.380330067426428
4,-1.1272879559037936,-1.1272879559037936
5,2.5971650056828026,2.5971650056828026
6,-3.141592653589793,-3.141592653589793
