theta_x,theta_y
1.4999385330447284,1.4999385330447284
2.909584454910291,2.909584454910291
1.9155285790966026,1.9155285790966026
-1.380330067426428,-1.380330067426428
-1.1272879559037936,-1.1272879559037936
2.5971650056828026,2.5971650056828026
-3.141592653589793,-3.141592653589793
