,theta_x,theta_y
0,-1.9562763314773997,-1.9562763314773997
1,-3.002383551950056,-3.002383551950056
2,1.6864768458503572,1.6864768458503572
