,theta_x,theta_y
0,-0.2894403268999934,-0.2894403268999934
1,-0.2859483877274424,-0.2859483877274424
2,-0.28609512853229324,-0.28609512853229324
3,-0.30134223591771875,-0.30134223591771875
4,-0.3203622176162811,-0.3203622176162811
5,-0.30910042225296946,-0.30910042225296946
6,-0.32712343119469284,-0.32712343119469284
