theta_x,theta_y
-1.9626361163829866,-1.9626361163829866
3.141592653589793,3.141592653589793
-2.79341003191906,-2.79341003191906
2.798497489170351,2.798497489170351
2.7756228835612777,2.7756228835612777
