,theta_x,theta_y
0,1.284550767005934,1.284550767005934
1,-2.0108152027193724,-2.0108152027193724
2,-1.7853322154937659,-1.7853322154937659
3,-1.9535620710436077,-1.9535620710436077
4,2.007535369982762,2.007535369982762
5,1.893383836859891,1.893383836859891
6,1.382026215578957,1.382026215578957
7,-2.8376922268754927,-2.8376922268754927
8,1.3588704769993027,1.3588704769993027
