,theta_x,theta_y
0,-3.141592653589793,-3.141592653589793
1,-0.9986222852719471,-0.9986222852719471
2,1.170499467393796,1.170499467393796
