,theta_x,theta_y
0,-1.6756131302907613,-1.6756131302907613
1,3.097962989253336,3.097962989253336
2,-1.4144272964122335,-1.4144272964122335
