,theta_x,theta_y
0,3.0266810208396993,3.0266810208396993
1,-0.602854362530882,-0.602854362530882
2,2.8074185034517316,2.8074185034517316
3,-3.141592653589793,-3.141592653589793
4,1.2485113450592926,1.2485113450592926
5,0.11429262397852179,0.11429262397852179
