,theta_x,theta_y
0,-2.132974803513448,-2.132974803513448
1,-3.141592653589793,-3.141592653589793
2,3.11246726332081,3.11246726332081
3,-2.7370008653626843,-2.7370008653626843
4,2.5644082650915094,2.5644082650915094
5,1.4813677048729017,1.4813677048729017
