theta_x,theta_y
-2.6501999760441035,-2.6501999760441035
-3.141592653589793,-3.141592653589793
2.817116567855682,2.817116567855682
-0.4176707220582785,-0.4176707220582785
