,theta_x,theta_y
0,2.7032976941079796,2.7032976941079796
