,theta_x,theta_y
0,1.9133604296099183,1.9133604296099183
1,1.904723099666436,1.904723099666436
