,theta_x,theta_y
0,0.8170056388319393,0.8170056388319393
1,2.4064877751338614,2.4064877751338614
2,1.048131510569711,1.048131510569711
3,2.694060442392249,2.694060442392249
