theta_x,theta_y
2.2072751266181205,2.2072751266181205
0.6888653223956991,0.6888653223956991
