theta_x,theta_y
2.4886382849550395,2.4886382849550395
-0.4178510132260146,-0.4178510132260146
1.250936616822623,1.250936616822623
