,theta_x,theta_y
0,-3.141592653589793,-3.141592653589793
1,-2.078885991722665,-2.078885991722665
2,2.8010749496146916,2.8010749496146916
3,-0.8348805925825301,-0.8348805925825301
4,-0.5417369097221371,-0.5417369097221371
5,2.9490130065688818,2.9490130065688818
6,-3.141592653589793,-3.141592653589793
7,-1.4981002012814255,-1.4981002012814255
8,-3.141592653589793,-3.141592653589793
