,theta_x,theta_y
0,-2.5327807575292343,-2.5327807575292343
1,-2.1875971204956537,-2.1875971204956537
2,2.292709076299595,2.292709076299595
3,0.7838185065010612,0.7838185065010612
4,-2.610460221005584,-2.610460221005584
