,theta_x,theta_y
0,-0.14836123130649595,-0.14836123130649595
1,3.0279707579740394,3.0279707579740394
2,-2.232298097814062,-2.232298097814062
3,2.825672960851342,2.825672960851342
4,-1.3339097884401467,-1.3339097884401467
5,-0.6443255821625428,-0.6443255821625428
6,2.227269065697441,2.227269065697441
7,-0.7543653502688029,-0.7543653502688029
8,0.24462056975868898,0.24462056975868898
