,theta_x,theta_y
0,-0.6779949839544384,-0.6779949839544384
1,2.9168923379493665,2.9168923379493665
2,-1.4281175878853782,-1.4281175878853782
3,2.17938783731667,2.17938783731667
