theta_x,theta_y
2.201645969682557,2.201645969682557
-0.2378386096786938,-0.2378386096786938
-0.10871619916825138,-0.10871619916825138
0.28780430137396007,0.28780430137396007
-0.19823206353131323,-0.19823206353131323
3.141592653589793,3.141592653589793
3.141592653589793,3.141592653589793
3.141592653589793,3.141592653589793
-2.87500961325555,-2.87500961325555
