theta_x,theta_y
2.4467602548515375,2.4467602548515375
