,theta_x,theta_y
0,2.4467602548515375,2.4467602548515375
