,theta_x,theta_y
0,-1.8423929955994147,-1.8423929955994147
1,1.8255491813069984,1.8255491813069984
2,-1.1294928268401456,-1.1294928268401456
3,2.455104934293025,2.455104934293025
4,2.668734128016863,2.668734128016863
5,-0.920647454418687,-0.920647454418687
6,0.9821846235482963,0.9821846235482963
