,theta_x,theta_y
0,-0.4464463772024212,-0.4464463772024212
