,theta_x,theta_y
0,-0.3409733775395717,-0.3409733775395717
1,3.141592653589793,3.141592653589793
2,-0.3487621318454192,-0.3487621318454192
3,-0.23887240999546194,-0.23887240999546194
4,-0.3166933846400643,-0.3166933846400643
5,-0.42493315281032734,-0.42493315281032734
6,-0.432965076338308,-0.432965076338308
7,-0.5118889524307225,-0.5118889524307225
