,theta_x,theta_y
0,1.1409936185179472,1.1409936185179472
1,1.0581665586890787,1.0581665586890787
2,0.9805076272915069,0.9805076272915069
3,-3.141592653589793,-3.141592653589793
4,0.9138330081368435,0.9138330081368435
