theta_x,theta_y
1.4013898815153993,1.4013898815153993
1.428734089524629,1.428734089524629
1.0549130571937435,1.0549130571937435
