theta_x,theta_y
-0.11987481682047935,-0.11987481682047935
1.7905905650321716,1.7905905650321716
0.7779437435835465,0.7779437435835465
-1.5295885012602226,-1.5295885012602226
-1.3396347556700259,-1.3396347556700259
1.3736772520962623,1.3736772520962623
-1.7366907320023475,-1.7366907320023475
2.3251460373264514,2.3251460373264514
