theta_x,theta_y
0.45489945662836295,0.45489945662836295
-1.961121491079428,-1.961121491079428
-3.073590023688429,-3.073590023688429
1.9031700784359724,1.9031700784359724
2.295759709239115,2.295759709239115
-3.141592653589793,-3.141592653589793
