theta_x,theta_y
0.5083581538613468,0.5083581538613468
0.4485518855788878,0.4485518855788878
-0.13171016423403864,-0.13171016423403864
-0.5879431471070485,-0.5879431471070485
-3.0372397411906795,-3.0372397411906795
0.02041566865305662,0.02041566865305662
