,theta_x,theta_y
0,-2.8301979269902837,-2.8301979269902837
1,-1.7705905981333538,-1.7705905981333538
2,1.8904206906105057,1.8904206906105057
3,0.9086369374418359,0.9086369374418359
