theta_x,theta_y
1.003575848029483,1.003575848029483
1.3866413029991354,1.3866413029991354
-2.973429739685073,-2.973429739685073
-3.1071828139095565,-3.1071828139095565
0.41522175693019914,0.41522175693019914
1.0269414292081505,1.0269414292081505
2.0137509385701016,2.0137509385701016
