,theta_x,theta_y
0,2.153292093919765,2.153292093919765
1,0.33829897103682827,0.33829897103682827
2,2.347120622050652,2.347120622050652
3,-2.8877207274387198,-2.8877207274387198
4,0.6314311423371831,0.6314311423371831
5,-0.19708906265549783,-0.19708906265549783
