,theta_x,theta_y
0,-0.1711572289458841,-0.1711572289458841
1,-0.41073071594294774,-0.41073071594294774
2,-0.5467376475484883,-0.5467376475484883
3,-0.6336018529613154,-0.6336018529613154
4,-0.44621869345705323,-0.44621869345705323
5,-0.6801343552839384,-0.6801343552839384
