,theta_x,theta_y
0,0.7571752072383601,0.7571752072383601
1,0.8024313536630813,0.8024313536630813
2,1.0906944755681807,1.0906944755681807
