,theta_x,theta_y
0,-3.141592653589793,-3.141592653589793
1,-1.8886243097353035,-1.8886243097353035
2,1.609205738117351,1.609205738117351
3,1.367697031427803,1.367697031427803
