,theta_x,theta_y
0,-2.7938728132094552,-2.7938728132094552
1,-1.4454807939232506,-1.4454807939232506
2,1.573148239179026,1.573148239179026
3,0.9100912501126688,0.9100912501126688
