,theta_x,theta_y
0,0.34892373408984506,0.34892373408984506
1,0.16466671096743646,0.16466671096743646
2,0.04341737442353637,0.04341737442353637
3,0.11884640401139764,0.11884640401139764
4,-3.141592653589793,-3.141592653589793
