,theta_x,theta_y
0,1.423952692854785,1.423952692854785
