theta_x,theta_y
3.0291522998454328,3.0291522998454328
0.9832549478234901,0.9832549478234901
-3.130551605189544,-3.130551605189544
-3.141592653589793,-3.141592653589793
2.2578633329519784,2.2578633329519784
2.844568777837731,2.844568777837731
