,theta_x,theta_y
0,1.8001110279676422,1.8001110279676422
1,2.0296829391085165,2.0296829391085165
2,0.37784982961154384,0.37784982961154384
3,-1.3011896184913427,-1.3011896184913427
4,-2.615604990377284,-2.615604990377284
