theta_x,theta_y
3.141592653589793,3.141592653589793
-1.1795209974508338,-1.1795209974508338
-0.15132908026035627,-0.15132908026035627
