,theta_x,theta_y
0,0.9000554880099723,0.9000554880099723
1,-0.28652393572116786,-0.28652393572116786
2,-0.9219429556928742,-0.9219429556928742
3,-0.2923162259985216,-0.2923162259985216
4,-1.2429005105951112,-1.2429005105951112
5,-0.8273914106245115,-0.8273914106245115
6,-1.1372909330113985,-1.1372909330113985
7,-0.737201703406479,-0.737201703406479
