,theta_x,theta_y
0,-2.005198588847547,-2.005198588847547
1,2.7983687569654356,2.7983687569654356
2,-1.5148291437463084,-1.5148291437463084
3,2.5883115161180363,2.5883115161180363
4,3.071710984567721,3.071710984567721
