,theta_x,theta_y
0,-0.4520754250961984,-0.4520754250961984
