theta_x,theta_y
3.141592653589793,3.141592653589793
0.044825642268844224,0.044825642268844224
3.141592653589793,3.141592653589793
-0.4355109528680818,-0.4355109528680818
1.0338131405310464,1.0338131405310464
-0.9900665470389615,-0.9900665470389615
3.141592653589793,3.141592653589793
-0.7536638510117223,-0.7536638510117223
3.141592653589793,3.141592653589793
