,theta_x,theta_y
0,3.141592653589793,3.141592653589793
1,0.044825642268844224,0.044825642268844224
2,3.141592653589793,3.141592653589793
3,-0.4355109528680818,-0.4355109528680818
4,1.0338131405310464,1.0338131405310464
5,-0.9900665470389615,-0.9900665470389615
6,3.141592653589793,3.141592653589793
7,-0.7536638510117223,-0.7536638510117223
8,3.141592653589793,3.141592653589793
