theta_x,theta_y
-0.49610837835023325,-0.49610837835023325
3.141592653589793,3.141592653589793
-0.4155719436134792,-0.4155719436134792
