,theta_x,theta_y
0,2.1963048447744375,2.1963048447744375
1,-1.1778476369164483,-1.1778476369164483
