theta_x,theta_y
1.7169047398109805,1.7169047398109805
2.3071871470483085,2.3071871470483085
