,theta_x,theta_y
0,-1.412593168653102,-1.412593168653102
1,-2.463213853321867,-2.463213853321867
2,-2.1154023800371387,-2.1154023800371387
3,-1.6669506999070887,-1.6669506999070887
4,-1.5372982674416686,-1.5372982674416686
5,-0.342726749611323,-0.342726749611323
6,-0.08444322584144823,-0.08444322584144823
