,theta_x,theta_y
0,-0.6420349084845032,-0.6420349084845032
1,-0.6962550439068308,-0.6962550439068308
2,-0.6573561170955662,-0.6573561170955662
3,-0.623160990319464,-0.623160990319464
4,3.141592653589793,3.141592653589793
