theta_x,theta_y
-3.141592653589793,-3.141592653589793
3.141592653589793,3.141592653589793
-1.3959898457123199,-1.3959898457123199
3.141592653589793,3.141592653589793
