,theta_x,theta_y
0,-1.9147443040833796,-1.9147443040833796
1,-0.9396761208640126,-0.9396761208640126
2,1.7338419346068326,1.7338419346068326
3,-2.3289045756254594,-2.3289045756254594
