,theta_x,theta_y
0,0.3681976228160117,0.3681976228160117
1,0.303541592178685,0.303541592178685
2,0.24920219406281313,0.24920219406281313
3,0.16666103943533112,0.16666103943533112
4,0.12125641670728995,0.12125641670728995
5,0.11425972026048699,0.11425972026048699
6,0.041764016313881734,0.041764016313881734
