theta_x,theta_y
1.4904359931322768,1.4904359931322768
1.1986134096927152,1.1986134096927152
0.9543119063630505,0.9543119063630505
0.7485671768312306,0.7485671768312306
