theta_x,theta_y
-0.36532832597275805,-0.36532832597275805
0.16001722606342206,0.16001722606342206
0.9161919190499329,0.9161919190499329
0.42227894729059384,0.42227894729059384
3.141592653589793,3.141592653589793
