,theta_x,theta_y
0,-1.0012060983041684,-1.0012060983041684
1,-1.6835484707717163,-1.6835484707717163
2,-1.1098482326174013,-1.1098482326174013
3,0.008532997655773228,0.008532997655773228
4,2.7101481451978064,2.7101481451978064
5,1.7178170680058429,1.7178170680058429
