,theta_x,theta_y
0,-0.936428173168724,-0.936428173168724
1,-0.236239610386771,-0.236239610386771
