,theta_x,theta_y
0,1.341055745234891,1.341055745234891
1,2.659502410918427,2.659502410918427
2,-3.058810129409191,-3.058810129409191
3,2.5166245607627,2.5166245607627
4,-2.083667803817644,-2.083667803817644
5,-0.07401740415701678,-0.07401740415701678
6,2.572230055881767,2.572230055881767
