,theta_x,theta_y
0,-0.385973676418776,-0.385973676418776
1,-1.6518126960172406,-1.6518126960172406
2,-1.5993775004248327,-1.5993775004248327
3,-1.339258355229289,-1.339258355229289
4,3.141592653589793,3.141592653589793
5,1.2330291403030984,1.2330291403030984
6,2.192750770308597,2.192750770308597
7,-1.6406655384516966,-1.6406655384516966
8,2.169870273873744,2.169870273873744
9,-2.5897510175404825,-2.5897510175404825
