,theta_x,theta_y
0,0.017986743783763505,0.017986743783763505
1,-0.12837472533733885,-0.12837472533733885
2,-0.26290756736665233,-0.26290756736665233
3,-0.2764994147125563,-0.2764994147125563
