theta_x,theta_y
3.0897261715592412,3.0897261715592412
0.12662422783338978,0.12662422783338978
0.428768420564954,0.428768420564954
-0.2788567955541741,-0.2788567955541741
1.0207928161253332,1.0207928161253332
-0.4471388671937201,-0.4471388671937201
-3.085791589982354,-3.085791589982354
0.0338614377516788,0.0338614377516788
1.3613348879996232,1.3613348879996232
