,theta_x,theta_y
0,-1.8580590660391734,-1.8580590660391734
1,1.9859303180188397,1.9859303180188397
2,-2.9134257356609354,-2.9134257356609354
3,1.9945322972930242,1.9945322972930242
4,1.69507763926503,1.69507763926503
