,theta_x,theta_y
0,1.9816779256000172,1.9816779256000172
1,1.018917620258508,1.018917620258508
2,1.0650586581820034,1.0650586581820034
3,-1.361046550932629,-1.361046550932629
4,-0.8345616758844603,-0.8345616758844603
5,2.083377687208398,2.083377687208398
6,2.2884782893166675,2.2884782893166675
7,-1.3880665024747636,-1.3880665024747636
