theta_x,theta_y
-3.141592653589793,-3.141592653589793
-1.4755908315941544,-1.4755908315941544
1.7046597390191853,1.7046597390191853
-3.108372481487604,-3.108372481487604
