,theta_x,theta_y
0,2.6705513795293987,2.6705513795293987
1,-2.080733393869161,-2.080733393869161
2,0.7347708852125941,0.7347708852125941
3,1.6307444231851198,1.6307444231851198
4,0.6750323265441632,0.6750323265441632
5,2.0678937524544816,2.0678937524544816
6,1.135321238879113,1.135321238879113
7,1.8584676385270147,1.8584676385270147
8,-2.6693045179421664,-2.6693045179421664
9,-0.19084367167142174,-0.19084367167142174
