theta_x,theta_y
-0.5259722887996559,-0.5259722887996559
-0.7178357593069207,-0.7178357593069207
-0.19964892399484369,-0.19964892399484369
-1.6009480320361698,-1.6009480320361698
3.141592653589793,3.141592653589793
