,theta_x,theta_y
0,0.4424476034805695,0.4424476034805695
