,theta_x,theta_y
0,-0.28301931032273614,-0.28301931032273614
1,0.9248497506379031,0.9248497506379031
2,-0.8208114768251364,-0.8208114768251364
3,-0.062447730687086304,-0.062447730687086304
4,-1.8488156075440338,-1.8488156075440338
5,-0.2570710789323333,-0.2570710789323333
