,theta_x,theta_y
0,0.04998894752803448,0.04998894752803448
1,2.978450875122853,2.978450875122853
2,-2.1237272885016405,-2.1237272885016405
3,2.4182348097178603,2.4182348097178603
4,-0.8010998325810963,-0.8010998325810963
5,-0.09490559418333142,-0.09490559418333142
6,2.116870489648307,2.116870489648307
