,theta_x,theta_y
0,0.20578757586927776,0.20578757586927776
1,2.7139669834995472,2.7139669834995472
2,-3.141592653589793,-3.141592653589793
3,1.9758134203282953,1.9758134203282953
4,-0.8068260671735179,-0.8068260671735179
