theta_x,theta_y
0.31163420713270157,0.31163420713270157
2.1681755646438616,2.1681755646438616
0.7391181073236452,0.7391181073236452
