theta_x,theta_y
1.7914163460403976,1.7914163460403976
