theta_x,theta_y
2.865541294370063,2.865541294370063
2.4268679509771434,2.4268679509771434
-3.141592653589793,-3.141592653589793
-3.141592653589793,-3.141592653589793
-3.141592653589793,-3.141592653589793
