,theta_x,theta_y
0,-0.44535871109067326,-0.44535871109067326
