,theta_x,theta_y
0,0.3857337570387416,0.3857337570387416
1,-1.3471523773666472,-1.3471523773666472
2,-1.7386520650416264,-1.7386520650416264
3,-3.104584980496594,-3.104584980496594
4,0.877992282785148,0.877992282785148
5,2.591498685606239,2.591498685606239
6,1.2212165312862902,1.2212165312862902
