,theta_x,theta_y
0,-3.141592653589793,-3.141592653589793
1,-3.141592653589793,-3.141592653589793
2,1.4093631717722976,1.4093631717722976
3,1.7660101015412577,1.7660101015412577
4,-3.141592653589793,-3.141592653589793
5,-1.7245239866354602,-1.7245239866354602
6,0.868422558823116,0.868422558823116
7,-3.141592653589793,-3.141592653589793
8,2.1950898011550386,2.1950898011550386
