,theta_x,theta_y
0,-2.423702984200208,-2.423702984200208
1,2.5332350184244774,2.5332350184244774
2,-3.141592653589793,-3.141592653589793
3,-3.0893061888147666,-3.0893061888147666
