,theta_x,theta_y
0,0.46765785316616176,0.46765785316616176
1,-0.9722510710775905,-0.9722510710775905
2,-3.0315426952209226,-3.0315426952209226
3,-3.141592653589793,-3.141592653589793
4,1.3963183469395228,1.3963183469395228
5,1.9531843692359439,1.9531843692359439
6,0.7845340239438976,0.7845340239438976
7,1.2632446620901823,1.2632446620901823
8,0.7407615170367599,0.7407615170367599
9,2.0267879572054897,2.0267879572054897
