,theta_x,theta_y
0,-3.0418689470369933,-3.0418689470369933
1,-3.141592653589793,-3.141592653589793
2,2.526444093965557,2.526444093965557
