,theta_x,theta_y
0,1.0000106009876606,1.0000106009876606
1,0.9611937815234368,0.9611937815234368
2,0.8878721150330638,0.8878721150330638
3,-3.141592653589793,-3.141592653589793
4,0.9582860752765442,0.9582860752765442
5,0.9669624819579388,0.9669624819579388
