theta_x,theta_y
-1.512852507372163,-1.512852507372163
3.141592653589793,3.141592653589793
