,theta_x,theta_y
0,-1.512852507372163,-1.512852507372163
1,3.141592653589793,3.141592653589793
