theta_x,theta_y
0.30297956513185503,0.30297956513185503
3.141592653589793,3.141592653589793
1.9304231323980272,1.9304231323980272
-0.8865069907150658,-0.8865069907150658
-2.081572116431173,-2.081572116431173
3.141592653589793,3.141592653589793
-3.141592653589793,-3.141592653589793
2.478855296053619,2.478855296053619
2.1055855871338363,2.1055855871338363
1.059265994655501,1.059265994655501
