,theta_x,theta_y
0,0.30297956513185503,0.30297956513185503
1,3.141592653589793,3.141592653589793
2,1.9304231323980272,1.9304231323980272
3,-0.8865069907150658,-0.8865069907150658
4,-2.081572116431173,-2.081572116431173
5,3.141592653589793,3.141592653589793
6,-3.141592653589793,-3.141592653589793
7,2.478855296053619,2.478855296053619
8,2.1055855871338363,2.1055855871338363
9,1.059265994655501,1.059265994655501
