,theta_x,theta_y
0,0.8703381330390666,0.8703381330390666
1,2.1117903556900828,2.1117903556900828
2,0.9519762279768695,0.9519762279768695
