theta_x,theta_y
0.7110299220581705,0.7110299220581705
-1.072655492745266,-1.072655492745266
-2.492039234964682,-2.492039234964682
-2.799605541569227,-2.799605541569227
1.9499459638747938,1.9499459638747938
2.4794319618678364,2.4794319618678364
0.7157011795890593,0.7157011795890593
1.1828381299708781,1.1828381299708781
0.3090519759909558,0.3090519759909558
