,theta_x,theta_y
0,-0.537747300768159,-0.537747300768159
1,3.141592653589793,3.141592653589793
2,-3.141592653589793,-3.141592653589793
3,2.8226780984359774,2.8226780984359774
4,-2.397406623225803,-2.397406623225803
5,-0.8276669258968672,-0.8276669258968672
6,1.9128699429923932,1.9128699429923932
