theta_x,theta_y
2.2366560206771444,2.2366560206771444
