,theta_x,theta_y
0,-0.7599066682612556,-0.7599066682612556
1,-1.6071608955836203,-1.6071608955836203
2,-1.4459652819543007,-1.4459652819543007
