theta_x,theta_y
-3.141592653589793,-3.141592653589793
3.141592653589793,3.141592653589793
-1.3331987713787068,-1.3331987713787068
3.141592653589793,3.141592653589793
