,theta_x,theta_y
0,-0.09678803627347407,-0.09678803627347407
1,3.141592653589793,3.141592653589793
2,-2.6776752964123163,-2.6776752964123163
3,2.4839487029009546,2.4839487029009546
