,theta_x,theta_y
0,2.4979829554640505,2.4979829554640505
1,0.33479658629936426,0.33479658629936426
2,2.6314281064570704,2.6314281064570704
3,-2.629385247888081,-2.629385247888081
4,0.8849845280000426,0.8849845280000426
5,-0.5835649160168463,-0.5835649160168463
