,theta_x,theta_y
0,1.6659459468961741,1.6659459468961741
1,0.6666819530253346,0.6666819530253346
2,1.5503137349399576,1.5503137349399576
3,-2.673213561335273,-2.673213561335273
4,-0.26064072700298335,-0.26064072700298335
5,0.7155132459307159,0.7155132459307159
