,theta_x,theta_y
0,-0.2726781315064402,-0.2726781315064402
1,-0.6500249178296836,-0.6500249178296836
