theta_x,theta_y
0.9933262382573642,0.9933262382573642
0.7933193406354883,0.7933193406354883
0.7245902356823488,0.7245902356823488
-3.141592653589793,-3.141592653589793
0.607433173774329,0.607433173774329
