,theta_x,theta_y
0,0.2946136128070233,0.2946136128070233
1,-1.5331191241273547,-1.5331191241273547
2,-3.141592653589793,-3.141592653589793
3,-3.141592653589793,-3.141592653589793
4,1.6185390517213165,1.6185390517213165
5,1.141647684961747,1.141647684961747
6,1.9639506687755717,1.9639506687755717
7,2.7700999034162668,2.7700999034162668
8,1.0796325800554203,1.0796325800554203
9,2.324785178074673,2.324785178074673
