theta_x,theta_y
1.0195992736464512,1.0195992736464512
1.009259517527342,1.009259517527342
1.0451897707667102,1.0451897707667102
1.0086334812871613,1.0086334812871613
1.0566906217098953,1.0566906217098953
0.9990681193755709,0.9990681193755709
-3.141592653589793,-3.141592653589793
0.9940585779855552,0.9940585779855552
1.026293602770383,1.026293602770383
