theta_x,theta_y
1.2678330103726831,1.2678330103726831
2.2122426094081855,2.2122426094081855
-2.075787827318465,-2.075787827318465
1.9543260434590903,1.9543260434590903
0.1358709977590253,0.1358709977590253
0.7160388260468283,0.7160388260468283
1.4555564851387726,1.4555564851387726
0.3849752593420117,0.3849752593420117
0.4974670614840149,0.4974670614840149
