theta_x,theta_y
-0.027053249072873993,-0.027053249072873993
3.141592653589793,3.141592653589793
-2.585712838747681,-2.585712838747681
2.831652105062999,2.831652105062999
-1.6042998090479028,-1.6042998090479028
-0.28720996519792713,-0.28720996519792713
1.9718071350704338,1.9718071350704338
-0.31252042031805705,-0.31252042031805705
0.7556393666153843,0.7556393666153843
