,theta_x,theta_y
0,0.3913302458373069,0.3913302458373069
1,0.3093027072049539,0.3093027072049539
