theta_x,theta_y
3.0629353251442932,3.0629353251442932
2.4473956332144384,2.4473956332144384
1.7984538310090632,1.7984538310090632
-3.141592653589793,-3.141592653589793
-3.141592653589793,-3.141592653589793
-1.3718432391239666,-1.3718432391239666
0.7498089457747044,0.7498089457747044
-3.141592653589793,-3.141592653589793
