theta_x,theta_y
-3.059992816979293,-3.059992816979293
-3.141592653589793,-3.141592653589793
2.1413441728774485,2.1413441728774485
-3.141592653589793,-3.141592653589793
-0.5614811446587008,-0.5614811446587008
2.6307442926161935,2.6307442926161935
-2.9409423203920984,-2.9409423203920984
-1.7903207840451842,-1.7903207840451842
