,theta_x,theta_y
0,3.1074313773075923,3.1074313773075923
1,2.4740123850130717,2.4740123850130717
2,1.3249478888499653,1.3249478888499653
3,-0.2986549480499657,-0.2986549480499657
4,-3.141592653589793,-3.141592653589793
5,-2.7506599582634172,-2.7506599582634172
6,-2.0678828958967497,-2.0678828958967497
7,-3.141592653589793,-3.141592653589793
