theta_x,theta_y
3.1074313773075923,3.1074313773075923
2.4740123850130717,2.4740123850130717
1.3249478888499653,1.3249478888499653
-0.2986549480499657,-0.2986549480499657
-3.141592653589793,-3.141592653589793
-2.7506599582634172,-2.7506599582634172
-2.0678828958967497,-2.0678828958967497
-3.141592653589793,-3.141592653589793
