,theta_x,theta_y
0,2.738997766052094,2.738997766052094
1,0.11901422012743497,0.11901422012743497
2,2.929030080789565,2.929030080789565
3,-2.766774568595057,-2.766774568595057
4,0.7785459219165735,0.7785459219165735
5,-0.7569899721616311,-0.7569899721616311
6,1.8867820708054277,1.8867820708054277
7,-2.1199421081562,-2.1199421081562
8,2.2608012824758292,2.2608012824758292
