,theta_x,theta_y
0,1.6310679031665083,1.6310679031665083
1,1.8195146312283987,1.8195146312283987
2,0.42739974256424984,0.42739974256424984
3,-1.5390300729067576,-1.5390300729067576
4,-2.9225406416584163,-2.9225406416584163
