theta_x,theta_y
-1.6011345647493291,-1.6011345647493291
-0.9935534718289004,-0.9935534718289004
-0.3037604537095865,-0.3037604537095865
-3.141592653589793,-3.141592653589793
-0.978411818621137,-0.978411818621137
-3.141592653589793,-3.141592653589793
