,theta_x,theta_y
0,1.3490233007659982,1.3490233007659982
1,0.6780909811884972,0.6780909811884972
2,2.346270734643587,2.346270734643587
3,-1.9281760493405111,-1.9281760493405111
4,1.491394827172536,1.491394827172536
5,-0.8210022721768603,-0.8210022721768603
