theta_x,theta_y
0.6738580689718298,0.6738580689718298
0.6185352179147257,0.6185352179147257
0.5879922175258778,0.5879922175258778
