theta_x,theta_y
1.3994639714111914,1.3994639714111914
0.49492767978664864,0.49492767978664864
0.540473334040087,0.540473334040087
-1.405792990678919,-1.405792990678919
-3.141592653589793,-3.141592653589793
0.13032551260077074,0.13032551260077074
0.48538874241405394,0.48538874241405394
