,theta_x,theta_y
0,0.6898129414593928,0.6898129414593928
1,0.9565497435429127,0.9565497435429127
2,0.4516179357615033,0.4516179357615033
3,-0.14562550775502037,-0.14562550775502037
4,-3.141592653589793,-3.141592653589793
5,0.32962075483150344,0.32962075483150344
