theta_x,theta_y
-1.7768067915676653,-1.7768067915676653
3.022536937384845,3.022536937384845
-2.8295384122584646,-2.8295384122584646
2.572437264043736,2.572437264043736
