,theta_x,theta_y
0,-1.7768067915676653,-1.7768067915676653
1,3.022536937384845,3.022536937384845
2,-2.8295384122584646,-2.8295384122584646
3,2.572437264043736,2.572437264043736
