theta_x,theta_y
-0.3269344865147938,-0.3269344865147938
-0.6608215342081867,-0.6608215342081867
2.005167363811341,2.005167363811341
-3.019586902048202,-3.019586902048202
1.4408546028006484,1.4408546028006484
0.8472528680394948,0.8472528680394948
-1.156339135668726,-1.156339135668726
-3.117070096931291,-3.117070096931291
