,theta_x,theta_y
0,-2.259331039197063,-2.259331039197063
1,1.2671548763815792,1.2671548763815792
2,-1.9660570054817734,-1.9660570054817734
3,2.8461523508536963,2.8461523508536963
4,1.948471327267389,1.948471327267389
5,1.4535800421394156,1.4535800421394156
