,theta_x,theta_y
0,0.12240317676900783,0.12240317676900783
1,-0.49376421262982945,-0.49376421262982945
2,-0.9145247434082359,-0.9145247434082359
3,-1.2371817124629616,-1.2371817124629616
