,theta_x,theta_y
0,2.4766995557193603,2.4766995557193603
1,1.3449701319347345,1.3449701319347345
2,0.7843446727369708,0.7843446727369708
3,0.14601918116148668,0.14601918116148668
4,-3.030043369701016,-3.030043369701016
5,0.4848786247893572,0.4848786247893572
6,-0.369059147127564,-0.369059147127564
7,-1.6935112721529684,-1.6935112721529684
