,theta_x,theta_y
0,0.33075566455374406,0.33075566455374406
1,3.141592653589793,3.141592653589793
2,1.1113924636079706,1.1113924636079706
