,theta_x,theta_y
0,3.141592653589793,3.141592653589793
1,1.8935070381892083,1.8935070381892083
2,0.9721104617325252,0.9721104617325252
3,-3.141592653589793,-3.141592653589793
4,-3.141592653589793,-3.141592653589793
5,0.8195779520950837,0.8195779520950837
6,1.0635249474780133,1.0635249474780133
7,-3.141592653589793,-3.141592653589793
8,-3.141592653589793,-3.141592653589793
