,theta_x,theta_y
0,-1.385471806068349,-1.385471806068349
1,-2.600071074083356,-2.600071074083356
2,2.8187952399245515,2.8187952399245515
3,-3.141592653589793,-3.141592653589793
