,theta_x,theta_y
0,-0.07267838506637592,-0.07267838506637592
1,3.141592653589793,3.141592653589793
2,-3.0024983106531438,-3.0024983106531438
3,2.4848674441992027,2.4848674441992027
4,-3.054124542495654,-3.054124542495654
5,-0.09645154568189611,-0.09645154568189611
6,1.7765083730572357,1.7765083730572357
7,-0.088580911411417,-0.088580911411417
8,1.5364809733740763,1.5364809733740763
