theta_x,theta_y
0.21411113508089166,0.21411113508089166
3.141592653589793,3.141592653589793
-1.790391641594114,-1.790391641594114
2.96643843380861,2.96643843380861
-0.7333940426292875,-0.7333940426292875
-0.0984353163413702,-0.0984353163413702
2.964565758506037,2.964565758506037
-0.3511214267137436,-0.3511214267137436
