,theta_x,theta_y
0,0.21411113508089166,0.21411113508089166
1,3.141592653589793,3.141592653589793
2,-1.790391641594114,-1.790391641594114
3,2.96643843380861,2.96643843380861
4,-0.7333940426292875,-0.7333940426292875
5,-0.0984353163413702,-0.0984353163413702
6,2.964565758506037,2.964565758506037
7,-0.3511214267137436,-0.3511214267137436
