,theta_x,theta_y
0,-1.1440989768493741,-1.1440989768493741
1,-1.6382436939784715,-1.6382436939784715
2,2.590188002749037,2.590188002749037
3,-2.810444040414902,-2.810444040414902
4,1.2910731902438064,1.2910731902438064
5,1.0596499675537503,1.0596499675537503
6,-1.3774982559251003,-1.3774982559251003
7,-3.0674377748008794,-3.0674377748008794
