,theta_x,theta_y
0,-3.141592653589793,-3.141592653589793
1,-1.4900962740819947,-1.4900962740819947
