,theta_x,theta_y
0,2.5511436668302694,2.5511436668302694
1,1.4485441818736806,1.4485441818736806
2,0.8241028927580151,0.8241028927580151
3,-0.6189097852679853,-0.6189097852679853
