,theta_x,theta_y
0,-3.141592653589793,-3.141592653589793
1,-2.6327730335306,-2.6327730335306
2,0.5166619354329512,0.5166619354329512
3,1.5312129360820783,1.5312129360820783
4,-3.1414295228563396,-3.1414295228563396
