theta_x,theta_y
0.7065289275959301,0.7065289275959301
-0.4596303042346912,-0.4596303042346912
-2.3334615976548574,-2.3334615976548574
-2.852803920790396,-2.852803920790396
1.6712887291262646,1.6712887291262646
2.069916026686583,2.069916026686583
0.7418923772578255,0.7418923772578255
0.8448757888779886,0.8448757888779886
0.37317541709449814,0.37317541709449814
