,theta_x,theta_y
0,0.2188756456223468,0.2188756456223468
1,-0.920177024668476,-0.920177024668476
2,-2.857526116321534,-2.857526116321534
