theta_x,theta_y
2.0667874429071253,2.0667874429071253
1.59937122621417,1.59937122621417
1.5387707380893105,1.5387707380893105
-3.141592653589793,-3.141592653589793
1.5259223760584928,1.5259223760584928
-0.4198696912696466,-0.4198696912696466
1.730667211906849,1.730667211906849
-3.141592653589793,-3.141592653589793
