,theta_x,theta_y
0,0.5588699314189106,0.5588699314189106
1,-1.3606275480324332,-1.3606275480324332
2,-1.2080685940920164,-1.2080685940920164
3,-0.462166462929275,-0.462166462929275
