theta_x,theta_y
-0.17809959142967083,-0.17809959142967083
2.2471177612769004,2.2471177612769004
1.122786508327416,1.122786508327416
-1.3515248366627735,-1.3515248366627735
-1.0838072219864578,-1.0838072219864578
2.2920324425213816,2.2920324425213816
-1.9227133077557903,-1.9227133077557903
1.8095645831857974,1.8095645831857974
0.9473093755491989,0.9473093755491989
-0.6693607449544979,-0.6693607449544979
