,theta_x,theta_y
0,0.2001232609049493,0.2001232609049493
1,-2.002824738403602,-2.002824738403602
2,-2.1310620148337334,-2.1310620148337334
3,-0.793428602790902,-0.793428602790902
4,3.141592653589793,3.141592653589793
5,2.5882590966506513,2.5882590966506513
