,theta_x,theta_y
0,-1.5743850426261394,-1.5743850426261394
1,-2.933575293378154,-2.933575293378154
