theta_x,theta_y
-0.9581952563837317,-0.9581952563837317
-3.121359291772824,-3.121359291772824
3.129557533755022,3.129557533755022
1.8836163254663651,1.8836163254663651
-2.5592805256944655,-2.5592805256944655
-0.8737233610004125,-0.8737233610004125
-2.2338451595315116,-2.2338451595315116
-3.076280657838129,-3.076280657838129
