theta_x,theta_y
-1.93202218719848,-1.93202218719848
-3.141592653589793,-3.141592653589793
2.8164236235264375,2.8164236235264375
2.0951864947864514,2.0951864947864514
-3.141592653589793,-3.141592653589793
3.079295902092201,3.079295902092201
-2.570303062031583,-2.570303062031583
