,theta_x,theta_y
0,2.825283966316852,2.825283966316852
1,0.5642618333726953,0.5642618333726953
2,2.864132185250716,2.864132185250716
3,-2.250118770362423,-2.250118770362423
