theta_x,theta_y
-1.3697412893320795,-1.3697412893320795
-2.303069648738208,-2.303069648738208
