theta_x,theta_y
1.6689384924532977,1.6689384924532977
1.6169068777647968,1.6169068777647968
0.28071839773693613,0.28071839773693613
-1.0179795677663301,-1.0179795677663301
-2.8843117754036176,-2.8843117754036176
-0.36502228263082803,-0.36502228263082803
-0.26230785114230604,-0.26230785114230604
-2.875221384948944,-2.875221384948944
-2.9552842983641088,-2.9552842983641088
2.8703186592974594,2.8703186592974594
