theta_x,theta_y
0.0742774586236478,0.0742774586236478
