,theta_x,theta_y
0,-3.141592653589793,-3.141592653589793
1,2.8534824266453462,2.8534824266453462
2,-3.141592653589793,-3.141592653589793
