theta_x,theta_y
-3.141592653589793,-3.141592653589793
2.8534824266453462,2.8534824266453462
-3.141592653589793,-3.141592653589793
