,theta_x,theta_y
0,0.502496249708933,0.502496249708933
1,-1.247941817694566,-1.247941817694566
2,-1.9143195778306048,-1.9143195778306048
3,-2.526017622233022,-2.526017622233022
4,2.9360199744017628,2.9360199744017628
5,2.430997278688907,2.430997278688907
6,1.4438151548094762,1.4438151548094762
