theta_x,theta_y
-0.4255665431915922,-0.4255665431915922
2.0938035745349675,2.0938035745349675
0.735679939734985,0.735679939734985
0.07539819150215153,0.07539819150215153
-0.6472772053457458,-0.6472772053457458
0.39346063263481007,0.39346063263481007
-0.9645695791985315,-0.9645695791985315
-0.663486676034351,-0.663486676034351
