theta_x,theta_y
2.0676984107577723,2.0676984107577723
-2.851489650474037,-2.851489650474037
1.92987823168234,1.92987823168234
-0.1772145963468421,-0.1772145963468421
0.9858990739349011,0.9858990739349011
-2.727018722101854,-2.727018722101854
-3.141592653589793,-3.141592653589793
-2.8638164649236506,-2.8638164649236506
0.18060719396112507,0.18060719396112507
