theta_x,theta_y
2.7352784987421823,2.7352784987421823
