,theta_x,theta_y
0,2.6660774918609382,2.6660774918609382
1,-1.212943919303707,-1.212943919303707
2,-0.2796999840531999,-0.2796999840531999
3,1.5733885209695695,1.5733885209695695
4,0.707267882696233,0.707267882696233
5,2.968566210984031,2.968566210984031
6,2.639799377706419,2.639799377706419
7,2.873617382287159,2.873617382287159
8,-2.408166879633167,-2.408166879633167
9,-0.6731435358929947,-0.6731435358929947
