theta_x,theta_y
0.6412271184016382,0.6412271184016382
2.8378158496865233,2.8378158496865233
1.5926759178548777,1.5926759178548777
-1.3104697265905494,-1.3104697265905494
-1.175618991047937,-1.175618991047937
2.6725682600531404,2.6725682600531404
