,theta_x,theta_y
0,2.702924542694122,2.702924542694122
1,2.2961051146105103,2.2961051146105103
