theta_x,theta_y
1.138773284112176,1.138773284112176
-0.6868250550380091,-0.6868250550380091
-1.3824408448509748,-1.3824408448509748
-1.7802627657093275,-1.7802627657093275
3.141592653589793,3.141592653589793
1.6430829116686154,1.6430829116686154
1.3059545221331343,1.3059545221331343
