,theta_x,theta_y
0,-2.5598456141702277,-2.5598456141702277
1,-2.575645552613602,-2.575645552613602
2,2.5959913524930456,2.5959913524930456
3,-2.7739278960678004,-2.7739278960678004
4,1.5743222377528447,1.5743222377528447
5,2.5690480516087986,2.5690480516087986
