,theta_x,theta_y
0,1.3483245471571677,1.3483245471571677
1,0.44829424271126156,0.44829424271126156
2,-2.532883142550926,-2.532883142550926
3,0.2664554728305208,0.2664554728305208
4,1.548667370489728,1.548667370489728
5,1.612861204601652,1.612861204601652
