,theta_x,theta_y
0,-0.27870610807275675,-0.27870610807275675
1,-0.9718111854097103,-0.9718111854097103
2,1.2293391336812831,1.2293391336812831
3,2.9163242501248723,2.9163242501248723
4,2.274109224586085,2.274109224586085
