,theta_x,theta_y
0,-1.3145844826443707,-1.3145844826443707
1,-1.4729978600034022,-1.4729978600034022
2,0.8578205289946168,0.8578205289946168
3,-0.056764210092077216,-0.056764210092077216
4,2.7673539035544006,2.7673539035544006
5,1.3219513293093732,1.3219513293093732
