theta_x,theta_y
0.06923066926615411,0.06923066926615411
-2.3850056873709087,-2.3850056873709087
-2.5197052598254763,-2.5197052598254763
2.5620205869732575,2.5620205869732575
2.766425531484959,2.766425531484959
-3.141592653589793,-3.141592653589793
-3.141592653589793,-3.141592653589793
-2.806204584474323,-2.806204584474323
