,theta_x,theta_y
0,1.4347352494275123,1.4347352494275123
