,theta_x,theta_y
0,1.2362147934861023,1.2362147934861023
1,1.1662481257832595,1.1662481257832595
2,1.1015069099027663,1.1015069099027663
3,0.9385620412611807,0.9385620412611807
4,-3.141592653589793,-3.141592653589793
5,1.0504878938371367,1.0504878938371367
6,0.9907031522009354,0.9907031522009354
7,-3.141592653589793,-3.141592653589793
8,-3.141592653589793,-3.141592653589793
9,0.8869665365771805,0.8869665365771805
