theta_x,theta_y
-3.141592653589793,-3.141592653589793
-2.2782321035111055,-2.2782321035111055
