,theta_x,theta_y
0,0.14256784886447277,0.14256784886447277
1,3.141592653589793,3.141592653589793
