theta_x,theta_y
0.022586100093718454,0.022586100093718454
0.997594761348814,0.997594761348814
-1.1723695841041144,-1.1723695841041144
-0.689898411607922,-0.689898411607922
-2.5917221521037512,-2.5917221521037512
0.6305534765265698,0.6305534765265698
0.5424550615259005,0.5424550615259005
-1.8641952775833839,-1.8641952775833839
