,theta_x,theta_y
0,2.4833101522093877,2.4833101522093877
1,2.305205082900773,2.305205082900773
2,1.1045082014266812,1.1045082014266812
3,-0.8352554343741048,-0.8352554343741048
4,-2.9082298638671875,-2.9082298638671875
5,0.03334271364527546,0.03334271364527546
6,0.10402865246347884,0.10402865246347884
7,-2.8029399163606126,-2.8029399163606126
8,-2.9595187811137054,-2.9595187811137054
9,2.8693924086552896,2.8693924086552896
