,theta_x,theta_y
0,2.4949439633794324,2.4949439633794324
1,-3.141592653589793,-3.141592653589793
2,-3.141592653589793,-3.141592653589793
3,-3.141592653589793,-3.141592653589793
