,theta_x,theta_y
0,-2.4008846816907123,-2.4008846816907123
1,-1.8167924001184508,-1.8167924001184508
2,2.173829255052741,2.173829255052741
3,0.5896033434871575,0.5896033434871575
4,-2.4349244443866978,-2.4349244443866978
5,-0.49685386782096375,-0.49685386782096375
6,-0.35035005024007326,-0.35035005024007326
7,-2.2257837461067522,-2.2257837461067522
8,1.690557623001452,1.690557623001452
9,-2.391806293415582,-2.391806293415582
