theta_x,theta_y
0.9645426179827276,0.9645426179827276
