,theta_x,theta_y
0,-0.378336703246266,-0.378336703246266
1,-0.8970052754519137,-0.8970052754519137
2,2.6204829339520113,2.6204829339520113
3,-0.7900909372187324,-0.7900909372187324
4,-0.8127435146068793,-0.8127435146068793
5,-1.6089658224268304,-1.6089658224268304
6,-1.7801551576814647,-1.7801551576814647
7,-1.4594056055929348,-1.4594056055929348
8,1.2094655061025972,1.2094655061025972
9,-1.313830763707359,-1.313830763707359
