,theta_x,theta_y
0,0.9683920944899962,0.9683920944899962
1,-2.0275536976948554,-2.0275536976948554
2,-2.871429603184466,-2.871429603184466
3,-3.141592653589793,-3.141592653589793
4,2.191546953236572,2.191546953236572
5,1.9491066498188414,1.9491066498188414
