,theta_x,theta_y
0,-0.18035370021470176,-0.18035370021470176
1,-0.817696604540147,-0.817696604540147
2,-0.6361448067756383,-0.6361448067756383
3,-0.809398464282556,-0.809398464282556
