,theta_x,theta_y
0,1.8051671109645406,1.8051671109645406
1,1.2210073180786536,1.2210073180786536
2,1.021109268966809,1.021109268966809
3,-0.32716766823900423,-0.32716766823900423
4,-3.141592653589793,-3.141592653589793
5,0.3449789453063582,0.3449789453063582
6,0.25907084942081704,0.25907084942081704
