,theta_x,theta_y
0,1.5087548233399635,1.5087548233399635
1,1.4736379711954757,1.4736379711954757
2,1.4033541331470447,1.4033541331470447
3,-3.141592653589793,-3.141592653589793
4,1.5244781488916386,1.5244781488916386
