theta_x,theta_y
3.0348673610526875,3.0348673610526875
0.5497303927878566,0.5497303927878566
3.1111283387582733,3.1111283387582733
-2.244549227270626,-2.244549227270626
1.0845196598111226,1.0845196598111226
0.07563787209045048,0.07563787209045048
1.200754266366625,1.200754266366625
-0.9456221599399197,-0.9456221599399197
1.9180131070755526,1.9180131070755526
