theta_x,theta_y
-3.141592653589793,-3.141592653589793
-1.8291637223476438,-1.8291637223476438
1.471175817102057,1.471175817102057
1.257306388589704,1.257306388589704
-3.141592653589793,-3.141592653589793
-0.0780330756193508,-0.0780330756193508
