,theta_x,theta_y
0,-3.141592653589793,-3.141592653589793
1,-1.8291637223476438,-1.8291637223476438
2,1.471175817102057,1.471175817102057
3,1.257306388589704,1.257306388589704
4,-3.141592653589793,-3.141592653589793
5,-0.0780330756193508,-0.0780330756193508
