,theta_x,theta_y
0,-3.1295474839827606,-3.1295474839827606
1,3.141592653589793,3.141592653589793
2,-2.571877583428979,-2.571877583428979
3,1.1312378961235876,1.1312378961235876
