,theta_x,theta_y
0,0.37212123286345944,0.37212123286345944
1,2.402822029824635,2.402822029824635
2,-2.430122079584592,-2.430122079584592
3,2.544890292327398,2.544890292327398
4,-0.8158188130241152,-0.8158188130241152
5,-0.04187728791321943,-0.04187728791321943
6,1.6116017586908535,1.6116017586908535
