,theta_x,theta_y
0,2.4205534587444193,2.4205534587444193
1,0.4628065842637751,0.4628065842637751
2,0.24441792039143068,0.24441792039143068
3,0.2234694640492198,0.2234694640492198
4,0.17930314091044508,0.17930314091044508
5,0.5117666584549376,0.5117666584549376
6,-3.141592653589793,-3.141592653589793
7,-0.09704430831510166,-0.09704430831510166
