theta_x,theta_y
2.4205534587444193,2.4205534587444193
0.4628065842637751,0.4628065842637751
0.24441792039143068,0.24441792039143068
0.2234694640492198,0.2234694640492198
0.17930314091044508,0.17930314091044508
0.5117666584549376,0.5117666584549376
-3.141592653589793,-3.141592653589793
-0.09704430831510166,-0.09704430831510166
