,theta_x,theta_y
0,0.8139826017781094,0.8139826017781094
1,-1.4720529853079862,-1.4720529853079862
2,-1.294825388703079,-1.294825388703079
3,-1.1174915498997409,-1.1174915498997409
4,3.001725485774554,3.001725485774554
5,1.5942530306276985,1.5942530306276985
6,1.8067861527388749,1.8067861527388749
7,-1.7868689355289855,-1.7868689355289855
8,1.7811134827078265,1.7811134827078265
9,-2.954797502869617,-2.954797502869617
