,theta_x,theta_y
0,2.9758881894505036,2.9758881894505036
1,1.1523479167504,1.1523479167504
2,1.2512334607946043,1.2512334607946043
3,0.5919177336028719,0.5919177336028719
