,theta_x,theta_y
0,-0.6282682020122343,-0.6282682020122343
