,theta_x,theta_y
0,-0.4226645743347005,-0.4226645743347005
1,3.1281342900802946,3.1281342900802946
2,-1.3656926942573935,-1.3656926942573935
3,2.5950481306600293,2.5950481306600293
4,-0.8404010805230215,-0.8404010805230215
