,theta_x,theta_y
0,-0.054537977942393415,-0.054537977942393415
1,2.6662502354113102,2.6662502354113102
2,-2.529130478747212,-2.529130478747212
3,2.438568775910997,2.438568775910997
4,-0.7080478533137435,-0.7080478533137435
5,-0.23935290206786167,-0.23935290206786167
6,1.6611248755344385,1.6611248755344385
