,theta_x,theta_y
0,-1.2778987152943,-1.2778987152943
1,-2.4703288925291904,-2.4703288925291904
2,-1.9047693254706457,-1.9047693254706457
3,-0.3226996670687109,-0.3226996670687109
4,3.05066449206777,3.05066449206777
5,0.6616446500503369,0.6616446500503369
6,2.3959781948136802,2.3959781948136802
7,-1.591531527888369,-1.591531527888369
8,2.5546876283150457,2.5546876283150457
