,theta_x,theta_y
0,1.465028158844289,1.465028158844289
1,2.105060200229666,2.105060200229666
2,1.3424504091712797,1.3424504091712797
3,-0.3372125269857818,-0.3372125269857818
4,0.05841362199360964,0.05841362199360964
5,1.7431817075928244,1.7431817075928244
6,-2.531821530476977,-2.531821530476977
7,1.2062010645412387,1.2062010645412387
8,0.8950323505572381,0.8950323505572381
9,0.23526156015086902,0.23526156015086902
