theta_x,theta_y
-0.3080267365160284,-0.3080267365160284
-1.8435658838650557,-1.8435658838650557
-2.2425608646776336,-2.2425608646776336
-2.0818607530476583,-2.0818607530476583
2.9161813551122218,2.9161813551122218
0.8584608672489596,0.8584608672489596
2.8881099720438326,2.8881099720438326
