theta_x,theta_y
1.6979173479875775,1.6979173479875775
0.6790480520066525,0.6790480520066525
-3.141592653589793,-3.141592653589793
-3.141592653589793,-3.141592653589793
0.7388296802806995,0.7388296802806995
0.9636346410260954,0.9636346410260954
1.405007266443284,1.405007266443284
