theta_x,theta_y
0.3480320585302173,0.3480320585302173
3.07247391356044,3.07247391356044
-2.5197472734953714,-2.5197472734953714
2.2369059936452054,2.2369059936452054
-0.8807491347425989,-0.8807491347425989
0.36125633457167805,0.36125633457167805
1.617441085111024,1.617441085111024
-0.1716527254316052,-0.1716527254316052
