,theta_x,theta_y
0,3.141592653589793,3.141592653589793
1,-1.4731271158163917,-1.4731271158163917
2,3.141592653589793,3.141592653589793
3,-1.4852156222435857,-1.4852156222435857
4,-1.5297171897892483,-1.5297171897892483
5,-1.570364723947929,-1.570364723947929
6,3.141592653589793,3.141592653589793
7,-1.598476565505812,-1.598476565505812
