,theta_x,theta_y
0,-3.141592653589793,-3.141592653589793
1,-3.141592653589793,-3.141592653589793
2,1.706535157125206,1.706535157125206
3,2.04708782594938,2.04708782594938
4,-3.141592653589793,-3.141592653589793
