theta_x,theta_y
-3.141592653589793,-3.141592653589793
-3.141592653589793,-3.141592653589793
1.706535157125206,1.706535157125206
2.04708782594938,2.04708782594938
-3.141592653589793,-3.141592653589793
