,theta_x,theta_y
0,-3.121105569142174,-3.121105569142174
1,-1.39345090628143,-1.39345090628143
2,1.5449172545211578,1.5449172545211578
3,0.8093800442114495,0.8093800442114495
4,-3.006257531008354,-3.006257531008354
5,0.30687297554620574,0.30687297554620574
6,0.023183845500307686,0.023183845500307686
7,-2.19885931194552,-2.19885931194552
8,0.9850832509956836,0.9850832509956836
