,theta_x,theta_y
0,-3.141592653589793,-3.141592653589793
1,-1.6560016039007863,-1.6560016039007863
