theta_x,theta_y
1.2768948964681632,1.2768948964681632
1.2701040113122202,1.2701040113122202
-3.141592653589793,-3.141592653589793
-3.141592653589793,-3.141592653589793
1.212444172242342,1.212444172242342
1.2369397680348,1.2369397680348
1.2608407675657807,1.2608407675657807
1.2837466604596293,1.2837466604596293
