,theta_x,theta_y
0,-2.4560841184301294,-2.4560841184301294
1,-0.7104749919456036,-0.7104749919456036
2,2.5765740961584744,2.5765740961584744
3,-1.9963333385217361,-1.9963333385217361
4,0.18208600647773218,0.18208600647773218
