,theta_x,theta_y
0,-0.4138138365189122,-0.4138138365189122
1,-0.6575865275742581,-0.6575865275742581
2,-0.8066418719534946,-0.8066418719534946
3,-0.8871007300577952,-0.8871007300577952
4,3.141592653589793,3.141592653589793
5,-0.7969603531396142,-0.7969603531396142
6,-0.8576893474903117,-0.8576893474903117
