,theta_x,theta_y
0,0.16862693011508276,0.16862693011508276
1,3.0976102150019087,3.0976102150019087
2,-2.737809958991391,-2.737809958991391
3,2.817276216744926,2.817276216744926
4,-1.844628893472953,-1.844628893472953
5,-0.4453893566115878,-0.4453893566115878
6,2.266904792563816,2.266904792563816
7,-0.5091619458748333,-0.5091619458748333
8,1.0377246703440504,1.0377246703440504
