,theta_x,theta_y
0,1.4931167797612563,1.4931167797612563
1,-0.837530561139264,-0.837530561139264
2,0.8638539314354615,0.8638539314354615
3,0.9037603151832418,0.9037603151832418
4,1.665532937260192,1.665532937260192
