,theta_x,theta_y
0,-3.141592653589793,-3.141592653589793
1,-3.141592653589793,-3.141592653589793
2,2.460168032854032,2.460168032854032
3,1.0732618394665032,1.0732618394665032
4,-3.141592653589793,-3.141592653589793
5,0.38871647845643276,0.38871647845643276
6,1.0294825639830312,1.0294825639830312
