,theta_x,theta_y
0,2.393253394927128,2.393253394927128
1,2.5227367794779063,2.5227367794779063
2,1.681794890811427,1.681794890811427
3,-0.883879266930588,-0.883879266930588
4,-1.3367437139997862,-1.3367437139997862
