,theta_x,theta_y
0,1.6400826938947404,1.6400826938947404
1,1.6200498291829049,1.6200498291829049
2,-3.141592653589793,-3.141592653589793
