theta_x,theta_y
-1.059728630261766,-1.059728630261766
-1.828638278312765,-1.828638278312765
-1.8797046629528014,-1.8797046629528014
-1.9337707502828074,-1.9337707502828074
3.141592653589793,3.141592653589793
-0.6477597669470877,-0.6477597669470877
0.6216102301452597,0.6216102301452597
-1.8897623649020496,-1.8897623649020496
