,theta_x,theta_y
0,0.5803447017449407,0.5803447017449407
1,1.8823612327552743,1.8823612327552743
