,theta_x,theta_y
0,-1.24414596637171,-1.24414596637171
1,-1.3061648416789322,-1.3061648416789322
2,2.8030266199124414,2.8030266199124414
3,1.1331616649403242,1.1331616649403242
4,-1.5976941442960109,-1.5976941442960109
5,-0.722782606443065,-0.722782606443065
6,-0.9706139623076575,-0.9706139623076575
7,-2.2258774497774283,-2.2258774497774283
8,2.429710803946332,2.429710803946332
