theta_x,theta_y
-1.24414596637171,-1.24414596637171
-1.3061648416789322,-1.3061648416789322
2.8030266199124414,2.8030266199124414
1.1331616649403242,1.1331616649403242
-1.5976941442960109,-1.5976941442960109
-0.722782606443065,-0.722782606443065
-0.9706139623076575,-0.9706139623076575
-2.2258774497774283,-2.2258774497774283
2.429710803946332,2.429710803946332
