theta_x,theta_y
-1.5038200919038158,-1.5038200919038158
3.1103469075304804,3.1103469075304804
-1.5347270934936013,-1.5347270934936013
