,theta_x,theta_y
0,0.231442786382701,0.231442786382701
1,-1.7648872125928419,-1.7648872125928419
2,-2.5283202331651924,-2.5283202331651924
3,-2.9754019379411316,-2.9754019379411316
4,2.1928112881096014,2.1928112881096014
5,2.123676172264357,2.123676172264357
6,0.616684051882504,0.616684051882504
