,theta_x,theta_y
0,3.141592653589793,3.141592653589793
1,0.9777644522602194,0.9777644522602194
2,-3.141592653589793,-3.141592653589793
3,-3.141592653589793,-3.141592653589793
