theta_x,theta_y
3.141592653589793,3.141592653589793
0.9777644522602194,0.9777644522602194
-3.141592653589793,-3.141592653589793
-3.141592653589793,-3.141592653589793
