,theta_x,theta_y
0,-3.141592653589793,-3.141592653589793
1,0.6614111520283318,0.6614111520283318
2,0.6540458682005469,0.6540458682005469
3,0.6466721640168216,0.6466721640168216
