,theta_x,theta_y
0,-3.141592653589793,-3.141592653589793
1,-3.141592653589793,-3.141592653589793
2,2.24007718833613,2.24007718833613
3,2.2798978467394373,2.2798978467394373
4,-3.141592653589793,-3.141592653589793
5,2.3584131537787663,2.3584131537787663
6,2.416007803397827,2.416007803397827
