theta_x,theta_y
-0.4544214005610444,-0.4544214005610444
3.141592653589793,3.141592653589793
-2.6116185408021773,-2.6116185408021773
3.141592653589793,3.141592653589793
