,theta_x,theta_y
0,1.4660201205548749,1.4660201205548749
1,1.119780827400523,1.119780827400523
2,0.9464295590647349,0.9464295590647349
3,0.5037687603558028,0.5037687603558028
