,theta_x,theta_y
0,1.1191980752554105,1.1191980752554105
1,-1.2547075348459078,-1.2547075348459078
2,0.5087992568234544,0.5087992568234544
3,-0.039642156770076736,-0.039642156770076736
4,1.3846253057609357,1.3846253057609357
5,2.392869896420179,2.392869896420179
6,2.8268793202951445,2.8268793202951445
