,theta_x,theta_y
0,-3.141592653589793,-3.141592653589793
1,0.26136272644131764,0.26136272644131764
2,0.3436319569566443,0.3436319569566443
3,-0.08352431287310913,-0.08352431287310913
