,theta_x,theta_y
0,0.42923672572243454,0.42923672572243454
1,3.141592653589793,3.141592653589793
