theta_x,theta_y
-1.193100716497198,-1.193100716497198
3.141592653589793,3.141592653589793
-1.2006398858685419,-1.2006398858685419
3.141592653589793,3.141592653589793
3.141592653589793,3.141592653589793
-1.1424618315433164,-1.1424618315433164
-1.4628483481282162,-1.4628483481282162
-1.7405942938774996,-1.7405942938774996
