,theta_x,theta_y
0,2.2581496176482156,2.2581496176482156
1,-1.2480043098770786,-1.2480043098770786
2,-2.734327187168013,-2.734327187168013
