theta_x,theta_y
1.8027755840434434,1.8027755840434434
1.7315870240826448,1.7315870240826448
0.23218727523656457,0.23218727523656457
-1.2870973267788823,-1.2870973267788823
-3.0090277094064906,-3.0090277094064906
-0.589382736124854,-0.589382736124854
