,theta_x,theta_y
0,0.23648479497813563,0.23648479497813563
1,-0.6143998764393189,-0.6143998764393189
2,-1.144455971945833,-1.144455971945833
3,-1.337648952264334,-1.337648952264334
4,3.141592653589793,3.141592653589793
