theta_x,theta_y
0.7711313177379425,0.7711313177379425
0.42732540566122634,0.42732540566122634
-2.793405164399019,-2.793405164399019
-3.141592653589793,-3.141592653589793
0.9350815558389384,0.9350815558389384
1.6563715771083598,1.6563715771083598
