theta_x,theta_y
3.141592653589793,3.141592653589793
3.141592653589793,3.141592653589793
-0.2963562485959251,-0.2963562485959251
-1.0212106473947253,-1.0212106473947253
-1.6834547719002084,-1.6834547719002084
