,theta_x,theta_y
0,2.839644877491741,2.839644877491741
1,1.6431850171987898,1.6431850171987898
2,2.0911937897801978,2.0911937897801978
3,0.05899043440009012,0.05899043440009012
4,-3.141592653589793,-3.141592653589793
5,0.5816412174255314,0.5816412174255314
6,0.49330979449706713,0.49330979449706713
