,theta_x,theta_y
0,-3.141592653589793,-3.141592653589793
1,-2.587026711395214,-2.587026711395214
2,-2.729579379486529,-2.729579379486529
3,-1.4554453556651694,-1.4554453556651694
4,2.622639994279946,2.622639994279946
5,-2.7151700020509195,-2.7151700020509195
