theta_x,theta_y
0.6111077824901355,0.6111077824901355
-0.9259169041362493,-0.9259169041362493
-1.3099886421010474,-1.3099886421010474
-1.337286889204053,-1.337286889204053
3.141592653589793,3.141592653589793
0.5035352798577309,0.5035352798577309
1.1903681762196479,1.1903681762196479
-1.606523755374937,-1.606523755374937
1.2513938410652328,1.2513938410652328
