,theta_x,theta_y
0,0.13874356738666702,0.13874356738666702
1,3.141592653589793,3.141592653589793
2,-3.141592653589793,-3.141592653589793
3,2.8795395751482653,2.8795395751482653
4,-1.4820263781439595,-1.4820263781439595
