,theta_x,theta_y
0,-0.3181068827426462,-0.3181068827426462
1,2.5663426045979367,2.5663426045979367
2,-3.141592653589793,-3.141592653589793
3,3.141592653589793,3.141592653589793
4,-1.2829887378382612,-1.2829887378382612
