,theta_x,theta_y
0,-0.7403324680767391,-0.7403324680767391
1,1.9280062581855575,1.9280062581855575
2,-1.175265207754077,-1.175265207754077
3,1.7390615333148887,1.7390615333148887
