,theta_x,theta_y
0,0.3228540117041726,0.3228540117041726
1,3.072001893266606,3.072001893266606
2,-1.9916854170839826,-1.9916854170839826
3,2.066134625196182,2.066134625196182
4,-0.20994296144183827,-0.20994296144183827
5,0.2989143948020715,0.2989143948020715
6,1.5506429952005052,1.5506429952005052
7,-0.5163416483333687,-0.5163416483333687
8,-0.5004676851021215,-0.5004676851021215
