,theta_x,theta_y
0,-0.3043728959516625,-0.3043728959516625
1,-0.9378616231971983,-0.9378616231971983
2,-2.016479732965472,-2.016479732965472
3,-3.140381969669842,-3.140381969669842
