theta_x,theta_y
0.7928461407564168,0.7928461407564168
0.7232649267933585,0.7232649267933585
0.8204173193127287,0.8204173193127287
0.3463545591804919,0.3463545591804919
