,theta_x,theta_y
0,1.4003914480892177,1.4003914480892177
1,1.5581853216813144,1.5581853216813144
2,0.42077794670477386,0.42077794670477386
3,-1.3421008952796931,-1.3421008952796931
4,-3.141592653589793,-3.141592653589793
5,-0.37196921855258946,-0.37196921855258946
6,0.025930111567952926,0.025930111567952926
