,theta_x,theta_y
0,-3.020918350189544,-3.020918350189544
1,-1.6039705669423654,-1.6039705669423654
2,1.8369415346596094,1.8369415346596094
3,1.056311701141979,1.056311701141979
4,-2.940702078969773,-2.940702078969773
5,0.10236351065771165,0.10236351065771165
6,0.4351472256856493,0.4351472256856493
7,-2.579015882238158,-2.579015882238158
