,theta_x,theta_y
0,-0.39791242507419045,-0.39791242507419045
1,-1.2849920180405277,-1.2849920180405277
2,-1.9142728223785035,-1.9142728223785035
3,-2.1252280956884935,-2.1252280956884935
