theta_x,theta_y
-2.3014765783144666,-2.3014765783144666
-1.4885700456583006,-1.4885700456583006
2.0266116187849814,2.0266116187849814
0.5023168213820496,0.5023168213820496
-2.276100296409775,-2.276100296409775
-0.38940911222740887,-0.38940911222740887
-0.22361255677695058,-0.22361255677695058
-1.9473068861691105,-1.9473068861691105
1.5870629463978974,1.5870629463978974
-2.189118876216616,-2.189118876216616
