,theta_x,theta_y
0,-2.3147653193759976,-2.3147653193759976
1,3.074374833115183,3.074374833115183
2,-2.833396109040244,-2.833396109040244
3,1.787476749719751,1.787476749719751
