,theta_x,theta_y
0,-2.9527052843458113,-2.9527052843458113
1,-3.141592653589793,-3.141592653589793
2,2.166014606124297,2.166014606124297
3,-1.4296723013826738,-1.4296723013826738
4,-3.141592653589793,-3.141592653589793
5,-0.38540577560724265,-0.38540577560724265
