theta_x,theta_y
-2.9527052843458113,-2.9527052843458113
-3.141592653589793,-3.141592653589793
2.166014606124297,2.166014606124297
-1.4296723013826738,-1.4296723013826738
-3.141592653589793,-3.141592653589793
-0.38540577560724265,-0.38540577560724265
