theta_x,theta_y
0.4380524558993999,0.4380524558993999
3.141592653589793,3.141592653589793
