,theta_x,theta_y
0,-0.9040464485515127,-0.9040464485515127
1,3.141592653589793,3.141592653589793
2,-0.9048688333826453,-0.9048688333826453
3,3.141592653589793,3.141592653589793
4,3.141592653589793,3.141592653589793
5,-0.9141103950129245,-0.9141103950129245
6,-1.0555553861826517,-1.0555553861826517
7,-1.1418357374283672,-1.1418357374283672
