theta_x,theta_y
2.508818541658414,2.508818541658414
-3.141592653589793,-3.141592653589793
