,theta_x,theta_y
0,1.51157479497927,1.51157479497927
1,1.813226732381543,1.813226732381543
2,0.31787568615975553,0.31787568615975553
3,-1.73072254894643,-1.73072254894643
4,-2.827251327755119,-2.827251327755119
