theta_x,theta_y
-0.04095305173780829,-0.04095305173780829
2.924412076237894,2.924412076237894
