theta_x,theta_y
1.1408673316148126,1.1408673316148126
