,theta_x,theta_y
0,3.141592653589793,3.141592653589793
1,-0.00011835949430507919,-0.00011835949430507919
2,3.141592653589793,3.141592653589793
