theta_x,theta_y
3.141592653589793,3.141592653589793
-0.00011835949430507919,-0.00011835949430507919
3.141592653589793,3.141592653589793
