theta_x,theta_y
-0.7076555640706415,-0.7076555640706415
3.141592653589793,3.141592653589793
-1.7186569354761427,-1.7186569354761427
2.867044936216862,2.867044936216862
