,theta_x,theta_y
0,-1.9599698707368098,-1.9599698707368098
1,3.141592653589793,3.141592653589793
2,-2.193004315107685,-2.193004315107685
