,theta_x,theta_y
0,1.5837450458743605,1.5837450458743605
1,-2.5536552870597857,-2.5536552870597857
