,theta_x,theta_y
0,2.3134225201806626,2.3134225201806626
1,2.162955485158011,2.162955485158011
2,-0.21179080115377877,-0.21179080115377877
3,-0.809758587423499,-0.809758587423499
4,-1.5932791808056634,-1.5932791808056634
5,-0.7859395005767059,-0.7859395005767059
6,-0.9156839108399937,-0.9156839108399937
7,-1.8818808906987738,-1.8818808906987738
8,-1.9867191151833632,-1.9867191151833632
9,3.141592653589793,3.141592653589793
