,theta_x,theta_y
0,-0.16109011535778697,-0.16109011535778697
1,-0.15964064849668624,-0.15964064849668624
2,-2.271043367631478,-2.271043367631478
3,-3.141592653589793,-3.141592653589793
4,1.1262419110153992,1.1262419110153992
5,2.327533773525555,2.327533773525555
