,theta_x,theta_y
0,1.5572071309353384,1.5572071309353384
1,2.2821453156458524,2.2821453156458524
2,-1.1985322014091646,-1.1985322014091646
