,theta_x,theta_y
0,0.5094472164685894,0.5094472164685894
1,2.81799857469125,2.81799857469125
2,1.5404553545148232,1.5404553545148232
3,-1.311113690197512,-1.311113690197512
4,-1.2117446298521204,-1.2117446298521204
5,2.6872204032165916,2.6872204032165916
