,theta_x,theta_y
0,3.041262342700047,3.041262342700047
1,-1.1441182951729103,-1.1441182951729103
2,0.18594064416914774,0.18594064416914774
3,2.6284012070985137,2.6284012070985137
4,0.7186648910412858,0.7186648910412858
