theta_x,theta_y
3.041262342700047,3.041262342700047
-1.1441182951729103,-1.1441182951729103
0.18594064416914774,0.18594064416914774
2.6284012070985137,2.6284012070985137
0.7186648910412858,0.7186648910412858
