,theta_x,theta_y
0,3.141592653589793,3.141592653589793
1,2.5110671368854818,2.5110671368854818
2,-3.1159942496747006,-3.1159942496747006
3,1.9132494421599207,1.9132494421599207
4,-3.141592653589793,-3.141592653589793
5,1.028009253377407,1.028009253377407
6,3.042033457269843,3.042033457269843
7,0.6690779443538615,0.6690779443538615
