theta_x,theta_y
0.9789039294064816,0.9789039294064816
1.0430666240218196,1.0430666240218196
0.2599320765696742,0.2599320765696742
-2.396432127825654,-2.396432127825654
0.16744966133289305,0.16744966133289305
0.38637602809648525,0.38637602809648525
-0.3741751798287846,-0.3741751798287846
-0.7813375823228712,-0.7813375823228712
-0.6249021620875224,-0.6249021620875224
0.024176410275945602,0.024176410275945602
