,theta_x,theta_y
0,1.2475827534553652,1.2475827534553652
1,0.16105917346294582,0.16105917346294582
2,0.283810622826323,0.283810622826323
3,-0.15334517496537836,-0.15334517496537836
