,theta_x,theta_y
0,2.1487994505206744,2.1487994505206744
1,0.7702490719485423,0.7702490719485423
2,2.3327535883816437,2.3327535883816437
3,-2.3366518064173745,-2.3366518064173745
4,1.1346412585686483,1.1346412585686483
