,theta_x,theta_y
0,0.9789522683826416,0.9789522683826416
1,-1.754058712825641,-1.754058712825641
2,-3.069807314843134,-3.069807314843134
3,-3.141592653589793,-3.141592653589793
4,2.2135439194565842,2.2135439194565842
5,2.4269277153681874,2.4269277153681874
6,1.0297804325784923,1.0297804325784923
7,1.3333986824108528,1.3333986824108528
8,0.057538095764580854,0.057538095764580854
9,2.6115861699281724,2.6115861699281724
