,theta_x,theta_y
0,-3.141592653589793,-3.141592653589793
1,-0.6920809739978232,-0.6920809739978232
2,1.5207492174394626,1.5207492174394626
3,0.658444478264117,0.658444478264117
4,-3.1390542177766907,-3.1390542177766907
5,0.2570422917419891,0.2570422917419891
6,0.2023122029435576,0.2023122029435576
7,-1.2196094532862258,-1.2196094532862258
