,theta_x,theta_y
0,1.3160923800447053,1.3160923800447053
1,3.062720963894561,3.062720963894561
2,0.2723971251377524,0.2723971251377524
3,0.653820364135902,0.653820364135902
