,theta_x,theta_y
0,-2.7006418534985746,-2.7006418534985746
1,-0.3156483346538175,-0.3156483346538175
2,2.9795063242973545,2.9795063242973545
3,-3.1380054989317143,-3.1380054989317143
4,-1.6304680420293858,-1.6304680420293858
