,theta_x,theta_y
0,-3.141592653589793,-3.141592653589793
1,-3.141592653589793,-3.141592653589793
2,1.0108179689608658,1.0108179689608658
3,1.8355746531202823,1.8355746531202823
4,-3.141592653589793,-3.141592653589793
