,theta_x,theta_y
0,0.26633592457074506,0.26633592457074506
1,-0.8867131056631677,-0.8867131056631677
2,-3.0039015397348994,-3.0039015397348994
3,-3.141592653589793,-3.141592653589793
