,theta_x,theta_y
0,2.647539382865965,2.647539382865965
1,1.1317159142851192,1.1317159142851192
2,0.5859695703910689,0.5859695703910689
3,-3.0364506504797797,-3.0364506504797797
4,-3.141592653589793,-3.141592653589793
5,0.17474340970548907,0.17474340970548907
6,0.02855288817024408,0.02855288817024408
7,-3.141592653589793,-3.141592653589793
8,-3.141592653589793,-3.141592653589793
9,2.884261312189175,2.884261312189175
