,theta_x,theta_y
0,2.2530785234515407,2.2530785234515407
1,0.9234591051812693,0.9234591051812693
2,1.34688139633296,1.34688139633296
3,-0.2231907226259947,-0.2231907226259947
4,-3.141592653589793,-3.141592653589793
5,0.19706297546401355,0.19706297546401355
6,0.4847262362355264,0.4847262362355264
7,-3.141592653589793,-3.141592653589793
8,-3.141592653589793,-3.141592653589793
9,3.058637265674584,3.058637265674584
