,theta_x,theta_y
0,3.141592653589793,3.141592653589793
1,3.141592653589793,3.141592653589793
2,-0.9150459720213728,-0.9150459720213728
3,-0.9441208640334877,-0.9441208640334877
4,-0.9869844982933375,-0.9869844982933375
5,-1.1532562454562485,-1.1532562454562485
6,-1.292716494828993,-1.292716494828993
