theta_x,theta_y
0.771514577613784,0.771514577613784
-1.60317046191854,-1.60317046191854
-2.186164398831176,-2.186164398831176
-2.680819679560064,-2.680819679560064
2.4756373653440042,2.4756373653440042
2.2531906426787405,2.2531906426787405
1.0961217397943674,1.0961217397943674
0.862881548094495,0.862881548094495
