,theta_x,theta_y
0,-1.530547931436759,-1.530547931436759
1,-2.5422493689695775,-2.5422493689695775
2,3.141592653589793,3.141592653589793
3,-2.718574476186682,-2.718574476186682
4,1.8165288425400832,1.8165288425400832
5,1.2293155333757202,1.2293155333757202
6,-1.3042534838272888,-1.3042534838272888
7,-2.3947060384753973,-2.3947060384753973
