,theta_x,theta_y
0,-1.892842985226292,-1.892842985226292
1,-2.5210065330224207,-2.5210065330224207
2,2.8682458863260054,2.8682458863260054
3,-2.9732735389268288,-2.9732735389268288
4,0.9271885750930304,0.9271885750930304
5,0.7494745545138455,0.7494745545138455
6,-1.9580669939535644,-1.9580669939535644
7,-2.8178438782178508,-2.8178438782178508
