,theta_x,theta_y
0,1.0056903170811446,1.0056903170811446
1,0.8327226083528517,0.8327226083528517
