,theta_x,theta_y
0,0.7706055156497482,0.7706055156497482
1,0.7617462420913206,0.7617462420913206
2,0.7531658244843525,0.7531658244843525
3,0.7448561196476456,0.7448561196476456
4,0.7368106124169755,0.7368106124169755
5,0.7290149200673124,0.7290149200673124
6,0.7214721160044822,0.7214721160044822
7,0.7141590761732646,0.7141590761732646
