,theta_x,theta_y
0,1.000909754071898,1.000909754071898
1,0.9072013803043362,0.9072013803043362
2,0.7844391816038238,0.7844391816038238
3,0.6341054055388086,0.6341054055388086
4,0.5240964360307279,0.5240964360307279
5,0.43484347324203326,0.43484347324203326
6,0.29782980130225034,0.29782980130225034
7,0.15446110842584876,0.15446110842584876
8,0.12369384918171625,0.12369384918171625
9,-0.028857872326101333,-0.028857872326101333
