,theta_x,theta_y
0,0.37599252599319555,0.37599252599319555
1,-1.7138560730346668,-1.7138560730346668
2,-2.5271275052231674,-2.5271275052231674
