theta_x,theta_y
0.5137020668815859,0.5137020668815859
-0.7459750039852657,-0.7459750039852657
