,theta_x,theta_y
0,-2.840066508403648,-2.840066508403648
1,1.7095676619150844,1.7095676619150844
2,-3.141592653589793,-3.141592653589793
3,1.8241888398132526,1.8241888398132526
4,3.141592653589793,3.141592653589793
