theta_x,theta_y
-1.5398203765653027,-1.5398203765653027
0.36147288344403605,0.36147288344403605
1.0670367055184917,1.0670367055184917
-2.0033066727518443,-2.0033066727518443
2.997572533515828,2.997572533515828
