,theta_x,theta_y
0,-3.141592653589793,-3.141592653589793
1,0.8478935889382807,0.8478935889382807
2,-2.1550081074272827,-2.1550081074272827
3,2.9157517295575115,2.9157517295575115
4,2.2094686228037004,2.2094686228037004
5,2.0179260063072753,2.0179260063072753
