,theta_x,theta_y
0,1.4066516517173597,1.4066516517173597
1,-1.256498450913122,-1.256498450913122
2,-3.141592653589793,-3.141592653589793
