,theta_x,theta_y
0,-1.3573161610218585,-1.3573161610218585
1,1.175379422686048,1.175379422686048
2,-3.141592653589793,-3.141592653589793
