theta_x,theta_y
2.3214319781973116,2.3214319781973116
2.314441245165309,2.314441245165309
2.3015107451082772,2.3015107451082772
-3.141592653589793,-3.141592653589793
-3.141592653589793,-3.141592653589793
2.2731704918905193,2.2731704918905193
2.2805973536401973,2.2805973536401973
-3.141592653589793,-3.141592653589793
-3.141592653589793,-3.141592653589793
-3.141592653589793,-3.141592653589793
