,theta_x,theta_y
0,1.0062076116460048,1.0062076116460048
1,1.1786134038622884,1.1786134038622884
