,theta_x,theta_y
0,-0.5501395036375176,-0.5501395036375176
1,3.141592653589793,3.141592653589793
2,-0.9981229459963048,-0.9981229459963048
3,2.2852708983641605,2.2852708983641605
4,1.2721423223980721,1.2721423223980721
