,theta_x,theta_y
0,0.9055045458958761,0.9055045458958761
