,theta_x,theta_y
0,-1.0665426350941003,-1.0665426350941003
1,3.141592653589793,3.141592653589793
2,3.141592653589793,3.141592653589793
3,-1.0821596549040744,-1.0821596549040744
4,-1.92723317748961,-1.92723317748961
5,3.141592653589793,3.141592653589793
