,theta_x,theta_y
0,-0.6727482923859133,-0.6727482923859133
1,3.0471867983977297,3.0471867983977297
2,-0.9511263255723299,-0.9511263255723299
3,1.8821819035869387,1.8821819035869387
4,-0.6546790642251967,-0.6546790642251967
5,-1.2553655156957646,-1.2553655156957646
6,1.7952989180116246,1.7952989180116246
7,-1.2803115294332208,-1.2803115294332208
