,theta_x,theta_y
0,-3.141592653589793,-3.141592653589793
1,1.2480927616721633,1.2480927616721633
2,-3.141592653589793,-3.141592653589793
3,1.539399876447454,1.539399876447454
4,3.141592653589793,3.141592653589793
