theta_x,theta_y
0.6062873578944672,0.6062873578944672
0.008004042940751993,0.008004042940751993
-0.34762491741406565,-0.34762491741406565
-1.2782143148750946,-1.2782143148750946
-0.6683434464386729,-0.6683434464386729
-0.5438777678095088,-0.5438777678095088
