,theta_x,theta_y
0,2.0074576529549533,2.0074576529549533
1,-2.206888628668257,-2.206888628668257
2,0.6010799556404549,0.6010799556404549
3,0.9180865893927977,0.9180865893927977
4,0.3308719713612267,0.3308719713612267
5,2.7007562835749037,2.7007562835749037
