theta_x,theta_y
-1.3974478757678381,-1.3974478757678381
-1.6690287372982902,-1.6690287372982902
