,theta_x,theta_y
0,-3.141592653589793,-3.141592653589793
1,-3.141592653589793,-3.141592653589793
2,3.061958937742213,3.061958937742213
3,2.4451624603507565,2.4451624603507565
4,-1.610297836629631,-1.610297836629631
