,theta_x,theta_y
0,-2.5553565832096514,-2.5553565832096514
1,-3.0246185639442573,-3.0246185639442573
