theta_x,theta_y
-1.9672913059389014,-1.9672913059389014
2.9342231939031342,2.9342231939031342
-2.0046199195087,-2.0046199195087
1.0519702321671016,1.0519702321671016
