,theta_x,theta_y
0,-3.141592653589793,-3.141592653589793
1,3.1330235096345302,3.1330235096345302
2,-2.615496018647554,-2.615496018647554
3,-0.4994685062261412,-0.4994685062261412
