,theta_x,theta_y
0,0.9681319156368556,0.9681319156368556
1,0.8264288408493845,0.8264288408493845
2,-3.141592653589793,-3.141592653589793
3,-3.141592653589793,-3.141592653589793
