,theta_x,theta_y
0,-0.36762174696150685,-0.36762174696150685
