,theta_x,theta_y
0,0.02244264943615928,0.02244264943615928
1,-1.0137096416546263,-1.0137096416546263
2,-1.1543063649347787,-1.1543063649347787
3,-1.0917838544988816,-1.0917838544988816
4,3.141592653589793,3.141592653589793
5,0.36944846886231086,0.36944846886231086
6,0.9651893352957945,0.9651893352957945
7,-1.0627508974005149,-1.0627508974005149
8,1.2288910629557097,1.2288910629557097
9,-2.2445596979390356,-2.2445596979390356
