theta_x,theta_y
0.13036487545133307,0.13036487545133307
-1.0600703554989932,-1.0600703554989932
-1.149821768909388,-1.149821768909388
-1.0513858964948477,-1.0513858964948477
3.141592653589793,3.141592653589793
0.23976755654387183,0.23976755654387183
0.7279555633238729,0.7279555633238729
-1.1785533454143868,-1.1785533454143868
0.9562105969213046,0.9562105969213046
-2.596754764635526,-2.596754764635526
