theta_x,theta_y
-2.638386430677896,-2.638386430677896
-1.7023890825738601,-1.7023890825738601
1.9112288148649428,1.9112288148649428
0.5936535577637252,0.5936535577637252
-2.605293598118791,-2.605293598118791
-0.3888306261313518,-0.3888306261313518
-0.09867920522648602,-0.09867920522648602
-2.2036748533032813,-2.2036748533032813
1.553167324404454,1.553167324404454
