,theta_x,theta_y
0,-2.6657630432518262,-2.6657630432518262
1,-1.6953266071948865,-1.6953266071948865
2,1.9222625950161496,1.9222625950161496
3,0.5770614843325577,0.5770614843325577
4,-2.620494099515633,-2.620494099515633
5,-0.39231729990848213,-0.39231729990848213
6,-0.11541707132785592,-0.11541707132785592
7,-2.207599028765783,-2.207599028765783
8,1.5452825942547097,1.5452825942547097
