,theta_x,theta_y
0,0.582833346305072,0.582833346305072
1,0.9147810567565776,0.9147810567565776
2,-0.13240753302577396,-0.13240753302577396
3,-0.5061321606355844,-0.5061321606355844
4,-2.5884430537407708,-2.5884430537407708
5,-0.18903186357538937,-0.18903186357538937
6,-0.0007158572279540448,-0.0007158572279540448
