,theta_x,theta_y
0,0.6523406938690495,0.6523406938690495
1,2.34055511041003,2.34055511041003
2,1.0684160459788792,1.0684160459788792
3,-1.519017475490328,-1.519017475490328
