theta_x,theta_y
-3.141592653589793,-3.141592653589793
-3.141592653589793,-3.141592653589793
-3.141592653589793,-3.141592653589793
-0.23679031930022573,-0.23679031930022573
-2.860261575643522,-2.860261575643522
3.141592653589793,3.141592653589793
