theta_x,theta_y
2.986011921805563,2.986011921805563
1.4022792421656876,1.4022792421656876
0.7801224590024854,0.7801224590024854
0.23804912026818248,0.23804912026818248
-0.2114909644791843,-0.2114909644791843
