theta_x,theta_y
-0.2610989774383169,-0.2610989774383169
2.90106648700963,2.90106648700963
1.315451233050133,1.315451233050133
