,theta_x,theta_y
0,2.4064512927561807,2.4064512927561807
1,0.34662991403088045,0.34662991403088045
2,2.453104793992118,2.453104793992118
3,-2.8831849927910036,-2.8831849927910036
4,0.9016315506087395,0.9016315506087395
5,-0.3862383332499922,-0.3862383332499922
6,1.6810727556617087,1.6810727556617087
7,-2.205369741916389,-2.205369741916389
8,2.2164720738871373,2.2164720738871373
