,theta_x,theta_y
0,-3.141592653589793,-3.141592653589793
1,0.9894485723248356,0.9894485723248356
2,1.0010535239398675,1.0010535239398675
3,1.016900444748932,1.016900444748932
4,-3.141592653589793,-3.141592653589793
5,1.0435266805835843,1.0435266805835843
6,1.0513940771940264,1.0513940771940264
7,1.087221217839461,1.087221217839461
8,1.0887389303750235,1.0887389303750235
9,-3.141592653589793,-3.141592653589793
