,theta_x,theta_y
0,2.5348052621984696,2.5348052621984696
1,-0.9923784541883514,-0.9923784541883514
2,1.2506753997527826,1.2506753997527826
3,1.578305484550123,1.578305484550123
4,0.8428771338071052,0.8428771338071052
5,1.6683852838914,1.6683852838914
6,1.140569747236818,1.140569747236818
7,1.680041185891113,1.680041185891113
8,-3.005396233857044,-3.005396233857044
9,-0.7240797197083138,-0.7240797197083138
