theta_x,theta_y
2.5348052621984696,2.5348052621984696
-0.9923784541883514,-0.9923784541883514
1.2506753997527826,1.2506753997527826
1.578305484550123,1.578305484550123
0.8428771338071052,0.8428771338071052
1.6683852838914,1.6683852838914
1.140569747236818,1.140569747236818
1.680041185891113,1.680041185891113
-3.005396233857044,-3.005396233857044
-0.7240797197083138,-0.7240797197083138
