,theta_x,theta_y
0,-0.03321928528402468,-0.03321928528402468
1,3.0109489669047687,3.0109489669047687
2,-2.7914057929931797,-2.7914057929931797
3,2.4954227273315275,2.4954227273315275
4,-1.5823461365961609,-1.5823461365961609
5,-0.18339719818685835,-0.18339719818685835
6,2.2182888609324993,2.2182888609324993
7,-0.42098131782350734,-0.42098131782350734
8,0.7084137083572577,0.7084137083572577
9,-3.1365514145490865,-3.1365514145490865
