theta_x,theta_y
-1.404132710013929,-1.404132710013929
-1.493300351795279,-1.493300351795279
-1.5780323364885755,-1.5780323364885755
-1.6477919491320125,-1.6477919491320125
3.141592653589793,3.141592653589793
3.141592653589793,3.141592653589793
-1.6441052030819965,-1.6441052030819965
3.141592653589793,3.141592653589793
-1.8682656600528385,-1.8682656600528385
