theta_x,theta_y
0.4039036005559502,0.4039036005559502
-0.6617970933364433,-0.6617970933364433
-2.645495367180232,-2.645495367180232
-3.0516611496673622,-3.0516611496673622
1.2430479727224784,1.2430479727224784
1.812814665261637,1.812814665261637
0.524624152828603,0.524624152828603
1.1544602935681856,1.1544602935681856
0.7132029573368087,0.7132029573368087
2.0243530446313094,2.0243530446313094
