theta_x,theta_y
0.9660604171975238,0.9660604171975238
