theta_x,theta_y
-0.1852099408019362,-0.1852099408019362
3.141592653589793,3.141592653589793
-2.344036081855286,-2.344036081855286
2.356239469389048,2.356239469389048
-0.7263816584924254,-0.7263816584924254
0.33746184285837233,0.33746184285837233
