,theta_x,theta_y
0,-0.7156664602617482,-0.7156664602617482
1,-0.4040649399876705,-0.4040649399876705
2,-0.7198999674285145,-0.7198999674285145
3,-1.3028054967327287,-1.3028054967327287
4,3.137245420793518,3.137245420793518
5,-0.2240204325361611,-0.2240204325361611
6,-0.49515041456588615,-0.49515041456588615
7,-1.0008681508296025,-1.0008681508296025
