theta_x,theta_y
0.18987498410247935,0.18987498410247935
3.141592653589793,3.141592653589793
-1.3613403507514132,-1.3613403507514132
2.9269658049265312,2.9269658049265312
0.3214030330193885,0.3214030330193885
-0.9380725249167473,-0.9380725249167473
3.141592653589793,3.141592653589793
