theta_x,theta_y
0.10651842328690131,0.10651842328690131
-0.8452633488780241,-0.8452633488780241
-2.2060328964334532,-2.2060328964334532
-2.8042939999937757,-2.8042939999937757
1.3074970636572467,1.3074970636572467
1.8895065444011627,1.8895065444011627
0.24676227200738265,0.24676227200738265
0.8379012098319379,0.8379012098319379
0.4553151101030779,0.4553151101030779
2.0713095809825592,2.0713095809825592
