,theta_x,theta_y
0,0.10651842328690131,0.10651842328690131
1,-0.8452633488780241,-0.8452633488780241
2,-2.2060328964334532,-2.2060328964334532
3,-2.8042939999937757,-2.8042939999937757
4,1.3074970636572467,1.3074970636572467
5,1.8895065444011627,1.8895065444011627
6,0.24676227200738265,0.24676227200738265
7,0.8379012098319379,0.8379012098319379
8,0.4553151101030779,0.4553151101030779
9,2.0713095809825592,2.0713095809825592
