,theta_x,theta_y
0,-3.119144009410367,-3.119144009410367
1,-3.141592653589793,-3.141592653589793
2,2.1099386204198,2.1099386204198
3,-0.554208789593445,-0.554208789593445
4,-2.883188606578456,-2.883188606578456
