,theta_x,theta_y
0,1.0194391187258744,1.0194391187258744
1,1.3252187619072964,1.3252187619072964
