,theta_x,theta_y
0,-3.0509444937169925,-3.0509444937169925
1,-2.1576854271919306,-2.1576854271919306
2,1.9737936981187578,1.9737936981187578
3,1.0536279312160237,1.0536279312160237
4,-3.049210643801586,-3.049210643801586
5,-0.24045330177907082,-0.24045330177907082
6,0.39570088879307874,0.39570088879307874
7,-2.7566768766926706,-2.7566768766926706
8,1.778085364241543,1.778085364241543
