theta_x,theta_y
-3.0509444937169925,-3.0509444937169925
-2.1576854271919306,-2.1576854271919306
1.9737936981187578,1.9737936981187578
1.0536279312160237,1.0536279312160237
-3.049210643801586,-3.049210643801586
-0.24045330177907082,-0.24045330177907082
0.39570088879307874,0.39570088879307874
-2.7566768766926706,-2.7566768766926706
1.778085364241543,1.778085364241543
