,theta_x,theta_y
0,1.7058854440795643,1.7058854440795643
1,1.5940584759209118,1.5940584759209118
2,-3.141592653589793,-3.141592653589793
3,1.5987727244498724,1.5987727244498724
4,1.5971631036577143,1.5971631036577143
5,1.6707878694132943,1.6707878694132943
6,1.690308578465266,1.690308578465266
7,1.736447089319497,1.736447089319497
