,theta_x,theta_y
0,1.3569422363616352,1.3569422363616352
1,0.8863399922395466,0.8863399922395466
2,0.6113984358020172,0.6113984358020172
3,-1.1185290426189196,-1.1185290426189196
4,0.2970081688878077,0.2970081688878077
5,-0.20461892912716784,-0.20461892912716784
6,-2.2465706316019434,-2.2465706316019434
7,0.5422232852713476,0.5422232852713476
8,1.7531358719425327,1.7531358719425327
