theta_x,theta_y
2.4765141670367785,2.4765141670367785
0.49495263108842036,0.49495263108842036
2.4841810709337735,2.4841810709337735
-3.097431203089245,-3.097431203089245
0.6956601922230482,0.6956601922230482
-0.44584876792822326,-0.44584876792822326
1.6764095128094816,1.6764095128094816
-2.392492361046196,-2.392492361046196
1.9908102613272347,1.9908102613272347
