,theta_x,theta_y
0,0.4398497399972894,0.4398497399972894
1,2.703542239673772,2.703542239673772
2,1.511480072720737,1.511480072720737
3,-1.4928856309550549,-1.4928856309550549
