,theta_x,theta_y
0,-1.6928043476986314,-1.6928043476986314
1,-2.9736765904924574,-2.9736765904924574
2,0.6591011277136339,0.6591011277136339
3,-1.170839716657488,-1.170839716657488
4,-3.0839143633695194,-3.0839143633695194
5,-2.7307856245126727,-2.7307856245126727
6,-3.141592653589793,-3.141592653589793
