theta_x,theta_y
-0.6199451452985512,-0.6199451452985512
3.141592653589793,3.141592653589793
-3.141592653589793,-3.141592653589793
2.900712702117888,2.900712702117888
-1.8879796806944285,-1.8879796806944285
