theta_x,theta_y
3.141592653589793,3.141592653589793
2.6222277558637046,2.6222277558637046
-2.9714196847831102,-2.9714196847831102
1.2808625190363565,1.2808625190363565
-3.141592653589793,-3.141592653589793
1.0279283700734592,1.0279283700734592
