theta_x,theta_y
0.9856689313778642,0.9856689313778642
0.9797612775986465,0.9797612775986465
0.9739794210456569,0.9739794210456569
0.9683029086498504,0.9683029086498504
0.9628999206935858,0.9628999206935858
0.9574844545749033,0.9574844545749033
-3.141592653589793,-3.141592653589793
0.9362970850908471,0.9362970850908471
0.9396169669607992,0.9396169669607992
0.9428600454608703,0.9428600454608703
