theta_x,theta_y
1.141031685421375,1.141031685421375
0.5113171443561711,0.5113171443561711
0.14302556805293756,0.14302556805293756
0.46503566717430245,0.46503566717430245
-0.13811773221390883,-0.13811773221390883
0.3790355990677917,0.3790355990677917
0.2025244757198846,0.2025244757198846
0.8176511528927168,0.8176511528927168
