,theta_x,theta_y
0,-2.531940798238185,-2.531940798238185
1,-2.8478989700321913,-2.8478989700321913
2,2.2065554932483984,2.2065554932483984
3,-2.5391666726601465,-2.5391666726601465
4,-1.543475533262097,-1.543475533262097
5,2.796839376884584,2.796839376884584
6,-2.861177094680128,-2.861177094680128
7,-2.045527827092829,-2.045527827092829
8,-2.4766266401795547,-2.4766266401795547
9,1.0899450695859612,1.0899450695859612
