,theta_x,theta_y
0,2.757925383746261,2.757925383746261
1,0.33975667327439907,0.33975667327439907
2,2.9421932850420767,2.9421932850420767
3,-3.0034964445960513,-3.0034964445960513
