theta_x,theta_y
2.3273314388977715,2.3273314388977715
3.1010158014411764,3.1010158014411764
0.16468216747084063,0.16468216747084063
3.141592653589793,3.141592653589793
