,theta_x,theta_y
0,-3.141592653589793,-3.141592653589793
1,-3.141592653589793,-3.141592653589793
2,3.049219661581597,3.049219661581597
3,-3.141308045324907,-3.141308045324907
