,theta_x,theta_y
0,1.2835418970486985,1.2835418970486985
1,-1.9531130117136368,-1.9531130117136368
2,-3.001571629636985,-3.001571629636985
3,-3.141592653589793,-3.141592653589793
4,2.2827748250418773,2.2827748250418773
5,2.5960662331398408,2.5960662331398408
6,1.100853347401169,1.100853347401169
7,1.684739417853329,1.684739417853329
