,theta_x,theta_y
0,3.141592653589793,3.141592653589793
1,2.46062409246663,2.46062409246663
2,1.9870146629300587,1.9870146629300587
3,-1.1732538129813002,-1.1732538129813002
4,-3.141592653589793,-3.141592653589793
5,0.2757684994333663,0.2757684994333663
6,0.2838386819218976,0.2838386819218976
