,theta_x,theta_y
0,-1.2765442797646502,-1.2765442797646502
1,-1.9260991506705103,-1.9260991506705103
2,2.3098561698228646,2.3098561698228646
3,-3.141592653589793,-3.141592653589793
