,theta_x,theta_y
0,-3.141592653589793,-3.141592653589793
1,0.627889723139354,0.627889723139354
2,0.7473946133310454,0.7473946133310454
