,theta_x,theta_y
0,1.7570776600625788,1.7570776600625788
1,-0.33376361085319917,-0.33376361085319917
