,theta_x,theta_y
0,3.141592653589793,3.141592653589793
1,-0.6182654369585872,-0.6182654369585872
2,3.141592653589793,3.141592653589793
3,-3.141592653589793,-3.141592653589793
4,1.9622517517124713,1.9622517517124713
5,-0.8299719621287656,-0.8299719621287656
