theta_x,theta_y
1.7667093025020573,1.7667093025020573
2.0493458846843278,2.0493458846843278
1.5186352477708405,1.5186352477708405
-3.141592653589793,-3.141592653589793
1.7036018146060412,1.7036018146060412
0.9513455046692695,0.9513455046692695
1.6307636730626862,1.6307636730626862
-3.141592653589793,-3.141592653589793
1.5094867588412273,1.5094867588412273
