,theta_x,theta_y
0,-1.6212946932103098,-1.6212946932103098
1,-1.4982191947979315,-1.4982191947979315
2,2.1575278860992593,2.1575278860992593
3,-2.851002266521387,-2.851002266521387
4,0.9400182725374862,0.9400182725374862
