,theta_x,theta_y
0,-2.721915640818523,-2.721915640818523
1,2.768116059393857,2.768116059393857
2,-2.8485248724712484,-2.8485248724712484
3,0.9458994013837558,0.9458994013837558
4,1.0849964962334342,1.0849964962334342
5,-2.3328180490162733,-2.3328180490162733
6,-2.4793531672059044,-2.4793531672059044
7,-2.182614023004035,-2.182614023004035
