,theta_x,theta_y
0,-1.0159291802673958,-1.0159291802673958
