theta_x,theta_y
3.141592653589793,3.141592653589793
0.9074343612019218,0.9074343612019218
3.141592653589793,3.141592653589793
-3.141592653589793,-3.141592653589793
1.634631562409635,1.634631562409635
