,theta_x,theta_y
0,3.141592653589793,3.141592653589793
1,0.9074343612019218,0.9074343612019218
2,3.141592653589793,3.141592653589793
3,-3.141592653589793,-3.141592653589793
4,1.634631562409635,1.634631562409635
