theta_x,theta_y
-0.08533372585871304,-0.08533372585871304
-0.7150060468828409,-0.7150060468828409
-1.0305142246366712,-1.0305142246366712
