,theta_x,theta_y
0,-0.7707249974561847,0.9643614389521681
1,-3.141592653589793,-3.141592653589793
2,-3.141592653589793,0.5640692562116079
3,-3.141592653589793,-3.141592653589793
4,0.6253549350370706,0.32295096751325547
5,0.5394030915736208,-2.9649617715955174
6,-0.4990346910408812,1.4290263907593452
7,0.2140701705770871,-1.0812205023171861
8,-1.0610727361280765,-3.0345799027606026
9,0.2785309209797066,-2.42954521880001
