,theta_x,theta_y
0,-3.1290031319663556,-3.1290031319663556
1,-3.141592653589793,-3.141592653589793
2,-3.141592653589793,-3.141592653589793
3,3.1128475067423182,3.1128475067423182
4,-3.141592653589793,-3.141592653589793
5,-3.141592653589793,-3.141592653589793
6,-3.141592653589793,-3.141592653589793
7,-3.141592653589793,-3.141592653589793
