theta_x,theta_y
2.5780142454511905,2.5780142454511905
0.22990026869340066,0.22990026869340066
