,theta_x,theta_y
0,1.282955768391892,1.282955768391892
1,-3.041462684210628,-3.041462684210628
2,-2.460307794004732,-2.460307794004732
3,-1.6654538309696882,-1.6654538309696882
4,2.3004159964591424,2.3004159964591424
5,1.6727122420658742,1.6727122420658742
6,1.2125204327369972,1.2125204327369972
