,theta_x,theta_y
0,-3.141592653589793,-3.141592653589793
1,0.2949220109430931,0.2949220109430931
2,1.9610219341680226,1.9610219341680226
3,-3.141592653589793,-3.141592653589793
4,0.44660312076197967,0.44660312076197967
5,0.6703437121104544,0.6703437121104544
6,-3.141592653589793,-3.141592653589793
