,theta_x,theta_y
0,-1.107739364024367,-1.107739364024367
1,3.064885812577054,3.064885812577054
2,-1.163258622189392,-1.163258622189392
3,1.832570268460197,1.832570268460197
