,theta_x,theta_y
0,-1.1224742652607511,-1.1224742652607511
1,3.0641585221938183,3.0641585221938183
2,-1.1649900468118315,-1.1649900468118315
3,1.8505775753860316,1.8505775753860316
