,theta_x,theta_y
0,-2.178865280764622,-2.178865280764622
