,theta_x,theta_y
0,-0.1065407646497199,-0.1065407646497199
1,3.141592653589793,3.141592653589793
2,-1.1651520405788742,-1.1651520405788742
3,2.7954643149048444,2.7954643149048444
4,-0.6255253117203428,-0.6255253117203428
5,-0.789840423331256,-0.789840423331256
6,2.8245054599404646,2.8245054599404646
7,-1.0836208753445835,-1.0836208753445835
