,theta_x,theta_y
0,3.0139927234259667,3.0139927234259667
1,-1.4027673114348416,-1.4027673114348416
2,3.0231320223131886,3.0231320223131886
3,-3.1088172641485596,-3.1088172641485596
4,0.8270553363873262,0.8270553363873262
5,-2.1908827347160464,-2.1908827347160464
