theta_x,theta_y
2.9911638765239013,2.9911638765239013
1.5934612624932747,1.5934612624932747
1.546803348424269,1.546803348424269
-0.058999034654475924,-0.058999034654475924
-3.141592653589793,-3.141592653589793
-1.5918635255719487,-1.5918635255719487
-1.8269478209832448,-1.8269478209832448
-3.141592653589793,-3.141592653589793
-3.141592653589793,-3.141592653589793
