theta_x,theta_y
-1.6696677686156043,-1.6696677686156043
3.141592653589793,3.141592653589793
