theta_x,theta_y
1.0007154683655568,1.0007154683655568
-1.7397442998359924,-1.7397442998359924
-2.5480591854552213,-2.5480591854552213
-2.805039548393816,-2.805039548393816
2.31889669645394,2.31889669645394
2.4213538834926465,2.4213538834926465
0.9044771143712337,0.9044771143712337
1.0685448803570667,1.0685448803570667
0.2954239322212282,0.2954239322212282
2.347386138713887,2.347386138713887
