theta_x,theta_y
2.046518920520149,2.046518920520149
-1.1172426242375317,-1.1172426242375317
0.8257614248307044,0.8257614248307044
1.2178663523688646,1.2178663523688646
1.5885317519669704,1.5885317519669704
