,theta_x,theta_y
0,1.9462430001375988,1.9462430001375988
1,2.7987745365102974,2.7987745365102974
2,1.4787386348487546,1.4787386348487546
3,-2.709243660450745,-2.709243660450745
