,theta_x,theta_y
0,0.19127279772979144,0.19127279772979144
1,-1.4241680829369139,-1.4241680829369139
2,-1.1668086183949975,-1.1668086183949975
3,-0.6531102797571436,-0.6531102797571436
4,3.1272777019133313,3.1272777019133313
5,0.8836869311638157,0.8836869311638157
