,theta_x,theta_y
0,0.09259854478634524,0.09259854478634524
1,3.0526682171095105,3.0526682171095105
2,0.11202696498620866,0.11202696498620866
3,-0.03291395085393585,-0.03291395085393585
4,-0.21988039349212488,-0.21988039349212488
5,-0.21296976120652117,-0.21296976120652117
6,-0.22412018433897363,-0.22412018433897363
7,-0.2701639292361552,-0.2701639292361552
