,theta_x,theta_y
0,-1.0962040721671584,-1.0962040721671584
1,-1.579978151216978,-1.579978151216978
2,2.065313872782362,2.065313872782362
3,-2.6366319119879584,-2.6366319119879584
4,0.43432853485386774,0.43432853485386774
5,0.7341362744015604,0.7341362744015604
6,-1.4812654012842026,-1.4812654012842026
7,-2.854227510434378,-2.854227510434378
8,-1.8773244791432873,-1.8773244791432873
9,1.1985034456726364,1.1985034456726364
