theta_x,theta_y
0.24756328858001295,0.24756328858001295
3.141592653589793,3.141592653589793
-1.90153091122446,-1.90153091122446
2.669172842493297,2.669172842493297
-1.800626940396549,-1.800626940396549
0.918535268291155,0.918535268291155
2.857992430054844,2.857992430054844
0.841210199696813,0.841210199696813
2.100195645523119,2.100195645523119
-3.141592653589793,-3.141592653589793
