theta_x,theta_y
0.9776330095702432,0.9776330095702432
0.892504016089656,0.892504016089656
0.9964752367746945,0.9964752367746945
-3.017324062729945,-3.017324062729945
0.5621023163738601,0.5621023163738601
-0.8615838202415684,-0.8615838202415684
