theta_x,theta_y
-3.141592653589793,-3.141592653589793
1.4818557651676283,1.4818557651676283
-3.141592653589793,-3.141592653589793
2.5978907856513,2.5978907856513
