,theta_x,theta_y
0,1.6030237175251592,1.6030237175251592
1,0.9991712169668505,0.9991712169668505
2,0.6111089314515701,0.6111089314515701
3,-1.021050240922161,-1.021050240922161
4,-3.141592653589793,-3.141592653589793
5,0.4141175465246606,0.4141175465246606
6,-0.6713013933758345,-0.6713013933758345
