,theta_x,theta_y
0,-1.420919663214442,-1.420919663214442
1,-1.4696545306053264,-1.4696545306053264
2,1.9620964958900653,1.9620964958900653
3,-3.141592653589793,-3.141592653589793
4,1.2419831548330817,1.2419831548330817
5,1.320388332420605,1.320388332420605
6,-2.1879285283465775,-2.1879285283465775
7,-3.141592653589793,-3.141592653589793
8,-0.9029696841978712,-0.9029696841978712
9,1.126883128972553,1.126883128972553
