theta_x,theta_y
-1.7978804089615132,-1.7978804089615132
3.1273258772427908,3.1273258772427908
-2.9230909940209755,-2.9230909940209755
2.8525198708160966,2.8525198708160966
2.841463670686242,2.841463670686242
2.0107244518085685,2.0107244518085685
-2.7516248265410352,-2.7516248265410352
