theta_x,theta_y
2.8200597045656837,2.8200597045656837
2.0662235418528345,2.0662235418528345
2.1502601413899822,2.1502601413899822
-1.4672479124886844,-1.4672479124886844
