,theta_x,theta_y
0,0.8367086817912148,0.8367086817912148
1,0.7749541983239144,0.7749541983239144
2,0.7111857166299786,0.7111857166299786
