theta_x,theta_y
2.0799722161873624,2.0799722161873624
0.12774402447309902,0.12774402447309902
-2.9276606077086242,-2.9276606077086242
-3.141592653589793,-3.141592653589793
1.4249568244003255,1.4249568244003255
1.548454089441174,1.548454089441174
1.9383990498064545,1.9383990498064545
2.5939489424725006,2.5939489424725006
1.6221572343231376,1.6221572343231376
