,theta_x,theta_y
0,0.7186213141693852,0.7186213141693852
1,-1.7454795220124755,-1.7454795220124755
2,-1.6929210658662124,-1.6929210658662124
3,-1.6788167852501696,-1.6788167852501696
4,3.141592653589793,3.141592653589793
5,1.4821660032349042,1.4821660032349042
