,theta_x,theta_y
0,0.8944558087037148,0.8944558087037148
1,0.508994530162878,0.508994530162878
2,0.20427763133875876,0.20427763133875876
3,-0.0448127189124625,-0.0448127189124625
