theta_x,theta_y
-3.141592653589793,-3.141592653589793
-0.49400948572856773,-0.49400948572856773
