theta_x,theta_y
-1.1222224767539202,-1.1222224767539202
-0.5865119752260661,-0.5865119752260661
0.8407401135823134,0.8407401135823134
1.612935202974045,1.612935202974045
