,theta_x,theta_y
0,2.6306285495409556,2.6306285495409556
1,-0.153978372616962,-0.153978372616962
2,2.9525666122064216,2.9525666122064216
3,-2.8361887968276362,-2.8361887968276362
4,0.5733885068270361,0.5733885068270361
5,-0.6662167705965076,-0.6662167705965076
