,theta_x,theta_y
0,2.8573126761362784,2.8573126761362784
1,1.1838696362279513,1.1838696362279513
2,0.42062080116473916,0.42062080116473916
3,-0.038497875386331766,-0.038497875386331766
