,theta_x,theta_y
0,-0.03533334614062139,-0.03533334614062139
1,-1.4564340552731598,-1.4564340552731598
2,-1.6485974309652405,-1.6485974309652405
3,-1.373047744783818,-1.373047744783818
4,3.141592653589793,3.141592653589793
5,-0.613614593072177,-0.613614593072177
6,0.06166128975018177,0.06166128975018177
7,-1.108488794640669,-1.108488794640669
8,0.6696710104934367,0.6696710104934367
9,-2.759114764157855,-2.759114764157855
