,theta_x,theta_y
0,-0.017145220842740325,-0.017145220842740325
1,3.141592653589793,3.141592653589793
2,-2.858977038566737,-2.858977038566737
