,theta_x,theta_y
0,0.8723036150907773,0.8723036150907773
1,0.8699026549171665,0.8699026549171665
2,0.8661138351430553,0.8661138351430553
3,0.8623277849094918,0.8623277849094918
4,0.8588780027246484,0.8588780027246484
5,0.8579308548693244,0.8579308548693244
6,0.8590373171046075,0.8590373171046075
7,0.8564595945623785,0.8564595945623785
