,theta_x,theta_y
0,0.4486935742570497,0.4486935742570497
1,2.8887349554569552,2.8887349554569552
