,theta_x,theta_y
0,0.4664399454318636,0.4664399454318636
1,-1.2428905054870043,-1.2428905054870043
2,-2.530793362533641,-2.530793362533641
3,-2.175990724480314,-2.175990724480314
4,2.996115963061478,2.996115963061478
5,-1.674647947751623,-1.674647947751623
6,2.769051771272138,2.769051771272138
7,-3.141592653589793,-3.141592653589793
