,theta_x,theta_y
0,0.8315595015643248,0.8315595015643248
1,0.8301854266993228,0.8301854266993228
2,0.8120851439238266,0.8120851439238266
3,0.8265830407549474,0.8265830407549474
4,0.8037247712752097,0.8037247712752097
5,0.7947748539165379,0.7947748539165379
6,0.8100508450264328,0.8100508450264328
7,0.8138890646886529,0.8138890646886529
8,0.8104307737083128,0.8104307737083128
