theta_x,theta_y
1.9398346918689602,1.9398346918689602
-0.3486754069393104,-0.3486754069393104
-1.189150150443145,-1.189150150443145
0.30902437687322304,0.30902437687322304
1.5311804392027186,1.5311804392027186
3.141592653589793,3.141592653589793
3.141592653589793,3.141592653589793
2.526771021928127,2.526771021928127
