theta_x,theta_y
-1.3436916001766297,-1.3436916001766297
2.7789766972474803,2.7789766972474803
-1.7554378019093135,-1.7554378019093135
2.1930546415322962,2.1930546415322962
2.534034671517021,2.534034671517021
-0.9523894047938543,-0.9523894047938543
-0.09627674331819232,-0.09627674331819232
-0.9797926228864324,-0.9797926228864324
-3.141592653589793,-3.141592653589793
