,theta_x,theta_y
0,-1.3436916001766297,-1.3436916001766297
1,2.7789766972474803,2.7789766972474803
2,-1.7554378019093135,-1.7554378019093135
3,2.1930546415322962,2.1930546415322962
4,2.534034671517021,2.534034671517021
5,-0.9523894047938543,-0.9523894047938543
6,-0.09627674331819232,-0.09627674331819232
7,-0.9797926228864324,-0.9797926228864324
8,-3.141592653589793,-3.141592653589793
