,theta_x,theta_y
0,0.7958619387399626,0.7958619387399626
1,-2.635322546553186,-2.635322546553186
2,-3.141592653589793,-3.141592653589793
3,-3.089272115703857,-3.089272115703857
