theta_x,theta_y
-2.536374996569119,-2.536374996569119
-3.141592653589793,-3.141592653589793
2.256489369463029,2.256489369463029
-3.141592653589793,-3.141592653589793
