,theta_x,theta_y
0,-0.34098133340955844,-0.34098133340955844
1,-0.3404875057462597,-0.3404875057462597
2,3.141592653589793,3.141592653589793
3,-0.3486947843809012,-0.3486947843809012
4,-0.3646571051889809,-0.3646571051889809
5,-0.38882483468865636,-0.38882483468865636
