,theta_x,theta_y
0,-1.4631385148060048,-1.4631385148060048
1,2.818849030272247,2.818849030272247
2,-3.141592653589793,-3.141592653589793
3,2.7808927177626113,2.7808927177626113
4,-2.199993799879309,-2.199993799879309
