theta_x,theta_y
1.0570643763944374,1.0570643763944374
0.9753994984817583,0.9753994984817583
1.0275856149545484,1.0275856149545484
0.8189084553695322,0.8189084553695322
1.0157432356946885,1.0157432356946885
0.5440734404610778,0.5440734404610778
0.9424640854941005,0.9424640854941005
0.7225858337696873,0.7225858337696873
0.5257397757448301,0.5257397757448301
