,theta_x,theta_y
0,1.2780900465129414,1.2780900465129414
1,2.2174407978314123,2.2174407978314123
2,1.6626445110624803,1.6626445110624803
3,-2.2812593306748647,-2.2812593306748647
4,1.8334882219313062,1.8334882219313062
5,-0.11729763563327662,-0.11729763563327662
