,theta_x,theta_y
0,2.6801727353840743,2.6801727353840743
1,0.15740617884556105,0.15740617884556105
2,2.8873075472911345,2.8873075472911345
3,-2.6291135577232594,-2.6291135577232594
4,0.7118959585737407,0.7118959585737407
5,-0.6845382738703496,-0.6845382738703496
