theta_x,theta_y
-3.141592653589793,-3.141592653589793
-3.141592653589793,-3.141592653589793
2.229009977962741,2.229009977962741
2.274816268687618,2.274816268687618
-3.141592653589793,-3.141592653589793
