theta_x,theta_y
-0.9369867272706383,-0.9369867272706383
-1.4146367271582792,-1.4146367271582792
3.141592653589793,3.141592653589793
-1.1346250236510762,-1.1346250236510762
