theta_x,theta_y
-3.0907627859267546,-3.0907627859267546
-2.8089828931615495,-2.8089828931615495
-2.483486113471605,-2.483486113471605
-0.19173078442870253,-0.19173078442870253
2.445165629442787,2.445165629442787
