,theta_x,theta_y
0,-3.0907627859267546,-3.0907627859267546
1,-2.8089828931615495,-2.8089828931615495
2,-2.483486113471605,-2.483486113471605
3,-0.19173078442870253,-0.19173078442870253
4,2.445165629442787,2.445165629442787
