theta_x,theta_y
-0.3897801032056485,-0.3897801032056485
-0.34936405045164387,-0.34936405045164387
-1.515707997111397,-1.515707997111397
