,theta_x,theta_y
0,-3.141592653589793,-3.141592653589793
1,2.4100207627544594,2.4100207627544594
2,-3.141592653589793,-3.141592653589793
3,2.319434008682511,2.319434008682511
4,2.273595367474267,2.273595367474267
5,-3.141592653589793,-3.141592653589793
6,2.2200554303217377,2.2200554303217377
