theta_x,theta_y
2.461835112542224,2.461835112542224
0.3711669996833061,0.3711669996833061
2.5609324180730453,2.5609324180730453
-2.5039032562321415,-2.5039032562321415
0.405099860968476,0.405099860968476
-0.3318643138437468,-0.3318643138437468
