,theta_x,theta_y
0,0.1077288510729284,0.1077288510729284
1,-1.3772510850552018,-1.3772510850552018
2,-2.4461695383255138,-2.4461695383255138
3,-3.0474617760686336,-3.0474617760686336
4,1.7620767116032245,1.7620767116032245
5,1.9175387017000354,1.9175387017000354
6,0.46679590694068335,0.46679590694068335
