,theta_x,theta_y
0,-1.8349918411633461,-1.8349918411633461
1,2.9687483516754436,2.9687483516754436
2,-3.141592653589793,-3.141592653589793
3,2.224288203243102,2.224288203243102
4,-3.141592653589793,-3.141592653589793
5,-1.6097997342296106,-1.6097997342296106
6,1.9725628844139498,1.9725628844139498
