,theta_x,theta_y
0,0.17780035909076652,0.17780035909076652
1,2.0298678980347082,2.0298678980347082
2,-2.5447990888705023,-2.5447990888705023
3,2.9127877966045244,2.9127877966045244
4,-0.8080924376943536,-0.8080924376943536
5,0.7603154859451917,0.7603154859451917
6,0.8210062508978393,0.8210062508978393
