theta_x,theta_y
2.982783839143914,2.982783839143914
1.9669935247208616,1.9669935247208616
1.5551705238164228,1.5551705238164228
0.17377914151905954,0.17377914151905954
-3.141592653589793,-3.141592653589793
-3.141592653589793,-3.141592653589793
-1.6613553359221607,-1.6613553359221607
-3.141592653589793,-3.141592653589793
