,theta_x,theta_y
0,0.39412948851118973,0.39412948851118973
1,-1.499828833785358,-1.499828833785358
2,-1.563857430222012,-1.563857430222012
3,-1.0409826390530705,-1.0409826390530705
4,3.141592653589793,3.141592653589793
5,-0.23455872768364136,-0.23455872768364136
6,0.8537783153492509,0.8537783153492509
7,-1.4831404070949445,-1.4831404070949445
