theta_x,theta_y
1.5269667223564307,1.5269667223564307
-0.15807035516535767,-0.15807035516535767
-0.9287240047252822,-0.9287240047252822
-1.8379185672772247,-1.8379185672772247
3.0590018773037566,3.0590018773037566
2.5109891253966374,2.5109891253966374
