theta_x,theta_y
-2.874412460481553,-2.874412460481553
-0.6542589389503244,-0.6542589389503244
1.9255930664387306,1.9255930664387306
0.7303341928328003,0.7303341928328003
-2.6696188269005114,-2.6696188269005114
0.5916986977741627,0.5916986977741627
