,theta_x,theta_y
0,-2.6710831470190035,-2.6710831470190035
1,1.201607451306734,1.201607451306734
2,-3.141592653589793,-3.141592653589793
3,-0.9514956415749418,-0.9514956415749418
