,theta_x,theta_y
0,3.103269723180718,3.103269723180718
1,2.088683615537547,2.088683615537547
2,-0.1642005328501405,-0.1642005328501405
3,-0.7359775387526779,-0.7359775387526779
4,-1.580531994768534,-1.580531994768534
