,theta_x,theta_y
0,2.8304359144420888,2.8304359144420888
1,-0.3344976846803945,-0.3344976846803945
2,2.896970411471384,2.896970411471384
3,-3.141592653589793,-3.141592653589793
4,1.3146222966834156,1.3146222966834156
5,-1.394911876426037,-1.394911876426037
6,1.901820665050224,1.901820665050224
7,-3.141592653589793,-3.141592653589793
8,2.672068123028559,2.672068123028559
9,0.7788098115308864,0.7788098115308864
