,theta_x,theta_y
0,0.8755087454876195,0.8755087454876195
1,0.8421679452165853,0.8421679452165853
2,0.8068274774040196,0.8068274774040196
3,0.7716575474706021,0.7716575474706021
