,theta_x,theta_y
0,0.6236438815425427,0.6236438815425427
1,2.233156902751358,2.233156902751358
2,-0.6716823838207392,-0.6716823838207392
3,-0.9704024268737159,-0.9704024268737159
4,-2.838301085111219,-2.838301085111219
