,theta_x,theta_y
0,-0.18156079410454926,-0.18156079410454926
1,2.9046099856448317,2.9046099856448317
2,-2.249247005853264,-2.249247005853264
3,2.4739160959339364,2.4739160959339364
4,-1.1020804621691123,-1.1020804621691123
5,-0.5047671230493689,-0.5047671230493689
6,2.104521743675422,2.104521743675422
7,-0.6714132594516323,-0.6714132594516323
8,0.05072963573695957,0.05072963573695957
9,-2.8675036066865616,-2.8675036066865616
