,theta_x,theta_y
0,-3.141592653589793,-3.141592653589793
1,0.9780602991137374,0.9780602991137374
2,0.9658479500115212,0.9658479500115212
3,0.955748644869742,0.955748644869742
4,-3.141592653589793,-3.141592653589793
5,0.9259587580695625,0.9259587580695625
6,0.9286189782257868,0.9286189782257868
7,-3.141592653589793,-3.141592653589793
