theta_x,theta_y
-0.3258255799979688,-0.3258255799979688
-0.3464796519090268,-0.3464796519090268
-0.3663853593385419,-0.3663853593385419
-0.3847505515853534,-0.3847505515853534
-0.40239052882608234,-0.40239052882608234
