,theta_x,theta_y
0,-3.141592653589793,-3.141592653589793
1,0.9801609109941102,0.9801609109941102
2,-2.582946033060248,-2.582946033060248
3,0.6456509283990982,0.6456509283990982
