,theta_x,theta_y
0,-0.3426614015591892,-0.3426614015591892
1,-1.8716719739343866,-1.8716719739343866
2,-1.5482075648130538,-1.5482075648130538
3,-0.6692824618491865,-0.6692824618491865
4,3.141592653589793,3.141592653589793
5,-0.394134020537707,-0.394134020537707
