,theta_x,theta_y
0,-3.141592653589793,-3.141592653589793
1,-1.9131987382439954,-1.9131987382439954
2,1.1710051970424975,1.1710051970424975
3,1.574105038407649,1.574105038407649
4,-3.141592653589793,-3.141592653589793
