,theta_x,theta_y
0,1.8433863711208904,1.8433863711208904
1,-1.386740027410142,-1.386740027410142
2,0.47035902717310063,0.47035902717310063
3,0.9180190634842716,0.9180190634842716
4,0.7533925592286177,0.7533925592286177
5,3.11218687123217,3.11218687123217
6,2.9074253892542714,2.9074253892542714
7,2.525612344017674,2.525612344017674
