theta_x,theta_y
0.28805806046111554,0.28805806046111554
0.7022197273128341,0.7022197273128341
-2.8482358855752072,-2.8482358855752072
-3.1200031866384736,-3.1200031866384736
0.8822584193794509,0.8822584193794509
1.483886129174072,1.483886129174072
0.6165242762120091,0.6165242762120091
