,theta_x,theta_y
0,-2.9206972610494883,-2.9206972610494883
1,-1.9981061660148538,-1.9981061660148538
2,3.141592653589793,3.141592653589793
3,-2.584765260908039,-2.584765260908039
