theta_x,theta_y
-2.483512742450607,-2.483512742450607
-3.141592653589793,-3.141592653589793
2.5105064701739135,2.5105064701739135
1.998414641892452,1.998414641892452
-3.141592653589793,-3.141592653589793
-0.7153944734821728,-0.7153944734821728
-0.5541832115838563,-0.5541832115838563
-3.141592653589793,-3.141592653589793
2.365771675473666,2.365771675473666
