,theta_x,theta_y
0,1.7235809531830928,1.7235809531830928
1,-1.2452036974779632,-1.2452036974779632
2,0.2040550908441324,0.2040550908441324
3,0.7852887095634871,0.7852887095634871
4,0.8718701411058674,0.8718701411058674
5,3.141592653589793,3.141592653589793
6,2.99207305227038,2.99207305227038
7,2.4044864094966543,2.4044864094966543
