,theta_x,theta_y
0,2.251064707882568,2.251064707882568
1,-1.7047076238361238,-1.7047076238361238
2,0.857983301486552,0.857983301486552
3,1.3758983112278267,1.3758983112278267
4,0.8118885755645907,0.8118885755645907
5,2.513965423065569,2.513965423065569
6,2.6502793624673844,2.6502793624673844
7,3.141592653589793,3.141592653589793
