theta_x,theta_y
-0.16198537263658155,-0.16198537263658155
3.141592653589793,3.141592653589793
-2.138189816035633,-2.138189816035633
2.731975705549578,2.731975705549578
-0.48287992201781005,-0.48287992201781005
0.21775676776469122,0.21775676776469122
