,theta_x,theta_y
0,2.4184531968819156,2.4184531968819156
1,1.1869227894004903,1.1869227894004903
