,theta_x,theta_y
0,3.141592653589793,3.141592653589793
1,-2.66649663398585,-2.66649663398585
2,-3.141592653589793,-3.141592653589793
3,2.0527383097604743,2.0527383097604743
