,theta_x,theta_y
0,1.9611116080332125,1.9611116080332125
1,1.127732603546424,1.127732603546424
2,1.1278130520192124,1.1278130520192124
