,theta_x,theta_y
0,-0.7102318432963329,-0.7102318432963329
1,-0.39061628971123513,-0.39061628971123513
2,-0.8828948640281787,-0.8828948640281787
