theta_x,theta_y
0.9908590113419095,0.9908590113419095
0.963753383396112,0.963753383396112
-3.141592653589793,-3.141592653589793
-3.141592653589793,-3.141592653589793
0.9089813354774322,0.9089813354774322
0.9471990721426922,0.9471990721426922
