,theta_x,theta_y
0,1.4747043131458282,1.4747043131458282
1,1.5254247915705712,1.5254247915705712
