theta_x,theta_y
1.569081973062434,1.569081973062434
1.3182886642153377,1.3182886642153377
-2.4263742117015847,-2.4263742117015847
1.172020998140807,1.172020998140807
0.17674394885861702,0.17674394885861702
1.0744574175091905,1.0744574175091905
0.5124494342600496,0.5124494342600496
0.8923606735607619,0.8923606735607619
0.8827664156149593,0.8827664156149593
