theta_x,theta_y
1.4149950878842446,1.4149950878842446
1.6221033983710882,1.6221033983710882
0.14191455330850666,0.14191455330850666
-1.4558598990284193,-1.4558598990284193
-2.92939859880544,-2.92939859880544
