,theta_x,theta_y
0,2.8878673119337934,2.8878673119337934
1,0.4489778128425084,0.4489778128425084
2,3.0509764242284807,3.0509764242284807
3,-3.141592653589793,-3.141592653589793
4,1.4250227209289066,1.4250227209289066
