,theta_x,theta_y
0,1.3661776618227839,1.3661776618227839
1,1.3636590069584367,1.3636590069584367
2,1.3534042950130634,1.3534042950130634
3,1.3464132110930143,1.3464132110930143
4,-3.141592653589793,-3.141592653589793
