,theta_x,theta_y
0,2.3954486209891126,2.3954486209891126
1,0.4831874624726424,0.4831874624726424
2,2.3803819824340056,2.3803819824340056
3,-3.060571448291859,-3.060571448291859
4,1.0287069150959858,1.0287069150959858
5,-0.3894223325729104,-0.3894223325729104
6,1.7115529068458932,1.7115529068458932
7,-2.448283268482728,-2.448283268482728
8,2.1782900320762852,2.1782900320762852
