,theta_x,theta_y
0,3.141592653589793,3.141592653589793
1,-0.9196676974448401,-0.9196676974448401
2,-0.9551083971465212,-0.9551083971465212
3,-0.9918104870871077,-0.9918104870871077
4,-1.027857612704899,-1.027857612704899
5,3.141592653589793,3.141592653589793
6,3.141592653589793,3.141592653589793
7,3.141592653589793,3.141592653589793
8,-1.0032706693942965,-1.0032706693942965
