,theta_x,theta_y
0,1.2150594612871093,1.2150594612871093
1,0.7373148269635388,0.7373148269635388
2,-1.3161734110426844,-1.3161734110426844
