,theta_x,theta_y
0,0.9205357167261026,0.9205357167261026
