,theta_x,theta_y
0,-3.141592653589793,-3.141592653589793
1,1.0649141646520393,1.0649141646520393
