,theta_x,theta_y
0,-0.10461079922598288,-0.10461079922598288
1,-1.0358381369757739,-1.0358381369757739
2,-0.8514913433245033,-0.8514913433245033
3,-0.7175740043423695,-0.7175740043423695
4,3.141592653589793,3.141592653589793
5,0.5019281681519463,0.5019281681519463
