,theta_x,theta_y
0,-0.7931307584802852,-0.7931307584802852
1,0.7430026988237942,0.7430026988237942
2,-0.3105752356248498,-0.3105752356248498
