,theta_x,theta_y
0,1.0847704198393797,1.0847704198393797
1,-1.6445360647267082,-1.6445360647267082
2,-2.635769338064221,-2.635769338064221
3,-3.063152793963866,-3.063152793963866
4,2.2420862082480086,2.2420862082480086
5,2.19746799076489,2.19746799076489
6,1.1216419194050784,1.1216419194050784
