theta_x,theta_y
1.0847704198393797,1.0847704198393797
-1.6445360647267082,-1.6445360647267082
-2.635769338064221,-2.635769338064221
-3.063152793963866,-3.063152793963866
2.2420862082480086,2.2420862082480086
2.19746799076489,2.19746799076489
1.1216419194050784,1.1216419194050784
