,theta_x,theta_y
0,-0.47405922643394627,-0.47405922643394627
1,3.141592653589793,3.141592653589793
2,-0.47933946640772257,-0.47933946640772257
3,3.141592653589793,3.141592653589793
4,-0.48655256911383676,-0.48655256911383676
5,-0.5230076723284732,-0.5230076723284732
