,theta_x,theta_y
0,-3.085123792890658,-3.085123792890658
1,-3.141592653589793,-3.141592653589793
2,1.4782837596464904,1.4782837596464904
3,-2.470794434708773,-2.470794434708773
4,-1.8041208699896305,-1.8041208699896305
