,theta_x,theta_y
0,2.5382080424325784,2.5382080424325784
1,0.07543805927599784,0.07543805927599784
2,2.865654984560195,2.865654984560195
3,-2.389941008104192,-2.389941008104192
4,0.4149223200857793,0.4149223200857793
5,-0.469533048399735,-0.469533048399735
6,1.395993149979484,1.395993149979484
7,-1.5667309189236462,-1.5667309189236462
8,1.9813657632634514,1.9813657632634514
