,theta_x,theta_y
0,-3.141592653589793,-3.141592653589793
1,-3.141592653589793,-3.141592653589793
2,3.141592653589793,3.141592653589793
3,0.847985021873572,0.847985021873572
4,-1.9530942920036338,-1.9530942920036338
5,-0.19389367058809276,-0.19389367058809276
