theta_x,theta_y
2.3664387166001757,2.3664387166001757
0.10700619287868711,0.10700619287868711
0.4470272459909024,0.4470272459909024
0.8926162933394663,0.8926162933394663
-0.1946586288751737,-0.1946586288751737
3.141592653589793,3.141592653589793
2.309895747135814,2.309895747135814
3.141592653589793,3.141592653589793
