theta_x,theta_y
-0.7593588976012758,-0.7593588976012758
-0.9234159733007908,-0.9234159733007908
1.0866070727828172,1.0866070727828172
