theta_x,theta_y
1.2297370014279427,1.2297370014279427
1.1667379284468804,1.1667379284468804
1.1067104894232092,1.1067104894232092
1.0494765801272563,1.0494765801272563
0.9948423732949891,0.9948423732949891
0.9426415172843225,0.9426415172843225
-3.141592653589793,-3.141592653589793
