theta_x,theta_y
-1.7121498720732462,-1.7121498720732462
-1.1158992177981824,-1.1158992177981824
1.938952572688302,1.938952572688302
