,theta_x,theta_y
0,-0.47200425664669843,-0.47200425664669843
