theta_x,theta_y
-2.153111722234459,-2.153111722234459
