theta_x,theta_y
-2.4003994368070134,-2.4003994368070134
