theta_x,theta_y
1.7093760418340127,1.7093760418340127
-0.02403508612657306,-0.02403508612657306
0.3104639354752374,0.3104639354752374
0.1534727035555746,0.1534727035555746
-0.39269013417496706,-0.39269013417496706
