,theta_x,theta_y
0,0.6857902865277268,0.6857902865277268
1,0.3979116532393905,0.3979116532393905
2,-0.12420008407340531,-0.12420008407340531
