,theta_x,theta_y
0,2.457131024739185,2.457131024739185
1,0.39761642149524634,0.39761642149524634
2,2.6580330563952113,2.6580330563952113
