,theta_x,theta_y
0,-3.141592653589793,-3.141592653589793
1,0.254000350107394,0.254000350107394
2,-3.141592653589793,-3.141592653589793
