theta_x,theta_y
1.7083058989779543,1.7083058989779543
3.141592653589793,3.141592653589793
-2.5644258121497305,-2.5644258121497305
2.4488690967550215,2.4488690967550215
-0.8007996556033125,-0.8007996556033125
0.7394779708988507,0.7394779708988507
