,theta_x,theta_y
0,1.6814553483059698,1.6814553483059698
