theta_x,theta_y
0.4465141357983967,0.4465141357983967
1.8299513920673163,1.8299513920673163
1.1151635584339648,1.1151635584339648
-1.6610460929378417,-1.6610460929378417
-1.025243864863446,-1.025243864863446
1.5471021123845838,1.5471021123845838
-2.447872171640411,-2.447872171640411
2.0563521792543566,2.0563521792543566
1.9156138874888722,1.9156138874888722
