,theta_x,theta_y
0,1.8769402355684814,1.8769402355684814
1,-0.22626462661758695,-0.22626462661758695
2,-0.8671261547323644,-0.8671261547323644
3,1.677595790439121,1.677595790439121
4,2.2373167082291023,2.2373167082291023
5,3.141592653589793,3.141592653589793
