,theta_x,theta_y
0,-0.009056220203209751,-0.009056220203209751
1,-0.9062359439530222,-0.9062359439530222
2,-1.4372241038566194,-1.4372241038566194
3,-1.8187026355900204,-1.8187026355900204
4,3.141592653589793,3.141592653589793
5,-0.5751408822749797,-0.5751408822749797
6,-0.3735450607014292,-0.3735450607014292
7,-1.5990155010299956,-1.5990155010299956
8,0.1397605630684564,0.1397605630684564
9,-1.67688429557958,-1.67688429557958
