,theta_x,theta_y
0,-1.3764468019211962,-1.3764468019211962
1,3.0870932932780497,3.0870932932780497
2,-1.2759988900696588,-1.2759988900696588
3,2.136779362400308,2.136779362400308
