,theta_x,theta_y
0,2.005597024882784,2.005597024882784
1,1.9781418563952948,1.9781418563952948
2,1.9981248578634774,1.9981248578634774
3,1.9863009623201067,1.9863009623201067
4,1.9796616432396381,1.9796616432396381
5,1.9858438887930605,1.9858438887930605
6,1.993435593429491,1.993435593429491
7,1.978299744310509,1.978299744310509
8,-3.141592653589793,-3.141592653589793
