,theta_x,theta_y
0,-3.141592653589793,-3.141592653589793
1,-2.8838191307488965,-2.8838191307488965
2,2.209091153898244,2.209091153898244
3,-2.6622974732739557,-2.6622974732739557
