,theta_x,theta_y
0,0.9095289991157345,0.9095289991157345
1,0.6398437785436335,0.6398437785436335
2,-3.141592653589793,-3.141592653589793
3,-3.141592653589793,-3.141592653589793
4,0.7691230699913654,0.7691230699913654
