,theta_x,theta_y
0,3.141592653589793,3.141592653589793
1,-2.051965430646712,-2.051965430646712
2,0.7577534597481146,0.7577534597481146
3,2.662384931038741,2.662384931038741
4,1.9044924191850503,1.9044924191850503
