,theta_x,theta_y
0,-0.16162031126874,-0.16162031126874
1,1.8330002090341082,1.8330002090341082
2,-0.48505511903248616,-0.48505511903248616
3,1.477846652547813,1.477846652547813
4,0.1765631161218923,0.1765631161218923
5,-0.2197838045304932,-0.2197838045304932
6,-1.0248836133804062,-1.0248836133804062
7,-1.1778620081717566,-1.1778620081717566
8,-1.1003591073787793,-1.1003591073787793
