,theta_x,theta_y
0,-3.141592653589793,-3.141592653589793
1,2.63060779501928,2.63060779501928
2,-1.9253381446102822,-1.9253381446102822
3,2.952510448096208,2.952510448096208
