theta_x,theta_y
-3.141592653589793,-3.141592653589793
2.63060779501928,2.63060779501928
-1.9253381446102822,-1.9253381446102822
2.952510448096208,2.952510448096208
