,theta_x,theta_y
0,-2.512131260200338,-2.512131260200338
1,-2.478878990475156,-2.478878990475156
2,2.810860929910434,2.810860929910434
3,-1.8953627706504286,-1.8953627706504286
4,1.8728259751729732,1.8728259751729732
5,1.9436434968540641,1.9436434968540641
6,-2.432727886313656,-2.432727886313656
