,theta_x,theta_y
0,2.734531803202529,2.734531803202529
