theta_x,theta_y
2.6804607431314005,2.6804607431314005
0.2034619569718577,0.2034619569718577
