,theta_x,theta_y
0,2.433314389261879,2.433314389261879
1,1.9149824582532677,1.9149824582532677
2,1.1656995279920932,1.1656995279920932
3,0.16750109431161186,0.16750109431161186
4,-2.626458101383158,-2.626458101383158
5,0.6313845395344473,0.6313845395344473
6,-0.26313523644308584,-0.26313523644308584
7,-1.7174157749992565,-1.7174157749992565
8,-2.7198567575025594,-2.7198567575025594
9,2.428556503355936,2.428556503355936
