,theta_x,theta_y
0,0.014068641689346979,0.014068641689346979
1,-0.7306194251469388,-0.7306194251469388
2,-0.27172035442942283,-0.27172035442942283
3,-1.044837645825727,-1.044837645825727
4,2.6468997754919155,2.6468997754919155
5,-0.11131891513793943,-0.11131891513793943
6,-1.9526505118139699,-1.9526505118139699
