theta_x,theta_y
1.934118632822775,1.934118632822775
0.5650648282422152,0.5650648282422152
-1.6605250595166587,-1.6605250595166587
-3.1415926535756937,-3.1415926535756937
