,theta_x,theta_y
0,-1.4635189959730437,-1.4635189959730437
1,-3.0340328976859996,-3.0340328976859996
2,-2.039922784350907,-2.039922784350907
3,1.0001742565319207,1.0001742565319207
4,-1.8059157062357216,-1.8059157062357216
5,-2.697261902945925,-2.697261902945925
