,theta_x,theta_y
0,-1.6343269162096266,-1.6343269162096266
1,2.778642489376102,2.778642489376102
2,-1.6539356627997304,-1.6539356627997304
3,1.8546395357371188,1.8546395357371188
4,2.9620394617915182,2.9620394617915182
5,-1.5734741421504923,-1.5734741421504923
6,-0.3966924892291954,-0.3966924892291954
