theta_x,theta_y
0.9763672279139508,0.9763672279139508
-0.14963006665648673,-0.14963006665648673
-0.8924027333400898,-0.8924027333400898
-1.0997558910125327,-1.0997558910125327
-1.4226483484491035,-1.4226483484491035
3.141592653589793,3.141592653589793
3.141592653589793,3.141592653589793
3.141592653589793,3.141592653589793
-1.422722221242102,-1.422722221242102
