,theta_x,theta_y
0,-1.7689258417030016,-1.7689258417030016
1,3.141592653589793,3.141592653589793
2,-2.8869990367058724,-2.8869990367058724
3,2.680657003605166,2.680657003605166
