theta_x,theta_y
-3.141592653589793,-3.141592653589793
2.9998546039393137,2.9998546039393137
2.789798460158825,2.789798460158825
