theta_x,theta_y
-3.141592653589793,-3.141592653589793
1.5378141953247273,1.5378141953247273
1.5447049400407837,1.5447049400407837
1.5473362608666492,1.5473362608666492
-3.141592653589793,-3.141592653589793
1.5219778079499402,1.5219778079499402
