,theta_x,theta_y
0,1.2468320756993527,1.2468320756993527
1,1.4192933333343543,1.4192933333343543
2,0.765437793703488,0.765437793703488
3,-3.141592653589793,-3.141592653589793
4,1.1955586242659255,1.1955586242659255
