theta_x,theta_y
0.9725528397593523,0.9725528397593523
0.9922894146804287,0.9922894146804287
0.9593159869124774,0.9593159869124774
0.9294416601905391,0.9294416601905391
0.9597078270188414,0.9597078270188414
