theta_x,theta_y
1.864820214711483,1.864820214711483
-0.05789837863098091,-0.05789837863098091
1.1703904799048994,1.1703904799048994
1.5892149302511716,1.5892149302511716
1.3753909280713184,1.3753909280713184
1.9016293831762903,1.9016293831762903
1.6331853117404072,1.6331853117404072
1.7860510598303712,1.7860510598303712
-3.141592653589793,-3.141592653589793
0.635697574504154,0.635697574504154
