,theta_x,theta_y
0,-3.141592653589793,-3.141592653589793
1,-0.8566063417585796,-0.8566063417585796
2,0.8832592608416198,0.8832592608416198
3,0.8407298568986177,0.8407298568986177
4,-3.0387028448707545,-3.0387028448707545
5,0.9896253839732194,0.9896253839732194
6,0.8942057912022885,0.8942057912022885
7,-2.3593149185611315,-2.3593149185611315
8,0.7274558883042843,0.7274558883042843
9,-2.9520153960397417,-2.9520153960397417
