,theta_x,theta_y
0,-0.613767600775584,-0.613767600775584
1,2.1645791417708837,2.1645791417708837
2,0.6809902851903442,0.6809902851903442
3,-0.3163947172836845,-0.3163947172836845
4,-0.22939523786447985,-0.22939523786447985
