,theta_x,theta_y
0,-3.141592653589793,-3.141592653589793
1,0.9721066394419495,0.9721066394419495
2,1.6323843427449183,1.6323843427449183
3,0.7668453325844331,0.7668453325844331
4,-3.074619636000086,-3.074619636000086
5,2.731195861665348,2.731195861665348
6,3.141592653589793,3.141592653589793
7,3.141592653589793,3.141592653589793
8,3.141592653589793,3.141592653589793
