theta_x,theta_y
0.8270067474926878,0.8270067474926878
1.961486634167088,1.961486634167088
-0.17284890285799387,-0.17284890285799387
-1.0025924987449513,-1.0025924987449513
0.2160854904525602,0.2160854904525602
0.5512286045514359,0.5512286045514359
