,theta_x,theta_y
0,-0.5595107696344407,-0.5595107696344407
1,3.141592653589793,3.141592653589793
2,-0.8408669823264536,-0.8408669823264536
3,1.9742974971571712,1.9742974971571712
4,1.6025255121890736,1.6025255121890736
5,0.06578327936937212,0.06578327936937212
6,-0.15251810804628496,-0.15251810804628496
7,-1.061564609356679,-1.061564609356679
