,theta_x,theta_y
0,0.6512543209106185,0.6512543209106185
1,-0.5318775147766127,-0.5318775147766127
2,-2.33107549918512,-2.33107549918512
3,-2.7839141809976713,-2.7839141809976713
4,1.6367508353818754,1.6367508353818754
5,2.1607720697722255,2.1607720697722255
6,0.6517980158235464,0.6517980158235464
7,0.8225629476619372,0.8225629476619372
8,0.28239663901328516,0.28239663901328516
9,2.0438253926905836,2.0438253926905836
