,theta_x,theta_y
0,1.8693129806767725,1.8693129806767725
1,1.9482971079160294,1.9482971079160294
2,1.198008916493088,1.198008916493088
3,-0.561483786975894,-0.561483786975894
4,-0.029552356388196734,-0.029552356388196734
5,1.367032433232338,1.367032433232338
