theta_x,theta_y
1.8693129806767725,1.8693129806767725
1.9482971079160294,1.9482971079160294
1.198008916493088,1.198008916493088
-0.561483786975894,-0.561483786975894
-0.029552356388196734,-0.029552356388196734
1.367032433232338,1.367032433232338
