,theta_x,theta_y
0,1.555360628927693,1.555360628927693
1,2.439729098275384,2.439729098275384
2,1.9457710736667175,1.9457710736667175
3,-2.4204053919329263,-2.4204053919329263
4,-1.817753988549515,-1.817753988549515
