,theta_x,theta_y
0,-2.073002252008326,-2.073002252008326
1,-1.1417798742271625,-1.1417798742271625
2,2.2281985541697966,2.2281985541697966
3,-2.315289288818556,-2.315289288818556
4,0.6639597718289052,0.6639597718289052
5,2.1034118211624873,2.1034118211624873
6,-2.523751760323428,-2.523751760323428
7,-2.448154773897599,-2.448154773897599
