theta_x,theta_y
-2.158879637354857,-2.158879637354857
-1.4675569713774457,-1.4675569713774457
1.839434174249436,1.839434174249436
-2.5877119886252347,-2.5877119886252347
0.3739768234217872,0.3739768234217872
2.0052929674127125,2.0052929674127125
-2.5562986654823616,-2.5562986654823616
-2.701975580184205,-2.701975580184205
