,theta_x,theta_y
0,0.9152251960205567,0.9152251960205567
