,theta_x,theta_y
0,-1.3593328686451178,-1.3593328686451178
1,2.4781367776590204,2.4781367776590204
2,-1.934032315186287,-1.934032315186287
3,1.6137669821390395,1.6137669821390395
4,1.0859344419736328,1.0859344419736328
