,theta_x,theta_y
0,0.30852709209509166,0.30852709209509166
1,-1.0112127752073932,-1.0112127752073932
2,3.141592653589793,3.141592653589793
3,-2.1040231208655484,-2.1040231208655484
