,theta_x,theta_y
0,0.17168115590955582,0.17168115590955582
1,2.847597937961207,2.847597937961207
2,1.4942194932825132,1.4942194932825132
3,-1.4919778245554733,-1.4919778245554733
4,-1.3976407934430077,-1.3976407934430077
5,2.6635388250482737,2.6635388250482737
6,-2.916399879064354,-2.916399879064354
7,1.7299602364719557,1.7299602364719557
8,1.3115879306832587,1.3115879306832587
