,theta_x,theta_y
0,2.7531112118983425,2.7531112118983425
1,0.2066465092172436,0.2066465092172436
2,-0.07975032116642862,-0.07975032116642862
3,2.831579514479171,2.831579514479171
