theta_x,theta_y
1.4975855948903964,1.4975855948903964
1.0464021698393904,1.0464021698393904
-3.141592653589793,-3.141592653589793
0.7560943121650218,0.7560943121650218
-3.141592653589793,-3.141592653589793
0.7305647106659264,0.7305647106659264
1.0121819897543234,1.0121819897543234
