theta_x,theta_y
-1.695564131329263,-1.695564131329263
-1.761136864907596,-1.761136864907596
3.141592653589793,3.141592653589793
