,theta_x,theta_y
0,0.23269740922099935,0.23269740922099935
1,3.141592653589793,3.141592653589793
2,-1.3381436328481138,-1.3381436328481138
3,3.072976255048592,3.072976255048592
4,-0.7990132713383622,-0.7990132713383622
5,1.8610038641106588,1.8610038641106588
6,3.0348609751149382,3.0348609751149382
7,1.1993955803369454,1.1993955803369454
