theta_x,theta_y
2.2657297773903164,2.2657297773903164
-1.0272943544407824,-1.0272943544407824
