,theta_x,theta_y
0,-0.6095104878913942,-0.6095104878913942
1,3.141592653589793,3.141592653589793
2,-2.1417257016419153,-2.1417257016419153
3,1.9065644550423109,1.9065644550423109
4,-1.224232197434636,-1.224232197434636
