theta_x,theta_y
0.8762479639172198,0.8762479639172198
1.2986887994292384,1.2986887994292384
0.8023433140179527,0.8023433140179527
0.9186455016163773,0.9186455016163773
0.7833153685580044,0.7833153685580044
0.5476950110734425,0.5476950110734425
0.48301558380563825,0.48301558380563825
0.443570795887454,0.443570795887454
