,theta_x,theta_y
0,-1.5250684200363103,-1.5250684200363103
1,-1.5328052572418853,-1.5328052572418853
2,2.2244638521660485,2.2244638521660485
3,-2.9406076744511584,-2.9406076744511584
4,1.1104791643234677,1.1104791643234677
5,1.7253915593694724,1.7253915593694724
