,theta_x,theta_y
0,-2.0234020358479423,-2.0234020358479423
