theta_x,theta_y
0.8158897278323491,0.8158897278323491
-0.3111989933550905,-0.3111989933550905
-0.48757188189379497,-0.48757188189379497
3.0838924083660357,3.0838924083660357
