,theta_x,theta_y
0,0.524717756238609,0.524717756238609
1,-1.8962784319163155,-1.8962784319163155
2,-2.2545321029104,-2.2545321029104
3,-2.834159300945487,-2.834159300945487
4,1.7976877998382395,1.7976877998382395
5,1.5854899124617967,1.5854899124617967
6,0.43395637041831686,0.43395637041831686
