,theta_x,theta_y
0,-2.7730730315780803,-2.7730730315780803
1,-1.492475540323074,-1.492475540323074
2,1.9568888971876708,1.9568888971876708
3,1.1122628378653512,1.1122628378653512
4,-2.9675698912825923,-2.9675698912825923
5,0.4808194965764119,0.4808194965764119
6,0.439870279382787,0.439870279382787
7,-1.8237854799981723,-1.8237854799981723
8,1.5172035408781275,1.5172035408781275
9,-2.5228466608967253,-2.5228466608967253
