theta_x,theta_y
-2.7730730315780803,-2.7730730315780803
-1.492475540323074,-1.492475540323074
1.9568888971876708,1.9568888971876708
1.1122628378653512,1.1122628378653512
-2.9675698912825923,-2.9675698912825923
0.4808194965764119,0.4808194965764119
0.439870279382787,0.439870279382787
-1.8237854799981723,-1.8237854799981723
1.5172035408781275,1.5172035408781275
-2.5228466608967253,-2.5228466608967253
