,theta_x,theta_y
0,1.5903057377074876,1.5903057377074876
1,1.7545173799060556,1.7545173799060556
2,-3.040005108414478,-3.040005108414478
3,1.6711884321071684,1.6711884321071684
4,-0.5006931241330056,-0.5006931241330056
5,1.0506836277460336,1.0506836277460336
6,1.8258287426869617,1.8258287426869617
7,0.7746434038319759,0.7746434038319759
8,1.0995908265689194,1.0995908265689194
