,theta_x,theta_y
0,-1.4458352598174742,-1.4458352598174742
1,1.6105480673399557,1.6105480673399557
2,0.050331899860951976,0.050331899860951976
3,-0.49755760407355765,-0.49755760407355765
4,-0.00030918242001663244,-0.00030918242001663244
