,theta_x,theta_y
0,1.5728283672576362,1.5728283672576362
1,1.9975646658766724,1.9975646658766724
2,0.3634233681961099,0.3634233681961099
3,-1.9169233791387001,-1.9169233791387001
4,-2.3941270470193503,-2.3941270470193503
