,theta_x,theta_y
0,-1.2112417121682355,-1.2112417121682355
1,-1.5603549590094674,-1.5603549590094674
2,3.067855558805873,3.067855558805873
3,0.6100621548383189,0.6100621548383189
4,-2.060273363032402,-2.060273363032402
5,-1.7964027151307254,-1.7964027151307254
6,-2.189057208036028,-2.189057208036028
