,theta_x,theta_y
0,3.141592653589793,3.141592653589793
1,-1.25229057689084,-1.25229057689084
2,-1.3318075035980497,-1.3318075035980497
3,3.141592653589793,3.141592653589793
4,-1.3611039375034775,-1.3611039375034775
5,3.141592653589793,3.141592653589793
6,3.141592653589793,3.141592653589793
7,3.141592653589793,3.141592653589793
8,-1.2770947457912323,-1.2770947457912323
9,-1.6422637921416157,-1.6422637921416157
