,theta_x,theta_y
0,-0.07115765457738574,-0.07115765457738574
1,2.9694840125932775,2.9694840125932775
2,-1.6338956423660902,-1.6338956423660902
3,2.589925882116434,2.589925882116434
4,-0.33210659182515734,-0.33210659182515734
