theta_x,theta_y
-2.3287937296819043,-2.3287937296819043
-2.0315321806008644,-2.0315321806008644
2.225902452684439,2.225902452684439
-2.4493889524741137,-2.4493889524741137
0.199030200718446,0.199030200718446
2.1513510880070643,2.1513510880070643
-2.6817893192501527,-2.6817893192501527
-2.4998925140979917,-2.4998925140979917
