theta_x,theta_y
-2.497243687481485,-2.497243687481485
-1.555932873390536,-1.555932873390536
1.931285136410084,1.931285136410084
0.8585112813463024,0.8585112813463024
-2.6386569555397053,-2.6386569555397053
0.16572063711445356,0.16572063711445356
-0.0928861554950439,-0.0928861554950439
-1.9027043327054247,-1.9027043327054247
1.744412611774999,1.744412611774999
-2.2459531365086947,-2.2459531365086947
