,theta_x,theta_y
0,2.1312761488157896,2.1312761488157896
1,-0.5090392453080209,-0.5090392453080209
2,-1.0417052314110193,-1.0417052314110193
3,1.046387120725604,1.046387120725604
4,2.0183866015297105,2.0183866015297105
5,3.141592653589793,3.141592653589793
6,3.123005379450987,3.123005379450987
