,theta_x,theta_y
0,2.253770836853125,2.253770836853125
1,0.31418123443941004,0.31418123443941004
2,-0.28425302251228446,-0.28425302251228446
3,0.1806280860038496,0.1806280860038496
4,-0.6586724969785746,-0.6586724969785746
5,3.141592653589793,3.141592653589793
6,3.141592653589793,3.141592653589793
7,3.141592653589793,3.141592653589793
8,-1.5675435819071553,-1.5675435819071553
9,0.9990675250043627,0.9990675250043627
