theta_x,theta_y
2.253770836853125,2.253770836853125
0.31418123443941004,0.31418123443941004
-0.28425302251228446,-0.28425302251228446
0.1806280860038496,0.1806280860038496
-0.6586724969785746,-0.6586724969785746
3.141592653589793,3.141592653589793
3.141592653589793,3.141592653589793
3.141592653589793,3.141592653589793
-1.5675435819071553,-1.5675435819071553
0.9990675250043627,0.9990675250043627
