,theta_x,theta_y
0,-2.4371609427399488,-2.4371609427399488
1,-3.141592653589793,-3.141592653589793
2,2.3498269839491486,2.3498269839491486
3,-3.141592653589793,-3.141592653589793
4,2.315989836282546,2.315989836282546
5,2.322854712730606,2.322854712730606
6,-3.141592653589793,-3.141592653589793
