,theta_x,theta_y
0,3.141592653589793,3.141592653589793
1,3.141592653589793,3.141592653589793
2,-0.852730561989816,-0.852730561989816
3,-0.8585267374002045,-0.8585267374002045
4,-0.9786125772782078,-0.9786125772782078
5,-1.2615853430921156,-1.2615853430921156
6,-1.4536997245208374,-1.4536997245208374
