,theta_x,theta_y
0,0.9575140612184988,0.9575140612184988
1,-0.4906586990174853,-0.4906586990174853
2,0.9642444601295139,0.9642444601295139
3,-1.1775564550460471,-1.1775564550460471
4,-0.4578035567454476,-0.4578035567454476
5,-0.5551041399362564,-0.5551041399362564
6,1.37398536195143,1.37398536195143
