,theta_x,theta_y
0,0.785997997765218,0.785997997765218
1,2.4957679180609937,2.4957679180609937
