,theta_x,theta_y
0,1.9040198611399073,1.9040198611399073
1,1.8201942801980642,1.8201942801980642
2,1.724395816321417,1.724395816321417
3,-3.141592653589793,-3.141592653589793
4,1.6246780682541384,1.6246780682541384
