theta_x,theta_y
2.1479960464475734,2.1479960464475734
-1.0558348150217616,-1.0558348150217616
0.6188338392076609,0.6188338392076609
1.5014472622038382,1.5014472622038382
1.1009743729646078,1.1009743729646078
