,theta_x,theta_y
0,2.5560049241192577,2.5560049241192577
1,2.654472416774891,2.654472416774891
2,2.354781223393065,2.354781223393065
3,-3.141592653589793,-3.141592653589793
4,2.352679049391565,2.352679049391565
5,-3.141592653589793,-3.141592653589793
6,2.4223902169966007,2.4223902169966007
7,-3.141592653589793,-3.141592653589793
8,2.3169453451758546,2.3169453451758546
