,theta_x,theta_y
0,-2.512718741374012,-2.512718741374012
1,-3.141592653589793,-3.141592653589793
2,-3.141592653589793,-3.141592653589793
3,-1.2608856451491983,-1.2608856451491983
4,2.9432469900676366,2.9432469900676366
5,-3.141592653589793,-3.141592653589793
6,-1.0660747656587535,-1.0660747656587535
