theta_x,theta_y
-2.512718741374012,-2.512718741374012
-3.141592653589793,-3.141592653589793
-3.141592653589793,-3.141592653589793
-1.2608856451491983,-1.2608856451491983
2.9432469900676366,2.9432469900676366
-3.141592653589793,-3.141592653589793
-1.0660747656587535,-1.0660747656587535
