,theta_x,theta_y
0,-0.7488911093145143,-0.7488911093145143
1,-1.779625531423591,-1.779625531423591
2,3.141592653589793,3.141592653589793
3,-1.8833052642509853,-1.8833052642509853
4,0.9155717439364348,0.9155717439364348
5,1.9125425794395072,1.9125425794395072
6,-1.0529913448201804,-1.0529913448201804
7,-1.9956534984849401,-1.9956534984849401
8,-2.575185432058321,-2.575185432058321
