,theta_x,theta_y
0,-1.174602891439455,-1.174602891439455
1,-2.2085802690446648,-2.2085802690446648
2,2.9976908874175088,2.9976908874175088
3,-0.3703542919531983,-0.3703542919531983
4,2.7620675116029454,2.7620675116029454
