theta_x,theta_y
-3.0365544516407756,-3.0365544516407756
-1.150749425852571,-1.150749425852571
1.769529482143528,1.769529482143528
1.0636828387285855,1.0636828387285855
-3.046003557602178,-3.046003557602178
0.6541022456365446,0.6541022456365446
0.36291232688719366,0.36291232688719366
-1.2181159378549147,-1.2181159378549147
1.0531039256872627,1.0531039256872627
