,theta_x,theta_y
0,2.1481759730707584,2.1481759730707584
1,2.524048478181705,2.524048478181705
2,-0.4103188262413457,-0.4103188262413457
3,-0.634023148595939,-0.634023148595939
4,2.899787523430869,2.899787523430869
5,-0.11736104748174306,-0.11736104748174306
6,0.4753462270397346,0.4753462270397346
7,1.1951588310745607,1.1951588310745607
8,2.2711538506340907,2.2711538506340907
9,1.2473011114913652,1.2473011114913652
