,theta_x,theta_y
0,0.11379536831099085,0.11379536831099085
1,2.665611835050316,2.665611835050316
2,1.0659984023564095,1.0659984023564095
