theta_x,theta_y
1.1457106334961316,1.1457106334961316
