,theta_x,theta_y
0,-1.227316657722522,-1.227316657722522
1,-1.9944887290971223,-1.9944887290971223
2,-1.6442667626146887,-1.6442667626146887
3,-0.9019452034685992,-0.9019452034685992
4,3.141592653589793,3.141592653589793
5,0.39128279282279355,0.39128279282279355
6,1.819252764115085,1.819252764115085
7,-1.2455770051287198,-1.2455770051287198
