,theta_x,theta_y
0,0.4631949705755042,0.4631949705755042
1,1.9507795022646843,1.9507795022646843
2,-2.61130589357116,-2.61130589357116
3,1.8591364336618008,1.8591364336618008
4,-0.3682256318533661,-0.3682256318533661
5,0.07469188594856634,0.07469188594856634
