theta_x,theta_y
-3.141592653589793,-3.141592653589793
-3.141592653589793,-3.141592653589793
2.3385648749460395,2.3385648749460395
2.2942894237441265,2.2942894237441265
-3.141592653589793,-3.141592653589793
2.3255774506820908,2.3255774506820908
