,theta_x,theta_y
0,-3.141592653589793,-3.141592653589793
1,-3.141592653589793,-3.141592653589793
2,2.3385648749460395,2.3385648749460395
3,2.2942894237441265,2.2942894237441265
4,-3.141592653589793,-3.141592653589793
5,2.3255774506820908,2.3255774506820908
