,theta_x,theta_y
0,-2.324476647540254,-2.324476647540254
