,theta_x,theta_y
0,0.07624855202883828,0.07624855202883828
1,3.011222504456706,3.011222504456706
2,-2.1908231727919873,-2.1908231727919873
3,2.274819490983667,2.274819490983667
4,-0.8290413461763941,-0.8290413461763941
5,0.06915543615866186,0.06915543615866186
