,theta_x,theta_y
0,0.8302000810418659,0.8302000810418659
1,0.8286060293051022,0.8286060293051022
2,0.8265649959405827,0.8265649959405827
3,0.8233584334634387,0.8233584334634387
4,0.8222689653387947,0.8222689653387947
5,0.8185948966333828,0.8185948966333828
6,0.8162737830462273,0.8162737830462273
7,0.8145653175369209,0.8145653175369209
8,0.811346487953942,0.811346487953942
9,0.8086688551676178,0.8086688551676178
