,theta_x,theta_y
0,-0.7899348126016664,-0.7899348126016664
1,3.141592653589793,3.141592653589793
2,-2.43851289203263,-2.43851289203263
3,3.0820769224504123,3.0820769224504123
4,-1.9162158183348785,-1.9162158183348785
