,theta_x,theta_y
0,-1.4647752788152957,-1.4647752788152957
1,2.1727052787793273,2.1727052787793273
2,-3.141592653589793,-3.141592653589793
3,2.264696973270814,2.264696973270814
4,1.8003792737241164,1.8003792737241164
