,theta_x,theta_y
0,2.2354680034821737,2.2354680034821737
1,-0.8621153807676216,-0.8621153807676216
2,0.5030983607333754,0.5030983607333754
3,1.0895663003566216,1.0895663003566216
4,0.7294276480630026,0.7294276480630026
5,3.0419067307844436,3.0419067307844436
6,3.0356567091658673,3.0356567091658673
7,2.7488486204059717,2.7488486204059717
