theta_x,theta_y
2.2354680034821737,2.2354680034821737
-0.8621153807676216,-0.8621153807676216
0.5030983607333754,0.5030983607333754
1.0895663003566216,1.0895663003566216
0.7294276480630026,0.7294276480630026
3.0419067307844436,3.0419067307844436
3.0356567091658673,3.0356567091658673
2.7488486204059717,2.7488486204059717
