theta_x,theta_y
2.3242679476711254,2.3242679476711254
3.113163785609572,3.113163785609572
1.1220377089887659,1.1220377089887659
0.5134681447700713,0.5134681447700713
-0.9432643411814908,-0.9432643411814908
