,theta_x,theta_y
0,2.834114182892553,2.834114182892553
1,0.31209093770391816,0.31209093770391816
2,3.0192143149372903,3.0192143149372903
3,-3.076933580749986,-3.076933580749986
