,theta_x,theta_y
0,-0.1378279606065118,-0.1378279606065118
1,-1.5361532284891872,-1.5361532284891872
2,-0.741232719941066,-0.741232719941066
