theta_x,theta_y
-3.141592653589793,-3.141592653589793
-2.7647088411357608,-2.7647088411357608
1.3852574504765367,1.3852574504765367
2.38394386394945,2.38394386394945
-3.141592653589793,-3.141592653589793
1.0918593344219678,1.0918593344219678
1.561522398237068,1.561522398237068
