,theta_x,theta_y
0,0.7245296352383297,0.7245296352383297
1,0.7186385265290893,0.7186385265290893
2,0.7086261264763679,0.7086261264763679
3,0.6896027300297148,0.6896027300297148
4,0.6936468099822298,0.6936468099822298
