,theta_x,theta_y
0,0.995772277142848,0.995772277142848
1,3.047944624325658,3.047944624325658
2,-1.0419406429208378,-1.0419406429208378
