,theta_x,theta_y
0,-0.46684690629426884,-0.46684690629426884
1,-1.208644166969366,-1.208644166969366
2,1.4771973080340797,1.4771973080340797
3,-3.141592653589793,-3.141592653589793
4,1.1899301716418886,1.1899301716418886
5,0.5672337633107755,0.5672337633107755
6,-2.7888666409670377,-2.7888666409670377
7,-3.141592653589793,-3.141592653589793
8,0.5367879795096945,0.5367879795096945
