,theta_x,theta_y
0,1.6468029629964434,1.6468029629964434
1,0.5061924725849702,0.5061924725849702
2,3.141592653589793,3.141592653589793
