theta_x,theta_y
0.9445273092805463,0.9445273092805463
0.9382492321238333,0.9382492321238333
0.29821413525512536,0.29821413525512536
-2.7919000797799933,-2.7919000797799933
