theta_x,theta_y
0.3641702019018406,0.3641702019018406
2.921819875943371,2.921819875943371
-0.6607035822157445,-0.6607035822157445
2.5236945496023937,2.5236945496023937
