,theta_x,theta_y
0,0.3641702019018406,0.3641702019018406
1,2.921819875943371,2.921819875943371
2,-0.6607035822157445,-0.6607035822157445
3,2.5236945496023937,2.5236945496023937
