,theta_x,theta_y
0,-2.4669131391293986,-2.4669131391293986
1,-1.9257439730151944,-1.9257439730151944
2,2.05109012010587,2.05109012010587
3,1.0923380206406,1.0923380206406
4,-2.7389594391083683,-2.7389594391083683
5,0.08958306109295947,0.08958306109295947
6,-0.53866383796778,-0.53866383796778
