,theta_x,theta_y
0,-2.9603116413308115,-2.9603116413308115
1,-2.3647821651083745,-2.3647821651083745
2,1.8833051568144124,1.8833051568144124
3,1.2536101532070232,1.2536101532070232
4,-3.0640525233007727,-3.0640525233007727
5,0.3611695298481359,0.3611695298481359
6,-1.393034433136632,-1.393034433136632
