theta_x,theta_y
-2.4669131391293986,-2.4669131391293986
-1.9257439730151944,-1.9257439730151944
2.05109012010587,2.05109012010587
1.0923380206406,1.0923380206406
-2.7389594391083683,-2.7389594391083683
0.08958306109295947,0.08958306109295947
-0.53866383796778,-0.53866383796778
