,theta_x,theta_y
0,0.847694339328011,0.847694339328011
1,-1.9348285157085847,-1.9348285157085847
2,-1.6291975212924492,-1.6291975212924492
3,-2.055483052709424,-2.055483052709424
4,3.141592653589793,3.141592653589793
5,2.9166653262877507,2.9166653262877507
6,1.485570131105245,1.485570131105245
