,theta_x,theta_y
0,2.063827973537423,2.063827973537423
1,-1.292499739506316,-1.292499739506316
2,-3.141592653589793,-3.141592653589793
3,2.9638957500012433,2.9638957500012433
