theta_x,theta_y
0.8819487637679209,0.8819487637679209
1.5920444359796164,1.5920444359796164
-2.2432813056284924,-2.2432813056284924
1.0429098755408999,1.0429098755408999
