,theta_x,theta_y
0,2.1625599648202045,2.1625599648202045
1,-2.4214220856005078,-2.4214220856005078
2,0.6483849662431099,0.6483849662431099
3,1.1999072642161694,1.1999072642161694
4,0.48778295791315274,0.48778295791315274
5,1.9241156692365198,1.9241156692365198
6,1.3441379595600291,1.3441379595600291
7,2.654296948659926,2.654296948659926
8,-2.304745821681437,-2.304745821681437
9,-0.7172942134826251,-0.7172942134826251
