theta_x,theta_y
-1.4015802388072514,-1.4015802388072514
3.141592653589793,3.141592653589793
-1.44475089784258,-1.44475089784258
3.141592653589793,3.141592653589793
3.141592653589793,3.141592653589793
-1.6849765726942159,-1.6849765726942159
