,theta_x,theta_y
0,0.030536557444920787,0.030536557444920787
1,-2.4061711433151496,-2.4061711433151496
