,theta_x,theta_y
0,1.7389298162454663,1.7389298162454663
1,1.650495002450993,1.650495002450993
2,-0.17363761746568993,-0.17363761746568993
3,-0.9267046098586345,-0.9267046098586345
4,-2.2120486610969103,-2.2120486610969103
5,-0.5747604793424591,-0.5747604793424591
6,-0.6044811160885151,-0.6044811160885151
7,-2.2755166702439413,-2.2755166702439413
8,-2.373340616286212,-2.373340616286212
9,3.141592653589793,3.141592653589793
