,theta_x,theta_y
0,1.281394371102414,1.281394371102414
1,1.9425938149158477,1.9425938149158477
2,1.1787631332450337,1.1787631332450337
3,-1.4421799836383355,-1.4421799836383355
4,-0.6165893121955771,-0.6165893121955771
5,1.6629748746211501,1.6629748746211501
6,-3.007728895693783,-3.007728895693783
7,1.6582091293364312,1.6582091293364312
8,2.2230343825159307,2.2230343825159307
9,-0.6243374634788071,-0.6243374634788071
