theta_x,theta_y
-0.01890021921358087,-0.01890021921358087
3.0329985689741923,3.0329985689741923
-1.795400709895344,-1.795400709895344
2.506486768784501,2.506486768784501
-0.49034498123726544,-0.49034498123726544
-0.48921655936176045,-0.48921655936176045
2.607124516398068,2.607124516398068
-0.742150231799578,-0.742150231799578
-0.23146863919785302,-0.23146863919785302
