,theta_x,theta_y
0,-1.6935173479979053,-1.6935173479979053
1,2.9423439855241993,2.9423439855241993
2,-3.0195548522632225,-3.0195548522632225
3,2.0737083712531135,2.0737083712531135
4,0.9941937799240518,0.9941937799240518
