theta_x,theta_y
-0.5545407111117747,-0.5545407111117747
-1.0617416224156524,-1.0617416224156524
2.470989449823183,2.470989449823183
-2.888720325585463,-2.888720325585463
2.156192050612246,2.156192050612246
1.189311587642525,1.189311587642525
-1.5138462187577342,-1.5138462187577342
-3.141592653589793,-3.141592653589793
0.07875189059429083,0.07875189059429083
1.136209994073763,1.136209994073763
