,theta_x,theta_y
0,-0.8131781527557018,-0.8131781527557018
1,-1.2947214044013577,-1.2947214044013577
2,2.8764543925795323,2.8764543925795323
3,-0.039056619870517714,-0.039056619870517714
4,-1.5578106267548142,-1.5578106267548142
5,0.04632157916758867,0.04632157916758867
6,-2.5543647234943747,-2.5543647234943747
7,-1.6322400882764387,-1.6322400882764387
8,1.4168170611330675,1.4168170611330675
