,theta_x,theta_y
0,-0.39020172238061374,-0.39020172238061374
1,-1.9029941160401576,-1.9029941160401576
2,-1.360767908490509,-1.360767908490509
3,-0.4012717061839791,-0.4012717061839791
4,2.3306498497795816,2.3306498497795816
5,0.5960888928334591,0.5960888928334591
6,1.7824591630991609,1.7824591630991609
7,-1.107715099584117,-1.107715099584117
8,2.0229249645358385,2.0229249645358385
