,theta_x,theta_y
0,1.089281221683064,1.089281221683064
1,2.9608121876871225,2.9608121876871225
2,1.9543399558709436,1.9543399558709436
3,-1.4168777039569174,-1.4168777039569174
4,-1.1619139234049976,-1.1619139234049976
5,2.718625385741319,2.718625385741319
