theta_x,theta_y
-2.836374922820118,-2.836374922820118
-1.5692761239451,-1.5692761239451
