,theta_x,theta_y
0,-2.5127707296007484,-2.5127707296007484
1,-2.307262173438738,-2.307262173438738
2,2.9905871154713037,2.9905871154713037
3,-2.1398923129674894,-2.1398923129674894
4,-0.2536231338051615,-0.2536231338051615
5,2.4629017669957864,2.4629017669957864
6,-2.488171132803411,-2.488171132803411
7,-2.0831026776625703,-2.0831026776625703
8,-2.326779771519073,-2.326779771519073
9,1.1797053849567714,1.1797053849567714
