theta_x,theta_y
1.4021196714734006,1.4021196714734006
1.589846260328424,1.589846260328424
-3.056762808245357,-3.056762808245357
1.4811383797407311,1.4811383797407311
0.394996473962744,0.394996473962744
1.198033153967084,1.198033153967084
1.518975235364123,1.518975235364123
1.0866677953856672,1.0866677953856672
1.1185273448988298,1.1185273448988298
-3.1010274344464697,-3.1010274344464697
