,theta_x,theta_y
0,0.06314149146127428,0.06314149146127428
1,-1.8423365066672166,-1.8423365066672166
2,-2.769498307325808,-2.769498307325808
