,theta_x,theta_y
0,0.15758554333364608,0.15758554333364608
1,0.09230713918164091,0.09230713918164091
2,-1.3354968332417974,-1.3354968332417974
