,theta_x,theta_y
0,-1.252262486923476,-1.252262486923476
