,theta_x,theta_y
0,-3.0178756452705864,-3.0178756452705864
1,3.141592653589793,3.141592653589793
2,3.122030046503732,3.122030046503732
3,-3.141592653589793,-3.141592653589793
4,-3.103192843142204,-3.103192843142204
5,-3.141592653589793,-3.141592653589793
