,theta_x,theta_y
0,-0.257773968296556,-0.257773968296556
1,3.141592653589793,3.141592653589793
2,1.903672014072138,1.903672014072138
3,-1.2086566683642876,-1.2086566683642876
4,-1.9816710044511423,-1.9816710044511423
5,3.141592653589793,3.141592653589793
6,-3.141592653589793,-3.141592653589793
7,2.2806732119663007,2.2806732119663007
