theta_x,theta_y
1.4788656631335046,1.4788656631335046
-0.8708165108219504,-0.8708165108219504
0.5019230217283652,0.5019230217283652
1.154088891882406,1.154088891882406
1.9684859617215034,1.9684859617215034
