,theta_x,theta_y
0,1.411171308638097,1.411171308638097
1,-0.27053291149956055,-0.27053291149956055
2,-0.6460654792126739,-0.6460654792126739
3,1.9275147115937843,1.9275147115937843
4,2.754464696962934,2.754464696962934
