,theta_x,theta_y
0,-1.262976964221788,-1.262976964221788
1,3.087161867949804,3.087161867949804
2,-1.6257897141343887,-1.6257897141343887
