theta_x,theta_y
0.7615554585541583,0.7615554585541583
-1.3516514794843302,-1.3516514794843302
-2.8526926502858267,-2.8526926502858267
-3.0513870778134624,-3.0513870778134624
