theta_x,theta_y
1.6361606056102416,1.6361606056102416
-0.01626808566413853,-0.01626808566413853
