,theta_x,theta_y
0,-1.2331375068487147,-1.2331375068487147
1,-1.5666637690376801,-1.5666637690376801
2,-1.1367314410089349,-1.1367314410089349
3,0.3299783772756184,0.3299783772756184
4,2.9620239795564838,2.9620239795564838
5,-0.20649160026999822,-0.20649160026999822
6,1.4106012967757624,1.4106012967757624
7,0.9319442539055456,0.9319442539055456
8,0.6021676084221951,0.6021676084221951
