,theta_x,theta_y
0,2.0129139259889812,2.0129139259889812
1,1.1893579826921412,1.1893579826921412
2,0.5285629459092654,0.5285629459092654
3,1.1668612500272348,1.1668612500272348
4,-0.4734130913961145,-0.4734130913961145
5,2.219231234709885,2.219231234709885
6,2.364798489271153,2.364798489271153
7,0.1971759858850105,0.1971759858850105
8,-0.6895514715603112,-0.6895514715603112
