theta_x,theta_y
-3.141592653589793,-3.141592653589793
2.799924928502807,2.799924928502807
-1.978128405038237,-1.978128405038237
2.2065393058513103,2.2065393058513103
