theta_x,theta_y
2.7423819075798237,2.7423819075798237
-0.5556215779946966,-0.5556215779946966
1.2089806060244352,1.2089806060244352
0.9315190266261804,0.9315190266261804
-0.36569369746903846,-0.36569369746903846
1.8878458678256247,1.8878458678256247
2.8447716709951187,2.8447716709951187
3.141592653589793,3.141592653589793
-2.314366297183362,-2.314366297183362
