,theta_x,theta_y
0,-3.141592653589793,-3.141592653589793
1,2.833758604479612,2.833758604479612
2,3.141592653589793,3.141592653589793
3,3.141592653589793,3.141592653589793
4,-3.141592653589793,-3.141592653589793
5,2.3503724169427924,2.3503724169427924
6,-3.115198420785347,-3.115198420785347
7,3.141592653589793,3.141592653589793
