,theta_x,theta_y
0,1.4393901701325789,1.4393901701325789
1,1.3094291364053263,1.3094291364053263
2,-3.141592653589793,-3.141592653589793
3,1.2250204652929553,1.2250204652929553
4,-3.141592653589793,-3.141592653589793
5,1.2217992152849264,1.2217992152849264
6,1.579674161829404,1.579674161829404
