,theta_x,theta_y
0,-3.141592653589793,-3.141592653589793
1,2.4860085179595703,2.4860085179595703
2,-2.91008708638879,-2.91008708638879
3,2.113983638253822,2.113983638253822
4,-3.141592653589793,-3.141592653589793
5,-3.141592653589793,-3.141592653589793
