,theta_x,theta_y
0,2.5694448926171636,2.5694448926171636
1,-1.694401254085764,-1.694401254085764
2,0.24781444583211587,0.24781444583211587
3,1.7500275098972131,1.7500275098972131
4,0.772264229263756,0.772264229263756
5,2.9939788945564016,2.9939788945564016
6,1.77185100984449,1.77185100984449
7,2.327125421210804,2.327125421210804
8,-2.65570534898211,-2.65570534898211
9,-0.37862630142402565,-0.37862630142402565
