,theta_x,theta_y
0,-2.0939388632099813,-2.0939388632099813
1,1.7021209259658598,1.7021209259658598
2,-1.9167248467300417,-1.9167248467300417
3,2.6481945196236056,2.6481945196236056
4,2.3784753793757916,2.3784753793757916
5,-0.4238519523397558,-0.4238519523397558
6,0.609147473101102,0.609147473101102
7,-0.8833836539523644,-0.8833836539523644
