,theta_x,theta_y
0,1.797640872419291,1.797640872419291
