theta_x,theta_y
1.7483990141276522,1.7483990141276522
2.151179901245419,2.151179901245419
1.8616743262561364,1.8616743262561364
-3.141592653589793,-3.141592653589793
-3.141592653589793,-3.141592653589793
1.673625244178151,1.673625244178151
-3.141592653589793,-3.141592653589793
1.75967446839093,1.75967446839093
