,theta_x,theta_y
0,1.9120851124602365,1.9120851124602365
1,1.05346180568371,1.05346180568371
2,1.0425564156272553,1.0425564156272553
3,-2.2557528214618516,-2.2557528214618516
4,0.48585701798629816,0.48585701798629816
5,0.6703838509640103,0.6703838509640103
6,-3.141592653589793,-3.141592653589793
7,0.8541858630783038,0.8541858630783038
8,0.9778484942432248,0.9778484942432248
9,0.764992092610731,0.764992092610731
