,theta_x,theta_y
0,0.39805027616485206,0.39805027616485206
1,-0.8939517692507525,-0.8939517692507525
2,-3.141592653589793,-3.141592653589793
3,-2.635524229196048,-2.635524229196048
