,theta_x,theta_y
0,0.6599294910851249,0.6599294910851249
1,0.6969968322373089,0.6969968322373089
2,0.6162111933841002,0.6162111933841002
3,0.6202331963207385,0.6202331963207385
4,0.5123435400848664,0.5123435400848664
5,0.5049486252654685,0.5049486252654685
