,theta_x,theta_y
0,0.18129304258746878,0.18129304258746878
1,3.141592653589793,3.141592653589793
