theta_x,theta_y
-1.274984068356772,-1.274984068356772
-1.4247022317161695,-1.4247022317161695
3.141592653589793,3.141592653589793
-1.2791493906381215,-1.2791493906381215
-0.7232591261425276,-0.7232591261425276
