,theta_x,theta_y
0,-1.274984068356772,-1.274984068356772
1,-1.4247022317161695,-1.4247022317161695
2,3.141592653589793,3.141592653589793
3,-1.2791493906381215,-1.2791493906381215
4,-0.7232591261425276,-0.7232591261425276
