,theta_x,theta_y
0,-0.647822125608371,-0.647822125608371
1,3.141592653589793,3.141592653589793
2,-0.9946796879828408,-0.9946796879828408
3,3.141592653589793,3.141592653589793
4,-0.7132944187914171,-0.7132944187914171
5,-2.719271916413453,-2.719271916413453
6,3.141592653589793,3.141592653589793
7,-2.884237795523137,-2.884237795523137
