,theta_x,theta_y
0,-0.4312464736767694,-0.4312464736767694
1,1.9872837328492856,1.9872837328492856
2,0.7874942693368768,0.7874942693368768
3,-1.2814007309569462,-1.2814007309569462
4,-1.0940939622055768,-1.0940939622055768
5,2.2529230389826944,2.2529230389826944
6,-1.7282980626242688,-1.7282980626242688
7,2.1212369904857566,2.1212369904857566
