theta_x,theta_y
2.3305665893401013,2.3305665893401013
1.0933402622626094,1.0933402622626094
-3.141592653589793,-3.141592653589793
