,theta_x,theta_y
0,-1.2346012284582084,-1.2346012284582084
1,3.1067770488206286,3.1067770488206286
2,-1.8461045453405824,-1.8461045453405824
3,2.3299862784321204,2.3299862784321204
4,2.5218858567024403,2.5218858567024403
5,-0.6751142908271432,-0.6751142908271432
6,-0.9405999544478404,-0.9405999544478404
7,-1.4477096869068193,-1.4477096869068193
8,-2.6279613805897104,-2.6279613805897104
