,theta_x,theta_y
0,0.33097993297921596,0.33097993297921596
1,1.136598800191148,1.136598800191148
2,-0.6473709688194339,-0.6473709688194339
3,-1.129683206627874,-1.129683206627874
4,-2.955390735810371,-2.955390735810371
5,-0.1689777809923471,-0.1689777809923471
6,0.23716326335396612,0.23716326335396612
7,-2.9269026508814475,-2.9269026508814475
8,-3.003223611448953,-3.003223611448953
