theta_x,theta_y
-0.27163996926510486,-0.27163996926510486
-0.27996939409142924,-0.27996939409142924
-0.28716624505959426,-0.28716624505959426
-0.2944527126144392,-0.2944527126144392
-0.3016981727966069,-0.3016981727966069
-0.30867888766146573,-0.30867888766146573
-0.316356994884406,-0.316356994884406
-0.3233544746631653,-0.3233544746631653
-0.32660329913648567,-0.32660329913648567
-0.3376715077766883,-0.3376715077766883
