,theta_x,theta_y
0,2.874164535964265,2.874164535964265
1,0.2041107036761176,0.2041107036761176
2,3.102968674511477,3.102968674511477
3,-2.563668622316175,-2.563668622316175
4,0.8114347488394864,0.8114347488394864
5,-0.33911403118368066,-0.33911403118368066
6,1.626809395157546,1.626809395157546
7,-1.4724561485667567,-1.4724561485667567
8,2.17038703836098,2.17038703836098
9,0.1892572457608663,0.1892572457608663
