,theta_x,theta_y
0,0.967702843007071,0.967702843007071
1,-1.4634345420300583,-1.4634345420300583
2,-2.149840549686323,-2.149840549686323
