,theta_x,theta_y
0,-2.031540060723047,-2.031540060723047
1,1.5714714646825643,1.5714714646825643
2,-1.4828882581080636,-1.4828882581080636
3,2.6351017528556753,2.6351017528556753
4,2.5697671137893487,2.5697671137893487
5,-0.40512188925514814,-0.40512188925514814
6,1.2128877652385257,1.2128877652385257
