,theta_x,theta_y
0,0.8665898105450941,0.8665898105450941
1,-1.6869077625249025,-1.6869077625249025
2,-2.8793999319920087,-2.8793999319920087
3,-3.1187498768842707,-3.1187498768842707
4,2.103013223979256,2.103013223979256
5,2.3428045589421456,2.3428045589421456
6,0.8645295105362398,0.8645295105362398
7,1.2114326932766277,1.2114326932766277
