,theta_x,theta_y
0,1.1146575542361468,1.1146575542361468
1,-0.18359756829070628,-0.18359756829070628
2,3.141592653589793,3.141592653589793
3,-1.5397315697470928,-1.5397315697470928
4,1.8120605728780805,1.8120605728780805
