theta_x,theta_y
2.2942257925402534,2.2942257925402534
