theta_x,theta_y
0.43194053760701306,0.43194053760701306
2.690334614982351,2.690334614982351
-2.3778555083412383,-2.3778555083412383
2.3329611407759505,2.3329611407759505
-0.8866492991827207,-0.8866492991827207
0.0178821982880949,0.0178821982880949
1.5830150749064151,1.5830150749064151
