,theta_x,theta_y
0,-3.141592653589793,-3.141592653589793
1,1.9344399119085,1.9344399119085
2,-2.065870897578749,-2.065870897578749
3,2.9977754851871916,2.9977754851871916
4,-0.73971346825998,-0.73971346825998
