,theta_x,theta_y
0,1.2928216493669515,1.2928216493669515
1,1.336128392215692,1.336128392215692
2,0.7889702340834942,0.7889702340834942
