,theta_x,theta_y
0,0.28351108645306705,0.28351108645306705
1,-1.1476979178187507,-1.1476979178187507
2,-0.07661743648958327,-0.07661743648958327
3,-2.413124588321847,-2.413124588321847
4,-0.5789344709741326,-0.5789344709741326
5,-1.261809910638818,-1.261809910638818
6,-1.0542712884668621,-1.0542712884668621
