,theta_x,theta_y
0,0.40982649803734245,0.40982649803734245
1,0.2188714688592647,0.2188714688592647
