,theta_x,theta_y
0,-0.09330502796614307,-0.09330502796614307
1,2.9214151301077,2.9214151301077
