theta_x,theta_y
-2.909386535688819,-2.909386535688819
-3.141592653589793,-3.141592653589793
1.5088050477269734,1.5088050477269734
-3.141592653589793,-3.141592653589793
1.2181808978755997,1.2181808978755997
