theta_x,theta_y
-1.0785876822038702,-1.0785876822038702
3.141592653589793,3.141592653589793
-1.5276254656378823,-1.5276254656378823
2.4027485486373665,2.4027485486373665
2.483266703420262,2.483266703420262
-0.32029050655081887,-0.32029050655081887
-0.2279190495623825,-0.2279190495623825
