theta_x,theta_y
-2.265868123055018,-2.265868123055018
2.593388007527351,2.593388007527351
-1.6605399904674722,-1.6605399904674722
1.5967237762570996,1.5967237762570996
3.122819005291317,3.122819005291317
-1.768817457761548,-1.768817457761548
