,theta_x,theta_y
0,1.6399289203688525,1.6399289203688525
1,0.8143614051862947,0.8143614051862947
2,-0.19622856137353095,-0.19622856137353095
3,-0.6619882701136399,-0.6619882701136399
4,-2.2084413806512866,-2.2084413806512866
5,-1.2508055124574176,-1.2508055124574176
