,theta_x,theta_y
0,2.30356191681517,2.30356191681517
1,1.2417823980520089,1.2417823980520089
