,theta_x,theta_y
0,-1.5882244341247385,-1.5882244341247385
1,-1.974817583364333,-1.974817583364333
2,1.9531172905903793,1.9531172905903793
3,-0.8261302056928822,-0.8261302056928822
4,-1.7809171650293916,-1.7809171650293916
5,-1.4269583059644135,-1.4269583059644135
6,-1.4464451840890982,-1.4464451840890982
