theta_x,theta_y
-2.929381052740891,-2.929381052740891
1.9668284135035456,1.9668284135035456
-3.0777918741552646,-3.0777918741552646
3.035909824238191,3.035909824238191
2.159955764824205,2.159955764824205
-0.6242844197706178,-0.6242844197706178
1.6039474974236303,1.6039474974236303
-3.141592653589793,-3.141592653589793
-3.141592653589793,-3.141592653589793
1.3756541732028966,1.3756541732028966
