,theta_x,theta_y
0,1.5604968871920333,1.5604968871920333
1,-0.8122950003107486,-0.8122950003107486
2,-2.7681330475166956,-2.7681330475166956
3,1.232677215466901,1.232677215466901
4,-0.7370412863032505,-0.7370412863032505
5,3.141592653589793,3.141592653589793
