,theta_x,theta_y
0,-0.37895743878943106,-0.37895743878943106
1,-1.5231673263475962,-1.5231673263475962
2,-0.9518398677909946,-0.9518398677909946
3,-0.14732954541302767,-0.14732954541302767
4,2.718967916534171,2.718967916534171
5,1.4193866076812325,1.4193866076812325
6,2.0969832846688576,2.0969832846688576
