,theta_x,theta_y
0,-1.3817447871874695,-1.3817447871874695
1,3.141592653589793,3.141592653589793
2,3.141592653589793,3.141592653589793
3,-1.5300644804163082,-1.5300644804163082
4,-1.7435857836920607,-1.7435857836920607
5,3.141592653589793,3.141592653589793
6,-2.0149069176710146,-2.0149069176710146
7,3.141592653589793,3.141592653589793
8,3.141592653589793,3.141592653589793
