theta_x,theta_y
-1.2121720705682166,-1.2121720705682166
3.141592653589793,3.141592653589793
-1.2981571433805603,-1.2981571433805603
2.1995043169351596,2.1995043169351596
2.6700648475219575,2.6700648475219575
-0.7757442655446517,-0.7757442655446517
-0.5085296690437112,-0.5085296690437112
-1.011934285506392,-1.011934285506392
-2.4204357736965463,-2.4204357736965463
-0.2872724940272237,-0.2872724940272237
