,theta_x,theta_y
0,-3.141592653589793,-3.141592653589793
1,-3.141592653589793,-3.141592653589793
2,1.588774503630326,1.588774503630326
3,-3.141592653589793,-3.141592653589793
4,1.7518511201069356,1.7518511201069356
5,2.219818667601272,2.219818667601272
6,-3.141592653589793,-3.141592653589793
7,-2.54210962337907,-2.54210962337907
8,-1.259332890609542,-1.259332890609542
9,2.3314867379220843,2.3314867379220843
