,theta_x,theta_y
0,1.497122577540581,1.497122577540581
1,3.141592653589793,3.141592653589793
2,2.1376804449049067,2.1376804449049067
3,-0.659202507178248,-0.659202507178248
4,-0.797901409779184,-0.797901409779184
5,3.141592653589793,3.141592653589793
6,-3.0093678215494144,-3.0093678215494144
7,2.2543142583782325,2.2543142583782325
8,1.8532150052158134,1.8532150052158134
