,theta_x,theta_y
0,1.930842158174921,1.930842158174921
1,1.4080237901854165,1.4080237901854165
2,-0.12906569795367323,-0.12906569795367323
3,-3.0691609925005108,-3.0691609925005108
4,1.3704739163127284,1.3704739163127284
5,0.3467594893844129,0.3467594893844129
6,0.2788032718898789,0.2788032718898789
7,-3.141592653588879,-3.141592653588879
8,0.8030224988620644,0.8030224988620644
9,0.5038900115868556,0.5038900115868556
