theta_x,theta_y
3.141592653589793,3.141592653589793
-1.5241670421413656,-1.5241670421413656
3.141592653589793,3.141592653589793
-1.5277891305381177,-1.5277891305381177
-1.564997115996014,-1.564997115996014
-1.6013154991182594,-1.6013154991182594
3.141592653589793,3.141592653589793
-1.6175739928662183,-1.6175739928662183
3.141592653589793,3.141592653589793
