,theta_x,theta_y
0,-0.4669426230539975,-0.4669426230539975
1,1.8691082241006958,1.8691082241006958
