,theta_x,theta_y
0,1.8749892341146603,1.8749892341146603
1,0.22283984684722755,0.22283984684722755
2,-0.45608958599580407,-0.45608958599580407
3,-1.997334886547029,-1.997334886547029
4,1.8145969951432994,1.8145969951432994
5,2.044170455364022,2.044170455364022
6,1.4300123155240563,1.4300123155240563
7,-1.9408910095976724,-1.9408910095976724
