theta_x,theta_y
-2.766953755772762,-2.766953755772762
-1.8277971807469213,-1.8277971807469213
1.897467504561498,1.897467504561498
0.5728739995601072,0.5728739995601072
-2.6596189231960468,-2.6596189231960468
