theta_x,theta_y
-2.599729144030283,-2.599729144030283
-2.1854340446462777,-2.1854340446462777
-2.693655841408549,-2.693655841408549
-3.141592653589793,-3.141592653589793
