,theta_x,theta_y
0,3.020175337700235,3.020175337700235
1,-1.4209443401968016,-1.4209443401968016
2,2.6753531723722985,2.6753531723722985
3,-3.141592653589793,-3.141592653589793
4,2.0758226153091934,2.0758226153091934
5,-2.579151941039557,-2.579151941039557
6,1.1322472308951563,1.1322472308951563
7,-3.0732724606909554,-3.0732724606909554
8,1.1125141603982704,1.1125141603982704
