,theta_x,theta_y
0,-3.141592653589793,-3.141592653589793
1,2.2257958322174076,2.2257958322174076
2,-2.1909595098179606,-2.1909595098179606
3,1.5713526886288112,1.5713526886288112
4,3.141592653589793,3.141592653589793
