,theta_x,theta_y
0,-3.141592653589793,-3.141592653589793
1,2.696212327650795,2.696212327650795
2,2.6083619103993847,2.6083619103993847
3,-3.141592653589793,-3.141592653589793
4,-3.141592653589793,-3.141592653589793
