theta_x,theta_y
0.39821528122377015,0.39821528122377015
-0.479755284874917,-0.479755284874917
-1.400344088232687,-1.400344088232687
-2.374622146583938,-2.374622146583938
2.5225759903462506,2.5225759903462506
1.8448041688987737,1.8448041688987737
