,theta_x,theta_y
0,-1.580763293434783,-1.580763293434783
1,3.141592653589793,3.141592653589793
2,3.141592653589793,3.141592653589793
3,-1.5445626364111253,-1.5445626364111253
4,-1.5893931781884785,-1.5893931781884785
5,3.141592653589793,3.141592653589793
6,-1.6287146718481988,-1.6287146718481988
7,3.141592653589793,3.141592653589793
