,theta_x,theta_y
0,-2.1537195606933444,-2.1537195606933444
1,2.8457395303282143,2.8457395303282143
2,-1.1208650555805963,-1.1208650555805963
3,2.7079962206146897,2.7079962206146897
4,3.141592653589793,3.141592653589793
