,theta_x,theta_y
0,-0.6496175496298197,-0.6496175496298197
1,-0.7186310310023162,-0.7186310310023162
2,-0.7881160851358855,-0.7881160851358855
3,-0.8589924228739404,-0.8589924228739404
4,-0.9336410627041741,-0.9336410627041741
5,-1.0077349498193784,-1.0077349498193784
6,-1.0811179563878988,-1.0811179563878988
7,-1.1584204643020815,-1.1584204643020815
