,theta_x,theta_y
0,2.270774171954214,2.270774171954214
1,-1.156096325154026,-1.156096325154026
2,0.5634438119532624,0.5634438119532624
3,1.6500545713265289,1.6500545713265289
4,1.2585025229530726,1.2585025229530726
