theta_x,theta_y
-1.228235850180626,-1.228235850180626
3.0830101700561787,3.0830101700561787
-1.2870244342746264,-1.2870244342746264
1.856655236464985,1.856655236464985
