,theta_x,theta_y
0,-2.6871317084230686,-2.6871317084230686
