theta_x,theta_y
0.48075837642504315,0.48075837642504315
2.9956489200084904,2.9956489200084904
-2.47607004915877,-2.47607004915877
2.2292522692933887,2.2292522692933887
-0.7350801483378432,-0.7350801483378432
0.33243094882346835,0.33243094882346835
1.6837655514016605,1.6837655514016605
-0.16957298723455255,-0.16957298723455255
