,theta_x,theta_y
0,-1.2726368477430183,-1.2726368477430183
1,2.311883946859087,2.311883946859087
2,1.2781006259934282,1.2781006259934282
3,-1.0789497129697607,-1.0789497129697607
4,-1.9139212647155213,-1.9139212647155213
