theta_x,theta_y
2.0400775433584117,2.0400775433584117
1.2809337745053633,1.2809337745053633
0.3006626954095252,0.3006626954095252
-0.3112028478704308,-0.3112028478704308
-2.435794256714441,-2.435794256714441
-0.30067160625825046,-0.30067160625825046
