,theta_x,theta_y
0,2.1033272251510367,2.1033272251510367
1,2.093183850654849,2.093183850654849
2,2.085120716833731,2.085120716833731
3,-3.141592653589793,-3.141592653589793
4,2.068806481867019,2.068806481867019
5,2.0093109425022044,2.0093109425022044
6,2.073144544841696,2.073144544841696
7,-3.141592653589793,-3.141592653589793
