,theta_x,theta_y
0,0.1345748916454783,0.1345748916454783
1,3.141592653589793,3.141592653589793
2,0.3104119465371742,0.3104119465371742
3,-0.9820887278791073,-0.9820887278791073
