,theta_x,theta_y
0,-2.8431562340499985,-2.8431562340499985
1,1.5494579360643999,1.5494579360643999
2,-1.4568337977549481,-1.4568337977549481
3,-1.7170723661078204,-1.7170723661078204
4,-2.2037948081986403,-2.2037948081986403
5,-2.4876234671589486,-2.4876234671589486
