theta_x,theta_y
-3.0505626594376913,-3.0505626594376913
-1.3700832203574245,-1.3700832203574245
1.4493128650645952,1.4493128650645952
0.7271217518639562,0.7271217518639562
-2.92487658204959,-2.92487658204959
-0.1496146428971789,-0.1496146428971789
