theta_x,theta_y
2.164287983340442,2.164287983340442
0.37946545835954304,0.37946545835954304
-3.115730626653638,-3.115730626653638
-3.141592653589793,-3.141592653589793
1.3710046635352577,1.3710046635352577
1.3958602921840355,1.3958602921840355
1.6822669017258793,1.6822669017258793
1.9016450488925574,1.9016450488925574
2.1971310377934175,2.1971310377934175
2.8487176908426908,2.8487176908426908
