theta_x,theta_y
2.542354594304956,2.542354594304956
0.29121188508117773,0.29121188508117773
2.746198369998364,2.746198369998364
