theta_x,theta_y
3.141592653589793,3.141592653589793
-0.6337869527701139,-0.6337869527701139
3.141592653589793,3.141592653589793
-0.6111273477244773,-0.6111273477244773
