,theta_x,theta_y
0,-1.2177063903580594,-1.2177063903580594
1,3.141592653589793,3.141592653589793
2,3.141592653589793,3.141592653589793
3,-1.4612499056832509,-1.4612499056832509
4,-2.259006345372092,-2.259006345372092
