theta_x,theta_y
2.2681035312215374,2.2681035312215374
0.4918546634362987,0.4918546634362987
2.451821454535547,2.451821454535547
-2.7546660408124963,-2.7546660408124963
0.6802006983051265,0.6802006983051265
-0.04268958093117767,-0.04268958093117767
1.2384331732682636,1.2384331732682636
-1.5984442090511974,-1.5984442090511974
