,theta_x,theta_y
0,-3.141592653589793,-3.141592653589793
1,0.9014244636612221,0.9014244636612221
2,-0.6808307503963447,-0.6808307503963447
3,1.0168467794042504,1.0168467794042504
4,-3.1230971016932285,-3.1230971016932285
