,theta_x,theta_y
0,-1.6159107675529654,-1.6159107675529654
1,3.141592653589793,3.141592653589793
2,3.141592653589793,3.141592653589793
3,-1.6459163147095384,-1.6459163147095384
4,-1.682073425954967,-1.682073425954967
5,3.141592653589793,3.141592653589793
6,-1.7367702596612271,-1.7367702596612271
7,3.141592653589793,3.141592653589793
8,3.141592653589793,3.141592653589793
