,theta_x,theta_y
0,1.3269048187683063,1.3269048187683063
1,0.6055233659887541,0.6055233659887541
2,0.6995130154142677,0.6995130154142677
3,-0.43915087602292346,-0.43915087602292346
4,-3.01119407594421,-3.01119407594421
5,0.5641857773723463,0.5641857773723463
6,0.24992001088186,0.24992001088186
7,-3.0280984456166715,-3.0280984456166715
8,-3.029051650481499,-3.029051650481499
9,1.1911389146175528,1.1911389146175528
