,theta_x,theta_y
0,1.2299094352196107,1.2299094352196107
