theta_x,theta_y
1.2299094352196107,1.2299094352196107
