,theta_x,theta_y
0,0.23955467659524474,0.23955467659524474
1,2.304200622288827,2.304200622288827
2,1.798252763870986,1.798252763870986
3,-1.3279888461965763,-1.3279888461965763
4,-0.8842286576305409,-0.8842286576305409
5,2.2849612944052,2.2849612944052
6,-2.7000794869420024,-2.7000794869420024
