theta_x,theta_y
0.3460980880406407,0.3460980880406407
-0.8723640048378744,-0.8723640048378744
-3.141592653589793,-3.141592653589793
-3.072497654167458,-3.072497654167458
