,theta_x,theta_y
0,0.9943696125556899,0.9943696125556899
1,2.6496049235145454,2.6496049235145454
2,-1.9844951817280405,-1.9844951817280405
3,2.1248901344256903,2.1248901344256903
4,-0.06423801863045983,-0.06423801863045983
5,0.5081864253456536,0.5081864253456536
6,1.5642505660757997,1.5642505660757997
7,0.04775018359841778,0.04775018359841778
8,0.1745510784132744,0.1745510784132744
9,-2.5458002826066273,-2.5458002826066273
