,theta_x,theta_y
0,0.10910928806409997,0.10910928806409997
1,-0.7318855593932188,-0.7318855593932188
