,theta_x,theta_y
0,-1.4973156889062993,-1.4973156889062993
1,-2.8147222432424575,-2.8147222432424575
