,theta_x,theta_y
0,0.9182232826377682,0.9182232826377682
1,-1.536535588696065,-1.536535588696065
