,theta_x,theta_y
0,2.384959956269568,2.384959956269568
1,-1.2002032307867354,-1.2002032307867354
2,-1.1854406859812372,-1.1854406859812372
3,2.252077659337665,2.252077659337665
4,0.42870431975152373,0.42870431975152373
5,2.8558449582658874,2.8558449582658874
