theta_x,theta_y
-2.2965121023567034,-2.2965121023567034
-1.6085817173424755,-1.6085817173424755
2.2608547638707583,2.2608547638707583
1.0613304312580307,1.0613304312580307
-2.4760861149246076,-2.4760861149246076
0.212652319764974,0.212652319764974
0.10715178223898796,0.10715178223898796
-1.8850386943961062,-1.8850386943961062
