,theta_x,theta_y
0,1.5876866859803183,1.5876866859803183
