theta_x,theta_y
3.1377317978568486,3.1377317978568486
-0.2922041864490071,-0.2922041864490071
2.986297723303487,2.986297723303487
-3.0063181289111913,-3.0063181289111913
1.792343174890157,1.792343174890157
0.6393571512529872,0.6393571512529872
1.936855202215054,1.936855202215054
