,theta_x,theta_y
0,2.7861138481677026,2.7861138481677026
1,0.15821009965999105,0.15821009965999105
2,2.9893059033254517,2.9893059033254517
3,-2.6814884191654658,-2.6814884191654658
4,0.76800399618583,0.76800399618583
5,-0.6799849815592558,-0.6799849815592558
6,1.9024401613846142,1.9024401613846142
7,-2.0139540313592716,-2.0139540313592716
8,2.282972794172492,2.282972794172492
