theta_x,theta_y
2.007176506974544,2.007176506974544
-3.141592653589793,-3.141592653589793
-3.141592653589793,-3.141592653589793
-3.141592653589793,-3.141592653589793
2.8739284360594435,2.8739284360594435
