,theta_x,theta_y
0,2.007176506974544,2.007176506974544
1,-3.141592653589793,-3.141592653589793
2,-3.141592653589793,-3.141592653589793
3,-3.141592653589793,-3.141592653589793
4,2.8739284360594435,2.8739284360594435
