,theta_x,theta_y
0,0.35094250699213725,0.35094250699213725
1,3.141592653589793,3.141592653589793
2,1.4985788128511206,1.4985788128511206
3,-1.6912386005777313,-1.6912386005777313
