theta_x,theta_y
1.4810737193419405,1.4810737193419405
2.354593129763773,2.354593129763773
-0.38839960273225266,-0.38839960273225266
-1.1513961316781414,-1.1513961316781414
