theta_x,theta_y
0.7527628150355173,0.7527628150355173
0.5967266675965568,0.5967266675965568
-3.141592653589793,-3.141592653589793
-3.141592653589793,-3.141592653589793
0.6640082896393722,0.6640082896393722
0.6503204956490114,0.6503204956490114
0.5755679150974238,0.5755679150974238
0.49227562283218,0.49227562283218
