theta_x,theta_y
2.0535734408868107,2.0535734408868107
0.4419809916341489,0.4419809916341489
2.077545073282435,2.077545073282435
-2.3906302079649784,-2.3906302079649784
0.2771101953834122,0.2771101953834122
-0.12154212479497829,-0.12154212479497829
0.5520341622638888,0.5520341622638888
-1.4385339900401521,-1.4385339900401521
