,theta_x,theta_y
0,-3.141592653589793,-3.141592653589793
1,0.6825683179280939,0.6825683179280939
2,0.6555709671853721,0.6555709671853721
3,0.904885040768757,0.904885040768757
4,-3.141592653589793,-3.141592653589793
