theta_x,theta_y
3.095639523455953,3.095639523455953
0.49094074418951944,0.49094074418951944
3.141592653589793,3.141592653589793
-3.0741216877011404,-3.0741216877011404
1.3126093250266677,1.3126093250266677
-0.46142602672741345,-0.46142602672741345
2.1847553540299383,2.1847553540299383
