,theta_x,theta_y
0,-0.23376364006732342,-0.23376364006732342
1,-0.6477429452517409,-0.6477429452517409
2,-0.7910410664724516,-0.7910410664724516
3,-1.0586639265274382,-1.0586639265274382
4,3.105970464166027,3.105970464166027
5,0.34042544886548015,0.34042544886548015
