,theta_x,theta_y
0,-0.17496688271742336,-0.17496688271742336
1,0.6326910456660185,0.6326910456660185
2,-1.1784974032469853,-1.1784974032469853
3,-0.06188477550833249,-0.06188477550833249
4,0.6591340480154723,0.6591340480154723
5,0.7417954392521846,0.7417954392521846
6,0.2749872734460604,0.2749872734460604
