,theta_x,theta_y
0,0.47597178631421566,0.47597178631421566
1,-0.9391692801386793,-0.9391692801386793
2,-1.2999339660926363,-1.2999339660926363
3,-1.2779475314007598,-1.2779475314007598
4,3.141592653589793,3.141592653589793
5,0.42736554225874374,0.42736554225874374
6,1.07892060307461,1.07892060307461
