,theta_x,theta_y
0,1.508290725900313,1.508290725900313
1,1.5008896007575292,1.5008896007575292
2,1.1072211080710779,1.1072211080710779
3,-2.7094589348455074,-2.7094589348455074
4,-3.0571904935399283,-3.0571904935399283
5,-0.47034110067812107,-0.47034110067812107
