,theta_x,theta_y
0,3.141592653589793,3.141592653589793
1,3.141592653589793,3.141592653589793
2,-3.141592653589793,-3.141592653589793
3,-3.141592653589793,-3.141592653589793
4,-3.141592653589793,-3.141592653589793
5,-3.141592653589793,-3.141592653589793
6,-3.141592653589793,-3.141592653589793
7,-3.141592653589793,-3.141592653589793
8,-3.141592653589793,-3.141592653589793
9,3.0153711908783007,3.0153711908783007
