,theta_x,theta_y
0,-2.2668436384645694,-2.2668436384645694
1,3.141592653589793,3.141592653589793
2,-2.853949180306488,-2.853949180306488
