,theta_x,theta_y
0,0.12361261983642277,0.12361261983642277
1,-0.010562198684085278,-0.010562198684085278
2,-3.1113824095048694,-3.1113824095048694
3,-3.141592653589793,-3.141592653589793
4,0.49738060315113297,0.49738060315113297
5,1.1256061406557087,1.1256061406557087
6,0.6933697813972982,0.6933697813972982
