theta_x,theta_y
-3.031787033455269,-3.031787033455269
3.141592653589793,3.141592653589793
