,theta_x,theta_y
0,2.3623402217925475,2.3623402217925475
1,-1.2344836480284156,-1.2344836480284156
