theta_x,theta_y
-3.141592653589793,-3.141592653589793
2.578233041467493,2.578233041467493
-1.3965494707651611,-1.3965494707651611
2.0359417805564712,2.0359417805564712
