,theta_x,theta_y
0,-1.7962754353378965,-1.7962754353378965
1,3.123919011260245,3.123919011260245
2,-3.0678532908536824,-3.0678532908536824
3,2.8637873503319953,2.8637873503319953
4,2.5653545773268527,2.5653545773268527
5,-2.533971104427018,-2.533971104427018
