,theta_x,theta_y
0,2.5089418742974465,2.5089418742974465
1,2.068398166588801,2.068398166588801
2,0.4709396920672987,0.4709396920672987
3,-0.4102263939834791,-0.4102263939834791
4,-1.8274287289976416,-1.8274287289976416
5,-0.5066508981476425,-0.5066508981476425
6,-0.9484377191461489,-0.9484377191461489
7,-2.238452345232301,-2.238452345232301
8,-2.507597211078972,-2.507597211078972
