,theta_x,theta_y
0,-0.21469476774560148,-0.21469476774560148
1,-0.4261415126954109,-0.4261415126954109
