,theta_x,theta_y
0,2.159947156153317,2.159947156153317
1,-3.141592653589793,-3.141592653589793
2,-1.6487771720650979,-1.6487771720650979
3,-1.7384688523135006,-1.7384688523135006
4,1.5631091283442031,1.5631091283442031
5,2.26628997015979,2.26628997015979
6,2.260540774780293,2.260540774780293
7,-3.141592653589793,-3.141592653589793
8,1.9091067540998476,1.9091067540998476
