,theta_x,theta_y
0,-2.1641376133099914,-2.1641376133099914
1,3.1415926535897927,3.1415926535897927
2,-2.7367455539178613,-2.7367455539178613
