,theta_x,theta_y
0,0.798258846405107,0.798258846405107
1,0.8344099373067995,0.8344099373067995
2,0.7730602983506245,0.7730602983506245
3,0.7355188012459203,0.7355188012459203
4,0.7277770921384749,0.7277770921384749
5,0.7517093957289677,0.7517093957289677
