,theta_x,theta_y
0,0.7378882792167767,0.7378882792167767
1,-2.356161294184709,-2.356161294184709
2,0.9777959876606358,0.9777959876606358
