,theta_x,theta_y
0,-1.0024914842231736,-1.0024914842231736
