theta_x,theta_y
0.6547278972956115,0.6547278972956115
-0.7960828165731619,-0.7960828165731619
-2.170821069861573,-2.170821069861573
-3.141592653589793,-3.141592653589793
2.1203862338350703,2.1203862338350703
