theta_x,theta_y
2.780912268386275,2.780912268386275
2.0010583810408122,2.0010583810408122
1.6624351263145467,1.6624351263145467
-0.25074611885636494,-0.25074611885636494
-3.141592653589793,-3.141592653589793
0.49797108244691046,0.49797108244691046
0.041514159649787746,0.041514159649787746
