theta_x,theta_y
-3.0803329194028053,-3.0803329194028053
-2.262927896980563,-2.262927896980563
1.9971033833277458,1.9971033833277458
1.2083726222827589,1.2083726222827589
-3.044805663998545,-3.044805663998545
-0.13541303268113675,-0.13541303268113675
0.5281025146145025,0.5281025146145025
