theta_x,theta_y
1.913292809693859,1.913292809693859
-0.802206254512688,-0.802206254512688
0.5646962000960365,0.5646962000960365
0.7993083704651736,0.7993083704651736
0.5892296107148967,0.5892296107148967
2.7402388971545073,2.7402388971545073
2.989600827924756,2.989600827924756
3.141592653589793,3.141592653589793
-3.037383606605146,-3.037383606605146
-0.4640676058999831,-0.4640676058999831
