,theta_x,theta_y
0,0.0005184920641542988,0.0005184920641542988
1,3.141592653589793,3.141592653589793
2,-2.427074302603023,-2.427074302603023
3,2.5150446373379305,2.5150446373379305
4,-1.257757600502224,-1.257757600502224
5,0.10775147898706357,0.10775147898706357
6,1.9808029532628804,1.9808029532628804
