,theta_x,theta_y
0,0.4243163409852771,0.4243163409852771
1,-1.2498061063959627,-1.2498061063959627
2,-2.681440581096118,-2.681440581096118
3,-3.141592653589793,-3.141592653589793
4,1.6480807338920775,1.6480807338920775
