theta_x,theta_y
-2.666594139565547,-2.666594139565547
1.9023220413293418,1.9023220413293418
-3.141592653589793,-3.141592653589793
1.7727948109097178,1.7727948109097178
2.3048580368821856,2.3048580368821856
-0.7740471922145568,-0.7740471922145568
-3.141592653589793,-3.141592653589793
-2.63497930898061,-2.63497930898061
-1.4774404241207086,-1.4774404241207086
