,theta_x,theta_y
0,2.1095197143977322,2.1095197143977322
1,1.9518559457934472,1.9518559457934472
2,-3.141592653589793,-3.141592653589793
3,1.879837628404633,1.879837628404633
4,1.9412619574478998,1.9412619574478998
5,1.918436047022462,1.918436047022462
6,1.8962218377167148,1.8962218377167148
7,1.8994182131157435,1.8994182131157435
8,1.962903799068266,1.962903799068266
9,-3.141592653589793,-3.141592653589793
