,theta_x,theta_y
0,-1.0208740212818481,-1.0208740212818481
1,2.8369136395901626,2.8369136395901626
2,-3.141592653589793,-3.141592653589793
3,2.97577055709109,2.97577055709109
4,-2.2443559944638998,-2.2443559944638998
