,theta_x,theta_y
0,2.625611550606685,2.625611550606685
1,-1.4655374206173704,-1.4655374206173704
2,1.1205518966030785,1.1205518966030785
3,2.0181379644907125,2.0181379644907125
4,1.4043877326859329,1.4043877326859329
5,2.3508440940534867,2.3508440940534867
6,1.7473901143034654,1.7473901143034654
7,1.9781065173164185,1.9781065173164185
8,-3.141592653589793,-3.141592653589793
9,-0.1715808626181922,-0.1715808626181922
