theta_x,theta_y
-1.6459670924695604,-1.6459670924695604
-1.807992882749455,-1.807992882749455
-1.9488971167105744,-1.9488971167105744
-2.0805006816102454,-2.0805006816102454
3.141592653589793,3.141592653589793
3.141592653589793,3.141592653589793
