theta_x,theta_y
-0.1888651916866545,-0.1888651916866545
3.141592653589793,3.141592653589793
-2.0256413106459012,-2.0256413106459012
2.749331484708815,2.749331484708815
-1.1910931158640177,-1.1910931158640177
-0.4224310944929076,-0.4224310944929076
2.285050051050653,2.285050051050653
-0.5295329999523707,-0.5295329999523707
0.3805294258565352,0.3805294258565352
