,theta_x,theta_y
0,0.027212397720273326,0.027212397720273326
1,-0.8860257468376056,-0.8860257468376056
2,2.4716825480304836,2.4716825480304836
3,-0.99157525582939,-0.99157525582939
4,-0.8150787927729005,-0.8150787927729005
5,-0.06404254445564572,-0.06404254445564572
6,2.7205207071778696,2.7205207071778696
