theta_x,theta_y
-3.088104283826297,-3.088104283826297
-0.20727543503446616,-0.20727543503446616
0.9389226639732108,0.9389226639732108
3.141592653589793,3.141592653589793
