,theta_x,theta_y
0,1.7984154238181078,1.7984154238181078
1,-0.3014950943948759,-0.3014950943948759
2,-0.14076894578266386,-0.14076894578266386
3,2.9078722990031243,2.9078722990031243
