,theta_x,theta_y
0,0.18903714454408033,0.18903714454408033
1,2.951140816043649,2.951140816043649
2,-2.6551773207208282,-2.6551773207208282
3,1.3209547974700162,1.3209547974700162
4,0.14638198917579592,0.14638198917579592
5,-0.05826450437091642,-0.05826450437091642
6,-0.21261101899456028,-0.21261101899456028
