theta_x,theta_y
-3.082342873728683,-3.082342873728683
0.8296292386345924,0.8296292386345924
0.523333438961531,0.523333438961531
