,theta_x,theta_y
0,1.3080822587231573,1.3080822587231573
1,-0.6591414592387393,-0.6591414592387393
2,0.2566448393976485,0.2566448393976485
3,1.504755569798173,1.504755569798173
4,2.2752280433996086,2.2752280433996086
