,theta_x,theta_y
0,-0.25993030383431687,-0.25993030383431687
1,-1.5950988502920151,-1.5950988502920151
2,-1.8799699014771283,-1.8799699014771283
3,-2.0252958053228434,-2.0252958053228434
4,3.141592653589793,3.141592653589793
5,-1.327260655275496,-1.327260655275496
6,-1.1944191310350782,-1.1944191310350782
7,-1.569357839509321,-1.569357839509321
