,theta_x,theta_y
0,-1.9003753845552929,-1.9003753845552929
1,2.0067125580192307,2.0067125580192307
2,-2.582983934998329,-2.582983934998329
3,1.53237523776697,1.53237523776697
4,0.8937519644442299,0.8937519644442299
5,0.5243096900864892,0.5243096900864892
