,theta_x,theta_y
0,0.8539976069229522,0.8539976069229522
1,-0.15869628789071996,-0.15869628789071996
