,theta_x,theta_y
0,-3.0913567684140113,-3.0913567684140113
1,1.9551515925127012,1.9551515925127012
