theta_x,theta_y
-0.37786256705531635,-0.37786256705531635
-0.40107110482456876,-0.40107110482456876
-0.40805368021938654,-0.40805368021938654
-0.41488330203978363,-0.41488330203978363
3.141592653589793,3.141592653589793
-0.37359818640229475,-0.37359818640229475
