theta_x,theta_y
-1.5065141509133901,-1.5065141509133901
-1.5156332768078227,-1.5156332768078227
3.141592653589793,3.141592653589793
-1.5058141198010695,-1.5058141198010695
-1.5397916932609943,-1.5397916932609943
-1.5456444734769923,-1.5456444734769923
-1.5765306278713538,-1.5765306278713538
-1.6098553842076375,-1.6098553842076375
-1.6409103627322474,-1.6409103627322474
