theta_x,theta_y
1.5186569628426339,1.5186569628426339
-1.7776769599093054,-1.7776769599093054
1.5996580485559415,1.5996580485559415
1.8871452239595832,1.8871452239595832
-0.3838086976099553,-0.3838086976099553
2.7007437958205633,2.7007437958205633
