theta_x,theta_y
-3.1083365765646302,-3.1083365765646302
-2.275679235881196,-2.275679235881196
2.2482112593394943,2.2482112593394943
0.40989530919657746,0.40989530919657746
-2.6671769541584767,-2.6671769541584767
-1.0866050638503348,-1.0866050638503348
0.23240709171809557,0.23240709171809557
-2.6288028313795966,-2.6288028313795966
