,theta_x,theta_y
0,-3.141592653589793,-3.141592653589793
1,-1.987349042850458,-1.987349042850458
2,2.871090217603769,2.871090217603769
3,0.5489917382257155,0.5489917382257155
4,-2.3412993903099144,-2.3412993903099144
5,-0.6409745380922051,-0.6409745380922051
6,0.733918955090347,0.733918955090347
7,-2.1386868843539224,-2.1386868843539224
