theta_x,theta_y
1.5561465765279314,1.5561465765279314
-0.7171424613774271,-0.7171424613774271
0.24352118297784422,0.24352118297784422
