,theta_x,theta_y
0,-0.14167191749109098,-0.14167191749109098
1,-0.9314237188859952,-0.9314237188859952
2,-0.786831583566552,-0.786831583566552
3,-0.47677009328892156,-0.47677009328892156
4,-0.37122471002293195,-0.37122471002293195
5,-0.9080314492387743,-0.9080314492387743
6,-1.3848397988488963,-1.3848397988488963
7,-0.6495747185823971,-0.6495747185823971
