,theta_x,theta_y
0,3.141592653589793,3.141592653589793
1,2.040201115698657,2.040201115698657
2,2.613623619594485,2.613623619594485
3,-3.141592653589793,-3.141592653589793
4,2.4529233662507477,2.4529233662507477
5,-0.08056025164375413,-0.08056025164375413
