theta_x,theta_y
2.8209426703523914,2.8209426703523914
-0.5952362286282507,-0.5952362286282507
1.804590466880807,1.804590466880807
0.21139993008039223,0.21139993008039223
-0.045371506755494104,-0.045371506755494104
0.4890075856997824,0.4890075856997824
