,theta_x,theta_y
0,2.8209426703523914,2.8209426703523914
1,-0.5952362286282507,-0.5952362286282507
2,1.804590466880807,1.804590466880807
3,0.21139993008039223,0.21139993008039223
4,-0.045371506755494104,-0.045371506755494104
5,0.4890075856997824,0.4890075856997824
