theta_x,theta_y
3.141592653589793,3.141592653589793
-0.8774215309232487,-0.8774215309232487
-0.9296159047706547,-0.9296159047706547
-0.9915512986985833,-0.9915512986985833
-1.0518591294259956,-1.0518591294259956
3.141592653589793,3.141592653589793
3.141592653589793,3.141592653589793
3.141592653589793,3.141592653589793
-0.94722409988029,-0.94722409988029
-1.0356811088313147,-1.0356811088313147
