,theta_x,theta_y
0,1.1191863663981503,1.1191863663981503
1,2.765136618442956,2.765136618442956
2,1.211982024170635,1.211982024170635
3,-0.2208244392290794,-0.2208244392290794
4,-0.5440705200319431,-0.5440705200319431
5,2.6452917583861404,2.6452917583861404
6,-1.8170304733847271,-1.8170304733847271
7,1.6861161113247711,1.6861161113247711
