,theta_x,theta_y
0,-1.0440391504019881,-1.0440391504019881
1,2.8274448639944927,2.8274448639944927
2,-1.2575305899987308,-1.2575305899987308
3,1.8559486299986971,1.8559486299986971
4,1.912257722916771,1.912257722916771
