,theta_x,theta_y
0,0.44373329239520787,0.44373329239520787
1,-0.986387879951893,-0.986387879951893
2,-2.6473784289029574,-2.6473784289029574
3,-3.0657571084579107,-3.0657571084579107
4,1.4349095638625422,1.4349095638625422
5,2.0906116249474396,2.0906116249474396
6,0.5417042655269015,0.5417042655269015
7,0.9348504859529103,0.9348504859529103
8,0.31893243487476564,0.31893243487476564
