,theta_x,theta_y
0,0.002681201095732229,0.002681201095732229
1,-1.1531993706239378,-1.1531993706239378
2,-1.284007706627551,-1.284007706627551
3,-0.9966400318063492,-0.9966400318063492
4,3.141592653589793,3.141592653589793
5,-0.09788044816601876,-0.09788044816601876
6,0.22578060324733643,0.22578060324733643
