,theta_x,theta_y
0,0.008859158752830346,0.008859158752830346
1,-1.7888064994016406,-1.7888064994016406
2,-0.12741990872080267,-0.12741990872080267
3,-0.2861275684952206,-0.2861275684952206
