,theta_x,theta_y
0,-2.1855294684422373,-2.1855294684422373
1,-2.5355550937873637,-2.5355550937873637
2,-2.4524700909196153,-2.4524700909196153
3,-2.5543708946929984,-2.5543708946929984
4,-2.633831536564906,-2.633831536564906
