,theta_x,theta_y
0,0.7452719546797479,0.7452719546797479
