,theta_x,theta_y
0,2.051630598044252,2.051630598044252
1,-0.03163891009417261,-0.03163891009417261
2,-0.06500835220516579,-0.06500835220516579
3,-0.41338462675175197,-0.41338462675175197
4,0.303402272210529,0.303402272210529
5,-0.10578733154930778,-0.10578733154930778
6,-3.0788631508524325,-3.0788631508524325
7,0.22014188341550575,0.22014188341550575
8,2.4127067737376864,2.4127067737376864
