theta_x,theta_y
-1.1626012764959515,-1.1626012764959515
-2.772011987488261,-2.772011987488261
3.0841033959248727,3.0841033959248727
1.8139491310860525,1.8139491310860525
-2.7754581669527836,-2.7754581669527836
-2.0904565801552835,-2.0904565801552835
-1.1153392033188163,-1.1153392033188163
-3.141592653589793,-3.141592653589793
