,theta_x,theta_y
0,0.82123606259253,0.82123606259253
1,0.6874791171626407,0.6874791171626407
2,0.9590253371795715,0.9590253371795715
3,-3.141592653589793,-3.141592653589793
4,0.7255935341456377,0.7255935341456377
5,0.5821686079646962,0.5821686079646962
6,1.00906515606882,1.00906515606882
7,-2.0267897630318528,-2.0267897630318528
8,1.1434280826163117,1.1434280826163117
