,theta_x,theta_y
0,0.3393615911417042,0.3393615911417042
1,-1.4371313569918147,-1.4371313569918147
2,-2.4606410694417695,-2.4606410694417695
3,-2.845770133660371,-2.845770133660371
4,1.8906016134533272,1.8906016134533272
5,2.322732608518471,2.322732608518471
6,0.4632622348923184,0.4632622348923184
7,0.8613274401985757,0.8613274401985757
