,theta_x,theta_y
0,-0.7543801807552114,-0.7543801807552114
1,3.141592653589793,3.141592653589793
2,-1.053614528076029,-1.053614528076029
3,2.4821380132689015,2.4821380132689015
4,1.323643819030845,1.323643819030845
5,0.06819274106362298,0.06819274106362298
6,-0.6372137473129427,-0.6372137473129427
7,-1.022774687162347,-1.022774687162347
8,-0.7370717139345168,-0.7370717139345168
9,-0.9613267119606699,-0.9613267119606699
