,theta_x,theta_y
0,-2.9329531478224693,-2.9329531478224693
1,-2.096639061891103,-2.096639061891103
2,1.9891014423234923,1.9891014423234923
3,1.1112512221400608,1.1112512221400608
4,-3.1171954756788836,-3.1171954756788836
5,0.031488817080006226,0.031488817080006226
6,0.3371674928317256,0.3371674928317256
7,-2.287092150599819,-2.287092150599819
8,1.7364155934178525,1.7364155934178525
