theta_x,theta_y
0.7344243503572778,0.7344243503572778
