,theta_x,theta_y
0,2.0706369552764947,2.0706369552764947
1,0.109766499944998,0.109766499944998
2,-1.2294507603437346,-1.2294507603437346
3,1.387615981320581,1.387615981320581
4,1.9140954755952104,1.9140954755952104
5,3.141592653589793,3.141592653589793
6,2.8211752835418915,2.8211752835418915
7,0.9236092992078544,0.9236092992078544
8,-3.141592653589793,-3.141592653589793
