,theta_x,theta_y
0,2.04224860509648,2.04224860509648
1,-0.5425288082407349,-0.5425288082407349
2,0.30536229231127227,0.30536229231127227
3,2.242721340235547,2.242721340235547
