theta_x,theta_y
0.6968576892073939,0.6968576892073939
0.647864205386059,0.647864205386059
0.6279054731398798,0.6279054731398798
0.5995440355868578,0.5995440355868578
