,theta_x,theta_y
0,-1.9502800308418151,-1.9502800308418151
1,3.1198316488804365,3.1198316488804365
2,-2.623923179741042,-2.623923179741042
3,2.5454797131592883,2.5454797131592883
4,2.748583238304622,2.748583238304622
