,theta_x,theta_y
0,-1.1689514950456021,-1.1689514950456021
1,-1.9911989503218783,-1.9911989503218783
2,-1.5990237299723336,-1.5990237299723336
3,0.02136318949811984,0.02136318949811984
4,2.8530354834931746,2.8530354834931746
5,0.23493968446130906,0.23493968446130906
6,2.2380150819111124,2.2380150819111124
7,-1.6399254955515512,-1.6399254955515512
8,2.2136854218436763,2.2136854218436763
9,-3.0241247155475115,-3.0241247155475115
