,theta_x,theta_y
0,-1.8024901459946392,-1.8024901459946392
1,-0.8879075069440385,-0.8879075069440385
