theta_x,theta_y
0.7859979977652175,0.7859979977652175
2.49576791806099,2.49576791806099
