,theta_x,theta_y
0,0.7859979977652175,0.7859979977652175
1,2.49576791806099,2.49576791806099
