theta_x,theta_y
2.540498739456185,2.540498739456185
-3.141592653589793,-3.141592653589793
-3.141592653589793,-3.141592653589793
-2.885487185168803,-2.885487185168803
3.141592653589793,3.141592653589793
3.141592653589793,3.141592653589793
3.141592653589793,3.141592653589793
