,theta_x,theta_y
0,-0.5474915890250985,-0.5474915890250985
1,2.6749390274285965,2.6749390274285965
2,-2.8824404089467133,-2.8824404089467133
3,3.141592653589793,3.141592653589793
