,theta_x,theta_y
0,0.7240820088169178,0.7240820088169178
1,-0.32061050707377003,-0.32061050707377003
2,1.770409043723109,1.770409043723109
3,-2.353780918581564,-2.353780918581564
4,1.9868285672247128,1.9868285672247128
