,theta_x,theta_y
0,3.141592653589793,3.141592653589793
1,2.3006813531930868,2.3006813531930868
2,0.3315003440434409,0.3315003440434409
3,-3.141592653589793,-3.141592653589793
4,-3.141592653589793,-3.141592653589793
5,-3.141592653589793,-3.141592653589793
6,-3.141592653589793,-3.141592653589793
7,-3.141592653589793,-3.141592653589793
