,theta_x,theta_y
0,3.141592653589793,3.141592653589793
1,1.7379450017378226,1.7379450017378226
2,0.8132840724558661,0.8132840724558661
3,-2.2631281527744394,-2.2631281527744394
4,-3.141592653589793,-3.141592653589793
5,0.9375047801590375,0.9375047801590375
6,1.3044045745079067,1.3044045745079067
7,-3.141592653589793,-3.141592653589793
8,-3.141592653589793,-3.141592653589793
