theta_x,theta_y
3.141592653589793,3.141592653589793
-0.3667223564637027,-0.3667223564637027
-0.6243772225557777,-0.6243772225557777
-0.8445990970099208,-0.8445990970099208
-1.0308390556030387,-1.0308390556030387
3.141592653589793,3.141592653589793
3.141592653589793,3.141592653589793
3.141592653589793,3.141592653589793
