,theta_x,theta_y
0,3.141592653589793,3.141592653589793
1,-0.8253056653519656,-0.8253056653519656
2,-1.7315083649927108,-1.7315083649927108
3,3.0893919164392876,3.0893919164392876
4,1.659231493331803,1.659231493331803
