,theta_x,theta_y
0,2.9213423074299385,2.9213423074299385
1,1.3317347207811567,1.3317347207811567
2,1.8385988325514342,1.8385988325514342
3,0.6098398530038451,0.6098398530038451
4,-3.141592653589793,-3.141592653589793
5,0.5016262644910325,0.5016262644910325
6,1.2300932897432129,1.2300932897432129
