theta_x,theta_y
2.9213423074299385,2.9213423074299385
1.3317347207811567,1.3317347207811567
1.8385988325514342,1.8385988325514342
0.6098398530038451,0.6098398530038451
-3.141592653589793,-3.141592653589793
0.5016262644910325,0.5016262644910325
1.2300932897432129,1.2300932897432129
