,theta_x,theta_y
0,1.4548558618084653,1.4548558618084653
1,1.1980463907038812,1.1980463907038812
2,0.8224806439559549,0.8224806439559549
3,0.9809430308876925,0.9809430308876925
