,theta_x,theta_y
0,0.9499969096303438,0.9499969096303438
1,-3.141592653589793,-3.141592653589793
2,0.9685043514411192,0.9685043514411192
3,0.9325711411839415,0.9325711411839415
4,0.9254321244944995,0.9254321244944995
