,theta_x,theta_y
0,2.7700048197743037,2.7700048197743037
1,-2.2237320288345597,-2.2237320288345597
2,0.9401128993361731,0.9401128993361731
3,1.9484981673568982,1.9484981673568982
4,1.0658261991898415,1.0658261991898415
5,2.094546966928876,2.094546966928876
6,1.2861181239781483,1.2861181239781483
7,1.4939833772445121,1.4939833772445121
8,-3.141592653589793,-3.141592653589793
