,theta_x,theta_y
0,0.8846200080440216,0.8846200080440216
1,0.8361817634472073,0.8361817634472073
2,-3.141592653589793,-3.141592653589793
3,-3.141592653589793,-3.141592653589793
4,0.6921116519151845,0.6921116519151845
5,0.5981827541330622,0.5981827541330622
