,theta_x,theta_y
0,-2.3070382539049006,-2.3070382539049006
1,-2.988328222547354,-2.988328222547354
2,-1.838719395305163,-1.838719395305163
3,-2.6722031340089942,-2.6722031340089942
