,theta_x,theta_y
0,2.5086957157894334,2.5086957157894334
1,0.5403367285945943,0.5403367285945943
2,2.5819891887277673,2.5819891887277673
3,-3.141592653589793,-3.141592653589793
4,0.8837629925985178,0.8837629925985178
5,-0.4428185533113147,-0.4428185533113147
6,1.7698090080547002,1.7698090080547002
7,-2.3696330655203672,-2.3696330655203672
8,1.96485636529255,1.96485636529255
