,theta_x,theta_y
0,-0.1369312934620433,-0.1369312934620433
1,2.3634326515451893,2.3634326515451893
2,-2.447378099274724,-2.447378099274724
3,1.743223196368326,1.743223196368326
4,-0.30806180450930837,-0.30806180450930837
5,-0.4846110901890617,-0.4846110901890617
6,0.5953320915382152,0.5953320915382152
7,-0.6518233292432921,-0.6518233292432921
8,0.017771821726656672,0.017771821726656672
9,-2.5248607200939737,-2.5248607200939737
