,theta_x,theta_y
0,1.4137111118584968,1.4137111118584968
1,-0.42545095977993586,-0.42545095977993586
2,0.18255297002144538,0.18255297002144538
3,1.328609816369337,1.328609816369337
