theta_x,theta_y
0.5479362667652197,0.5479362667652197
2.830971098389666,2.830971098389666
