,theta_x,theta_y
0,-2.0825363703655166,-2.0825363703655166
1,-0.8320188393738981,-0.8320188393738981
