,theta_x,theta_y
0,2.700183167355247,2.700183167355247
1,2.5349693735744414,2.5349693735744414
2,2.386115374439449,2.386115374439449
3,-3.141592653589793,-3.141592653589793
4,-3.141592653589793,-3.141592653589793
