,theta_x,theta_y
0,0.16002115305740178,0.16002115305740178
1,-1.223023154696557,-1.223023154696557
2,-2.114744376892828,-2.114744376892828
3,-2.6970493306063674,-2.6970493306063674
4,1.71846152116046,1.71846152116046
5,1.9403608909148158,1.9403608909148158
6,0.49102206893319966,0.49102206893319966
7,1.1158372802663243,1.1158372802663243
