,theta_x,theta_y
0,1.7703311254897667,1.7703311254897667
1,-3.141592653589793,-3.141592653589793
2,2.0520052440320735,2.0520052440320735
