,theta_x,theta_y
0,2.991493560860125,2.991493560860125
1,-0.8262311715360708,-0.8262311715360708
2,1.804000558734502,1.804000558734502
