,theta_x,theta_y
0,2.2683234504828174,2.2683234504828174
1,0.5981049499942301,0.5981049499942301
