theta_x,theta_y
-1.1935832983224222,-1.1935832983224222
3.141592653589793,3.141592653589793
3.141592653589793,3.141592653589793
-1.5640369615369512,-1.5640369615369512
