,theta_x,theta_y
0,2.138014215504369,2.138014215504369
1,-0.6415664862616498,-0.6415664862616498
2,0.5642956507234197,0.5642956507234197
3,1.31793230012375,1.31793230012375
4,0.7608087217517836,0.7608087217517836
5,2.3498437145424567,2.3498437145424567
6,1.7150339760158624,1.7150339760158624
7,2.386843158649228,2.386843158649228
8,-2.4973902551446807,-2.4973902551446807
9,-0.40125040090369396,-0.40125040090369396
