theta_x,theta_y
1.1604744405872771,1.1604744405872771
-0.5376868708088307,-0.5376868708088307
