theta_x,theta_y
-1.448492422659279,-1.448492422659279
-1.4961020881101748,-1.4961020881101748
