,theta_x,theta_y
0,1.0798733899528044,1.0798733899528044
1,1.2118937629509088,1.2118937629509088
2,-3.141592653589793,-3.141592653589793
3,1.155137298715265,1.155137298715265
4,1.2306910370324524,1.2306910370324524
5,0.7075943463131888,0.7075943463131888
