,theta_x,theta_y
0,2.668379325751885,2.668379325751885
