,theta_x,theta_y
0,-1.7813375927100576,-1.7813375927100576
1,-1.9853603351242775,-1.9853603351242775
2,2.227035952091443,2.227035952091443
3,-2.2790649971829957,-2.2790649971829957
