,theta_x,theta_y
0,1.3218682218111522,1.3218682218111522
