,theta_x,theta_y
0,0.23979369242655202,0.23979369242655202
