theta_x,theta_y
1.874312337027336,1.874312337027336
-3.141592653589793,-3.141592653589793
1.8412683990001684,1.8412683990001684
1.851240916730817,1.851240916730817
1.8610911658801552,1.8610911658801552
1.8667585279620433,1.8667585279620433
1.8763072165685573,1.8763072165685573
