,theta_x,theta_y
0,-3.141592653589793,-3.141592653589793
1,3.0571240250893967,3.0571240250893967
2,-1.339577275431653,-1.339577275431653
