theta_x,theta_y
1.8359201164179655,1.8359201164179655
1.6585430678388737,1.6585430678388737
-3.141592653589793,-3.141592653589793
-3.141592653589793,-3.141592653589793
1.6589140207489494,1.6589140207489494
1.7178466302200932,1.7178466302200932
1.7801361925901356,1.7801361925901356
1.88164040993826,1.88164040993826
1.8441739029861264,1.8441739029861264
