theta_x,theta_y
1.992444294899252,1.992444294899252
1.6071563709416057,1.6071563709416057
-0.1891770203796877,-0.1891770203796877
-0.7924202282149587,-0.7924202282149587
-2.4881483397831374,-2.4881483397831374
-0.41231612361642817,-0.41231612361642817
