,theta_x,theta_y
0,1.1090593912276352,1.1090593912276352
1,1.1070891947843762,1.1070891947843762
2,1.1051197168783362,1.1051197168783362
3,1.1029300098751516,1.1029300098751516
4,1.1006276933338457,1.1006276933338457
5,1.0986793666976533,1.0986793666976533
6,1.0966668581967058,1.0966668581967058
7,1.0945088245820656,1.0945088245820656
8,1.0924650695686566,1.0924650695686566
9,-3.141592653589793,-3.141592653589793
