,theta_x,theta_y
0,0.2565624423150217,0.2565624423150217
1,3.141592653589793,3.141592653589793
2,-3.0050599305566617,-3.0050599305566617
3,2.705092872670295,2.705092872670295
4,-2.6199086285142092,-2.6199086285142092
5,-0.42941266043069665,-0.42941266043069665
6,2.1069372482513136,2.1069372482513136
7,-0.4854679172916061,-0.4854679172916061
8,1.385496234894526,1.385496234894526
