theta_x,theta_y
-3.141592653589793,-3.141592653589793
-2.7609601622358824,-2.7609601622358824
