,theta_x,theta_y
0,0.9304955236237862,0.9304955236237862
1,2.0358244714160887,2.0358244714160887
2,-0.10230932805063638,-0.10230932805063638
3,-0.5016908270944984,-0.5016908270944984
4,-2.591886105807203,-2.591886105807203
