,theta_x,theta_y
0,3.141592653589793,3.141592653589793
1,-1.0916738449862642,-1.0916738449862642
2,3.141592653589793,3.141592653589793
3,-1.2391855878939195,-1.2391855878939195
4,-1.4705212864315744,-1.4705212864315744
5,-1.7574974117429742,-1.7574974117429742
6,3.141592653589793,3.141592653589793
7,-2.148748263237998,-2.148748263237998
