,theta_x,theta_y
0,-0.6827105504521007,-0.6827105504521007
1,2.7316900157111847,2.7316900157111847
2,-0.8890783916363241,-0.8890783916363241
3,2.901607898771216,2.901607898771216
4,2.3871327113683045,2.3871327113683045
5,1.1552684069724106,1.1552684069724106
6,1.378269307543802,1.378269307543802
7,0.08208698073137849,0.08208698073137849
8,-1.8156331774501706,-1.8156331774501706
9,1.2972368670011036,1.2972368670011036
