theta_x,theta_y
3.1342197252696113,3.1342197252696113
0.416599091602248,0.416599091602248
-3.084767376419794,-3.084767376419794
0.7370202542582946,0.7370202542582946
-0.19419513544035666,-0.19419513544035666
1.488472112976202,1.488472112976202
