,theta_x,theta_y
0,1.525506875437974,1.525506875437974
1,1.2438914353547095,1.2438914353547095
2,0.3868782160178236,0.3868782160178236
3,-0.5560543940287064,-0.5560543940287064
4,-0.97301927599668,-0.97301927599668
