,theta_x,theta_y
0,-3.141592653589793,-3.141592653589793
1,0.8176382595903573,0.8176382595903573
2,0.6232065860597187,0.6232065860597187
