theta_x,theta_y
-0.44479113788850844,-0.44479113788850844
3.141592653589793,3.141592653589793
-0.8822736735286357,-0.8822736735286357
2.5343811564473904,2.5343811564473904
0.991130704638002,0.991130704638002
0.2520106365386997,0.2520106365386997
-0.24258188833356598,-0.24258188833356598
-0.6270823776738336,-0.6270823776738336
-1.1165792990770869,-1.1165792990770869
