,theta_x,theta_y
0,-0.903560618739419,-0.903560618739419
1,2.8976418710567753,2.8976418710567753
2,-1.3803825918469623,-1.3803825918469623
3,1.3667410074212194,1.3667410074212194
4,1.166309144371603,1.166309144371603
5,-0.11695905856711686,-0.11695905856711686
6,-0.36342122657900466,-0.36342122657900466
7,-1.0142468281836288,-1.0142468281836288
8,-2.327230439939059,-2.327230439939059
