,theta_x,theta_y
0,2.347458058540918,2.347458058540918
1,0.7364366920490254,0.7364366920490254
2,1.638784176998732,1.638784176998732
3,-2.9541534040124873,-2.9541534040124873
4,0.09027861285934016,0.09027861285934016
5,-0.10176270848535024,-0.10176270848535024
6,1.5302333397510448,1.5302333397510448
7,-3.141592653589793,-3.141592653589793
