theta_x,theta_y
0.8605556614246853,0.8605556614246853
-1.4464727375963784,-1.4464727375963784
