theta_x,theta_y
-3.131434704147369,-3.131434704147369
-0.7258070898537419,-0.7258070898537419
1.6138901927981966,1.6138901927981966
0.5166944098718952,0.5166944098718952
-2.7676697929108753,-2.7676697929108753
0.1411124033200626,0.1411124033200626
