,theta_x,theta_y
0,2.585550235253234,2.585550235253234
1,-3.141592653589793,-3.141592653589793
2,2.3521669765176414,2.3521669765176414
3,2.275209785585882,2.275209785585882
