theta_x,theta_y
2.7535450525738017,2.7535450525738017
-1.1992757270271213,-1.1992757270271213
0.5616572710476194,0.5616572710476194
1.9436189248572475,1.9436189248572475
0.7528276646685987,0.7528276646685987
2.9763878994315127,2.9763878994315127
