,theta_x,theta_y
0,1.856434008312422,1.856434008312422
1,-1.2670416421811137,-1.2670416421811137
2,0.0818457714132479,0.0818457714132479
3,1.251074343953685,1.251074343953685
4,-0.7747898728783777,-0.7747898728783777
5,3.141592653589793,3.141592653589793
6,1.7868308282315613,1.7868308282315613
