theta_x,theta_y
-3.141592653589793,-3.141592653589793
1.1543796712119834,1.1543796712119834
1.0702813028400642,1.0702813028400642
1.0836491246724556,1.0836491246724556
-3.141592653589793,-3.141592653589793
0.9543908185218333,0.9543908185218333
0.9485026111285726,0.9485026111285726
-3.141592653589793,-3.141592653589793
