theta_x,theta_y
0.5311735503024614,0.5311735503024614
2.5079411685079207,2.5079411685079207
-2.3967631590328686,-2.3967631590328686
2.3488485777707973,2.3488485777707973
-0.9221427661173726,-0.9221427661173726
0.015924105336179162,0.015924105336179162
1.628408354130793,1.628408354130793
