,theta_x,theta_y
0,0.2669297389086468,0.2669297389086468
1,3.141592653589793,3.141592653589793
2,-3.033540906824047,-3.033540906824047
3,1.9236842496781086,1.9236842496781086
4,-3.141592653589793,-3.141592653589793
5,-3.141592653589793,-3.141592653589793
6,2.8139677440280826,2.8139677440280826
