,theta_x,theta_y
0,-0.3412862301930895,-0.3412862301930895
1,2.927322790676731,2.927322790676731
2,-0.4824643042907201,-0.4824643042907201
3,1.6505942649410537,1.6505942649410537
4,1.5771535666490495,1.5771535666490495
5,-0.057270490774792945,-0.057270490774792945
6,-0.06342687055509241,-0.06342687055509241
7,-0.5711143909743757,-0.5711143909743757
8,-2.002689774881491,-2.002689774881491
9,-0.2597739277829193,-0.2597739277829193
