,theta_x,theta_y
0,1.0335865638235935,1.0335865638235935
1,0.7189810242698799,0.7189810242698799
2,-3.040837735668084,-3.040837735668084
3,-3.141592653589793,-3.141592653589793
4,0.8333015615446911,0.8333015615446911
5,1.2522768879622486,1.2522768879622486
