,theta_x,theta_y
0,-1.7013274274213552,-1.7013274274213552
1,-3.1264878254942774,-3.1264878254942774
2,2.37477047757175,2.37477047757175
3,-3.141592653589793,-3.141592653589793
4,-3.141592653589793,-3.141592653589793
5,-2.5033315824839852,-2.5033315824839852
