,theta_x,theta_y
0,-3.037142201819319,-3.037142201819319
1,0.7027904335010372,0.7027904335010372
2,0.3114586554467592,0.3114586554467592
3,0.32758651264103256,0.32758651264103256
4,-3.0439935257663016,-3.0439935257663016
5,0.8464700304579872,0.8464700304579872
6,0.6062152497153099,0.6062152497153099
