theta_x,theta_y
2.345491578904221,2.345491578904221
-0.5169346884123812,-0.5169346884123812
-0.24055468606424393,-0.24055468606424393
1.860525290128453,1.860525290128453
1.0680717477831123,1.0680717477831123
3.141592653589793,3.141592653589793
2.1923879392818098,2.1923879392818098
