,theta_x,theta_y
0,2.0335407967103865,2.0335407967103865
1,-2.6048062996606567,-2.6048062996606567
2,-1.9193471125276134,-1.9193471125276134
3,-1.9888938900207238,-1.9888938900207238
4,0.9848490462910326,0.9848490462910326
5,2.2054791192603393,2.2054791192603393
6,2.1307123044411638,2.1307123044411638
7,-3.0863661445188724,-3.0863661445188724
8,1.9317088258136155,1.9317088258136155
