theta_x,theta_y
2.0335407967103865,2.0335407967103865
-2.6048062996606567,-2.6048062996606567
-1.9193471125276134,-1.9193471125276134
-1.9888938900207238,-1.9888938900207238
0.9848490462910326,0.9848490462910326
2.2054791192603393,2.2054791192603393
2.1307123044411638,2.1307123044411638
-3.0863661445188724,-3.0863661445188724
1.9317088258136155,1.9317088258136155
