,theta_x,theta_y
0,-0.4012941139366063,-0.4012941139366063
1,3.141592653589793,3.141592653589793
2,1.9311241503193912,1.9311241503193912
3,-1.2666939786631843,-1.2666939786631843
4,-2.181529511636486,-2.181529511636486
5,2.857640638235796,2.857640638235796
