theta_x,theta_y
0.8729124402405728,0.8729124402405728
3.141592653589793,3.141592653589793
2.362983390371005,2.362983390371005
-0.7064846783267256,-0.7064846783267256
