,theta_x,theta_y
0,1.69353521596317,1.69353521596317
1,0.6810467799438531,0.6810467799438531
2,-3.141592653589793,-3.141592653589793
3,-3.141592653589793,-3.141592653589793
4,1.2269738325169637,1.2269738325169637
5,1.2506844015722913,1.2506844015722913
6,1.6171296363983576,1.6171296363983576
7,1.5933535926700122,1.5933535926700122
8,1.7529938218473213,1.7529938218473213
