,theta_x,theta_y
0,2.4870414151129383,2.4870414151129383
1,0.3437552554665507,0.3437552554665507
2,2.610380051408725,2.610380051408725
3,-2.5755124994536085,-2.5755124994536085
4,0.5238464391025289,0.5238464391025289
5,-0.27366292838261885,-0.27366292838261885
