theta_x,theta_y
2.4870414151129383,2.4870414151129383
0.3437552554665507,0.3437552554665507
2.610380051408725,2.610380051408725
-2.5755124994536085,-2.5755124994536085
0.5238464391025289,0.5238464391025289
-0.27366292838261885,-0.27366292838261885
