,theta_x,theta_y
0,3.132262623559386,3.132262623559386
1,-0.409270438864534,-0.409270438864534
2,-2.0541630895972123,-2.0541630895972123
3,-3.141592653589793,-3.141592653589793
4,2.835223179355459,2.835223179355459
