,theta_x,theta_y
0,-2.4244791218221997,-2.4244791218221997
1,3.141592653589793,3.141592653589793
2,2.3074928043992236,2.3074928043992236
3,-3.141592653589793,-3.141592653589793
