,theta_x,theta_y
0,1.014066994800217,1.014066994800217
1,2.5607507110857655,2.5607507110857655
2,-1.8126225040180564,-1.8126225040180564
3,2.1485335544855606,2.1485335544855606
4,0.0014929876532636666,0.0014929876532636666
5,0.2820478819177341,0.2820478819177341
6,1.1021626282666752,1.1021626282666752
