,theta_x,theta_y
0,1.0474934953693416,1.0474934953693416
1,1.0085590569934524,1.0085590569934524
2,0.9904288702172215,0.9904288702172215
3,-3.141592653589793,-3.141592653589793
4,0.9980851066837513,0.9980851066837513
5,0.9858624685543956,0.9858624685543956
6,0.9792987070333746,0.9792987070333746
7,-3.141592653589793,-3.141592653589793
8,0.9827326057358602,0.9827326057358602
9,0.9838886034769929,0.9838886034769929
