,theta_x,theta_y
0,1.3056340610329737,1.3056340610329737
1,-1.2421017146706481,-1.2421017146706481
