,theta_x,theta_y
0,2.8035968285557127,2.8035968285557127
1,-0.18903745538338068,-0.18903745538338068
