theta_x,theta_y
-0.9321873894928696,-0.9321873894928696
2.0951478376152854,2.0951478376152854
-1.5837199957230519,-1.5837199957230519
3.141592653589793,3.141592653589793
2.200952232558262,2.200952232558262
1.1876973469449112,1.1876973469449112
