theta_x,theta_y
-0.6868830082895433,-0.6868830082895433
-0.7483941888673811,-0.7483941888673811
1.9310176220186657,1.9310176220186657
-0.566246624657474,-0.566246624657474
-1.0406543061950653,-1.0406543061950653
-1.0449864527278483,-1.0449864527278483
-1.279656891338234,-1.279656891338234
-1.5488568128450806,-1.5488568128450806
0.5225539377153261,0.5225539377153261
-1.5889889082104138,-1.5889889082104138
