,theta_x,theta_y
0,0.4270444182323794,0.4270444182323794
1,3.141592653589793,3.141592653589793
2,0.3314817904570092,0.3314817904570092
3,3.141592653589793,3.141592653589793
4,3.141592653589793,3.141592653589793
5,1.007574650611269,1.007574650611269
6,0.2506832023151005,0.2506832023151005
