,theta_x,theta_y
0,0.2903640399457397,0.2903640399457397
1,3.141592653589793,3.141592653589793
2,-1.0039490764986625,-1.0039490764986625
3,3.029050579857628,3.029050579857628
4,-0.23443644701041283,-0.23443644701041283
5,-1.3522888621226397,-1.3522888621226397
6,3.081658104139477,3.081658104139477
7,-2.009598438873521,-2.009598438873521
8,-0.3472948556705122,-0.3472948556705122
