theta_x,theta_y
0.2903640399457397,0.2903640399457397
3.141592653589793,3.141592653589793
-1.0039490764986625,-1.0039490764986625
3.029050579857628,3.029050579857628
-0.23443644701041283,-0.23443644701041283
-1.3522888621226397,-1.3522888621226397
3.081658104139477,3.081658104139477
-2.009598438873521,-2.009598438873521
-0.3472948556705122,-0.3472948556705122
