theta_x,theta_y
1.0915265740680324,1.0915265740680324
-1.6819512434211428,-1.6819512434211428
-2.696976115909364,-2.696976115909364
-2.979848246281931,-2.979848246281931
2.2919090783561558,2.2919090783561558
2.410040057627913,2.410040057627913
0.9943173435291474,0.9943173435291474
1.189797545123436,1.189797545123436
0.3210505776882551,0.3210505776882551
2.429826702876676,2.429826702876676
