,theta_x,theta_y
0,0.9016916847017087,0.9016916847017087
1,-1.836447207280164,-1.836447207280164
2,-2.804010486038506,-2.804010486038506
3,-3.0996930250991106,-3.0996930250991106
4,2.153410489123646,2.153410489123646
5,2.2674964004758618,2.2674964004758618
6,0.8193998729702209,0.8193998729702209
7,1.0052856204693048,1.0052856204693048
8,0.2337852661844256,0.2337852661844256
9,2.5045697538631373,2.5045697538631373
