theta_x,theta_y
1.749875718757425,1.749875718757425
1.3877057170798714,1.3877057170798714
0.6311262332783044,0.6311262332783044
-0.9457836780555722,-0.9457836780555722
