,theta_x,theta_y
0,0.6274423119834271,0.6274423119834271
1,3.1392113987101857,3.1392113987101857
2,-1.416526879646478,-1.416526879646478
