theta_x,theta_y
0.5096694391174347,0.5096694391174347
-1.368702542395489,-1.368702542395489
-2.039473298460193,-2.039473298460193
-2.468657189976288,-2.468657189976288
2.5872132269931725,2.5872132269931725
2.6305241269198234,2.6305241269198234
0.9894309207723977,0.9894309207723977
0.9733458214221007,0.9733458214221007
0.01580528552003253,0.01580528552003253
2.685222802546615,2.685222802546615
