,theta_x,theta_y
0,-1.497835135494595,-1.497835135494595
