,theta_x,theta_y
0,-3.141592653589793,-3.141592653589793
1,0.03129279723356324,0.03129279723356324
2,0.7838674034593969,0.7838674034593969
3,1.254074473430387,1.254074473430387
4,-3.141592653589793,-3.141592653589793
