theta_x,theta_y
-1.2518409031608662,-1.2518409031608662
-1.7165082001088496,-1.7165082001088496
2.5193914043398586,2.5193914043398586
-2.79282857235458,-2.79282857235458
1.096458455378057,1.096458455378057
1.112004764971886,1.112004764971886
