theta_x,theta_y
1.1998651431966012,1.1998651431966012
