,theta_x,theta_y
0,3.141592653589793,3.141592653589793
1,-0.6807214270168863,-0.6807214270168863
2,3.141592653589793,3.141592653589793
3,-0.6881898256655933,-0.6881898256655933
4,-1.3652328681283352,-1.3652328681283352
5,-1.807953295738018,-1.807953295738018
6,3.141592653589793,3.141592653589793
7,-2.193089657090817,-2.193089657090817
