,theta_x,theta_y
0,-0.7791294022442616,-0.7791294022442616
1,3.141592653589793,3.141592653589793
2,1.375299530912591,1.375299530912591
3,-3.141592653589793,-3.141592653589793
4,0.04375338121200957,0.04375338121200957
