,theta_x,theta_y
0,0.9644306484776652,0.9644306484776652
