,theta_x,theta_y
0,-0.3557875503691815,-0.3557875503691815
1,1.562392016595114,1.562392016595114
2,-2.0820298021512316,-2.0820298021512316
3,2.4027468366840115,2.4027468366840115
4,0.8899112946207508,0.8899112946207508
5,0.6564596345089057,0.6564596345089057
