,theta_x,theta_y
0,0.33133840424013433,0.33133840424013433
1,-0.34726394788017245,-0.34726394788017245
2,-3.141592653589793,-3.141592653589793
3,-2.042063993665493,-2.042063993665493
4,1.8570441588771314,1.8570441588771314
