theta_x,theta_y
-1.8115442342275385,-1.8115442342275385
-0.20180242054573572,-0.20180242054573572
-2.672478632925112,-2.672478632925112
-1.8911413923506637,-1.8911413923506637
-0.1636134187468794,-0.1636134187468794
