,theta_x,theta_y
0,1.8692835064637174,1.8692835064637174
1,-0.5519653482160293,-0.5519653482160293
2,0.1946978577095546,0.1946978577095546
