,theta_x,theta_y
0,2.756326118598438,2.756326118598438
1,0.1757601728932086,0.1757601728932086
