,theta_x,theta_y
0,-0.7513211704095689,-0.7513211704095689
1,-2.685059125916496,-2.685059125916496
2,-2.390022142515374,-2.390022142515374
