,theta_x,theta_y
0,-1.5160437954853532,-1.5160437954853532
1,2.1980231874695497,2.1980231874695497
2,-1.5672372037194748,-1.5672372037194748
3,2.3478399405929515,2.3478399405929515
4,1.9652525039871493,1.9652525039871493
5,0.7780729847696245,0.7780729847696245
6,0.6634137869462369,0.6634137869462369
7,-1.1197441233150582,-1.1197441233150582
8,-3.141592653589793,-3.141592653589793
