,theta_x,theta_y
0,-1.831713644339398,-1.831713644339398
1,-0.7127980716930309,-0.7127980716930309
2,1.6869056935492301,1.6869056935492301
3,-2.11943928227323,-2.11943928227323
