,theta_x,theta_y
0,0.8840787144017361,0.8840787144017361
1,0.8113654608213045,0.8113654608213045
2,-0.3810817580946862,-0.3810817580946862
3,-0.7545980908053671,-0.7545980908053671
4,-2.6741737668038503,-2.6741737668038503
5,-0.248152737521417,-0.248152737521417
6,-0.15374586658394493,-0.15374586658394493
7,-2.5887573996069695,-2.5887573996069695
8,-2.7784804299035515,-2.7784804299035515
9,2.4571487828852656,2.4571487828852656
