,theta_x,theta_y
0,0.0476523870551984,0.0476523870551984
1,-0.5517491911686172,-0.5517491911686172
2,-0.9526404145279801,-0.9526404145279801
3,-1.849618215455411,-1.849618215455411
4,2.3590712569827406,2.3590712569827406
5,-0.12821049640258214,-0.12821049640258214
6,-0.3724773577536949,-0.3724773577536949
7,-1.08816690551727,-1.08816690551727
8,-0.7565635617777583,-0.7565635617777583
