,theta_x,theta_y
0,1.4966710269235275,1.4966710269235275
1,1.4509997583048007,1.4509997583048007
