theta_x,theta_y
0.3571313170468898,0.3571313170468898
-0.03374517005874315,-0.03374517005874315
2.766007730466398,2.766007730466398
-2.990595323736371,-2.990595323736371
1.3510115000039038,1.3510115000039038
0.39655753804689486,0.39655753804689486
-2.0561802494762262,-2.0561802494762262
-3.119847241626256,-3.119847241626256
0.17138849589844812,0.17138849589844812
