,theta_x,theta_y
0,1.079209272595456,1.079209272595456
1,1.057744433680809,1.057744433680809
2,-3.141592653589793,-3.141592653589793
3,-3.141592653589793,-3.141592653589793
4,0.9659253890531275,0.9659253890531275
5,1.0402945723075023,1.0402945723075023
6,1.0771475269664297,1.0771475269664297
7,1.1368014783321951,1.1368014783321951
8,1.1681210603404928,1.1681210603404928
