,theta_x,theta_y
0,-2.0986716601656257,-2.0986716601656257
1,-2.2416225225580484,-2.2416225225580484
2,2.3088081168524957,2.3088081168524957
3,-3.1302262622719677,-3.1302262622719677
4,1.1561830812006475,1.1561830812006475
5,2.2074417716444907,2.2074417716444907
6,-3.0154979045095107,-3.0154979045095107
7,-3.141592653589793,-3.141592653589793
8,-1.9679857618648116,-1.9679857618648116
