theta_x,theta_y
-2.0986716601656257,-2.0986716601656257
-2.2416225225580484,-2.2416225225580484
2.3088081168524957,2.3088081168524957
-3.1302262622719677,-3.1302262622719677
1.1561830812006475,1.1561830812006475
2.2074417716444907,2.2074417716444907
-3.0154979045095107,-3.0154979045095107
-3.141592653589793,-3.141592653589793
-1.9679857618648116,-1.9679857618648116
