,theta_x,theta_y
0,0.9287826719209027,0.9287826719209027
1,-2.376483436693132,-2.376483436693132
2,-2.9802738667101982,-2.9802738667101982
3,-3.141592653589793,-3.141592653589793
4,2.5159316645166863,2.5159316645166863
5,2.0360269716760655,2.0360269716760655
6,1.4417424198364688,1.4417424198364688
