,theta_x,theta_y
0,-3.141592653589793,-3.141592653589793
1,0.9382836001960928,0.9382836001960928
2,0.36903433469547386,0.36903433469547386
