,theta_x,theta_y
0,-0.9250922291924821,-0.9250922291924821
1,-1.1850287941047912,-1.1850287941047912
2,-1.472047214732827,-1.472047214732827
3,-1.7906256790310042,-1.7906256790310042
4,3.141592653589793,3.141592653589793
5,0.7151001501083469,0.7151001501083469
6,2.7462887961644955,2.7462887961644955
