,theta_x,theta_y
0,-0.12228420138291601,-0.12228420138291601
1,-1.1505732424226438,-1.1505732424226438
2,-0.25692187358838736,-0.25692187358838736
