,theta_x,theta_y
0,1.4799469779966743,1.4799469779966743
