,theta_x,theta_y
0,-2.3638237715636157,-2.3638237715636157
1,2.319598459439762,2.319598459439762
2,-3.141592653589793,-3.141592653589793
3,2.201487011683228,2.201487011683228
4,3.141592653589793,3.141592653589793
