,theta_x,theta_y
0,2.0177057542243655,2.0177057542243655
1,1.5087081079551892,1.5087081079551892
2,1.4897930804856379,1.4897930804856379
3,-1.3285495864038046,-1.3285495864038046
4,1.1013565620873262,1.1013565620873262
5,1.2204403584886403,1.2204403584886403
