,theta_x,theta_y
0,1.0432160516688989,1.0432160516688989
1,-0.048819829307303275,-0.048819829307303275
2,1.4255199114794772,1.4255199114794772
3,0.5207192043976775,0.5207192043976775
4,0.34569957598346646,0.34569957598346646
5,0.13110544490723858,0.13110544490723858
6,0.2795165700548437,0.2795165700548437
7,0.4274077235507916,0.4274077235507916
8,-3.141592653589793,-3.141592653589793
