theta_x,theta_y
1.0432160516688989,1.0432160516688989
-0.048819829307303275,-0.048819829307303275
1.4255199114794772,1.4255199114794772
0.5207192043976775,0.5207192043976775
0.34569957598346646,0.34569957598346646
0.13110544490723858,0.13110544490723858
0.2795165700548437,0.2795165700548437
0.4274077235507916,0.4274077235507916
-3.141592653589793,-3.141592653589793
