theta_x,theta_y
-0.31582601819988726,-0.31582601819988726
3.141592653589793,3.141592653589793
-2.6589095412440638,-2.6589095412440638
