,theta_x,theta_y
0,-0.006437128872048642,-0.006437128872048642
1,2.6279844669301324,2.6279844669301324
2,-3.117564506829551,-3.117564506829551
3,2.1018653146467448,2.1018653146467448
4,-0.5065868975320824,-0.5065868975320824
