,theta_x,theta_y
0,-2.145639569203377,-2.145639569203377
1,3.141592653589793,3.141592653589793
