,theta_x,theta_y
0,-0.22801214666793673,-0.22801214666793673
1,2.624367946850833,2.624367946850833
2,-1.6953439745335965,-1.6953439745335965
3,1.990099417362906,1.990099417362906
