theta_x,theta_y
2.320493616809087,2.320493616809087
1.5793536071440304,1.5793536071440304
0.11580937511433227,0.11580937511433227
-0.48395910852434876,-0.48395910852434876
-2.0105527279246105,-2.0105527279246105
-0.9356015221442571,-0.9356015221442571
-1.7189007267654461,-1.7189007267654461
