,theta_x,theta_y
0,1.4659903183279408,1.4659903183279408
1,-1.3760914537795448,-1.3760914537795448
2,1.1437881150974767,1.1437881150974767
3,0.8511185446922516,0.8511185446922516
4,1.0315759793322354,1.0315759793322354
5,1.7724320513124399,1.7724320513124399
6,2.5888788763795727,2.5888788763795727
7,3.141592653589793,3.141592653589793
8,-2.546100078889973,-2.546100078889973
