,theta_x,theta_y
0,-3.141592653589793,-3.141592653589793
1,-0.14408104840327587,-0.14408104840327587
