theta_x,theta_y
1.6697716787331722,1.6697716787331722
0.8385589764709028,0.8385589764709028
-0.4115141444843875,-0.4115141444843875
