,theta_x,theta_y
0,-0.8768485117407742,-0.8768485117407742
1,-0.7928145786560399,-0.7928145786560399
2,-1.8995062809045973,-1.8995062809045973
3,-2.50849955857905,-2.50849955857905
4,0.4919204671608969,0.4919204671608969
