theta_x,theta_y
-1.5234597190196708,-1.5234597190196708
-1.5394423340552859,-1.5394423340552859
-1.5549618227359534,-1.5549618227359534
-1.5700358527097864,-1.5700358527097864
3.141592653589793,3.141592653589793
-1.562985013679196,-1.562985013679196
-1.5903396682511801,-1.5903396682511801
-1.6168820102104717,-1.6168820102104717
-1.6426465534611367,-1.6426465534611367
