,theta_x,theta_y
0,-3.141592653589793,-3.141592653589793
1,1.003005272723835,1.003005272723835
2,1.0047367370620672,1.0047367370620672
3,1.0179176642891499,1.0179176642891499
4,-3.141592653589793,-3.141592653589793
