,theta_x,theta_y
0,2.2223575828180793,2.2223575828180793
1,0.38296155767022455,0.38296155767022455
2,2.3684662151801072,2.3684662151801072
3,-2.900468678759061,-2.900468678759061
4,0.6494861357277332,0.6494861357277332
5,-0.013348461210264756,-0.013348461210264756
6,0.9280068224099538,0.9280068224099538
7,-1.5223494036804937,-1.5223494036804937
8,1.3663268015044365,1.3663268015044365
9,0.020886356539421315,0.020886356539421315
