theta_x,theta_y
-2.7699823927866807,-2.7699823927866807
2.489564697651292,2.489564697651292
