,theta_x,theta_y
0,-2.946314112631274,-2.946314112631274
1,-0.9545292371902191,-0.9545292371902191
2,3.141592653589793,3.141592653589793
3,0.4713739516668581,0.4713739516668581
