,theta_x,theta_y
0,3.059266075888695,3.059266075888695
1,-3.1281197546637767,-3.1281197546637767
2,-3.141592653589793,-3.141592653589793
3,-3.141592653589793,-3.141592653589793
4,2.4339185857178705,2.4339185857178705
5,2.183502830164775,2.183502830164775
6,2.5431512476844627,2.5431512476844627
7,2.565654130461496,2.565654130461496
8,2.130301639886202,2.130301639886202
