,theta_x,theta_y
0,-2.5094854213945874,-2.5094854213945874
1,-3.141592653589793,-3.141592653589793
2,2.9705682060168526,2.9705682060168526
3,-1.7989722516601845,-1.7989722516601845
