,theta_x,theta_y
0,-0.037535521760299576,-0.037535521760299576
