theta_x,theta_y
2.090919552663114,2.090919552663114
1.2668202610144106,1.2668202610144106
0.6204510638728933,0.6204510638728933
0.32503601418021977,0.32503601418021977
-1.4540438123321302,-1.4540438123321302
-1.3014716891486011,-1.3014716891486011
-2.563836684504131,-2.563836684504131
-2.4072934113450493,-2.4072934113450493
