theta_x,theta_y
1.1946269040317075,1.1946269040317075
1.1295612558067307,1.1295612558067307
1.1112939375019382,1.1112939375019382
1.1481899319054496,1.1481899319054496
1.0494521496329796,1.0494521496329796
1.091443616599285,1.091443616599285
1.0999920170977837,1.0999920170977837
1.005370368983624,1.005370368983624
-3.141592653589793,-3.141592653589793
