,theta_x,theta_y
0,1.8876127655802337,1.8876127655802337
1,1.9157501689009575,1.9157501689009575
2,-0.2378190781388015,-0.2378190781388015
