,theta_x,theta_y
0,2.138910788070842,2.138910788070842
