theta_x,theta_y
0.5565653020687213,0.5565653020687213
-0.3666130901529449,-0.3666130901529449
-2.1287224671049207,-2.1287224671049207
-2.8641757745428076,-2.8641757745428076
1.5767789092400655,1.5767789092400655
1.7899576363100742,1.7899576363100742
