,theta_x,theta_y
0,-3.141592653589793,-3.141592653589793
1,-0.2756919716500951,-0.2756919716500951
2,1.055807966920611,1.055807966920611
