,theta_x,theta_y
0,0.9567559925122563,0.9567559925122563
1,0.19560995520283242,0.19560995520283242
