,theta_x,theta_y
0,0.11702302202256207,0.11702302202256207
1,-1.5743048679690488,-1.5743048679690488
2,-0.5424564968278794,-0.5424564968278794
3,-0.35643335904876283,-0.35643335904876283
4,2.3655598038452665,2.3655598038452665
