theta_x,theta_y
1.642134724148651,1.642134724148651
0.4060857466084406,0.4060857466084406
1.117305576275952,1.117305576275952
-2.376491743390413,-2.376491743390413
-0.34335403261788466,-0.34335403261788466
-0.24088858017016557,-0.24088858017016557
0.6808431108239816,0.6808431108239816
