,theta_x,theta_y
0,-1.9311382344355386,-1.9311382344355386
1,-1.5422512796874353,-1.5422512796874353
2,1.8540068259634022,1.8540068259634022
3,0.07362247349917447,0.07362247349917447
4,-2.1623837734614364,-2.1623837734614364
5,-0.8732377174274987,-0.8732377174274987
6,-0.967813859535929,-0.967813859535929
7,-2.3496768026797645,-2.3496768026797645
8,1.867486309197046,1.867486309197046
