theta_x,theta_y
-0.6732472982952803,-0.6732472982952803
3.141592653589793,3.141592653589793
-3.141592653589793,-3.141592653589793
2.5464831234383443,2.5464831234383443
-2.9873570172266337,-2.9873570172266337
-1.7713228505745338,-1.7713228505745338
1.8677157958923707,1.8677157958923707
