,theta_x,theta_y
0,-2.2574137829359904,-2.2574137829359904
1,-2.1930044804239293,-2.1930044804239293
