,theta_x,theta_y
0,-1.7685748555817655,-1.7685748555817655
1,2.547692299644104,2.547692299644104
2,-2.5767235323352264,-2.5767235323352264
3,2.610956387554664,2.610956387554664
4,2.1525772617351744,2.1525772617351744
5,0.05711682121571915,0.05711682121571915
6,1.395598925273366,1.395598925273366
7,-0.5423459779108402,-0.5423459779108402
