theta_x,theta_y
0.7135056530657143,0.7135056530657143
2.4195489230192777,2.4195489230192777
1.5019445089088734,1.5019445089088734
-1.5748747165687325,-1.5748747165687325
-1.0811065810797311,-1.0811065810797311
2.3170031909039994,2.3170031909039994
