theta_x,theta_y
-3.141592653589793,-3.141592653589793
-3.141592653589793,-3.141592653589793
2.3700872580851695,2.3700872580851695
2.5398225315480603,2.5398225315480603
-3.141592653589793,-3.141592653589793
