,theta_x,theta_y
0,-0.29423257217223836,-0.29423257217223836
1,0.029301001184803152,0.029301001184803152
2,1.9433036932483028,1.9433036932483028
3,-3.141592653589793,-3.141592653589793
4,1.8696494659196672,1.8696494659196672
