theta_x,theta_y
1.593876708421958,1.593876708421958
