,theta_x,theta_y
0,0.929860063275458,0.929860063275458
1,0.9232721415429381,0.9232721415429381
2,0.916646503534485,0.916646503534485
3,0.9099989891059951,0.9099989891059951
4,0.9033452399556314,0.9033452399556314
5,0.8966385740521857,0.8966385740521857
6,0.8899242518839576,0.8899242518839576
7,0.8831491419102296,0.8831491419102296
8,0.876392492366962,0.876392492366962
