theta_x,theta_y
1.4112937929795217,1.4112937929795217
