theta_x,theta_y
2.7310239337083817,2.7310239337083817
