theta_x,theta_y
0.04726566650157227,0.04726566650157227
-1.0698699880646476,-1.0698699880646476
-0.8998375452694405,-0.8998375452694405
-0.7418178117745642,-0.7418178117745642
3.141592653589793,3.141592653589793
0.5272142476807806,0.5272142476807806
