,theta_x,theta_y
0,1.3580210925176923,1.3580210925176923
1,-0.2466940585291428,-0.2466940585291428
2,-2.7980262390117483,-2.7980262390117483
3,-3.0669347636111635,-3.0669347636111635
