,theta_x,theta_y
0,-1.983427916764209,-1.983427916764209
1,-0.7867146118425212,-0.7867146118425212
2,1.5235208597019232,1.5235208597019232
3,-2.552427651480273,-2.552427651480273
