,theta_x,theta_y
0,-2.6818887260035753,-2.6818887260035753
1,3.141592653589793,3.141592653589793
