,theta_x,theta_y
0,0.9099714093822511,0.9099714093822511
1,0.8950177447211937,0.8950177447211937
2,0.8799353103813237,0.8799353103813237
3,0.8647160181951139,0.8647160181951139
4,0.8493624728187211,0.8493624728187211
5,0.8338767245669053,0.8338767245669053
