theta_x,theta_y
-0.3578170500901582,-0.3578170500901582
3.141592653589793,3.141592653589793
1.568059271296692,1.568059271296692
-0.8805838412054222,-0.8805838412054222
-1.3444194893428847,-1.3444194893428847
3.141592653589793,3.141592653589793
-2.7424076937486626,-2.7424076937486626
2.091001682017915,2.091001682017915
1.4155332725755947,1.4155332725755947
