theta_x,theta_y
-2.118569384301041,-2.118569384301041
1.6345519594888651,1.6345519594888651
-3.141592653589793,-3.141592653589793
2.0237629343558963,2.0237629343558963
