,theta_x,theta_y
0,1.4424311750369518,1.4424311750369518
1,-0.6799996127696781,-0.6799996127696781
2,2.6353117990250574,2.6353117990250574
3,2.851218237140024,2.851218237140024
