,theta_x,theta_y
0,1.8332961232891938,1.8332961232891938
1,1.7697352120099559,1.7697352120099559
2,0.3911773571355532,0.3911773571355532
3,-1.4406025789966257,-1.4406025789966257
4,-3.141592653589793,-3.141592653589793
5,-0.6500074895733164,-0.6500074895733164
