theta_x,theta_y
3.1415926535897922,3.1415926535897922
1.4870023923615006,1.4870023923615006
