,theta_x,theta_y
0,-1.1226679456374595,-1.1226679456374595
1,-0.8214708748868768,-0.8214708748868768
2,-0.7963371232866969,-0.7963371232866969
3,-0.7631065953336854,-0.7631065953336854
4,2.8975765746971223,2.8975765746971223
5,-0.8978248294886425,-0.8978248294886425
6,-0.5328954529973059,-0.5328954529973059
7,0.2555449800740659,0.2555449800740659
8,0.31944340197359167,0.31944340197359167
