,theta_x,theta_y
0,-1.124091818431286,-1.124091818431286
1,3.141592653589793,3.141592653589793
2,-3.0392700222472055,-3.0392700222472055
3,2.92097104416522,2.92097104416522
