,theta_x,theta_y
0,-1.4814020910519845,-1.4814020910519845
1,2.6726535802900573,2.6726535802900573
2,-3.141592653589793,-3.141592653589793
3,2.9377986297261747,2.9377986297261747
4,-2.248933463230488,-2.248933463230488
5,0.08589551225563935,0.08589551225563935
6,3.0970983359422637,3.0970983359422637
