,theta_x,theta_y
0,-1.3228966804693534,-1.3228966804693534
1,3.141592653589793,3.141592653589793
2,-1.4206114030523669,-1.4206114030523669
3,2.1726355803458626,2.1726355803458626
4,-1.4678974306915546,-1.4678974306915546
5,-2.2901717183361288,-2.2901717183361288
