theta_x,theta_y
-2.868036725131352,-2.868036725131352
-3.1037905532601795,-3.1037905532601795
2.030790133158342,2.030790133158342
1.7113327320541774,1.7113327320541774
-3.141592653589793,-3.141592653589793
0.8332487027542543,0.8332487027542543
