,theta_x,theta_y
0,2.1180747056435174,2.1180747056435174
1,-1.068468545105412,-1.068468545105412
2,0.4449619760892387,0.4449619760892387
3,1.5161607005839872,1.5161607005839872
4,1.2627448855206433,1.2627448855206433
5,2.761681502006288,2.761681502006288
6,2.5156735177685965,2.5156735177685965
7,2.892730767014324,2.892730767014324
8,-2.894680583331412,-2.894680583331412
