,theta_x,theta_y
0,0.8192278023812951,0.8192278023812951
1,0.8164451154591033,0.8164451154591033
2,0.8137214863512952,0.8137214863512952
3,0.8104613209798684,0.8104613209798684
4,0.8079338990711056,0.8079338990711056
5,0.8040386690992395,0.8040386690992395
6,0.8013272185642604,0.8013272185642604
7,0.7978386077801563,0.7978386077801563
8,0.7946136586706329,0.7946136586706329
