,theta_x,theta_y
0,-0.09074376412276175,-0.09074376412276175
