,theta_x,theta_y
0,-0.26975757560502084,-0.26975757560502084
1,3.141592653589793,3.141592653589793
2,-2.920895258395383,-2.920895258395383
