,theta_x,theta_y
0,-1.5296439734691367,-1.5296439734691367
1,3.141592653589793,3.141592653589793
2,3.141592653589793,3.141592653589793
3,-1.575341296500457,-1.575341296500457
4,-1.6376084996484939,-1.6376084996484939
5,3.141592653589793,3.141592653589793
6,-1.7302608671344861,-1.7302608671344861
