,theta_x,theta_y
0,0.7096747401535943,0.7096747401535943
1,3.130835526501126,3.130835526501126
2,-3.141592653589793,-3.141592653589793
3,0.40164735679196995,0.40164735679196995
4,-0.8376451824507586,-0.8376451824507586
5,0.8177665577110763,0.8177665577110763
6,-0.6328530783988503,-0.6328530783988503
