,theta_x,theta_y
0,1.0602588025829023,1.0602588025829023
