theta_x,theta_y
-0.6240255789098548,-0.6240255789098548
3.141592653589793,3.141592653589793
-2.846039977652935,-2.846039977652935
2.7872858420193185,2.7872858420193185
