,theta_x,theta_y
0,0.7539368789507076,0.7539368789507076
1,-2.238255475706772,-2.238255475706772
2,-2.675092152925503,-2.675092152925503
3,-3.0565106670269517,-3.0565106670269517
4,2.462148338977645,2.462148338977645
5,2.003646215094542,2.003646215094542
6,1.2417340171764453,1.2417340171764453
7,0.7523939201157284,0.7523939201157284
8,-0.30749582894087313,-0.30749582894087313
9,2.335263312769316,2.335263312769316
