theta_x,theta_y
0.39905604900539626,0.39905604900539626
3.141592653589793,3.141592653589793
-3.141592653589793,-3.141592653589793
2.057327897011556,2.057327897011556
-3.141592653589793,-3.141592653589793
-1.8122775894725485,-1.8122775894725485
1.6769675558474497,1.6769675558474497
