theta_x,theta_y
2.4503506608976786,2.4503506608976786
-1.577763924415613,-1.577763924415613
1.2584421746596708,1.2584421746596708
1.7057852054895104,1.7057852054895104
0.9579790041765996,0.9579790041765996
2.089066122967937,2.089066122967937
2.2063937977355077,2.2063937977355077
