,theta_x,theta_y
0,-0.7708262189776929,-0.7708262189776929
1,-1.389418456379766,-1.389418456379766
2,-1.7111718448531923,-1.7111718448531923
3,-1.7823525589386429,-1.7823525589386429
4,3.141592653589793,3.141592653589793
5,-0.613586932056734,-0.613586932056734
6,0.5527686977113743,0.5527686977113743
7,-1.2200454993409084,-1.2200454993409084
