,theta_x,theta_y
0,-1.1585508477672557,-1.1585508477672557
1,3.0900622706068437,3.0900622706068437
2,1.0804560658282498,1.0804560658282498
3,-0.96985616187993,-0.96985616187993
4,-1.2729861294050848,-1.2729861294050848
5,3.0715919454934935,3.0715919454934935
6,-2.2188053720554164,-2.2188053720554164
7,1.4463119872459884,1.4463119872459884
