,theta_x,theta_y
0,-1.6252975830040162,-1.6252975830040162
1,-2.1054011395301906,-2.1054011395301906
2,-1.8811345879945671,-1.8811345879945671
3,-0.8734739755887339,-0.8734739755887339
4,2.619251500864088,2.619251500864088
