,theta_x,theta_y
0,1.5355817067399695,1.5355817067399695
1,0.24399758824551196,0.24399758824551196
2,-0.38696592427370136,-0.38696592427370136
3,-1.5787333510432733,-1.5787333510432733
4,2.413159314496756,2.413159314496756
5,1.8157337288838364,1.8157337288838364
6,1.2073389060284683,1.2073389060284683
7,-1.1907911762787553,-1.1907911762787553
8,1.0336741801863667,1.0336741801863667
9,-2.9061920213516723,-2.9061920213516723
