theta_x,theta_y
2.015693395067194,2.015693395067194
-0.5125983341083218,-0.5125983341083218
-2.3422468589672114,-2.3422468589672114
-3.141592653589793,-3.141592653589793
2.82461751720676,2.82461751720676
3.052255581276574,3.052255581276574
