,theta_x,theta_y
0,-1.5882943140765584,-1.5882943140765584
1,3.141592653589793,3.141592653589793
2,-1.595216707913466,-1.595216707913466
3,2.2858062300811524,2.2858062300811524
4,2.549634836097689,2.549634836097689
5,-1.1813174626591505,-1.1813174626591505
