theta_x,theta_y
-1.3836967355276684,-1.3836967355276684
-2.264857987394747,-2.264857987394747
