,theta_x,theta_y
0,0.26228740997943883,0.26228740997943883
1,-1.6437072967620603,-1.6437072967620603
2,-2.663031909197408,-2.663031909197408
3,-3.141592653589793,-3.141592653589793
4,1.8082141603527329,1.8082141603527329
5,1.7840113704757259,1.7840113704757259
6,0.8491705449449731,0.8491705449449731
