theta_x,theta_y
0.9880253307425128,0.9880253307425128
0.9778421857296695,0.9778421857296695
0.9679259362414478,0.9679259362414478
-3.141592653589793,-3.141592653589793
0.9428323070970346,0.9428323070970346
0.9438607469247933,0.9438607469247933
0.9448731156564125,0.9448731156564125
-3.141592653589793,-3.141592653589793
0.9243411790619117,0.9243411790619117
