,theta_x,theta_y
0,2.189500682756662,2.189500682756662
1,-1.259641298011211,-1.259641298011211
2,0.15695742991735434,0.15695742991735434
3,1.519634626638227,1.519634626638227
4,0.745915560813941,0.745915560813941
5,3.0483227639884043,3.0483227639884043
6,2.2646613003384224,2.2646613003384224
7,2.666972668798024,2.666972668798024
8,-2.8046848816936403,-2.8046848816936403
9,-0.34149568159731336,-0.34149568159731336
