,theta_x,theta_y
0,1.3704052605729211,1.3704052605729211
1,1.1445817319179052,1.1445817319179052
2,1.0371167115540378,1.0371167115540378
3,-2.4559576559325715,-2.4559576559325715
4,-0.010404424050889899,-0.010404424050889899
