,theta_x,theta_y
0,-3.141592653589793,-3.141592653589793
1,1.1425217141390636,1.1425217141390636
