,theta_x,theta_y
0,0.4903980705756909,0.4903980705756909
1,1.368389993293028,1.368389993293028
2,1.0524747195967639,1.0524747195967639
3,-3.0304403035419014,-3.0304403035419014
4,2.976430640985717,2.976430640985717
5,1.1840871695065056,1.1840871695065056
6,-1.8093957300164092,-1.8093957300164092
7,-2.0101500036544744,-2.0101500036544744
8,0.9097228397775792,0.9097228397775792
