,theta_x,theta_y
0,1.0087731362000683,1.0087731362000683
