,theta_x,theta_y
0,0.9114283923945075,0.9114283923945075
1,0.8963684946114718,0.8963684946114718
2,0.8822509911263143,0.8822509911263143
3,0.8711375188594515,0.8711375188594515
4,0.8549275067322972,0.8549275067322972
5,0.8549687606163334,0.8549687606163334
