,theta_x,theta_y
0,-3.089748582149622,-3.089748582149622
1,-1.91330493766397,-1.91330493766397
2,1.6661965946952253,1.6661965946952253
3,-3.141592653589793,-3.141592653589793
4,2.0956274595548656,2.0956274595548656
5,0.7461812429053677,0.7461812429053677
6,-3.141592653589793,-3.141592653589793
7,-3.141592653589793,-3.141592653589793
8,-0.04991786070739598,-0.04991786070739598
9,1.1625620391971543,1.1625620391971543
