,theta_x,theta_y
0,0.8491010146002678,0.8491010146002678
1,0.7421651892498624,0.7421651892498624
2,0.6254942075766291,0.6254942075766291
3,-3.141592653589793,-3.141592653589793
4,0.6284162852724163,0.6284162852724163
5,0.5758459643386186,0.5758459643386186
6,0.5236919092977048,0.5236919092977048
