,theta_x,theta_y
0,1.1000761000297827,1.1000761000297827
1,0.6910733733022969,0.6910733733022969
2,0.10055419874500665,0.10055419874500665
3,0.020546995627093834,0.020546995627093834
4,-2.609994944145654,-2.609994944145654
5,1.4525505516268002,1.4525505516268002
6,-3.0917279914115654,-3.0917279914115654
