,theta_x,theta_y
0,1.1061480529669725,1.1061480529669725
1,-0.922622185419633,-0.922622185419633
2,-1.3839626926564292,-1.3839626926564292
3,-1.7583813201840646,-1.7583813201840646
4,2.9036287901342464,2.9036287901342464
5,2.3413143561142786,2.3413143561142786
6,2.146381499171292,2.146381499171292
