theta_x,theta_y
1.1061480529669725,1.1061480529669725
-0.922622185419633,-0.922622185419633
-1.3839626926564292,-1.3839626926564292
-1.7583813201840646,-1.7583813201840646
2.9036287901342464,2.9036287901342464
2.3413143561142786,2.3413143561142786
2.146381499171292,2.146381499171292
