,theta_x,theta_y
0,-3.141592653589793,-3.141592653589793
1,1.5299633038131386,1.5299633038131386
2,2.304264273930253,2.304264273930253
3,2.0639788000370562,2.0639788000370562
4,3.1280816280355443,3.1280816280355443
5,3.141592653589793,3.141592653589793
6,3.1411246832638926,3.1411246832638926
