,theta_x,theta_y
0,0.07754841460841189,0.07754841460841189
1,-0.6060085089448967,-0.6060085089448967
2,-3.141592653589793,-3.141592653589793
3,-2.993793569991442,-2.993793569991442
4,1.831898896743759,1.831898896743759
