,theta_x,theta_y
0,0.16619034437616154,0.16619034437616154
1,-0.6492665110086459,-0.6492665110086459
2,-3.141592653589793,-3.141592653589793
3,-2.36688579821775,-2.36688579821775
4,2.1922560107973474,2.1922560107973474
