,theta_x,theta_y
0,3.141592653589793,3.141592653589793
1,1.2854129223190294,1.2854129223190294
2,3.141592653589793,3.141592653589793
3,-2.9658934702740383,-2.9658934702740383
4,2.2739151375546154,2.2739151375546154
5,0.0034350761925106277,0.0034350761925106277
6,2.9567126418056895,2.9567126418056895
