theta_x,theta_y
3.017664851156198,3.017664851156198
-1.4595832407584997,-1.4595832407584997
1.6716310866740816,1.6716310866740816
2.4248287744357326,2.4248287744357326
