,theta_x,theta_y
0,-2.076554524622372,-2.076554524622372
1,3.141592653589793,3.141592653589793
2,-2.7807774019965894,-2.7807774019965894
3,2.994293465110681,2.994293465110681
4,2.6005140403474414,2.6005140403474414
