,theta_x,theta_y
0,1.9863809330119813,1.9863809330119813
1,-0.7965218404670324,-0.7965218404670324
2,-1.2114728813610434,-1.2114728813610434
3,3.141592653589793,3.141592653589793
