,theta_x,theta_y
0,-0.1392313852813181,-0.1392313852813181
1,-0.7139939360058359,-0.7139939360058359
2,-0.963103040622447,-0.963103040622447
3,-1.5409623685285159,-1.5409623685285159
4,3.141592653589793,3.141592653589793
5,-0.42692499048006405,-0.42692499048006405
6,-0.9503637970418892,-0.9503637970418892
7,-1.1708733425812954,-1.1708733425812954
