,theta_x,theta_y
0,1.000887441751968,1.000887441751968
1,-2.9815674469275577,-2.9815674469275577
2,3.005390070955861,3.005390070955861
3,3.0780541739739595,3.0780541739739595
4,-2.9636261828277193,-2.9636261828277193
5,1.0550952290518576,1.0550952290518576
