theta_x,theta_y
1.0206893900243303,1.0206893900243303
0.9622119210002265,0.9622119210002265
1.0574360234923932,1.0574360234923932
1.0009553231350474,1.0009553231350474
-3.141592653589793,-3.141592653589793
0.9781431631583731,0.9781431631583731
0.9570320830612207,0.9570320830612207
-3.141592653589793,-3.141592653589793
