theta_x,theta_y
2.427183296830778,2.427183296830778
