,theta_x,theta_y
0,1.3228752269255444,1.3228752269255444
1,-0.028479518745046915,-0.028479518745046915
2,-0.6755210802820674,-0.6755210802820674
3,-1.2415138309022182,-1.2415138309022182
4,3.141592653589793,3.141592653589793
5,2.1951192471619194,2.1951192471619194
6,1.2888653612397658,1.2888653612397658
