,theta_x,theta_y
0,2.7366658179617187,2.7366658179617187
1,-3.141592653589793,-3.141592653589793
2,-3.141592653589793,-3.141592653589793
3,-3.141592653589793,-3.141592653589793
