,theta_x,theta_y
0,-0.8397840789037605,-0.8397840789037605
1,-1.3657277269620702,-1.3657277269620702
2,-0.7974462777932849,-0.7974462777932849
3,-0.10468953502525352,-0.10468953502525352
4,2.7181828106092962,2.7181828106092962
5,0.3788294040961519,0.3788294040961519
6,1.104498162304016,1.104498162304016
