theta_x,theta_y
0.8703999224419572,0.8703999224419572
3.141592653589793,3.141592653589793
