,theta_x,theta_y
0,-3.141592653589793,-3.141592653589793
1,0.8824695276303929,0.8824695276303929
2,1.031255382429229,1.031255382429229
