,theta_x,theta_y
0,2.0786517712991293,2.0786517712991293
1,1.5820808351762916,1.5820808351762916
2,1.4438640618600675,1.4438640618600675
3,-0.0075388213771414424,-0.0075388213771414424
4,-2.400911779180252,-2.400911779180252
5,0.8288921746889977,0.8288921746889977
6,0.7956282518536945,0.7956282518536945
7,-2.3436001741195818,-2.3436001741195818
