,theta_x,theta_y
0,1.3152236579119576,1.3152236579119576
1,1.2719968894630551,1.2719968894630551
2,1.0359021843808205,1.0359021843808205
3,-1.8840798187631522,-1.8840798187631522
