theta_x,theta_y
2.8178143303572254,2.8178143303572254
2.5395405827643285,2.5395405827643285
-3.141592653589793,-3.141592653589793
-2.9809715602625624,-2.9809715602625624
3.121276668523632,3.121276668523632
-2.531877456365595,-2.531877456365595
