,theta_x,theta_y
0,-3.141592653589793,-3.141592653589793
1,-1.8545021558250938,-1.8545021558250938
2,1.4530250374259541,1.4530250374259541
3,0.715638185677187,0.715638185677187
4,-3.141592653589793,-3.141592653589793
5,0.7138342234730515,0.7138342234730515
6,0.3525199559239305,0.3525199559239305
7,-1.920397552992752,-1.920397552992752
8,0.4781501278673868,0.4781501278673868
9,-2.8906122456531227,-2.8906122456531227
