theta_x,theta_y
-3.053603051990404,-3.053603051990404
-1.184539434150327,-1.184539434150327
1.9040444977422164,1.9040444977422164
1.2470059963691038,1.2470059963691038
-3.141592653589793,-3.141592653589793
0.9343072841416032,0.9343072841416032
0.7768927788199645,0.7768927788199645
-0.6270775519333589,-0.6270775519333589
1.2738644193658277,1.2738644193658277
-2.069202309539352,-2.069202309539352
