theta_x,theta_y
1.8006116681830857,1.8006116681830857
1.863636639083583,1.863636639083583
0.12164645220410691,0.12164645220410691
-1.4985501527456613,-1.4985501527456613
