theta_x,theta_y
2.7424714137361805,2.7424714137361805
1.5303656725891286,1.5303656725891286
1.4049845771697698,1.4049845771697698
-1.9652616268399816,-1.9652616268399816
1.0116342598869743,1.0116342598869743
0.38992814621680116,0.38992814621680116
-0.45754517719108617,-0.45754517719108617
0.47115486925512834,0.47115486925512834
