,theta_x,theta_y
0,-0.4533355810366921,-0.4533355810366921
1,-0.5173849955600378,-0.5173849955600378
2,-0.5774032666715458,-0.5774032666715458
3,-0.634397491546601,-0.634397491546601
4,-0.687809317338409,-0.687809317338409
5,-0.737568322055211,-0.737568322055211
6,-0.7843403578535194,-0.7843403578535194
7,-0.8286603242922422,-0.8286603242922422
8,-0.8701684629401492,-0.8701684629401492
