,theta_x,theta_y
0,2.6507516816904255,2.6507516816904255
1,-3.141592653589793,-3.141592653589793
2,-3.141592653589793,-3.141592653589793
3,0.7381870437434617,0.7381870437434617
4,-3.141592653589793,-3.141592653589793
5,2.5791707992425783,2.5791707992425783
6,3.141592653589793,3.141592653589793
7,-2.61299593928255,-2.61299593928255
8,3.141592653589793,3.141592653589793
9,-2.4534231100633153,-2.4534231100633153
