,theta_x,theta_y
0,-1.2001212771022545,-1.2001212771022545
1,3.0948118924180292,3.0948118924180292
2,-1.6859570641573816,-1.6859570641573816
3,2.4381922335911117,2.4381922335911117
4,2.80481321015597,2.80481321015597
5,-0.7432611389126809,-0.7432611389126809
6,-1.6316532939717767,-1.6316532939717767
7,-1.6716333074586482,-1.6716333074586482
8,-2.4009868476651195,-2.4009868476651195
