,theta_x,theta_y
0,-2.0956038754126602,-2.0956038754126602
1,-0.6015147395783134,-0.6015147395783134
2,1.2525069674861422,1.2525069674861422
