theta_x,theta_y
-1.347823026665103,-1.347823026665103
-0.8614301699071691,-0.8614301699071691
-1.2521122639502056,-1.2521122639502056
-2.412039027333186,-2.412039027333186
