,theta_x,theta_y
0,-1.6817192753200711,-1.6817192753200711
1,2.673371420480321,2.673371420480321
2,-1.9014512833427577,-1.9014512833427577
3,2.271989954121534,2.271989954121534
4,2.2630736326425263,2.2630736326425263
5,-0.7043547668016173,-0.7043547668016173
6,0.10438771003434787,0.10438771003434787
7,-1.3000148393864268,-1.3000148393864268
8,-3.0882022076780062,-3.0882022076780062
