,theta_x,theta_y
0,-3.141592653589793,-3.141592653589793
1,-3.141592653589793,-3.141592653589793
2,2.4557061298715666,2.4557061298715666
3,-3.141592653589793,-3.141592653589793
4,2.483214013655098,2.483214013655098
5,2.5254785504414627,2.5254785504414627
6,-3.141592653589793,-3.141592653589793
7,-3.141592653589793,-3.141592653589793
8,-3.141592653589793,-3.141592653589793
