,theta_x,theta_y
0,3.141592653589793,3.141592653589793
1,1.587122549650348,1.587122549650348
2,0.7093041113423972,0.7093041113423972
3,-1.3370700363371275,-1.3370700363371275
4,3.141592653589793,3.141592653589793
