,theta_x,theta_y
0,1.8281454059985842,1.8281454059985842
1,1.23838534665985,1.23838534665985
2,0.8434289374021345,0.8434289374021345
3,-1.2293574336287587,-1.2293574336287587
4,-3.141592653589793,-3.141592653589793
5,-0.5952449109997359,-0.5952449109997359
6,0.09348246282345749,0.09348246282345749
