,theta_x,theta_y
0,1.250885626015362,1.250885626015362
1,0.8376306911853746,0.8376306911853746
2,0.9197241259263179,0.9197241259263179
3,-1.5303930680980993,-1.5303930680980993
4,-3.141592653589793,-3.141592653589793
5,0.03690808995865357,0.03690808995865357
6,0.11483892674667201,0.11483892674667201
