,theta_x,theta_y
0,0.7208220260933277,0.7208220260933277
1,2.658578834736321,2.658578834736321
2,0.9721203106788294,0.9721203106788294
3,-0.4506287741844262,-0.4506287741844262
4,-0.7310680421489218,-0.7310680421489218
5,2.5722019649836207,2.5722019649836207
6,-1.7958252981346623,-1.7958252981346623
7,1.7304894363030225,1.7304894363030225
8,0.8270845433214983,0.8270845433214983
