,theta_x,theta_y
0,-0.9568592445609472,-0.9568592445609472
1,2.650301476479939,2.650301476479939
2,-1.239369774299016,-1.239369774299016
3,1.7203640582167985,1.7203640582167985
4,1.7178840994480438,1.7178840994480438
5,-0.09241026274414202,-0.09241026274414202
