theta_x,theta_y
2.2579225590729495,2.2579225590729495
0.7900710053648491,0.7900710053648491
0.625328964740725,0.625328964740725
0.10840460992470669,0.10840460992470669
0.8086552425775713,0.8086552425775713
0.3370501895779938,0.3370501895779938
-3.141592653589793,-3.141592653589793
0.3210066762253021,0.3210066762253021
