theta_x,theta_y
1.4923113514080115,1.4923113514080115
2.0179263043296407,2.0179263043296407
-2.3431204761377087,-2.3431204761377087
-0.9859878812204955,-0.9859878812204955
