,theta_x,theta_y
0,-0.8428657676848487,-0.8428657676848487
1,3.1114079331588407,3.1114079331588407
2,-2.841303383585197,-2.841303383585197
3,2.2933172402691273,2.2933172402691273
4,-1.0655268776780351,-1.0655268776780351
5,-0.12689610090973352,-0.12689610090973352
6,1.8783592854922466,1.8783592854922466
7,-0.6606135290242632,-0.6606135290242632
