,theta_x,theta_y
0,-0.5186148956350275,-0.5186148956350275
1,3.141592653589793,3.141592653589793
2,-1.9772980780803724,-1.9772980780803724
3,2.414862151979377,2.414862151979377
4,-0.9140673240237465,-0.9140673240237465
5,0.11938913473128476,0.11938913473128476
6,2.5300387764813173,2.5300387764813173
7,-0.032723375407824995,-0.032723375407824995
