,theta_x,theta_y
0,0.16941441422606815,0.16941441422606815
1,-1.5676762763054148,-1.5676762763054148
2,-2.315647037052948,-2.315647037052948
3,-2.9154325815601694,-2.9154325815601694
4,1.5386335609831046,1.5386335609831046
5,1.8356583879062807,1.8356583879062807
6,0.42522803548062643,0.42522803548062643
7,1.307711718923012,1.307711718923012
