theta_x,theta_y
2.8061825349554974,2.8061825349554974
1.7097467123707009,1.7097467123707009
1.4632370746135694,1.4632370746135694
0.28778660478832274,0.28778660478832274
-3.141592653589793,-3.141592653589793
0.35267885249081365,0.35267885249081365
