,theta_x,theta_y
0,-1.9514827293287091,-1.9514827293287091
1,-1.7439983487573438,-1.7439983487573438
2,3.0875255042298817,3.0875255042298817
3,-3.141592653589793,-3.141592653589793
4,-3.141592653589793,-3.141592653589793
