,theta_x,theta_y
0,-1.611709112494622,-1.611709112494622
1,-3.141592653589793,-3.141592653589793
2,-0.9773781126005158,-0.9773781126005158
3,-3.141592653589793,-3.141592653589793
4,3.141592653589793,3.141592653589793
