,theta_x,theta_y
0,-1.9379004698313425,-1.9379004698313425
1,1.9267823526210257,1.9267823526210257
2,-1.8038853146985858,-1.8038853146985858
3,2.498424722184779,2.498424722184779
4,2.345162329980452,2.345162329980452
5,-0.35011762303022814,-0.35011762303022814
6,0.9080830109700092,0.9080830109700092
7,-0.6424286964180863,-0.6424286964180863
8,-2.9209825227173223,-2.9209825227173223
9,1.5553781033913492,1.5553781033913492
