theta_x,theta_y
2.594103633729095,2.594103633729095
0.529104754727209,0.529104754727209
0.5147351621418312,0.5147351621418312
