theta_x,theta_y
2.6652282258995665,2.6652282258995665
2.6456572530075726,2.6456572530075726
2.522612658104912,2.522612658104912
-3.141592653589793,-3.141592653589793
2.4022113625427615,2.4022113625427615
-3.141592653589793,-3.141592653589793
2.323506781884071,2.323506781884071
-3.141592653589793,-3.141592653589793
