theta_x,theta_y
3.1306595367974466,3.1306595367974466
-0.6426044731345034,-0.6426044731345034
1.4350952930857435,1.4350952930857435
1.2867758649745922,1.2867758649745922
-0.024148280143959047,-0.024148280143959047
1.459699887725548,1.459699887725548
0.26390435064264617,0.26390435064264617
