theta_x,theta_y
2.7838036127885073,2.7838036127885073
0.07117311340949943,0.07117311340949943
2.992327454339405,2.992327454339405
