,theta_x,theta_y
0,-1.218076031864808,-1.218076031864808
