,theta_x,theta_y
0,-2.0611752787165196,-2.0611752787165196
1,-1.165186971769938,-1.165186971769938
