theta_x,theta_y
-2.0611752787165196,-2.0611752787165196
-1.165186971769938,-1.165186971769938
