theta_x,theta_y
0.9412937500919905,0.9412937500919905
0.9217465171238095,0.9217465171238095
0.9029165891639372,0.9029165891639372
0.8847760791084212,0.8847760791084212
0.8673027233347146,0.8673027233347146
0.8504771155455028,0.8504771155455028
0.8342563496847323,0.8342563496847323
