,theta_x,theta_y
0,0.892414667501616,0.892414667501616
1,1.3726554517558829,1.3726554517558829
