theta_x,theta_y
-0.39761986201454275,-0.39761986201454275
-0.5735427185159359,-0.5735427185159359
2.468746188575167,2.468746188575167
-0.5965914828793089,-0.5965914828793089
-0.7103417493711022,-0.7103417493711022
-0.6748192782086497,-0.6748192782086497
-0.9299712724384207,-0.9299712724384207
-1.0227339855137938,-1.0227339855137938
-0.9703308663988923,-0.9703308663988923
