,theta_x,theta_y
0,0.960618791361058,0.960618791361058
1,2.2751811316285298,2.2751811316285298
2,0.5653983914229306,0.5653983914229306
3,-1.3083180120280637,-1.3083180120280637
4,-0.16187123785475183,-0.16187123785475183
