theta_x,theta_y
-2.398854642792275,-2.398854642792275
-2.6687549451392027,-2.6687549451392027
2.507301059078984,2.507301059078984
-2.6573380083724865,-2.6573380083724865
0.050375472280859895,0.050375472280859895
2.2830262034249267,2.2830262034249267
-2.9022449891590876,-2.9022449891590876
-2.1660893879471574,-2.1660893879471574
