theta_x,theta_y
2.135801152005376,2.135801152005376
-1.9282166274723658,-1.9282166274723658
-3.13214066321304,-3.13214066321304
-3.141592653589793,-3.141592653589793
2.3329622422424228,2.3329622422424228
2.591166883629232,2.591166883629232
1.8847121196516134,1.8847121196516134
