,theta_x,theta_y
0,-1.7704357493372689,-1.7704357493372689
1,-2.0936478295152363,-2.0936478295152363
2,2.0833752491198614,2.0833752491198614
3,-0.1475373350875346,-0.1475373350875346
