theta_x,theta_y
-1.9135335110238751,-1.9135335110238751
-0.6414457467092575,-0.6414457467092575
1.4231582489261918,1.4231582489261918
