,theta_x,theta_y
0,0.8900292720265971,0.8900292720265971
1,0.8117128462359599,0.8117128462359599
2,0.7486467358334835,0.7486467358334835
