,theta_x,theta_y
0,-1.4711331532927006,-1.4711331532927006
1,3.141592653589793,3.141592653589793
2,-1.4868689256975716,-1.4868689256975716
3,3.141592653589793,3.141592653589793
4,3.141592653589793,3.141592653589793
5,-1.5262294014370905,-1.5262294014370905
6,-1.5742529946387518,-1.5742529946387518
7,-1.636765558069098,-1.636765558069098
8,-1.6967685029440043,-1.6967685029440043
