,theta_x,theta_y
0,-1.6097352010905965,-1.6097352010905965
1,3.141592653589793,3.141592653589793
2,3.141592653589793,3.141592653589793
3,-1.5783608671167402,-1.5783608671167402
4,-1.610338165552565,-1.610338165552565
5,3.141592653589793,3.141592653589793
6,-1.658791868413017,-1.658791868413017
7,3.141592653589793,3.141592653589793
8,3.141592653589793,3.141592653589793
