,theta_x,theta_y
0,0.4717726112273767,0.4717726112273767
1,1.8783375072748385,1.8783375072748385
2,1.198105454021443,1.198105454021443
3,-0.7463372147227739,-0.7463372147227739
