,theta_x,theta_y
0,2.410597076901813,2.410597076901813
