,theta_x,theta_y
0,2.3103671325219306,2.3103671325219306
1,-1.8967066056045094,-1.8967066056045094
2,0.7894104961593212,0.7894104961593212
3,1.350385249845979,1.350385249845979
4,0.5476204065319051,0.5476204065319051
5,2.474994630130795,2.474994630130795
