,theta_x,theta_y
0,-0.6247584567266663,-0.6247584567266663
1,3.141592653589793,3.141592653589793
2,-0.7502428970469633,-0.7502428970469633
3,3.141592653589793,3.141592653589793
