theta_x,theta_y
-0.6247584567266663,-0.6247584567266663
3.141592653589793,3.141592653589793
-0.7502428970469633,-0.7502428970469633
3.141592653589793,3.141592653589793
