,theta_x,theta_y
0,-1.0418586385171866,-1.0418586385171866
1,3.141592653589793,3.141592653589793
