,theta_x,theta_y
0,1.3853594817586614,1.3853594817586614
1,-0.9967595384110749,-0.9967595384110749
2,1.0623230020950698,1.0623230020950698
3,1.8802944870436729,1.8802944870436729
4,-0.02858876297788029,-0.02858876297788029
5,3.141592653589793,3.141592653589793
6,2.3994626535316996,2.3994626535316996
7,-0.21496821887795672,-0.21496821887795672
