,theta_x,theta_y
0,1.2400970042325672,1.2400970042325672
1,1.6481981516756758,1.6481981516756758
2,0.9736450451574207,0.9736450451574207
3,-3.0804406369755144,-3.0804406369755144
4,1.3478057479936068,1.3478057479936068
5,0.8495374345097199,0.8495374345097199
6,1.249034319328322,1.249034319328322
