,theta_x,theta_y
0,0.467357886819861,0.467357886819861
1,3.0259465054538075,3.0259465054538075
2,-3.134216449644037,-3.134216449644037
3,2.6453908316857313,2.6453908316857313
4,-1.4402035592523195,-1.4402035592523195
