theta_x,theta_y
-2.948728497062066,-2.948728497062066
-1.8453764608166443,-1.8453764608166443
1.8614813032655262,1.8614813032655262
1.0030874311203348,1.0030874311203348
-3.033713757959909,-3.033713757959909
0.04927907935887742,0.04927907935887742
0.20902288938453917,0.20902288938453917
-2.12903310907771,-2.12903310907771
