,theta_x,theta_y
0,2.234761220806631,2.234761220806631
1,-1.2394028386876035,-1.2394028386876035
2,-0.2819794529254952,-0.2819794529254952
3,1.7482668384868243,1.7482668384868243
4,1.0198432877778134,1.0198432877778134
5,3.141592653589793,3.141592653589793
