,theta_x,theta_y
0,-2.0761717939098063,-2.0761717939098063
1,-1.1841542042976292,-1.1841542042976292
2,1.6274575691029798,1.6274575691029798
3,-2.564457994397974,-2.564457994397974
