,theta_x,theta_y
0,0.8443671733659558,0.8443671733659558
1,3.141592653589793,3.141592653589793
2,-2.0680179055219003,-2.0680179055219003
3,2.3691954400609316,2.3691954400609316
4,-0.07751502084923284,-0.07751502084923284
5,0.8307109308697598,0.8307109308697598
6,2.2892270387094134,2.2892270387094134
7,0.08314222599547637,0.08314222599547637
8,-0.13703427300185483,-0.13703427300185483
