theta_x,theta_y
3.141592653589793,3.141592653589793
-0.7067300036048508,-0.7067300036048508
3.141592653589793,3.141592653589793
-0.49832902800320156,-0.49832902800320156
0.5905209925307079,0.5905209925307079
-1.0231215486784813,-1.0231215486784813
3.141592653589793,3.141592653589793
