theta_x,theta_y
0.31465399115822784,0.31465399115822784
-0.25954781276522443,-0.25954781276522443
-1.6795032032659205,-1.6795032032659205
-2.8316652788857506,-2.8316652788857506
1.516439376421618,1.516439376421618
1.1757128984187073,1.1757128984187073
0.3372041008164632,0.3372041008164632
0.032073744454139956,0.032073744454139956
0.15549238443547644,0.15549238443547644
