,theta_x,theta_y
0,-3.141592653589793,-3.141592653589793
1,-0.09364182772672261,-0.09364182772672261
2,0.8926555150957773,0.8926555150957773
3,0.9372892972574326,0.9372892972574326
4,-3.141592653589793,-3.141592653589793
5,0.8946829217196245,0.8946829217196245
6,0.8018242895736722,0.8018242895736722
7,-2.8557570899165006,-2.8557570899165006
8,0.6354226263091266,0.6354226263091266
9,-3.141592653589793,-3.141592653589793
