,theta_x,theta_y
0,3.136788390977228,3.136788390977228
1,-2.0806797170684384,-2.0806797170684384
2,-0.8278528996555964,-0.8278528996555964
3,-1.7398298861114163,-1.7398298861114163
4,2.7876441034494883,2.7876441034494883
5,-3.141592653589793,-3.141592653589793
6,-3.141592653589793,-3.141592653589793
7,-0.4102833943015367,-0.4102833943015367
8,3.0430088171158354,3.0430088171158354
9,-1.6650728278087752,-1.6650728278087752
