,theta_x,theta_y
0,-0.09918630302675943,-0.09918630302675943
1,2.8487570260017954,2.8487570260017954
2,-0.23846209298583587,-0.23846209298583587
3,1.8781531800789337,1.8781531800789337
4,1.3630880465219921,1.3630880465219921
5,-0.13654326439141032,-0.13654326439141032
6,-0.310610580738779,-0.310610580738779
7,-0.6349263134796782,-0.6349263134796782
8,-1.493495660261321,-1.493495660261321
