theta_x,theta_y
3.141592653589793,3.141592653589793
1.8356274319457104,1.8356274319457104
1.3821977531371719,1.3821977531371719
0.7475748529690222,0.7475748529690222
0.5332948029621445,0.5332948029621445
0.30307411396012773,0.30307411396012773
0.08583158524597032,0.08583158524597032
