,theta_x,theta_y
0,-3.141592653589793,-3.141592653589793
1,-3.141592653589793,-3.141592653589793
2,2.708878641365477,2.708878641365477
3,-3.141592653589793,-3.141592653589793
4,-2.6452643132389886,-2.6452643132389886
5,-3.141592653589793,-3.141592653589793
6,-2.9618483113771696,-2.9618483113771696
7,-2.7576962031042727,-2.7576962031042727
8,-1.3533256270556773,-1.3533256270556773
