,theta_x,theta_y
0,3.1415926535897882,3.1415926535897882
1,1.8786175147285626,1.8786175147285626
2,0.5418717612781025,0.5418717612781025
3,-2.689717489680497,-2.689717489680497
4,-3.141592653589793,-3.141592653589793
5,0.5977812409657699,0.5977812409657699
