,theta_x,theta_y
0,-3.141592653589793,-3.141592653589793
1,-1.383236028757885,-1.383236028757885
2,1.4587732443096235,1.4587732443096235
3,0.36454764258527966,0.36454764258527966
4,-2.971739616789386,-2.971739616789386
5,0.27903839497377037,0.27903839497377037
