,theta_x,theta_y
0,-1.2024490344214527,-1.2024490344214527
1,3.141592653589793,3.141592653589793
2,3.141592653589793,3.141592653589793
3,-1.0951499705465335,-1.0951499705465335
4,-1.5589103308508274,-1.5589103308508274
5,3.141592653589793,3.141592653589793
6,-2.0810008366010586,-2.0810008366010586
7,3.141592653589793,3.141592653589793
8,3.141592653589793,3.141592653589793
