,theta_x,theta_y
0,1.8959890222846483,1.8959890222846483
1,-1.914431914971697,-1.914431914971697
2,0.5253781100853017,0.5253781100853017
