,theta_x,theta_y
0,1.3823378959831185,1.3823378959831185
1,-0.8103785844793705,-0.8103785844793705
2,-0.008253976435113053,-0.008253976435113053
3,1.2513485567046834,1.2513485567046834
