theta_x,theta_y
3.141592653589793,3.141592653589793
1.3631344134442818,1.3631344134442818
3.0765884392229537,3.0765884392229537
-3.080356483864324,-3.080356483864324
1.9998242795808419,1.9998242795808419
-0.3414847381123156,-0.3414847381123156
2.4728655612339967,2.4728655612339967
-3.141592653589793,-3.141592653589793
