,theta_x,theta_y
0,-0.6390727698089862,-0.6390727698089862
1,-2.083587818678195,-2.083587818678195
2,-2.036245762175656,-2.036245762175656
3,-1.535061019629581,-1.535061019629581
4,3.1259087976447173,3.1259087976447173
5,-0.49400518723138914,-0.49400518723138914
6,1.0512258030911938,1.0512258030911938
7,-1.8784090219358842,-1.8784090219358842
8,1.471663542922229,1.471663542922229
