,theta_x,theta_y
0,0.4927394585929753,0.4927394585929753
1,0.4502738844393769,0.4502738844393769
2,-0.15315719892816707,-0.15315719892816707
3,-0.4733498847664955,-0.4733498847664955
