,theta_x,theta_y
0,1.4586610133981472,1.4586610133981472
1,-0.18117751948786526,-0.18117751948786526
