theta_x,theta_y
2.105462426027302,2.105462426027302
2.531868761745173,2.531868761745173
-0.4216469428723982,-0.4216469428723982
0.5119148205790641,0.5119148205790641
0.19265486343019927,0.19265486343019927
1.757977632921038,1.757977632921038
-3.1201128884364393,-3.1201128884364393
1.1449116406631727,1.1449116406631727
