,theta_x,theta_y
0,0.9416966311447073,0.9416966311447073
1,0.9199587684382344,0.9199587684382344
2,0.9339741739654315,0.9339741739654315
3,-3.141592653589793,-3.141592653589793
4,0.9203678049092983,0.9203678049092983
5,0.9505001373907807,0.9505001373907807
