,theta_x,theta_y
0,2.8389418962212845,2.8389418962212845
1,1.2783359908633671,1.2783359908633671
2,2.376827232416873,2.376827232416873
3,-1.8042745470003727,-1.8042745470003727
4,1.1605445966253138,1.1605445966253138
5,0.6854561587442728,0.6854561587442728
6,0.4258421086020412,0.4258421086020412
7,-0.0551618936616346,-0.0551618936616346
8,0.179369109869884,0.179369109869884
