,theta_x,theta_y
0,-1.3821514592717725,-1.3821514592717725
1,-1.9621602543320271,-1.9621602543320271
2,2.37200845615523,2.37200845615523
3,-2.9954565627414977,-2.9954565627414977
4,0.6926997460992866,0.6926997460992866
5,0.6985980264399858,0.6985980264399858
6,-1.6120787111032309,-1.6120787111032309
7,-3.121914003235334,-3.121914003235334
