,theta_x,theta_y
0,2.010967558122369,2.010967558122369
1,2.0179765102784586,2.0179765102784586
2,-3.133024673784436,-3.133024673784436
3,0.7520878756155294,0.7520878756155294
4,-0.0361756317670651,-0.0361756317670651
5,-0.31598997021702807,-0.31598997021702807
