,theta_x,theta_y
0,1.2481261510981414,1.2481261510981414
