theta_x,theta_y
1.2481261510981414,1.2481261510981414
