,theta_x,theta_y
0,3.141592653589793,3.141592653589793
1,0.5681350022601453,0.5681350022601453
2,3.141592653589793,3.141592653589793
3,-2.128912677058338,-2.128912677058338
4,1.5388137914220517,1.5388137914220517
5,0.010037649837188078,0.010037649837188078
6,2.732668874802984,2.732668874802984
