,theta_x,theta_y
0,0.2678091587226166,0.2678091587226166
1,2.9957768626965358,2.9957768626965358
