theta_x,theta_y
1.5648495015523147,1.5648495015523147
3.141592653589793,3.141592653589793
1.1702386577944996,1.1702386577944996
-0.12562954431893347,-0.12562954431893347
-1.1915345047206851,-1.1915345047206851
2.874949920294893,2.874949920294893
