,theta_x,theta_y
0,-2.620058166668538,-2.620058166668538
1,-1.6855718623312592,-1.6855718623312592
2,1.9149726027873646,1.9149726027873646
3,0.5651087147862328,0.5651087147862328
4,-2.5792001370799937,-2.5792001370799937
5,-0.4008415670090295,-0.4008415670090295
6,-0.11600214167017459,-0.11600214167017459
7,-2.177979637620911,-2.177979637620911
8,1.5262954543902034,1.5262954543902034
