theta_x,theta_y
1.4404426609952974,1.4404426609952974
0.1667740866784137,0.1667740866784137
1.9235754610841922,1.9235754610841922
-2.8320252918624766,-2.8320252918624766
