theta_x,theta_y
0.5801750145359756,0.5801750145359756
-0.6054633052764509,-0.6054633052764509
-1.071697849321043,-1.071697849321043
-1.4619676429671553,-1.4619676429671553
3.141592653589793,3.141592653589793
0.6943768261290113,0.6943768261290113
0.8297800489178201,0.8297800489178201
-1.4804413848761822,-1.4804413848761822
0.7636741674060974,0.7636741674060974
