,theta_x,theta_y
0,1.412940245523314,1.412940245523314
1,-3.141592653589793,-3.141592653589793
2,-3.141592653589793,-3.141592653589793
3,-3.141592653589793,-3.141592653589793
4,2.840219748156234,2.840219748156234
5,3.1415926535897807,3.1415926535897807
