,theta_x,theta_y
0,-0.5715127889291091,-0.5715127889291091
1,-0.6614608411778718,-0.6614608411778718
