,theta_x,theta_y
0,-0.07453924238031809,-0.07453924238031809
1,-1.6873514058949155,-1.6873514058949155
2,-1.4457224797393982,-1.4457224797393982
3,-0.3636253342319275,-0.3636253342319275
4,2.9848314653216335,2.9848314653216335
5,-0.2287385233847421,-0.2287385233847421
