,theta_x,theta_y
0,3.0253894992138255,3.0253894992138255
1,2.841019649998661,2.841019649998661
2,-3.141592653589793,-3.141592653589793
3,-3.141592653589793,-3.141592653589793
4,-3.141592653589793,-3.141592653589793
5,-3.141592653589793,-3.141592653589793
6,2.842133209721389,2.842133209721389
7,3.010383678213047,3.010383678213047
