,theta_x,theta_y
0,2.0177774858731032,2.0177774858731032
1,-1.5586239655524317,-1.5586239655524317
2,0.6396815916369849,0.6396815916369849
3,1.1472198942577094,1.1472198942577094
4,1.184332669601143,1.184332669601143
5,2.975345700054581,2.975345700054581
