theta_x,theta_y
0.9312797248773822,0.9312797248773822
0.3542891529450814,0.3542891529450814
-3.141592653589793,-3.141592653589793
0.3256752368348846,0.3256752368348846
0.33494135490522714,0.33494135490522714
