,theta_x,theta_y
0,1.2018311596114968,1.2018311596114968
