,theta_x,theta_y
0,-0.3278135167025208,-0.3278135167025208
1,0.09816013030826143,0.09816013030826143
2,-2.513201463827964,-2.513201463827964
3,-3.141592653589793,-3.141592653589793
4,0.3138402097855862,0.3138402097855862
5,-0.0462787675200117,-0.0462787675200117
6,-0.6706154189083603,-0.6706154189083603
7,-0.8606906469032168,-0.8606906469032168
8,-0.23827770193379466,-0.23827770193379466
