,theta_x,theta_y
0,0.7325676846459451,0.7325676846459451
1,2.5204954934668984,2.5204954934668984
2,1.6650399111697505,1.6650399111697505
3,-1.6552324792030317,-1.6552324792030317
4,-1.2498937857493428,-1.2498937857493428
5,2.4018537128088924,2.4018537128088924
