theta_x,theta_y
-1.145379060610818,-1.145379060610818
-1.5124341871957758,-1.5124341871957758
3.141592653589793,3.141592653589793
-1.4347773167728348,-1.4347773167728348
-0.5696050862845893,-0.5696050862845893
1.788973248665881,1.788973248665881
-1.5653323362306677,-1.5653323362306677
-1.6971535592128313,-1.6971535592128313
-2.275555341159759,-2.275555341159759
0.9840971212779406,0.9840971212779406
