theta_x,theta_y
-0.9489585915441314,-0.9489585915441314
-1.2878096227109337,-1.2878096227109337
-0.10297860493182368,-0.10297860493182368
-0.32796434247741124,-0.32796434247741124
3.141592653589793,3.141592653589793
