,theta_x,theta_y
0,1.9376929955520514,1.9376929955520514
1,-0.7171142510761194,-0.7171142510761194
2,-1.5396334601975779,-1.5396334601975779
3,0.77368222628526,0.77368222628526
4,0.5336373227122735,0.5336373227122735
5,2.938324509126056,2.938324509126056
6,3.022766782909648,3.022766782909648
7,2.671487901991394,2.671487901991394
8,-2.822633323322011,-2.822633323322011
