,theta_x,theta_y
0,3.141592653589793,3.141592653589793
1,-1.6406971065773657,-1.6406971065773657
2,-1.7375914452683625,-1.7375914452683625
3,3.141592653589793,3.141592653589793
