,theta_x,theta_y
0,-0.27255615915990594,-0.27255615915990594
1,2.6197372444257576,2.6197372444257576
2,1.1182549227615375,1.1182549227615375
3,-0.9002529151973326,-0.9002529151973326
4,-2.3798462395692352,-2.3798462395692352
5,0.9761705566596647,0.9761705566596647
6,1.24169241334343,1.24169241334343
7,-3.1026595833318735,-3.1026595833318735
8,-3.141592653589793,-3.141592653589793
