,theta_x,theta_y
0,-2.2524030028811475,-2.2524030028811475
1,2.177366033528403,2.177366033528403
2,-1.3950897913357205,-1.3950897913357205
3,2.2613605658325233,2.2613605658325233
4,2.2950594491306395,2.2950594491306395
5,-1.9278358499898902,-1.9278358499898902
6,0.6560947421675262,0.6560947421675262
7,0.8633218241886165,0.8633218241886165
