theta_x,theta_y
-0.15161865230906713,-0.15161865230906713
-1.2658035712773932,-1.2658035712773932
-1.443569477960063,-1.443569477960063
-1.6470969412609584,-1.6470969412609584
3.141592653589793,3.141592653589793
1.0852430690260557,1.0852430690260557
2.043624706300018,2.043624706300018
-1.4870255405134452,-1.4870255405134452
2.1859404967654457,2.1859404967654457
-1.9865130091559193,-1.9865130091559193
