theta_x,theta_y
2.176687553761819,2.176687553761819
1.9576133498423336,1.9576133498423336
0.02062096973154339,0.02062096973154339
-1.1547272710386962,-1.1547272710386962
-2.510666600328998,-2.510666600328998
-0.8034643607783246,-0.8034643607783246
-0.8895169499207827,-0.8895169499207827
-2.6437337878369065,-2.6437337878369065
-2.703143246872248,-2.703143246872248
3.124205940786902,3.124205940786902
