theta_x,theta_y
-0.9478054852469602,-0.9478054852469602
3.141592653589793,3.141592653589793
3.141592653589793,3.141592653589793
-0.8311263799303739,-0.8311263799303739
-1.0607830231984798,-1.0607830231984798
