,theta_x,theta_y
0,-0.9478054852469602,-0.9478054852469602
1,3.141592653589793,3.141592653589793
2,3.141592653589793,3.141592653589793
3,-0.8311263799303739,-0.8311263799303739
4,-1.0607830231984798,-1.0607830231984798
