,theta_x,theta_y
0,2.0113559435372492,2.0113559435372492
1,2.0057454451801164,2.0057454451801164
2,-3.141592653589793,-3.141592653589793
3,1.954222927844934,1.954222927844934
