theta_x,theta_y
3.141592653589793,3.141592653589793
2.5203738855844082,2.5203738855844082
1.704608458047152,1.704608458047152
1.3154248631242553,1.3154248631242553
-3.141592653589793,-3.141592653589793
-2.5684854497304617,-2.5684854497304617
-0.410909967695462,-0.410909967695462
-3.141592653589793,-3.141592653589793
