,theta_x,theta_y
0,3.141592653589793,3.141592653589793
1,2.5203738855844082,2.5203738855844082
2,1.704608458047152,1.704608458047152
3,1.3154248631242553,1.3154248631242553
4,-3.141592653589793,-3.141592653589793
5,-2.5684854497304617,-2.5684854497304617
6,-0.410909967695462,-0.410909967695462
7,-3.141592653589793,-3.141592653589793
