theta_x,theta_y
1.610672949821893,1.610672949821893
1.8564451271208442,1.8564451271208442
-2.8134545647395792,-2.8134545647395792
1.6848892111967186,1.6848892111967186
0.20043445009330452,0.20043445009330452
1.156340872106456,1.156340872106456
1.7039611326942827,1.7039611326942827
0.9637023258179611,0.9637023258179611
1.1752704588654606,1.1752704588654606
