theta_x,theta_y
2.1353132976526363,2.1353132976526363
2.0977840983181886,2.0977840983181886
-3.141592653589793,-3.141592653589793
