,theta_x,theta_y
0,-0.9011591473347733,-0.9011591473347733
1,3.141592653589793,3.141592653589793
2,-0.9189822207929288,-0.9189822207929288
3,3.141592653589793,3.141592653589793
4,-0.9414229154114726,-0.9414229154114726
5,-1.056805212077984,-1.056805212077984
6,3.141592653589793,3.141592653589793
7,-1.1001478213337403,-1.1001478213337403
8,-1.224881094330989,-1.224881094330989
