theta_x,theta_y
0.7443999385231599,0.7443999385231599
0.6054288666406902,0.6054288666406902
0.3400957162675962,0.3400957162675962
-0.18588295049765416,-0.18588295049765416
