,theta_x,theta_y
0,1.3496062127695057,1.3496062127695057
1,1.931172701735892,1.931172701735892
2,0.42688444723196095,0.42688444723196095
3,-2.0336339087446444,-2.0336339087446444
4,-2.4431420930261103,-2.4431420930261103
