theta_x,theta_y
1.3496062127695057,1.3496062127695057
1.931172701735892,1.931172701735892
0.42688444723196095,0.42688444723196095
-2.0336339087446444,-2.0336339087446444
-2.4431420930261103,-2.4431420930261103
