theta_x,theta_y
-3.141592653589793,-3.141592653589793
-2.4646770652926233,-2.4646770652926233
1.0770911116104707,1.0770911116104707
-3.141592653589793,-3.141592653589793
0.8334642746102565,0.8334642746102565
2.2215835616262662,2.2215835616262662
-3.141592653589793,-3.141592653589793
