,theta_x,theta_y
0,-3.141592653589793,-3.141592653589793
1,-2.118260272529604,-2.118260272529604
2,1.982839489794756,1.982839489794756
3,-2.6662794986885188,-2.6662794986885188
