,theta_x,theta_y
0,2.675031070104735,2.675031070104735
1,0.09859557390967005,0.09859557390967005
2,2.7542617748573317,2.7542617748573317
3,-3.141592653589793,-3.141592653589793
