,theta_x,theta_y
0,2.0146236093130137,2.0146236093130137
1,-1.366671905749781,-1.366671905749781
2,-0.25552397975069574,-0.25552397975069574
3,1.7559214248505204,1.7559214248505204
4,0.5841964035074342,0.5841964035074342
