,theta_x,theta_y
0,1.381298174685739,1.381298174685739
1,1.311526105859827,1.311526105859827
2,0.2209807039386182,0.2209807039386182
3,-0.8877981163230232,-0.8877981163230232
4,-3.093724381886776,-3.093724381886776
5,-0.1678004366054259,-0.1678004366054259
