,theta_x,theta_y
0,-1.6018778662775521,-1.6018778662775521
1,-1.6357606169372698,-1.6357606169372698
2,-1.6072779078388313,-1.6072779078388313
3,-1.6124040799513057,-1.6124040799513057
4,3.141592653589793,3.141592653589793
5,3.141592653589793,3.141592653589793
6,-1.6975973392475558,-1.6975973392475558
