,theta_x,theta_y
0,2.8287736107955674,2.8287736107955674
1,2.502817768813012,2.502817768813012
2,2.222926396291103,2.222926396291103
3,-3.141592653589793,-3.141592653589793
4,-3.141592653589793,-3.141592653589793
5,-0.4198444451510813,-0.4198444451510813
6,0.65215403899736,0.65215403899736
7,-3.141592653589793,-3.141592653589793
