theta_x,theta_y
0.6165089991882624,0.6165089991882624
2.6726637569199085,2.6726637569199085
1.6546664595568072,1.6546664595568072
-1.5050405573149919,-1.5050405573149919
-1.2034640231158416,-1.2034640231158416
2.5151376137374477,2.5151376137374477
-2.9518341326987114,-2.9518341326987114
1.9307301591621908,1.9307301591621908
1.6342545509663606,1.6342545509663606
-0.07194071932439772,-0.07194071932439772
