,theta_x,theta_y
0,-1.403968238062455,-1.403968238062455
