theta_x,theta_y
2.8579409113636878,2.8579409113636878
0.1515901115183972,0.1515901115183972
3.062582607985339,3.062582607985339
-2.628199247989658,-2.628199247989658
0.7969372364846151,0.7969372364846151
