,theta_x,theta_y
0,2.8579409113636878,2.8579409113636878
1,0.1515901115183972,0.1515901115183972
2,3.062582607985339,3.062582607985339
3,-2.628199247989658,-2.628199247989658
4,0.7969372364846151,0.7969372364846151
