theta_x,theta_y
1.7371446724445572,1.7371446724445572
-1.682727722424136,-1.682727722424136
-3.141592653589793,-3.141592653589793
-2.924877305292975,-2.924877305292975
3.141592653589793,3.141592653589793
