,theta_x,theta_y
0,2.0803967309943543,2.0803967309943543
1,-3.141592653589793,-3.141592653589793
2,-3.141592653589793,-3.141592653589793
3,-3.141592653589793,-3.141592653589793
