,theta_x,theta_y
0,-0.7671527713893113,-0.7671527713893113
1,2.2791276448252322,2.2791276448252322
2,-2.9951762962054906,-2.9951762962054906
3,3.0328576446402886,3.0328576446402886
4,-0.11144415066739155,-0.11144415066739155
