theta_x,theta_y
2.871636399796059,2.871636399796059
1.513269594561918,1.513269594561918
0.6405497250002176,0.6405497250002176
-0.18619148229089455,-0.18619148229089455
