,theta_x,theta_y
0,-3.141592653589793,-3.141592653589793
1,-1.474965635613191,-1.474965635613191
2,1.845598069624308,1.845598069624308
3,-3.141592653589793,-3.141592653589793
4,1.4715618537939017,1.4715618537939017
5,2.1291687357759215,2.1291687357759215
6,-3.141592653589793,-3.141592653589793
7,-1.8277574004160537,-1.8277574004160537
