,theta_x,theta_y
0,2.689491137271603,2.689491137271603
1,0.12191062598289151,0.12191062598289151
2,2.9043427143926066,2.9043427143926066
3,-2.6982109353486767,-2.6982109353486767
4,0.7070969099141363,0.7070969099141363
5,-0.6756774152748367,-0.6756774152748367
6,1.7885187313878532,1.7885187313878532
7,-2.009999394446699,-2.009999394446699
