,theta_x,theta_y
0,-0.9271069710510497,-0.9271069710510497
1,3.141592653589793,3.141592653589793
2,3.141592653589793,3.141592653589793
