,theta_x,theta_y
0,1.0508196975930713,1.0508196975930713
1,-1.4891805902076705,-1.4891805902076705
2,-2.759673013247375,-2.759673013247375
3,-3.1181289834519155,-3.1181289834519155
4,2.2212368662021564,2.2212368662021564
5,2.3666744857481268,2.3666744857481268
6,1.1199940481530195,1.1199940481530195
7,1.397669278583617,1.397669278583617
