,theta_x,theta_y
0,3.141592653589793,3.141592653589793
1,3.141592653589793,3.141592653589793
2,-1.3430791734570733,-1.3430791734570733
3,-2.3582065844454023,-2.3582065844454023
