,theta_x,theta_y
0,-0.40647756226825976,-0.40647756226825976
1,3.141592653589793,3.141592653589793
2,-1.8423053684114021,-1.8423053684114021
3,2.785675046970862,2.785675046970862
4,-1.2295651345530922,-1.2295651345530922
5,-0.8902836683459384,-0.8902836683459384
6,2.286987446672003,2.286987446672003
7,-0.9929085514416032,-0.9929085514416032
8,-0.16608800351288466,-0.16608800351288466
