,theta_x,theta_y
0,0.7859979977652181,0.7859979977652181
1,2.4957679180609933,2.4957679180609933
2,1.7321842783482628,1.7321842783482628
3,-1.7265741463697049,-1.7265741463697049
4,-1.2555922625248999,-1.2555922625248999
5,2.3471055195601043,2.3471055195601043
