theta_x,theta_y
-2.768983846429221,-2.768983846429221
-0.6135104745857126,-0.6135104745857126
1.2561933777195409,1.2561933777195409
0.7476299685707717,0.7476299685707717
-2.6957651243883514,-2.6957651243883514
0.544999527301756,0.544999527301756
0.13141304042747654,0.13141304042747654
-1.411023612607491,-1.411023612607491
1.3698796022152169,1.3698796022152169
