,theta_x,theta_y
0,0.21247213672960674,0.21247213672960674
1,-1.2593104730892237,-1.2593104730892237
2,-2.4015462568552213,-2.4015462568552213
3,-2.931892808049449,-2.931892808049449
4,1.6366780259565994,1.6366780259565994
5,2.051232005584727,2.051232005584727
6,0.48499153269485684,0.48499153269485684
7,0.7463177287359891,0.7463177287359891
