,theta_x,theta_y
0,1.456099042474234,1.456099042474234
1,0.44641810602028653,0.44641810602028653
2,-0.014564126518071381,-0.014564126518071381
3,-0.6400642419737893,-0.6400642419737893
4,3.141592653589793,3.141592653589793
5,1.3172036024873748,1.3172036024873748
6,0.6873289994836957,0.6873289994836957
7,-0.6430584151495506,-0.6430584151495506
8,0.162081251717353,0.162081251717353
