,theta_x,theta_y
0,1.0788827481393197,1.0788827481393197
1,0.9771143124906494,0.9771143124906494
2,0.9473768363861819,0.9473768363861819
3,0.8506203460564138,0.8506203460564138
4,0.8013921914010306,0.8013921914010306
5,0.7651723933756075,0.7651723933756075
6,0.6717271838015377,0.6717271838015377
7,0.656502713099312,0.656502713099312
8,0.5983602790063285,0.5983602790063285
9,-3.141592653589793,-3.141592653589793
