,theta_x,theta_y
0,1.0774399368659473,1.0774399368659473
1,2.135518947926888,2.135518947926888
2,0.5330275542988331,0.5330275542988331
3,-1.9134139491052378,-1.9134139491052378
4,-2.2532110985523204,-2.2532110985523204
