,theta_x,theta_y
0,0.9489140377892876,0.9489140377892876
1,-0.347376177004727,-0.347376177004727
2,3.141592653589793,3.141592653589793
3,-1.3419051968007807,-1.3419051968007807
4,3.141592653589793,3.141592653589793
5,0.7977937106149445,0.7977937106149445
6,0.032797953973795105,0.032797953973795105
7,-2.4846356958784526,-2.4846356958784526
8,1.953258323495122,1.953258323495122
9,1.0287366092672863,1.0287366092672863
