,theta_x,theta_y
0,0.009740426233505033,0.009740426233505033
1,-0.35003627936508375,-0.35003627936508375
2,-2.312308089920958,-2.312308089920958
