theta_x,theta_y
0.23642976109016658,0.23642976109016658
0.1717042842758647,0.1717042842758647
0.11020175113329563,0.11020175113329563
0.059842025036894515,0.059842025036894515
0.007893050724540157,0.007893050724540157
-0.04176637516784597,-0.04176637516784597
-0.08617767186432691,-0.08617767186432691
