theta_x,theta_y
1.987684486035928,1.987684486035928
0.7915046683789261,0.7915046683789261
0.311196462334628,0.311196462334628
0.7053629667063726,0.7053629667063726
-3.136318613708538,-3.136318613708538
0.24010802782048002,0.24010802782048002
0.3422874890221752,0.3422874890221752
-0.8099398183602762,-0.8099398183602762
