theta_x,theta_y
-1.4266417161710039,-1.4266417161710039
-2.9411150574696983,-2.9411150574696983
2.6684820511042635,2.6684820511042635
-2.59815489369361,-2.59815489369361
0.8828204425494768,0.8828204425494768
2.1775399631983685,2.1775399631983685
-2.2411715779533825,-2.2411715779533825
-2.6866414323380248,-2.6866414323380248
-3.141592653589793,-3.141592653589793
