,theta_x,theta_y
0,-0.7205723982965474,-0.7205723982965474
1,-1.3990257828277706,-1.3990257828277706
2,-0.5532690904525471,-0.5532690904525471
3,-2.8728742518572847,-2.8728742518572847
4,0.43450247890031696,0.43450247890031696
5,3.141592653589793,3.141592653589793
