,theta_x,theta_y
0,0.3111308512052601,0.3111308512052601
1,-0.6708547945072784,-0.6708547945072784
2,-0.7473520475973244,-0.7473520475973244
3,-0.9997926215377734,-0.9997926215377734
4,0.6580064415614459,0.6580064415614459
