,theta_x,theta_y
0,-1.5853258166159594,-1.5853258166159594
1,3.1164444481249154,3.1164444481249154
2,-1.824953150132071,-1.824953150132071
3,2.3734273449200667,2.3734273449200667
4,2.586426859866362,2.586426859866362
