,theta_x,theta_y
0,3.141592653589793,3.141592653589793
1,-1.6001818314533334,-1.6001818314533334
2,-1.5752800881590114,-1.5752800881590114
3,3.141592653589793,3.141592653589793
4,-1.6248600552639214,-1.6248600552639214
5,3.141592653589793,3.141592653589793
6,3.141592653589793,3.141592653589793
7,3.141592653589793,3.141592653589793
8,-1.7547906332342953,-1.7547906332342953
