theta_x,theta_y
1.8159583244093476,1.8159583244093476
1.437091006614225,1.437091006614225
2.240826896248615,2.240826896248615
-1.9081514280163234,-1.9081514280163234
-3.141592653589793,-3.141592653589793
0.056314180714786145,0.056314180714786145
0.8005217756271105,0.8005217756271105
-3.141592653589793,-3.141592653589793
-3.0945516318688164,-3.0945516318688164
1.9268490513650978,1.9268490513650978
