theta_x,theta_y
1.11135371038384,1.11135371038384
1.2926814309053112,1.2926814309053112
0.7316892814983222,0.7316892814983222
-3.0973883034111593,-3.0973883034111593
1.8897438877798172,1.8897438877798172
