,theta_x,theta_y
0,-1.2012429924783374,-1.2012429924783374
