,theta_x,theta_y
0,-1.5998655582926413,-1.5998655582926413
