,theta_x,theta_y
0,-3.141592653589793,-3.141592653589793
1,0.5904935034668701,0.5904935034668701
2,0.7857869392684547,0.7857869392684547
