theta_x,theta_y
-1.9622241767740933,-1.9622241767740933
-3.1080427574702183,-3.1080427574702183
2.848204925919698,2.848204925919698
-2.8122916563921905,-2.8122916563921905
-2.7055503617892174,-2.7055503617892174
-2.2667803651339518,-2.2667803651339518
