,theta_x,theta_y
0,-3.141592653589793,-3.141592653589793
1,3.044991128878058,3.044991128878058
2,-3.141592653589793,-3.141592653589793
3,3.141592653589793,3.141592653589793
