,theta_x,theta_y
0,0.08426694184845394,0.08426694184845394
1,-1.588437882421671,-1.588437882421671
2,3.141592653589793,3.141592653589793
