,theta_x,theta_y
0,-0.195152068299785,-0.195152068299785
1,3.0435230126463404,3.0435230126463404
2,-2.9828539079832823,-2.9828539079832823
3,3.141592653589793,3.141592653589793
