,theta_x,theta_y
0,-1.6837890073928823,-1.6837890073928823
1,3.141592653589793,3.141592653589793
2,-1.8226747440593885,-1.8226747440593885
3,3.141592653589793,3.141592653589793
4,3.141592653589793,3.141592653589793
