,theta_x,theta_y
0,-2.541489740248538,-2.541489740248538
1,0.4323739634781018,0.4323739634781018
2,1.2106487180690322,1.2106487180690322
3,0.7380715192859091,0.7380715192859091
4,-1.67333283965382,-1.67333283965382
5,1.274175243849431,1.274175243849431
6,-0.24802928103819222,-0.24802928103819222
7,-1.107017543524012,-1.107017543524012
8,0.32037996342659003,0.32037996342659003
