theta_x,theta_y
-0.07615341159179251,-0.07615341159179251
3.141592653589793,3.141592653589793
-2.6598813206578447,-2.6598813206578447
2.949937130173564,2.949937130173564
-1.6519206059578424,-1.6519206059578424
-0.23057127799925425,-0.23057127799925425
1.7934884049793856,1.7934884049793856
