,theta_x,theta_y
0,-0.4239031885165411,-0.4239031885165411
1,3.1405442533101753,3.1405442533101753
2,-3.141592653589793,-3.141592653589793
3,3.1233697791996198,3.1233697791996198
4,-1.3781953013400994,-1.3781953013400994
5,0.2316504212751965,0.2316504212751965
6,1.8427821062356002,1.8427821062356002
