,theta_x,theta_y
0,2.9161968566021335,2.9161968566021335
1,0.04406177407570396,0.04406177407570396
2,3.136143998605173,3.136143998605173
3,-2.5782774266238366,-2.5782774266238366
4,0.7299073483099635,0.7299073483099635
5,-0.618244094555295,-0.618244094555295
6,1.8393304886008812,1.8393304886008812
7,-1.7998843620867016,-1.7998843620867016
8,2.208981360453537,2.208981360453537
9,0.373233981716087,0.373233981716087
