,theta_x,theta_y
0,-1.5959905885118641,-1.5959905885118641
1,0.5920078762854202,0.5920078762854202
2,2.174696137411015,2.174696137411015
