,theta_x,theta_y
0,-3.141592653589793,-3.141592653589793
1,-3.141592653589793,-3.141592653589793
2,2.896617425345946,2.896617425345946
3,-2.87277620662821,-2.87277620662821
