,theta_x,theta_y
0,0.8170206188911815,0.8170206188911815
1,-1.4303828952976365,-1.4303828952976365
2,-2.490687731770448,-2.490687731770448
3,-3.0937312053397132,-3.0937312053397132
4,2.1666787722025935,2.1666787722025935
5,2.1605527679016245,2.1605527679016245
6,1.152613819066951,1.152613819066951
