theta_x,theta_y
0.8170206188911815,0.8170206188911815
-1.4303828952976365,-1.4303828952976365
-2.490687731770448,-2.490687731770448
-3.0937312053397132,-3.0937312053397132
2.1666787722025935,2.1666787722025935
2.1605527679016245,2.1605527679016245
1.152613819066951,1.152613819066951
