,theta_x,theta_y
0,0.4299523585560978,0.4299523585560978
1,-0.13073197252479085,-0.13073197252479085
2,0.7944015277988298,0.7944015277988298
