theta_x,theta_y
0.4299523585560978,0.4299523585560978
-0.13073197252479085,-0.13073197252479085
0.7944015277988298,0.7944015277988298
