theta_x,theta_y
-1.0930698802084866,-1.0930698802084866
-1.6206266420812483,-1.6206266420812483
2.6557702062792585,2.6557702062792585
-3.141592653589793,-3.141592653589793
1.748673201185164,1.748673201185164
1.5289746609984844,1.5289746609984844
-3.0342735546466546,-3.0342735546466546
