theta_x,theta_y
-3.124955807426553,-3.124955807426553
-3.141592653589793,-3.141592653589793
-3.141592653589793,-3.141592653589793
-3.141592653589793,-3.141592653589793
3.0702897657720016,3.0702897657720016
-3.141592653589793,-3.141592653589793
-3.141592653589793,-3.141592653589793
