,theta_x,theta_y
0,2.606339419125345,2.606339419125345
1,0.44670903142353807,0.44670903142353807
