theta_x,theta_y
2.606339419125345,2.606339419125345
0.44670903142353807,0.44670903142353807
