theta_x,theta_y
-3.141592653589793,-3.141592653589793
-0.15610250760664796,-0.15610250760664796
