,theta_x,theta_y
0,-2.9454130494057296,-2.9454130494057296
1,-1.3620045776093177,-1.3620045776093177
2,1.5197773949738633,1.5197773949738633
3,0.7894930321943305,0.7894930321943305
