,theta_x,theta_y
0,1.7247129193050277,1.7247129193050277
1,-2.4863729158841155,-2.4863729158841155
2,-3.141592653589793,-3.141592653589793
3,-3.141592653589793,-3.141592653589793
