,theta_x,theta_y
0,2.396930803355568,2.396930803355568
1,-1.137774247408106,-1.137774247408106
