theta_x,theta_y
-0.7981925873312359,-0.7981925873312359
-2.4882241475181153,-2.4882241475181153
3.108563967151298,3.108563967151298
-1.4976821438708998,-1.4976821438708998
-1.577258483460001,-1.577258483460001
-0.7520412234253299,-0.7520412234253299
-3.141592653589793,-3.141592653589793
