,theta_x,theta_y
0,-1.5731354820206405,-1.5731354820206405
1,3.141592653589793,3.141592653589793
2,3.141592653589793,3.141592653589793
3,-1.6162216459422754,-1.6162216459422754
4,-1.6669181576579235,-1.6669181576579235
5,3.141592653589793,3.141592653589793
6,-1.7286018615942544,-1.7286018615942544
7,3.141592653589793,3.141592653589793
