theta_x,theta_y
2.4315004493654,2.4315004493654
-3.141592653589793,-3.141592653589793
-3.141592653589793,-3.141592653589793
-3.141592653589793,-3.141592653589793
2.1433847903397005,2.1433847903397005
