,theta_x,theta_y
0,-1.9155379358775442,-1.9155379358775442
1,-2.0653304378005144,-2.0653304378005144
2,2.643909081225112,2.643909081225112
3,-2.6113106436195057,-2.6113106436195057
4,0.38457475001071817,0.38457475001071817
5,1.7384550364100502,1.7384550364100502
6,-2.2729142754448426,-2.2729142754448426
7,-2.8570377720257696,-2.8570377720257696
8,-2.210637757537321,-2.210637757537321
