,theta_x,theta_y
0,-3.0471469251326377,-3.0471469251326377
1,-1.844671432320664,-1.844671432320664
2,1.7468702194041617,1.7468702194041617
3,0.8321477370498254,0.8321477370498254
4,-3.0362876528205502,-3.0362876528205502
5,0.1545206435080319,0.1545206435080319
6,0.11124728360323717,0.11124728360323717
7,-2.276081264210507,-2.276081264210507
8,1.2285511343028086,1.2285511343028086
9,-2.808935625751812,-2.808935625751812
