theta_x,theta_y
-2.188131254775555,-2.188131254775555
3.141592653589793,3.141592653589793
0.6538385450565405,0.6538385450565405
