,theta_x,theta_y
0,2.23758460081404,2.23758460081404
1,-1.1358980859967858,-1.1358980859967858
2,0.6556828761736888,0.6556828761736888
3,1.5938494597792663,1.5938494597792663
