,theta_x,theta_y
0,2.189731425346823,2.189731425346823
