,theta_x,theta_y
0,-0.11097390454825183,-0.11097390454825183
1,2.0902769591179964,2.0902769591179964
2,-1.6326256616822596,-1.6326256616822596
3,1.9534870049000457,1.9534870049000457
4,-0.49463106958337216,-0.49463106958337216
5,-0.7364646299911436,-0.7364646299911436
6,0.8177233594322019,0.8177233594322019
7,-0.8029021284768165,-0.8029021284768165
8,-0.2990115744834488,-0.2990115744834488
