,theta_x,theta_y
0,0.5500186327464793,0.5500186327464793
1,-1.0163241236946778,-1.0163241236946778
2,-1.740237930885312,-1.740237930885312
3,-0.7987461708151589,-0.7987461708151589
4,3.085624224994601,3.085624224994601
5,-0.2670105707344974,-0.2670105707344974
