theta_x,theta_y
0.5943658697351201,0.5943658697351201
0.5586214666678886,0.5586214666678886
0.5258102255629418,0.5258102255629418
