,theta_x,theta_y
0,1.409624025320875,1.409624025320875
1,3.1335652251126604,3.1335652251126604
