theta_x,theta_y
-2.214976445492025,-2.214976445492025
-2.4985722092228797,-2.4985722092228797
