,theta_x,theta_y
0,-2.0361431631421434,-2.0361431631421434
1,-1.4543822905629742,-1.4543822905629742
2,2.423912733444885,2.423912733444885
3,-2.300482205766335,-2.300482205766335
4,0.40440220020082396,0.40440220020082396
5,1.945598322904719,1.945598322904719
6,-2.3359753953901854,-2.3359753953901854
7,-2.5110972730274126,-2.5110972730274126
8,-1.8035225485508508,-1.8035225485508508
