theta_x,theta_y
-2.071366740977719,-2.071366740977719
-1.7353573973402538,-1.7353573973402538
2.1380624114304143,2.1380624114304143
-2.394795980902862,-2.394795980902862
0.29362693977775617,0.29362693977775617
1.9070960548965665,1.9070960548965665
-2.3581614990661177,-2.3581614990661177
-2.567107964717509,-2.567107964717509
-1.9315771045826677,-1.9315771045826677
