,theta_x,theta_y
0,-2.071366740977719,-2.071366740977719
1,-1.7353573973402538,-1.7353573973402538
2,2.1380624114304143,2.1380624114304143
3,-2.394795980902862,-2.394795980902862
4,0.29362693977775617,0.29362693977775617
5,1.9070960548965665,1.9070960548965665
6,-2.3581614990661177,-2.3581614990661177
7,-2.567107964717509,-2.567107964717509
8,-1.9315771045826677,-1.9315771045826677
