theta_x,theta_y
0.9128100858284983,0.9128100858284983
0.1367572674461848,0.1367572674461848
0.6548978076193775,0.6548978076193775
-2.186742550146051,-2.186742550146051
-0.609412010580926,-0.609412010580926
-0.30596614756037827,-0.30596614756037827
0.5187613446791199,0.5187613446791199
-2.8371452524944036,-2.8371452524944036
