,theta_x,theta_y
0,1.1251694254227318,1.1251694254227318
1,1.1197879213491617,1.1197879213491617
2,1.081245371269756,1.081245371269756
3,1.064927539122021,1.064927539122021
4,1.0482828117501994,1.0482828117501994
5,1.022596322441348,1.022596322441348
6,1.0041743081730596,1.0041743081730596
7,0.9836036079222332,0.9836036079222332
8,-3.141592653589793,-3.141592653589793
9,1.0448087188445716,1.0448087188445716
