,theta_x,theta_y
0,-2.345360191212692,-2.345360191212692
1,-1.2919901252668435,-1.2919901252668435
2,2.3729430869847192,2.3729430869847192
3,-2.360464207824297,-2.360464207824297
4,0.7789737109141854,0.7789737109141854
5,2.2436205777674836,2.2436205777674836
6,-2.626368263687955,-2.626368263687955
7,-2.36828448566236,-2.36828448566236
