,theta_x,theta_y
0,3.141592653589793,3.141592653589793
1,2.1209495373224105,2.1209495373224105
2,0.2458551281567337,0.2458551281567337
3,-0.7021008911558034,-0.7021008911558034
4,-1.908239678366438,-1.908239678366438
