,theta_x,theta_y
0,0.7014575044699388,0.7014575044699388
1,-0.11514578663374722,-0.11514578663374722
2,-0.4950491598001953,-0.4950491598001953
3,-0.6537804656159131,-0.6537804656159131
4,-0.33929398668356814,-0.33929398668356814
5,1.1045583710780087,1.1045583710780087
