,theta_x,theta_y
0,0.7633028435245865,0.7633028435245865
1,0.5504421458603835,0.5504421458603835
2,-3.093968220747115,-3.093968220747115
3,-3.141592653589793,-3.141592653589793
