theta_x,theta_y
-3.141592653589793,-3.141592653589793
-2.756697020395191,-2.756697020395191
2.370584717913259,2.370584717913259
