,theta_x,theta_y
0,1.7415372644138052,1.7415372644138052
1,-0.48699707900019373,-0.48699707900019373
2,0.29761620840639236,0.29761620840639236
3,0.030664344833596428,0.030664344833596428
4,0.09572349222386548,0.09572349222386548
5,2.8282680271759606,2.8282680271759606
6,3.045344099870637,3.045344099870637
7,3.141592653589793,3.141592653589793
8,-2.609275806565578,-2.609275806565578
9,-1.5039300036019512,-1.5039300036019512
