,theta_x,theta_y
0,-0.25222030225746433,-0.25222030225746433
1,-0.2783952618833155,-0.2783952618833155
2,3.141592653589793,3.141592653589793
3,-0.2670598738678082,-0.2670598738678082
4,-0.26806245958062547,-0.26806245958062547
5,-0.31464698179721823,-0.31464698179721823
6,-0.2832068131263042,-0.2832068131263042
7,-0.34424298893852795,-0.34424298893852795
8,-0.3295512792536538,-0.3295512792536538
