,theta_x,theta_y
0,3.1184882888311827,3.1184882888311827
1,0.6698851762389015,0.6698851762389015
2,3.141592653589793,3.141592653589793
3,-2.968042600315969,-2.968042600315969
4,1.54831373043603,1.54831373043603
5,-0.5373403421330845,-0.5373403421330845
6,2.5072305535376302,2.5072305535376302
7,-2.51713139987452,-2.51713139987452
8,2.374104732341934,2.374104732341934
9,1.0392779250781279,1.0392779250781279
