,theta_x,theta_y
0,3.141592653589793,3.141592653589793
1,-0.17927221309961086,-0.17927221309961086
2,3.141592653589793,3.141592653589793
3,-0.5240323798715528,-0.5240323798715528
