,theta_x,theta_y
0,-3.141592653589793,-3.141592653589793
1,-3.141592653589793,-3.141592653589793
2,3.141592653589793,3.141592653589793
3,-1.9518732445260336,-1.9518732445260336
4,0.19012979897017684,0.19012979897017684
5,-1.448784662458483,-1.448784662458483
