,theta_x,theta_y
0,2.9529754515201447,2.9529754515201447
1,1.4704053724072614,1.4704053724072614
2,1.5356006355873302,1.5356006355873302
3,0.6314640668167869,0.6314640668167869
4,-1.8100025957689747,-1.8100025957689747
5,1.0948975365326337,1.0948975365326337
6,0.48529736891790265,0.48529736891790265
7,-1.324861268672067,-1.324861268672067
