,theta_x,theta_y
0,1.2950770194722576,1.2950770194722576
1,-0.6783252482819027,-0.6783252482819027
2,-0.40083437661484833,-0.40083437661484833
3,1.0358588451855435,1.0358588451855435
4,2.139693497476092,2.139693497476092
5,3.141592653589793,3.141592653589793
6,2.8950262696449283,2.8950262696449283
7,2.2858145918602353,2.2858145918602353
