,theta_x,theta_y
0,1.7942733851053676,1.7942733851053676
1,1.4981484444393889,1.4981484444393889
2,-0.09774373356231877,-0.09774373356231877
3,-0.49123698823715545,-0.49123698823715545
4,-2.9069496977052607,-2.9069496977052607
5,-0.5192351112798061,-0.5192351112798061
6,-1.3116653054361813,-1.3116653054361813
