theta_x,theta_y
0.9125137029671071,0.9125137029671071
3.141592653589793,3.141592653589793
2.272480404168475,2.272480404168475
-1.1861516798943021,-1.1861516798943021
