,theta_x,theta_y
0,-1.1801297889682478,-1.1801297889682478
1,3.141592653589793,3.141592653589793
2,-0.7709522880307494,-0.7709522880307494
