,theta_x,theta_y
0,-3.0320304234419235,-3.0320304234419235
1,-1.419945962888278,-1.419945962888278
2,1.5003210353749632,1.5003210353749632
3,0.810182735987348,0.810182735987348
4,-2.9745892465240047,-2.9745892465240047
5,-0.02394172010649126,-0.02394172010649126
