theta_x,theta_y
1.098294506977531,1.098294506977531
2.151738879273973,2.151738879273973
1.3834742524813342,1.3834742524813342
-1.5819889094101158,-1.5819889094101158
-0.817204258162057,-0.817204258162057
1.9268470803966373,1.9268470803966373
-3.141592653589793,-3.141592653589793
1.8077879700209363,1.8077879700209363
