,theta_x,theta_y
0,-0.8223272806713753,-0.8223272806713753
1,3.141592653589793,3.141592653589793
2,-3.141592653589793,-3.141592653589793
3,2.1449710515782727,2.1449710515782727
4,-2.096114723650848,-2.096114723650848
5,1.2058914945912893,1.2058914945912893
6,1.7741277894950378,1.7741277894950378
7,0.5606945592344169,0.5606945592344169
