theta_x,theta_y
1.272045287040375,1.272045287040375
0.004613346477476826,0.004613346477476826
1.4813888153315795,1.4813888153315795
-1.6673535734629452,-1.6673535734629452
-0.7683726039476845,-0.7683726039476845
-0.13503948494035298,-0.13503948494035298
