,theta_x,theta_y
0,-2.1206896026084254,-2.1206896026084254
1,-2.626979115898851,-2.626979115898851
2,-1.2397772850414366,-1.2397772850414366
3,2.850770637302035,2.850770637302035
4,-1.0284898164317702,-1.0284898164317702
