,theta_x,theta_y
0,2.3551925904468223,2.3551925904468223
1,-1.2425937832395493,-1.2425937832395493
