,theta_x,theta_y
0,-2.4105743150641463,-2.4105743150641463
1,1.159086954893138,1.159086954893138
2,-2.5698755507414366,-2.5698755507414366
3,3.0964927346341606,3.0964927346341606
4,2.3383372768624135,2.3383372768624135
5,-0.2749399820409079,-0.2749399820409079
6,1.1050961351760897,1.1050961351760897
