theta_x,theta_y
1.3833693262386746,1.3833693262386746
0.23131306722122455,0.23131306722122455
1.7621211281822091,1.7621211281822091
-1.4458575699911513,-1.4458575699911513
1.0305030539748237,1.0305030539748237
