,theta_x,theta_y
0,-1.629353181073712,-1.629353181073712
1,-3.141592653589793,-3.141592653589793
