theta_x,theta_y
-1.629353181073712,-1.629353181073712
-3.141592653589793,-3.141592653589793
