,theta_x,theta_y
0,-1.001331239067501,-1.001331239067501
1,-1.2446436862219756,-1.2446436862219756
2,-1.105476878293691,-1.105476878293691
