,theta_x,theta_y
0,1.0708366604040387,1.0708366604040387
1,-0.8033848086819132,-0.8033848086819132
2,-0.5855038813361222,-0.5855038813361222
3,0.8510374390466998,0.8510374390466998
4,2.4815292223007903,2.4815292223007903
5,3.1155132707134254,3.1155132707134254
6,2.1193575740581347,2.1193575740581347
