,theta_x,theta_y
0,-0.056639639949021464,-0.056639639949021464
1,-1.3817533848296846,-1.3817533848296846
2,-2.4559328248254646,-2.4559328248254646
3,-2.98497960136455,-2.98497960136455
