,theta_x,theta_y
0,-1.5157365811427859,-1.5157365811427859
1,-2.221574710711876,-2.221574710711876
2,-1.6124343127248908,-1.6124343127248908
3,1.009033744649375,1.009033744649375
4,2.773248335288438,2.773248335288438
5,2.1623777370586343,2.1623777370586343
6,1.972002188172295,1.972002188172295
7,-0.7118571136054784,-0.7118571136054784
