,theta_x,theta_y
0,2.3263443583797736,2.3263443583797736
1,-1.33946697960461,-1.33946697960461
