,theta_x,theta_y
0,-3.141592653589793,-3.141592653589793
1,1.4112710650887923,1.4112710650887923
2,3.141592653589793,3.141592653589793
