,theta_x,theta_y
0,0.23439428465888734,0.23439428465888734
1,1.8539317947066407,1.8539317947066407
2,0.7396655153885515,0.7396655153885515
3,-0.9654353218177311,-0.9654353218177311
4,-0.6852884383837743,-0.6852884383837743
5,1.4251845660421525,1.4251845660421525
6,-2.1760969270138237,-2.1760969270138237
