,theta_x,theta_y
0,-0.25191005300933617,-0.25191005300933617
1,0.6410018054013931,0.6410018054013931
2,1.0256072089417163,1.0256072089417163
3,-3.141592653589793,-3.141592653589793
4,1.9694488647840005,1.9694488647840005
5,1.1710010890206837,1.1710010890206837
6,-2.702871202353626,-2.702871202353626
7,-3.141592653589793,-3.141592653589793
8,0.4651346755671245,0.4651346755671245
