theta_x,theta_y
-3.141592653589793,-3.141592653589793
-1.6106120551815786,-1.6106120551815786
1.4854891484307504,1.4854891484307504
-3.079752861850597,-3.079752861850597
0.35620459002740273,0.35620459002740273
2.265514038446528,2.265514038446528
-3.141592653589793,-3.141592653589793
-2.4489318961074535,-2.4489318961074535
-1.760782559161061,-1.760782559161061
