,theta_x,theta_y
0,0.46123973263074447,0.46123973263074447
1,-1.4049098889176181,-1.4049098889176181
2,-2.892907792426648,-2.892907792426648
3,-3.141592653589793,-3.141592653589793
4,1.8338005005502176,1.8338005005502176
5,2.0211255833904462,2.0211255833904462
6,1.050426333796859,1.050426333796859
7,1.2786548358719305,1.2786548358719305
8,0.6378079254370542,0.6378079254370542
