,theta_x,theta_y
0,-3.141592653589793,-3.141592653589793
1,-0.7892882737797997,-0.7892882737797997
2,1.486499054745313,1.486499054745313
3,0.7393180357630925,0.7393180357630925
