,theta_x,theta_y
0,-1.2281316112949898,-1.2281316112949898
