,theta_x,theta_y
0,0.11903591513036904,0.11903591513036904
1,-0.5865895026011149,-0.5865895026011149
2,-2.4290641119475818,-2.4290641119475818
3,2.7169126205870806,2.7169126205870806
4,0.3195696890972528,0.3195696890972528
5,3.141592653589793,3.141592653589793
