,theta_x,theta_y
0,-1.528865972078187,-1.528865972078187
1,-1.5695808363445642,-1.5695808363445642
2,3.141592653589793,3.141592653589793
3,-1.6653409666762231,-1.6653409666762231
4,-1.6251849590855947,-1.6251849590855947
