theta_x,theta_y
-0.7126866952985952,-0.7126866952985952
0.720006003403944,0.720006003403944
-1.3421383500380695,-1.3421383500380695
-1.2467947578827467,-1.2467947578827467
-1.2049395552520596,-1.2049395552520596
0.1349745880556381,0.1349745880556381
-1.1105356899464973,-1.1105356899464973
