,theta_x,theta_y
0,-0.7126866952985952,-0.7126866952985952
1,0.720006003403944,0.720006003403944
2,-1.3421383500380695,-1.3421383500380695
3,-1.2467947578827467,-1.2467947578827467
4,-1.2049395552520596,-1.2049395552520596
5,0.1349745880556381,0.1349745880556381
6,-1.1105356899464973,-1.1105356899464973
