theta_x,theta_y
-2.791133117795403,-2.791133117795403
-3.141592653589793,-3.141592653589793
2.618892148036809,2.618892148036809
2.349808658075682,2.349808658075682
