theta_x,theta_y
-0.21771487274612406,-0.21771487274612406
3.1210019648028737,3.1210019648028737
-2.063133680363493,-2.063133680363493
2.5755465069770183,2.5755465069770183
-0.9451854190351675,-0.9451854190351675
-0.04932202923784511,-0.04932202923784511
2.5048984103435825,2.5048984103435825
-0.19642829897400566,-0.19642829897400566
