,theta_x,theta_y
0,-1.1478234477136227,-1.1478234477136227
1,3.141592653589793,3.141592653589793
2,-2.2712889614064613,-2.2712889614064613
3,2.8794657629094154,2.8794657629094154
4,2.6063838262699544,2.6063838262699544
5,0.8884993049349056,0.8884993049349056
