,theta_x,theta_y
0,2.696801835318666,2.696801835318666
1,0.16091822473219441,0.16091822473219441
2,2.900084105771069,2.900084105771069
