,theta_x,theta_y
0,-1.8369633911538534,-1.8369633911538534
1,2.3939422748953336,2.3939422748953336
2,-3.141592653589793,-3.141592653589793
3,2.1009023930378863,2.1009023930378863
4,1.868460919342386,1.868460919342386
5,-0.8038895821671908,-0.8038895821671908
6,-3.141592653589793,-3.141592653589793
7,-3.141592653589793,-3.141592653589793
8,-1.856519248914391,-1.856519248914391
