,theta_x,theta_y
0,-3.141592653589793,-3.141592653589793
1,-3.141592653589793,-3.141592653589793
2,-2.5316980291259386,-2.5316980291259386
3,-2.717699170762465,-2.717699170762465
4,-3.141592653589793,-3.141592653589793
5,-3.136322920767116,-3.136322920767116
