,theta_x,theta_y
0,2.525751316407087,2.525751316407087
1,2.4412780140818913,2.4412780140818913
2,2.0495818793411886,2.0495818793411886
3,-2.9153994841341255,-2.9153994841341255
4,-3.141592653589793,-3.141592653589793
5,-0.4792332553220501,-0.4792332553220501
6,0.0926593290280977,0.0926593290280977
7,-3.141592653589793,-3.141592653589793
8,-3.141592653589793,-3.141592653589793
9,2.170569678583988,2.170569678583988
