,theta_x,theta_y
0,-1.4722812971344057,-1.4722812971344057
1,3.141592653589793,3.141592653589793
2,-1.462128347174566,-1.462128347174566
3,3.141592653589793,3.141592653589793
4,3.141592653589793,3.141592653589793
5,-1.437469876605766,-1.437469876605766
6,-1.4820063491669278,-1.4820063491669278
7,-1.5229315479281078,-1.5229315479281078
8,-1.5655089867465697,-1.5655089867465697
9,-1.6056417027351122,-1.6056417027351122
