theta_x,theta_y
-1.4722812971344057,-1.4722812971344057
3.141592653589793,3.141592653589793
-1.462128347174566,-1.462128347174566
3.141592653589793,3.141592653589793
3.141592653589793,3.141592653589793
-1.437469876605766,-1.437469876605766
-1.4820063491669278,-1.4820063491669278
-1.5229315479281078,-1.5229315479281078
-1.5655089867465697,-1.5655089867465697
-1.6056417027351122,-1.6056417027351122
