theta_x,theta_y
-3.096811704195741,-3.096811704195741
-1.8138871779775336,-1.8138871779775336
1.7388878832376615,1.7388878832376615
0.9895239967394917,0.9895239967394917
-3.067631021264865,-3.067631021264865
-0.01952919562984396,-0.01952919562984396
0.46150252153271226,0.46150252153271226
-2.4972726101475304,-2.4972726101475304
