,theta_x,theta_y
0,-0.44371415832422667,-0.44371415832422667
1,-1.8788263887883014,-1.8788263887883014
2,-1.7650400732048501,-1.7650400732048501
3,-1.1928087612868945,-1.1928087612868945
4,3.139876543175241,3.139876543175241
5,1.1014258444329545,1.1014258444329545
6,2.0869349830250385,2.0869349830250385
7,-1.753955585229044,-1.753955585229044
8,2.1121234839074168,2.1121234839074168
