,theta_x,theta_y
0,0.7052372586572956,0.7052372586572956
1,2.7214855974584933,2.7214855974584933
