theta_x,theta_y
2.272165276378003,2.272165276378003
-1.1868837635580831,-1.1868837635580831
0.6432803486632439,0.6432803486632439
1.6227867658202624,1.6227867658202624
1.1746106622499757,1.1746106622499757
2.655692269123842,2.655692269123842
2.392223195607446,2.392223195607446
2.7767690932219247,2.7767690932219247
-2.9248826161106405,-2.9248826161106405
