theta_x,theta_y
0.30479920145933515,0.30479920145933515
2.663535006723876,2.663535006723876
0.909142145562518,0.909142145562518
-0.585727555369226,-0.585727555369226
-0.9877132070871125,-0.9877132070871125
2.8651519082338397,2.8651519082338397
-1.9126213294964844,-1.9126213294964844
1.9972679088653336,1.9972679088653336
0.8352887852686184,0.8352887852686184
-0.273840986198548,-0.273840986198548
