,theta_x,theta_y
0,-0.9290906273123613,-0.9290906273123613
1,3.141592653589793,3.141592653589793
2,-1.5047904495446782,-1.5047904495446782
3,2.957088504660332,2.957088504660332
4,2.1631085751726484,2.1631085751726484
5,0.42225659243679226,0.42225659243679226
6,-1.119964693375571,-1.119964693375571
7,-1.729000844570089,-1.729000844570089
8,-1.4488336980762218,-1.4488336980762218
9,-1.6774952264793652,-1.6774952264793652
