,theta_x,theta_y
0,2.6211614845702997,2.6211614845702997
1,1.6256088061897331,1.6256088061897331
2,-0.11444215468390054,-0.11444215468390054
3,-1.5849717918701445,-1.5849717918701445
4,-3.0371261480856604,-3.0371261480856604
5,-2.074887520192413,-2.074887520192413
6,-1.9244469399426432,-1.9244469399426432
7,-3.0580563252360666,-3.0580563252360666
8,-2.7869530611343385,-2.7869530611343385
9,3.141592653589793,3.141592653589793
