,theta_x,theta_y
0,1.4433280091869654,1.4433280091869654
1,0.9676476999934281,0.9676476999934281
2,1.3641252975832683,1.3641252975832683
3,1.0077652897212288,1.0077652897212288
4,0.8051552676221179,0.8051552676221179
