,theta_x,theta_y
0,1.0980655518843057,1.0980655518843057
1,1.1636145515716672,1.1636145515716672
2,0.9203308803830123,0.9203308803830123
3,1.4158778997648147,1.4158778997648147
4,1.1031308290430635,1.1031308290430635
5,1.1524363145385215,1.1524363145385215
6,1.2969524863024835,1.2969524863024835
