theta_x,theta_y
2.206351968874737,2.206351968874737
