theta_x,theta_y
2.387821825291763,2.387821825291763
0.467795154347212,0.467795154347212
-2.4190310980764242,-2.4190310980764242
