,theta_x,theta_y
0,-2.818933945657955,-2.818933945657955
1,-2.2909513036051816,-2.2909513036051816
