theta_x,theta_y
0.9097346884133118,0.9097346884133118
0.8652194515676566,0.8652194515676566
0.8235592569846545,0.8235592569846545
0.7844321734825505,0.7844321734825505
