,theta_x,theta_y
0,-3.141592653589793,-3.141592653589793
1,-0.20360774834169726,-0.20360774834169726
2,0.679884908222835,0.679884908222835
3,0.7562094087205944,0.7562094087205944
4,-2.9404558078221825,-2.9404558078221825
5,1.0590041996553567,1.0590041996553567
6,0.8593787115185447,0.8593787115185447
7,-2.203686231141964,-2.203686231141964
