,theta_x,theta_y
0,-2.9408745962726206,-2.9408745962726206
1,-0.010035163537867958,-0.010035163537867958
