theta_x,theta_y
-0.9653966292785846,-0.9653966292785846
3.141592653589793,3.141592653589793
-3.141592653589793,-3.141592653589793
2.296756291897422,2.296756291897422
3.141592653589793,3.141592653589793
-0.29458192873023525,-0.29458192873023525
-3.141592653589793,-3.141592653589793
-2.429851129692647,-2.429851129692647
