,theta_x,theta_y
0,0.15119988320529926,0.15119988320529926
1,-0.0548909580267133,-0.0548909580267133
2,0.20298616893234994,0.20298616893234994
3,-0.5276298214149258,-0.5276298214149258
