theta_x,theta_y
3.014507527876339,3.014507527876339
-1.8423237978200855,-1.8423237978200855
1.3593420394591762,1.3593420394591762
2.6026475565304965,2.6026475565304965
2.162830344428904,2.162830344428904
2.968336760825575,2.968336760825575
2.606793871147356,2.606793871147356
2.678599133520716,2.678599133520716
-3.141592653589793,-3.141592653589793
0.15358649544713238,0.15358649544713238
