,theta_x,theta_y
0,1.9603216441129099,1.9603216441129099
1,1.9546812611200697,1.9546812611200697
2,1.949444975258997,1.949444975258997
3,-3.141592653589793,-3.141592653589793
4,1.9647192578426964,1.9647192578426964
5,1.9821663516185961,1.9821663516185961
6,2.0007252423333215,2.0007252423333215
