,theta_x,theta_y
0,0.8872638365897679,0.8872638365897679
1,-2.0525733997072724,-2.0525733997072724
2,-3.141592653589793,-3.141592653589793
3,-3.141592653589793,-3.141592653589793
4,3.141592653589793,3.141592653589793
5,3.141592653589793,3.141592653589793
6,-0.022184377986953167,-0.022184377986953167
