theta_x,theta_y
-3.141592653589793,-3.141592653589793
0.9820752916969218,0.9820752916969218
0.9786046431846429,0.9786046431846429
0.9737297096384607,0.9737297096384607
-3.141592653589793,-3.141592653589793
0.95785560493487,0.95785560493487
0.9635367176330166,0.9635367176330166
0.9776631996640952,0.9776631996640952
0.9881924693312508,0.9881924693312508
-3.141592653589793,-3.141592653589793
