,theta_x,theta_y
0,-2.1610860336987185,-2.1610860336987185
1,-1.696181045877731,-1.696181045877731
2,2.5346597994218585,2.5346597994218585
3,0.6486313100343701,0.6486313100343701
4,-2.234872198525499,-2.234872198525499
5,-0.6259524438962257,-0.6259524438962257
6,-0.47098691081303995,-0.47098691081303995
