theta_x,theta_y
-1.2498705628732587,-1.2498705628732587
3.141592653589793,3.141592653589793
-2.8385112845695355,-2.8385112845695355
3.0794596110305674,3.0794596110305674
-2.216114201208124,-2.216114201208124
