,theta_x,theta_y
0,-0.006698795091550608,-0.006698795091550608
1,-1.5817686349201625,-1.5817686349201625
2,-1.548644335436542,-1.548644335436542
3,-0.4756329475915038,-0.4756329475915038
