,theta_x,theta_y
0,3.141592653589793,3.141592653589793
1,-0.8388259932093602,-0.8388259932093602
2,-0.8973838997340404,-0.8973838997340404
3,3.141592653589793,3.141592653589793
4,-0.893663993297005,-0.893663993297005
5,3.141592653589793,3.141592653589793
6,3.141592653589793,3.141592653589793
