,theta_x,theta_y
0,0.9140475118044823,0.9140475118044823
1,0.9899689814687381,0.9899689814687381
2,-0.07031757280932782,-0.07031757280932782
3,-0.4688280346308784,-0.4688280346308784
4,-3.064976942958302,-3.064976942958302
5,0.8852930452266041,0.8852930452266041
6,-3.141592653589793,-3.141592653589793
