,theta_x,theta_y
0,-3.141592653589793,-3.141592653589793
1,1.8272301221644098,1.8272301221644098
2,-0.7246273874588622,-0.7246273874588622
3,1.6896699370470276,1.6896699370470276
