,theta_x,theta_y
0,1.1088988524607735,1.1088988524607735
1,-1.0762703793786035,-1.0762703793786035
2,-1.3863431771335635,-1.3863431771335635
3,-1.7271214096497238,-1.7271214096497238
4,3.141592653589793,3.141592653589793
