,theta_x,theta_y
0,2.6894898910518616,2.6894898910518616
1,-3.141592653589793,-3.141592653589793
