,theta_x,theta_y
0,1.134291615492561,1.134291615492561
1,1.3192460409363724,1.3192460409363724
2,0.9413278295476429,0.9413278295476429
3,-2.823715155302059,-2.823715155302059
4,2.154430845205406,2.154430845205406
5,0.9752180389293514,0.9752180389293514
