theta_x,theta_y
3.141592653589793,3.141592653589793
-1.1235275403344807,-1.1235275403344807
0.5738092599645769,0.5738092599645769
3.141592653589793,3.141592653589793
1.6077148724089994,1.6077148724089994
3.141592653589793,3.141592653589793
2.198308098883005,2.198308098883005
