theta_x,theta_y
0.04923413365317372,0.04923413365317372
0.21135750858236171,0.21135750858236171
2.6010636365856343,2.6010636365856343
-2.5470012521793013,-2.5470012521793013
2.4128454927384726,2.4128454927384726
1.8443115808017516,1.8443115808017516
-1.6721520078503533,-1.6721520078503533
-3.107143925722197,-3.107143925722197
