,theta_x,theta_y
0,0.050645888196765625,0.050645888196765625
