,theta_x,theta_y
0,3.141592653589793,3.141592653589793
1,-0.5292049898492258,-0.5292049898492258
2,3.141592653589793,3.141592653589793
3,-1.067236652565354,-1.067236652565354
4,1.4801190553419665,1.4801190553419665
