,theta_x,theta_y
0,0.8302296252905809,0.8302296252905809
1,0.8991273667180764,0.8991273667180764
2,-3.141592653589793,-3.141592653589793
3,-3.141592653589793,-3.141592653589793
4,0.793441737444426,0.793441737444426
5,0.441994212920383,0.441994212920383
6,0.8036086023373737,0.8036086023373737
