,theta_x,theta_y
0,0.0923167395735213,0.0923167395735213
1,-1.504205253922063,-1.504205253922063
2,-1.3466893202482675,-1.3466893202482675
3,-0.7031241139748627,-0.7031241139748627
4,3.141592653589793,3.141592653589793
5,0.7711731525933687,0.7711731525933687
6,1.8732522108398686,1.8732522108398686
7,-1.5939879513891864,-1.5939879513891864
