,theta_x,theta_y
0,0.6498815685083317,0.6498815685083317
1,-1.218587167533635,-1.218587167533635
2,-1.3143296623718461,-1.3143296623718461
3,-0.8847926142457424,-0.8847926142457424
4,2.898207107766136,2.898207107766136
5,0.751163389607297,0.751163389607297
6,1.5619156661193065,1.5619156661193065
7,-1.453902647895321,-1.453902647895321
