,theta_x,theta_y
0,1.2004935737531441,1.2004935737531441
1,1.0483404375435084,1.0483404375435084
2,0.8440234713812818,0.8440234713812818
3,0.49088063753355277,0.49088063753355277
4,-3.141592653589793,-3.141592653589793
5,0.729556688893518,0.729556688893518
6,0.6502526330593164,0.6502526330593164
7,-3.141592653589793,-3.141592653589793
8,-3.141592653589793,-3.141592653589793
