,theta_x,theta_y
0,1.3939313279173917,1.3939313279173917
1,2.287245546693165,2.287245546693165
2,-0.3658390969332168,-0.3658390969332168
3,-1.2310340702316416,-1.2310340702316416
