,theta_x,theta_y
0,-3.141592653589793,-3.141592653589793
1,-3.141592653589793,-3.141592653589793
2,2.5637068533111296,2.5637068533111296
3,-3.0873988548906683,-3.0873988548906683
