,theta_x,theta_y
0,0.3672674693773052,0.3672674693773052
1,2.9884965627099653,2.9884965627099653
2,0.006364691291788072,0.006364691291788072
3,2.2560277208614496,2.2560277208614496
4,0.22164122675483622,0.22164122675483622
