theta_x,theta_y
0.2591632075808807,0.2591632075808807
3.141592653589793,3.141592653589793
-2.256686414529005,-2.256686414529005
2.291431915487803,2.291431915487803
-0.4410077465224819,-0.4410077465224819
0.2569014136472426,0.2569014136472426
2.0238392839467125,2.0238392839467125
