theta_x,theta_y
0.3107433367210787,0.3107433367210787
3.0875015513533866,3.0875015513533866
-2.516558693889499,-2.516558693889499
1.9756810420970976,1.9756810420970976
0.002750034095528618,0.002750034095528618
0.029765525476283604,0.029765525476283604
0.8734171210384095,0.8734171210384095
-0.9580940554382481,-0.9580940554382481
