theta_x,theta_y
1.2230426529182756,1.2230426529182756
-0.5264850287874803,-0.5264850287874803
-0.9566223028057538,-0.9566223028057538
-1.029502391647265,-1.029502391647265
0.45281760855315806,0.45281760855315806
3.141592653589793,3.141592653589793
3.141592653589793,3.141592653589793
2.981830985899264,2.981830985899264
-3.141592653589793,-3.141592653589793
1.1509851498600114,1.1509851498600114
