,theta_x,theta_y
0,0.9976978742578582,0.9976978742578582
1,-0.3700729372372634,-0.3700729372372634
2,-0.4799729673810913,-0.4799729673810913
3,0.9000207534903935,0.9000207534903935
4,2.2373642681558445,2.2373642681558445
5,3.141592653589793,3.141592653589793
6,2.9133263983681323,2.9133263983681323
7,2.3102249767236165,2.3102249767236165
8,-3.141592653589793,-3.141592653589793
9,0.6961472705966576,0.6961472705966576
