,theta_x,theta_y
0,2.4507916306119277,2.4507916306119277
1,-0.9705840783950332,-0.9705840783950332
