,theta_x,theta_y
0,3.0083365560750335,3.0083365560750335
1,0.21753606831829128,0.21753606831829128
2,3.141592653589793,3.141592653589793
3,-2.608333663236348,-2.608333663236348
4,0.974149369802412,0.974149369802412
5,-0.6925520398330631,-0.6925520398330631
6,2.1694644213484913,2.1694644213484913
7,-1.9983153997600442,-1.9983153997600442
8,2.4891426909987078,2.4891426909987078
9,0.5424592020616299,0.5424592020616299
