,theta_x,theta_y
0,-1.3790487756247376,-1.3790487756247376
1,-0.9007153673717391,-0.9007153673717391
2,1.7088349736321675,1.7088349736321675
3,-3.141592653589793,-3.141592653589793
4,1.6395983711116637,1.6395983711116637
5,1.379178051638423,1.379178051638423
6,-3.0082798958252828,-3.0082798958252828
7,-3.141592653589793,-3.141592653589793
8,-0.5294609264504221,-0.5294609264504221
