,theta_x,theta_y
0,-1.932238539988774,-1.932238539988774
1,-2.1154569513697496,-2.1154569513697496
2,2.3462202450238268,2.3462202450238268
3,-1.9458280076295957,-1.9458280076295957
4,-0.8689360755279502,-0.8689360755279502
