,theta_x,theta_y
0,3.141592653589793,3.141592653589793
1,0.7257825525948957,0.7257825525948957
2,-0.15656417823879099,-0.15656417823879099
3,0.5880632553719707,0.5880632553719707
4,-1.0505709075631542,-1.0505709075631542
5,3.141592653589793,3.141592653589793
6,3.141592653589793,3.141592653589793
7,3.134890264458508,3.134890264458508
8,-3.141592653589793,-3.141592653589793
9,0.7428600392029654,0.7428600392029654
