theta_x,theta_y
1.6612241379592687,1.6612241379592687
-3.141592653589793,-3.141592653589793
1.354098956978034,1.354098956978034
1.3327506480787845,1.3327506480787845
1.2506887608239732,1.2506887608239732
1.3058734081273262,1.3058734081273262
1.2268341725821617,1.2268341725821617
1.197583789067645,1.197583789067645
-3.141592653589793,-3.141592653589793
1.107939472816566,1.107939472816566
