,theta_x,theta_y
0,-1.5158694839336635,-1.5158694839336635
1,-1.5256482535025202,-1.5256482535025202
2,3.141592653589793,3.141592653589793
3,-1.5493011453227337,-1.5493011453227337
4,-1.5787365228687311,-1.5787365228687311
5,-1.6086154320902388,-1.6086154320902388
6,-1.6384017305228873,-1.6384017305228873
7,-1.6686329331039842,-1.6686329331039842
