theta_x,theta_y
2.6976023533796174,2.6976023533796174
0.6232273388301337,0.6232273388301337
2.4226520288335576,2.4226520288335576
-1.1542732480059656,-1.1542732480059656
0.4618658723241645,0.4618658723241645
