,theta_x,theta_y
0,-2.7848771672362145,-2.7848771672362145
1,1.8617458099845718,1.8617458099845718
2,-2.0585842997205406,-2.0585842997205406
3,1.977107492989891,1.977107492989891
4,3.0589896214156513,3.0589896214156513
5,-1.9144898846920475,-1.9144898846920475
