,theta_x,theta_y
0,-3.0821054523368487,-3.0821054523368487
1,2.7706261491330744,2.7706261491330744
2,2.40508998955563,2.40508998955563
3,2.8801744018142372,2.8801744018142372
4,2.503524263115497,2.503524263115497
5,-2.9186912587661467,-2.9186912587661467
