theta_x,theta_y
-2.7848771672362145,-2.7848771672362145
1.8617458099845718,1.8617458099845718
-2.0585842997205406,-2.0585842997205406
1.977107492989891,1.977107492989891
3.0589896214156513,3.0589896214156513
-1.9144898846920475,-1.9144898846920475
