theta_x,theta_y
2.247169106119432,2.247169106119432
1.3184455843898446,1.3184455843898446
1.3610831271297235,1.3610831271297235
0.5739798041559954,0.5739798041559954
1.5092619547968207,1.5092619547968207
0.8529472433847006,0.8529472433847006
-2.9844029452649545,-2.9844029452649545
