theta_x,theta_y
-0.9834514248033134,-0.9834514248033134
3.141592653589793,3.141592653589793
2.0804198812920562,2.0804198812920562
-0.8346817676784847,-0.8346817676784847
