,theta_x,theta_y
0,2.521198329553143,2.521198329553143
1,-1.6349277717980393,-1.6349277717980393
2,1.3078642105058578,1.3078642105058578
3,1.7883736005535424,1.7883736005535424
4,1.0541339875104054,1.0541339875104054
5,1.9242043749840567,1.9242043749840567
6,1.841923359186265,1.841923359186265
7,2.744905628054934,2.744905628054934
