,theta_x,theta_y
0,3.1270283352756163,3.1270283352756163
1,0.5626316683793481,0.5626316683793481
2,-1.7454013659421335,-1.7454013659421335
3,2.2601418400328406,2.2601418400328406
4,0.27058577835698744,0.27058577835698744
5,2.4976314483632547,2.4976314483632547
6,1.9670206900730338,1.9670206900730338
7,0.8347902098988839,0.8347902098988839
8,-3.141592653589793,-3.141592653589793
