theta_x,theta_y
3.1270283352756163,3.1270283352756163
0.5626316683793481,0.5626316683793481
-1.7454013659421335,-1.7454013659421335
2.2601418400328406,2.2601418400328406
0.27058577835698744,0.27058577835698744
2.4976314483632547,2.4976314483632547
1.9670206900730338,1.9670206900730338
0.8347902098988839,0.8347902098988839
-3.141592653589793,-3.141592653589793
