,theta_x,theta_y
0,-1.511610851391396,-1.511610851391396
1,2.280514414384593,2.280514414384593
2,-2.63743827664681,-2.63743827664681
3,-3.1345480371585124,-3.1345480371585124
4,1.629539669315716,1.629539669315716
5,-2.726883218895407,-2.726883218895407
6,-3.141592653589793,-3.141592653589793
7,-3.131236746143084,-3.131236746143084
8,-1.3576097069196142,-1.3576097069196142
9,-3.104221079399624,-3.104221079399624
