theta_x,theta_y
-1.1731207213547477,-1.1731207213547477
-1.7549261063835098,-1.7549261063835098
