,theta_x,theta_y
0,2.2715297324913073,2.2715297324913073
1,0.35610796874018125,0.35610796874018125
2,2.3626573139318934,2.3626573139318934
3,-2.322223619407385,-2.322223619407385
4,0.23877666004950654,0.23877666004950654
5,-0.3000409449765242,-0.3000409449765242
