,theta_x,theta_y
0,-3.141592653589793,-3.141592653589793
1,-1.5429348309827398,-1.5429348309827398
2,1.520823661464021,1.520823661464021
