,theta_x,theta_y
0,-0.5590347654752101,-0.5590347654752101
1,3.141592653589793,3.141592653589793
2,-1.9002469620292892,-1.9002469620292892
3,2.856938489532621,2.856938489532621
