,theta_x,theta_y
0,-1.0560659288034282,-1.0560659288034282
1,-1.038598540185832,-1.038598540185832
2,2.277653025236543,2.277653025236543
3,-0.44548821104110087,-0.44548821104110087
4,-1.3404324631187983,-1.3404324631187983
5,-1.115902161572523,-1.115902161572523
6,-1.4267085769569046,-1.4267085769569046
7,-1.7501602323566758,-1.7501602323566758
