,theta_x,theta_y
0,-3.141592653589793,-3.141592653589793
1,-1.2494142316555532,-1.2494142316555532
2,1.7143806363543086,1.7143806363543086
3,2.272810229383299,2.272810229383299
4,-3.141592653589793,-3.141592653589793
