,theta_x,theta_y
0,-3.141592653589793,-3.141592653589793
1,2.656767955705352,2.656767955705352
2,-3.141592653589793,-3.141592653589793
3,2.898823891832468,2.898823891832468
4,-3.141592653589793,-3.141592653589793
