,theta_x,theta_y
0,1.9175864317423907,1.9175864317423907
1,-3.141592653589793,-3.141592653589793
2,1.932008508718155,1.932008508718155
3,1.9503204229948563,1.9503204229948563
4,1.9687845543598328,1.9687845543598328
5,1.9873008149806444,1.9873008149806444
6,2.00596090575858,2.00596090575858
