theta_x,theta_y
1.3529979378155899,1.3529979378155899
0.5623951510695913,0.5623951510695913
-1.074356922877926,-1.074356922877926
1.375711939529328,1.375711939529328
-1.5760126439863456,-1.5760126439863456
