,theta_x,theta_y
0,0.640576482297473,0.640576482297473
1,-3.102129177285773,-3.102129177285773
2,-3.141592653589793,-3.141592653589793
3,2.562947875107646,2.562947875107646
4,-1.6718647664477795,-1.6718647664477795
5,2.784710204224856,2.784710204224856
6,-1.6161674138076005,-1.6161674138076005
7,-2.7302415811090164,-2.7302415811090164
8,-2.892034277021658,-2.892034277021658
9,1.7061725114436554,1.7061725114436554
