theta_x,theta_y
-3.0001281444010655,-3.0001281444010655
-2.890458332090738,-2.890458332090738
3.141592653589793,3.141592653589793
-1.7987897467072353,-1.7987897467072353
-1.1488223818446295,-1.1488223818446295
