,theta_x,theta_y
0,1.6695105669397172,1.6695105669397172
1,1.6140335729261919,1.6140335729261919
2,1.0524584763290565,1.0524584763290565
3,-1.6534600959138006,-1.6534600959138006
4,-3.141592653589793,-3.141592653589793
