theta_x,theta_y
1.088517421468329,1.088517421468329
-1.6291956305832205,-1.6291956305832205
-2.580979808547775,-2.580979808547775
-2.9934894972190773,-2.9934894972190773
2.3520319016239633,2.3520319016239633
2.3164809785665597,2.3164809785665597
1.1587088737652447,1.1587088737652447
1.25780606250192,1.25780606250192
