theta_x,theta_y
0.9412262150848718,0.9412262150848718
2.5660062862148045,2.5660062862148045
-0.6248263195280965,-0.6248263195280965
