,theta_x,theta_y
0,1.9876680008677252,1.9876680008677252
1,0.006549945872001436,0.006549945872001436
2,-1.5558088181367755,-1.5558088181367755
3,-0.8715483305539345,-0.8715483305539345
4,-1.1957506894238825,-1.1957506894238825
5,3.141592653589793,3.141592653589793
6,3.141592653589793,3.141592653589793
