theta_x,theta_y
-2.1728666140617436,-2.1728666140617436
-1.9195412017532565,-1.9195412017532565
