theta_x,theta_y
-0.9082293690648623,-0.9082293690648623
3.141592653589793,3.141592653589793
-2.5746379691663144,-2.5746379691663144
2.5460005609852026,2.5460005609852026
-2.774584100924202,-2.774584100924202
-1.7897074889560793,-1.7897074889560793
