theta_x,theta_y
-2.223667904809636,-2.223667904809636
0.0999712051982713,0.0999712051982713
2.457206141955123,2.457206141955123
1.5046716061315146,1.5046716061315146
-2.6586400243361354,-2.6586400243361354
