,theta_x,theta_y
0,1.4669526367565822,1.4669526367565822
1,1.41392713894815,1.41392713894815
2,1.3592713694275458,1.3592713694275458
3,1.303666018473702,1.303666018473702
4,1.245559474953252,1.245559474953252
5,1.1888812692048087,1.1888812692048087
6,1.1305877560900666,1.1305877560900666
7,1.0718735645068491,1.0718735645068491
8,1.0109004334543612,1.0109004334543612
