,theta_x,theta_y
0,0.09239972665645933,0.09239972665645933
1,-1.7753637480692117,-1.7753637480692117
2,-2.662776704306769,-2.662776704306769
3,-3.141592653589793,-3.141592653589793
4,1.9940734934889537,1.9940734934889537
5,1.4033785259157117,1.4033785259157117
