,theta_x,theta_y
0,0.8155620127824071,0.8155620127824071
1,-0.398349768291106,-0.398349768291106
2,3.141592653589793,3.141592653589793
3,-3.141592653589793,-3.141592653589793
4,2.541373449719889,2.541373449719889
5,0.7681196222895528,0.7681196222895528
6,-0.8224768150816895,-0.8224768150816895
7,-3.141592653589793,-3.141592653589793
