,theta_x,theta_y
0,3.141592653589793,3.141592653589793
1,-0.22191091891702014,-0.22191091891702014
2,3.141592653589793,3.141592653589793
3,-1.3746828949146177,-1.3746828949146177
4,0.5401390810210258,0.5401390810210258
5,-0.8788550791738026,-0.8788550791738026
6,2.5740816569251295,2.5740816569251295
7,-1.1730641264496553,-1.1730641264496553
