theta_x,theta_y
3.141592653589793,3.141592653589793
-0.22191091891702014,-0.22191091891702014
3.141592653589793,3.141592653589793
-1.3746828949146177,-1.3746828949146177
0.5401390810210258,0.5401390810210258
-0.8788550791738026,-0.8788550791738026
2.5740816569251295,2.5740816569251295
-1.1730641264496553,-1.1730641264496553
