,theta_x,theta_y
0,-0.4665505617467494,-0.4665505617467494
1,-0.4701044791541119,-0.4701044791541119
2,-0.5446345647895513,-0.5446345647895513
3,-0.5594178896144737,-0.5594178896144737
4,3.141592653589793,3.141592653589793
5,-0.5083296858365118,-0.5083296858365118
