theta_x,theta_y
-0.4665505617467494,-0.4665505617467494
-0.4701044791541119,-0.4701044791541119
-0.5446345647895513,-0.5446345647895513
-0.5594178896144737,-0.5594178896144737
3.141592653589793,3.141592653589793
-0.5083296858365118,-0.5083296858365118
