,theta_x,theta_y
0,1.7074035405579249,1.7074035405579249
