,theta_x,theta_y
0,-0.40538181629342473,-0.40538181629342473
