,theta_x,theta_y
0,-1.007505721268768,-1.007505721268768
1,3.1398168524505277,3.1398168524505277
