,theta_x,theta_y
0,-1.3934388920976126,-1.3934388920976126
