theta_x,theta_y
1.713742381184188,1.713742381184188
0.23511043480299784,0.23511043480299784
-0.37099053828943235,-0.37099053828943235
-1.1537753287865915,-1.1537753287865915
3.141592653589793,3.141592653589793
2.374551603148722,2.374551603148722
1.820783885364222,1.820783885364222
-0.5749878877465996,-0.5749878877465996
1.6896340537043446,1.6896340537043446
-2.016006993795271,-2.016006993795271
