,theta_x,theta_y
0,1.713742381184188,1.713742381184188
1,0.23511043480299784,0.23511043480299784
2,-0.37099053828943235,-0.37099053828943235
3,-1.1537753287865915,-1.1537753287865915
4,3.141592653589793,3.141592653589793
5,2.374551603148722,2.374551603148722
6,1.820783885364222,1.820783885364222
7,-0.5749878877465996,-0.5749878877465996
8,1.6896340537043446,1.6896340537043446
9,-2.016006993795271,-2.016006993795271
