,theta_x,theta_y
0,-3.141592653589793,-3.141592653589793
1,-3.141592653589793,-3.141592653589793
2,2.448746701754467,2.448746701754467
3,-3.141592653589793,-3.141592653589793
4,-3.141592653589793,-3.141592653589793
5,2.6019681206717404,2.6019681206717404
6,-3.141592653589793,-3.141592653589793
7,-3.0862140815684302,-3.0862140815684302
8,-3.141592653589793,-3.141592653589793
