,theta_x,theta_y
0,1.0811821297785824,1.0811821297785824
1,0.9751877273399024,0.9751877273399024
2,-0.3830505123374517,-0.3830505123374517
3,-0.1668719709206217,-0.1668719709206217
4,-1.6604693377496813,-1.6604693377496813
5,-0.3716403602039463,-0.3716403602039463
6,-1.1016695020605676,-1.1016695020605676
7,-2.000081407885726,-2.000081407885726
8,-3.000267335497918,-3.000267335497918
