,theta_x,theta_y
0,0.41386548267443973,0.41386548267443973
1,-0.7407880640671963,-0.7407880640671963
2,-3.141592653589793,-3.141592653589793
