,theta_x,theta_y
0,-3.141592653589793,-3.141592653589793
1,-3.141592653589793,-3.141592653589793
2,1.4526580902445523,1.4526580902445523
3,-3.141592653589793,-3.141592653589793
4,2.0453206766159107,2.0453206766159107
5,2.4611773171861797,2.4611773171861797
6,-3.141592653589793,-3.141592653589793
