,theta_x,theta_y
0,0.162076683855598,0.162076683855598
1,-0.9262193994669274,-0.9262193994669274
