theta_x,theta_y
1.543560481839044,1.543560481839044
1.1795552744117992,1.1795552744117992
1.3874463137628545,1.3874463137628545
1.0127408456825608,1.0127408456825608
