,theta_x,theta_y
0,0.7685494262690555,0.7685494262690555
1,-2.924166916103268,-2.924166916103268
2,-3.141592653589793,-3.141592653589793
3,-3.141592653589793,-3.141592653589793
4,1.4754733313930455,1.4754733313930455
