,theta_x,theta_y
0,-0.041528482474000795,-0.041528482474000795
1,-1.5866337483584831,-1.5866337483584831
2,-1.6751886163037428,-1.6751886163037428
3,-2.1640361304919646,-2.1640361304919646
4,2.6374278447666604,2.6374278447666604
5,1.8774199190540677,1.8774199190540677
6,0.2504428418275908,0.2504428418275908
7,-0.2753548423803869,-0.2753548423803869
