,theta_x,theta_y
0,2.945543674422564,2.945543674422564
1,1.4617532264718387,1.4617532264718387
2,2.581406781254294,2.581406781254294
3,-3.141592653589793,-3.141592653589793
4,0.9065314052150638,0.9065314052150638
5,3.141592653589793,3.141592653589793
