theta_x,theta_y
-3.141592653589793,-3.141592653589793
1.2467491490315716,1.2467491490315716
1.1537712330412775,1.1537712330412775
1.2660518837456962,1.2660518837456962
-3.141592653589793,-3.141592653589793
0.9822409821998328,0.9822409821998328
0.9351297248201542,0.9351297248201542
