,theta_x,theta_y
0,-0.08790382541157576,-0.08790382541157576
1,-1.349291574835192,-1.349291574835192
2,-2.344916325496712,-2.344916325496712
3,-2.9256770897873428,-2.9256770897873428
