theta_x,theta_y
1.0213046787505935,1.0213046787505935
1.671246431809578,1.671246431809578
0.7815667463787077,0.7815667463787077
0.6276561059317306,0.6276561059317306
0.4558033906108185,0.4558033906108185
0.6130521005201578,0.6130521005201578
0.5801381113056904,0.5801381113056904
0.5529369664638271,0.5529369664638271
