theta_x,theta_y
-3.0272112966418727,-3.0272112966418727
-1.632381021879361,-1.632381021879361
1.6416589231111072,1.6416589231111072
1.0329398221937443,1.0329398221937443
