theta_x,theta_y
1.2300799117733656,1.2300799117733656
