,theta_x,theta_y
0,-0.24307292869851416,-0.24307292869851416
1,1.2451508696228066,1.2451508696228066
2,0.23667979509573162,0.23667979509573162
3,-1.907241967403714,-1.907241967403714
