theta_x,theta_y
0.8890884005802806,0.8890884005802806
2.8186354667767697,2.8186354667767697
-2.072779385063456,-2.072779385063456
