theta_x,theta_y
0.0034952974085044226,0.0034952974085044226
1.9915279474176506,1.9915279474176506
-0.37230718730103096,-0.37230718730103096
2.6137195656611794,2.6137195656611794
1.7264633352318972,1.7264633352318972
1.1086501048559314,1.1086501048559314
1.440898848734276,1.440898848734276
0.04422018328086814,0.04422018328086814
