theta_x,theta_y
1.7036917884105527,1.7036917884105527
1.2557693162791306,1.2557693162791306
-0.0851262086171694,-0.0851262086171694
-0.6441221331548773,-0.6441221331548773
