theta_x,theta_y
1.5445910026329532,1.5445910026329532
2.157163961200908,2.157163961200908
-0.7021576239956345,-0.7021576239956345
3.141592653589793,3.141592653589793
