,theta_x,theta_y
0,0.8680412273157264,0.8680412273157264
1,-1.5328000319372432,-1.5328000319372432
2,-2.6367443827623,-2.6367443827623
3,-2.9280632990683815,-2.9280632990683815
4,2.080435745419582,2.080435745419582
5,2.384755517478956,2.384755517478956
6,0.8173286228318379,0.8173286228318379
7,1.2686548753595548,1.2686548753595548
8,0.4244199614044231,0.4244199614044231
