theta_x,theta_y
-0.7231722380742663,-0.7231722380742663
-0.49497065251587563,-0.49497065251587563
-0.7206028632870274,-0.7206028632870274
-2.085681127761878,-2.085681127761878
-1.1226471820024753,-1.1226471820024753
-0.4776092210351046,-0.4776092210351046
