,theta_x,theta_y
0,-0.7231722380742663,-0.7231722380742663
1,-0.49497065251587563,-0.49497065251587563
2,-0.7206028632870274,-0.7206028632870274
3,-2.085681127761878,-2.085681127761878
4,-1.1226471820024753,-1.1226471820024753
5,-0.4776092210351046,-0.4776092210351046
