theta_x,theta_y
-0.04106268526583119,-0.04106268526583119
3.141592653589793,3.141592653589793
-2.1724810083701867,-2.1724810083701867
2.614059209702953,2.614059209702953
-1.0531014161887633,-1.0531014161887633
-0.14897771153969322,-0.14897771153969322
2.274121648709885,2.274121648709885
-0.26352283570027746,-0.26352283570027746
0.22230948156631708,0.22230948156631708
-2.6258966906350825,-2.6258966906350825
