,theta_x,theta_y
0,0.30389191275570276,0.30389191275570276
1,-1.1676146947174297,-1.1676146947174297
2,-2.7789404888201967,-2.7789404888201967
3,-3.141592653589793,-3.141592653589793
4,1.5247974560504414,1.5247974560504414
5,1.9978780883235838,1.9978780883235838
6,0.6716189967473364,0.6716189967473364
7,1.1171530097254756,1.1171530097254756
8,0.5719984922435217,0.5719984922435217
9,2.099455728575853,2.099455728575853
