,theta_x,theta_y
0,1.164723769577736,1.164723769577736
