,theta_x,theta_y
0,1.1329597812132433,1.1329597812132433
1,1.4993959641312418,1.4993959641312418
2,-2.003236991155605,-2.003236991155605
