,theta_x,theta_y
0,-1.913747896658902,-1.913747896658902
1,2.8512052596400816,2.8512052596400816
2,-2.8512052596400816,-2.8512052596400816
