,theta_x,theta_y
0,1.7062813426115704,1.7062813426115704
1,1.7687303206721805,1.7687303206721805
2,1.5731120947760218,1.5731120947760218
3,-3.141592653589793,-3.141592653589793
4,1.488871127550972,1.488871127550972
5,1.1820102954579967,1.1820102954579967
6,1.5308331004865456,1.5308331004865456
7,-3.141592653589793,-3.141592653589793
8,1.4332297490100394,1.4332297490100394
9,1.5932012674225124,1.5932012674225124
