,theta_x,theta_y
0,-1.1550557780156823,-1.1550557780156823
1,2.8286709690299165,2.8286709690299165
2,-1.9602737778861665,-1.9602737778861665
3,2.414516787930449,2.414516787930449
4,2.420841674027087,2.420841674027087
5,-0.35355330348023944,-0.35355330348023944
6,0.13293670449271283,0.13293670449271283
