,theta_x,theta_y
0,-3.141592653589793,-3.141592653589793
1,-3.141592653589793,-3.141592653589793
2,2.3374391074754564,2.3374391074754564
3,-3.141592653589793,-3.141592653589793
4,2.2817616805238004,2.2817616805238004
5,2.3010986465397085,2.3010986465397085
6,-3.141592653589793,-3.141592653589793
7,-3.141592653589793,-3.141592653589793
8,-3.141592653589793,-3.141592653589793
9,2.2279308321904696,2.2279308321904696
