,theta_x,theta_y
0,1.473447733694895,1.473447733694895
1,0.8151349046097474,0.8151349046097474
2,-2.922217102969655,-2.922217102969655
3,-2.926226214063878,-2.926226214063878
4,1.4841020214662175,1.4841020214662175
5,1.4118056908330154,1.4118056908330154
6,1.2546432495221853,1.2546432495221853
7,1.2262784708852326,1.2262784708852326
8,1.1353764258642411,1.1353764258642411
9,1.1737609125780408,1.1737609125780408
