,theta_x,theta_y
0,0.6987734735628303,0.6987734735628303
1,-1.353653774247434,-1.353653774247434
2,-2.688699234703039,-2.688699234703039
3,-3.081185986206188,-3.081185986206188
4,1.8621149304755327,1.8621149304755327
5,2.423344545425437,2.423344545425437
6,0.8361240492287538,0.8361240492287538
7,1.595216333734318,1.595216333734318
