,theta_x,theta_y
0,1.840925354319007,1.840925354319007
