,theta_x,theta_y
0,1.3645460883692224,1.3645460883692224
