theta_x,theta_y
0.8389266916964799,0.8389266916964799
0.6506112117992477,0.6506112117992477
0.14671699378420167,0.14671699378420167
