theta_x,theta_y
-2.6960617347974054,-2.6960617347974054
-3.141592653589793,-3.141592653589793
