,theta_x,theta_y
0,-2.6960617347974054,-2.6960617347974054
1,-3.141592653589793,-3.141592653589793
