theta_x,theta_y
3.141592653589793,3.141592653589793
2.8253645825361096,2.8253645825361096
1.9333607536679385,1.9333607536679385
0.02418291653175651,0.02418291653175651
-3.0677603697453324,-3.0677603697453324
