,theta_x,theta_y
0,-2.9967005808771,-2.9967005808771
1,2.6798205422139025,2.6798205422139025
2,-3.141592653589793,-3.141592653589793
3,2.8391577343899623,2.8391577343899623
4,-3.1389127427898527,-3.1389127427898527
5,2.012203387159877,2.012203387159877
6,3.0358132914231226,3.0358132914231226
7,2.635928992085037,2.635928992085037
8,1.0060268543382143,1.0060268543382143
