,theta_x,theta_y
0,-2.2121658523923764,-2.2121658523923764
1,1.8821484366505652,1.8821484366505652
2,-2.400766538440208,-2.400766538440208
3,2.750082948074996,2.750082948074996
4,2.2098273312961028,2.2098273312961028
5,-0.1976625073182226,-0.1976625073182226
6,0.8502130698866078,0.8502130698866078
7,-0.9418920121885632,-0.9418920121885632
8,-3.141592653589793,-3.141592653589793
9,1.5518391792428743,1.5518391792428743
