theta_x,theta_y
-3.141592653589793,-3.141592653589793
0.860103384986073,0.860103384986073
0.8833305362004958,0.8833305362004958
0.9152804934879079,0.9152804934879079
-3.141592653589793,-3.141592653589793
0.9021266977331798,0.9021266977331798
0.9193183842919027,0.9193183842919027
0.9371020270127252,0.9371020270127252
0.9127744418224798,0.9127744418224798
-3.141592653589793,-3.141592653589793
