theta_x,theta_y
1.8222631477211175,1.8222631477211175
1.7125284596959292,1.7125284596959292
-1.8396663744305886,-1.8396663744305886
