,theta_x,theta_y
0,2.432895821673686,2.432895821673686
1,2.3505253606755385,2.3505253606755385
2,-3.141592653589793,-3.141592653589793
3,2.23558349128973,2.23558349128973
4,-3.141592653589793,-3.141592653589793
5,-3.141592653589793,-3.141592653589793
