,theta_x,theta_y
0,2.410640133315963,2.410640133315963
1,-0.3693145365191396,-0.3693145365191396
2,-0.7305911846893156,-0.7305911846893156
3,2.1389964502999206,2.1389964502999206
4,1.4624732684339312,1.4624732684339312
5,3.141592653589793,3.141592653589793
