,theta_x,theta_y
0,-1.2836009145970995,-1.2836009145970995
1,-0.778764423196116,-0.778764423196116
