,theta_x,theta_y
0,-0.482109026027115,-0.482109026027115
1,3.141592653589793,3.141592653589793
2,-0.6916886427397655,-0.6916886427397655
3,1.9438493018702188,1.9438493018702188
4,1.5816371812861725,1.5816371812861725
5,-0.1426953604284423,-0.1426953604284423
6,-0.326781150951176,-0.326781150951176
7,-0.6400964630731392,-0.6400964630731392
