,theta_x,theta_y
0,0.3605892852735384,0.3605892852735384
1,3.023088050800993,3.023088050800993
2,1.395057713298021,1.395057713298021
3,-1.2230215056408889,-1.2230215056408889
