theta_x,theta_y
-3.141592653589793,-3.141592653589793
-3.141592653589793,-3.141592653589793
-3.141592653589793,-3.141592653589793
2.2047919321748677,2.2047919321748677
2.232891462362549,2.232891462362549
-3.141592653589793,-3.141592653589793
2.300515875322975,2.300515875322975
-3.141592653589793,-3.141592653589793
-3.141592653589793,-3.141592653589793
