,theta_x,theta_y
0,0.9145561588035873,0.9145561588035873
