theta_x,theta_y
-1.201026434550507,-1.201026434550507
-2.0733262525274614,-2.0733262525274614
2.771239425557419,2.771239425557419
