,theta_x,theta_y
0,-0.8149601898546128,-0.8149601898546128
1,0.5864072580357342,0.5864072580357342
