theta_x,theta_y
1.501964345606395,1.501964345606395
1.4429624721813703,1.4429624721813703
1.3290500623899018,1.3290500623899018
1.277839893946972,1.277839893946972
1.2139589318284245,1.2139589318284245
1.0865401526178495,1.0865401526178495
