,theta_x,theta_y
0,-1.3869956173036213,-1.3869956173036213
1,3.0426878505787807,3.0426878505787807
2,-2.5268629592508454,-2.5268629592508454
3,2.7707348996398578,2.7707348996398578
4,-2.5111137536218266,-2.5111137536218266
5,-1.5701348728246902,-1.5701348728246902
