theta_x,theta_y
3.141592653589793,3.141592653589793
-1.433801572776176,-1.433801572776176
3.141592653589793,3.141592653589793
-1.4540773262191302,-1.4540773262191302
-1.5360612929810287,-1.5360612929810287
-1.61332904685416,-1.61332904685416
