theta_x,theta_y
-0.3559416895163021,-0.3559416895163021
