,theta_x,theta_y
0,-1.3371495211874327,-1.3371495211874327
1,1.4866100106902005,1.4866100106902005
2,-1.7598778015514491,-1.7598778015514491
3,1.645962908412765,1.645962908412765
