,theta_x,theta_y
0,3.141592653589793,3.141592653589793
1,0.8099312909506152,0.8099312909506152
2,3.141592653589793,3.141592653589793
3,-3.141592653589793,-3.141592653589793
4,1.695014605568287,1.695014605568287
5,-0.498294159030196,-0.498294159030196
6,2.448252260467574,2.448252260467574
