,theta_x,theta_y
0,1.865486460891331,1.865486460891331
1,2.7229404439490543,2.7229404439490543
2,0.5499120847253837,0.5499120847253837
3,0.8560955492964937,0.8560955492964937
4,-0.26648312921003897,-0.26648312921003897
5,2.4878305325432835,2.4878305325432835
6,-3.141592653589793,-3.141592653589793
