,theta_x,theta_y
0,1.8989277134970344,1.8989277134970344
1,-0.8587462138570383,-0.8587462138570383
2,0.5433581756821548,0.5433581756821548
3,1.3804590502029395,1.3804590502029395
4,1.4585629545800152,1.4585629545800152
5,2.780042285419343,2.780042285419343
6,2.7330638052829737,2.7330638052829737
7,2.82922638226021,2.82922638226021
8,-3.141592653589793,-3.141592653589793
9,-0.3384814559499011,-0.3384814559499011
