,theta_x,theta_y
0,1.1498092655559338,1.1498092655559338
1,2.209448194050042,2.209448194050042
2,-0.06387584687685251,-0.06387584687685251
3,1.7913655232876176,1.7913655232876176
4,-0.464479601673728,-0.464479601673728
