theta_x,theta_y
-1.029362854914121,-1.029362854914121
3.141592653589793,3.141592653589793
2.523813170275976,2.523813170275976
-0.8485344180478184,-0.8485344180478184
-1.6527419164324577,-1.6527419164324577
3.140698293963367,3.140698293963367
-2.702182240189271,-2.702182240189271
2.711717483515437,2.711717483515437
2.072774809290786,2.072774809290786
1.0950089973094959,1.0950089973094959
