,theta_x,theta_y
0,1.1187038360129555,1.1187038360129555
1,1.1134252608692516,1.1134252608692516
2,-3.141592653589793,-3.141592653589793
3,1.1228935821499344,1.1228935821499344
4,1.1437693324404168,1.1437693324404168
5,1.1572892317288241,1.1572892317288241
6,1.1786298402397837,1.1786298402397837
