,theta_x,theta_y
0,1.5846343114168884,1.5846343114168884
1,-0.5278090292860559,-0.5278090292860559
2,0.1599317734689734,0.1599317734689734
