,theta_x,theta_y
0,1.7625829334253682,1.7625829334253682
1,-2.7761866581371826,-2.7761866581371826
2,-2.9215301996903404,-2.9215301996903404
3,0.6128013955243424,0.6128013955243424
4,2.7793842253182266,2.7793842253182266
5,-3.141592653589793,-3.141592653589793
