,theta_x,theta_y
0,-2.8642455636095687,-2.8642455636095687
1,-0.22949587885900774,-0.22949587885900774
2,1.8819404857888795,1.8819404857888795
