theta_x,theta_y
-2.8642455636095687,-2.8642455636095687
-0.22949587885900774,-0.22949587885900774
1.8819404857888795,1.8819404857888795
