,theta_x,theta_y
0,-2.6684147346888833,-2.6684147346888833
1,-1.468960360157651,-1.468960360157651
2,1.7062933441135875,1.7062933441135875
