theta_x,theta_y
-0.826893243528284,-0.826893243528284
-2.0325222681817885,-2.0325222681817885
-1.991787225856952,-1.991787225856952
-1.9393012444242754,-1.9393012444242754
3.141592653589793,3.141592653589793
-0.4387276453863145,-0.4387276453863145
0.98272002561437,0.98272002561437
-1.9697262444396162,-1.9697262444396162
1.2416404558258711,1.2416404558258711
-2.761685097579599,-2.761685097579599
