,theta_x,theta_y
0,-0.056291919223285594,-0.056291919223285594
1,2.04838736776352,2.04838736776352
2,-0.17857473571870958,-0.17857473571870958
3,-0.49262371177589026,-0.49262371177589026
4,-1.908623547541623,-1.908623547541623
5,-0.28107947496727265,-0.28107947496727265
6,-0.32839838996400955,-0.32839838996400955
