theta_x,theta_y
3.139924500009608,3.139924500009608
-3.141592653589793,-3.141592653589793
1.4846082003373653,1.4846082003373653
-3.141592653589793,-3.141592653589793
-2.509569693738831,-2.509569693738831
3.110185625267907,3.110185625267907
3.141592653589793,3.141592653589793
3.0168378868928887,3.0168378868928887
-2.9064390730613363,-2.9064390730613363
