theta_x,theta_y
1.8037336085598195,1.8037336085598195
1.5924077959938616,1.5924077959938616
0.07013954518019443,0.07013954518019443
-1.0440386570568392,-1.0440386570568392
-3.0980386786249325,-3.0980386786249325
-0.33054087721567277,-0.33054087721567277
-0.46967380925678764,-0.46967380925678764
