,theta_x,theta_y
0,0.8379266675005795,0.8379266675005795
1,0.0025212392358596736,0.0025212392358596736
2,0.7144470420288229,0.7144470420288229
3,-1.6174178125034557,-1.6174178125034557
4,-0.35864861961200545,-0.35864861961200545
5,-0.5029181051554783,-0.5029181051554783
6,1.5140585297283555,1.5140585297283555
7,-1.5527518927832318,-1.5527518927832318
