,theta_x,theta_y
0,-0.011812254108709133,-0.011812254108709133
1,-0.8299138839901635,-0.8299138839901635
2,-1.0001896537811439,-1.0001896537811439
3,-0.9730650352700176,-0.9730650352700176
4,3.141592653589793,3.141592653589793
5,0.14827689882572426,0.14827689882572426
