,theta_x,theta_y
0,2.1387102403500924,2.1387102403500924
1,-0.008086736475139376,-0.008086736475139376
2,-0.26270088849075657,-0.26270088849075657
3,0.6154018109568883,0.6154018109568883
4,0.04600208903886932,0.04600208903886932
5,3.129750318272575,3.129750318272575
6,3.141592653589793,3.141592653589793
7,3.141592653589793,3.141592653589793
8,-2.6837398024045798,-2.6837398024045798
9,0.8420816857238528,0.8420816857238528
