theta_x,theta_y
2.254994714824147,2.254994714824147
0.5410913101178185,0.5410913101178185
2.4785829845048157,2.4785829845048157
