,theta_x,theta_y
0,-0.9779533735634831,-0.9779533735634831
1,3.1329681826013815,3.1329681826013815
2,-1.2999736719742658,-1.2999736719742658
3,2.175971344865546,2.175971344865546
4,2.1872667526607046,2.1872667526607046
5,-0.2682469551257671,-0.2682469551257671
6,-0.4617625315760815,-0.4617625315760815
7,-1.2579955345350158,-1.2579955345350158
