theta_x,theta_y
-0.4575694495559864,-0.4575694495559864
3.141592653589793,3.141592653589793
-0.3087729816756763,-0.3087729816756763
3.141592653589793,3.141592653589793
-0.4026722192044662,-0.4026722192044662
-0.5152366335574469,-0.5152366335574469
-0.7153587108834485,-0.7153587108834485
-0.8478577662288884,-0.8478577662288884
