,theta_x,theta_y
0,3.141592653589793,3.141592653589793
1,1.9952518499454832,1.9952518499454832
2,1.3876055915840158,1.3876055915840158
3,0.35986495875897573,0.35986495875897573
4,-1.528113098969306,-1.528113098969306
5,-2.9759478591174635,-2.9759478591174635
6,-3.141592653589793,-3.141592653589793
7,-3.141592653589793,-3.141592653589793
8,-3.141592653589793,-3.141592653589793
