theta_x,theta_y
-1.8044011406365923,-1.8044011406365923
3.141592653589793,3.141592653589793
1.5304777547877992,1.5304777547877992
-0.2258403830516638,-0.2258403830516638
-2.068596719993943,-2.068596719993943
3.0997851928432376,3.0997851928432376
