theta_x,theta_y
-1.2355227722617617,-1.2355227722617617
2.9126253996133777,2.9126253996133777
0.12003306127532112,0.12003306127532112
0.09640502329104299,0.09640502329104299
0.8824572608884993,0.8824572608884993
