theta_x,theta_y
2.2711162460666574,2.2711162460666574
0.9184751898349157,0.9184751898349157
2.2318174215425857,2.2318174215425857
-3.0829524950676466,-3.0829524950676466
1.191193628174631,1.191193628174631
-0.4272050808014276,-0.4272050808014276
1.8809648659641136,1.8809648659641136
-2.7333823790640577,-2.7333823790640577
1.9438435701916499,1.9438435701916499
