theta_x,theta_y
3.141592653589793,3.141592653589793
-1.3992351132816179,-1.3992351132816179
-1.6388882791498196,-1.6388882791498196
-1.8608666173085586,-1.8608666173085586
3.141592653589793,3.141592653589793
3.141592653589793,3.141592653589793
3.141592653589793,3.141592653589793
3.141592653589793,3.141592653589793
-3.141592653589793,-3.141592653589793
