,theta_x,theta_y
0,3.141592653589793,3.141592653589793
1,-1.3992351132816179,-1.3992351132816179
2,-1.6388882791498196,-1.6388882791498196
3,-1.8608666173085586,-1.8608666173085586
4,3.141592653589793,3.141592653589793
5,3.141592653589793,3.141592653589793
6,3.141592653589793,3.141592653589793
7,3.141592653589793,3.141592653589793
8,-3.141592653589793,-3.141592653589793
