,theta_x,theta_y
0,1.7467726817386635,1.7467726817386635
1,-2.458246731329092,-2.458246731329092
2,0.623687672408684,0.623687672408684
3,0.48083445517152246,0.48083445517152246
4,-0.03247316078764375,-0.03247316078764375
5,1.8089241272290544,1.8089241272290544
6,0.70560001694371,0.70560001694371
7,3.07981801501676,3.07981801501676
