theta_x,theta_y
-1.5366845591448717,-1.5366845591448717
3.141592653589793,3.141592653589793
3.141592653589793,3.141592653589793
-1.4935427212017958,-1.4935427212017958
-1.5507465968783891,-1.5507465968783891
3.141592653589793,3.141592653589793
-1.6095134448177373,-1.6095134448177373
