,theta_x,theta_y
0,-1.5366845591448717,-1.5366845591448717
1,3.141592653589793,3.141592653589793
2,3.141592653589793,3.141592653589793
3,-1.4935427212017958,-1.4935427212017958
4,-1.5507465968783891,-1.5507465968783891
5,3.141592653589793,3.141592653589793
6,-1.6095134448177373,-1.6095134448177373
