theta_x,theta_y
2.06182474921669,2.06182474921669
2.7465234451224787,2.7465234451224787
-3.1085605728975048,-3.1085605728975048
2.5898629440883827,2.5898629440883827
-2.2983644384638904,-2.2983644384638904
0.3982017838426746,0.3982017838426746
3.061358806115292,3.061358806115292
0.12055981406955331,0.12055981406955331
2.538352101008909,2.538352101008909
-3.141592653589793,-3.141592653589793
