,theta_x,theta_y
0,-3.141592653589793,-3.141592653589793
1,-1.486493179673094,-1.486493179673094
2,2.766878623511116,2.766878623511116
3,-2.934364742950418,-2.934364742950418
4,2.1379165119748738,2.1379165119748738
5,2.876272370766634,2.876272370766634
