theta_x,theta_y
2.819083679239177,2.819083679239177
1.7558055132018011,1.7558055132018011
1.2631465501032784,1.2631465501032784
0.6479902626454986,0.6479902626454986
1.0199637459505526,1.0199637459505526
