,theta_x,theta_y
0,2.819083679239177,2.819083679239177
1,1.7558055132018011,1.7558055132018011
2,1.2631465501032784,1.2631465501032784
3,0.6479902626454986,0.6479902626454986
4,1.0199637459505526,1.0199637459505526
