,theta_x,theta_y
0,-3.141592653589793,-3.141592653589793
1,-1.084361434404547,-1.084361434404547
2,1.2687393444148687,1.2687393444148687
