,theta_x,theta_y
0,2.3788933050333294,2.3788933050333294
1,-1.3726786324683602,-1.3726786324683602
2,0.6172317142773881,0.6172317142773881
3,1.3353697544183722,1.3353697544183722
4,-0.4560234979682304,-0.4560234979682304
5,3.013972641440888,3.013972641440888
6,1.0853803272945506,1.0853803272945506
7,1.9772211540432312,1.9772211540432312
8,-2.033900670532974,-2.033900670532974
