,theta_x,theta_y
0,-3.141592653589793,-3.141592653589793
1,3.141592653589793,3.141592653589793
2,-3.0483001707878645,-3.0483001707878645
