,theta_x,theta_y
0,-2.7199706653082343,-2.7199706653082343
1,-1.3068291407222006,-1.3068291407222006
2,1.6802650727975421,1.6802650727975421
