,theta_x,theta_y
0,-3.054522176745638,-3.054522176745638
1,-0.8625061632062895,-0.8625061632062895
2,1.6817850496773712,1.6817850496773712
3,-3.141592653589793,-3.141592653589793
4,1.5943048528713881,1.5943048528713881
5,1.197683193343297,1.197683193343297
6,-3.141592653589793,-3.141592653589793
7,-3.141592653589793,-3.141592653589793
