theta_x,theta_y
-0.4852794537564168,-0.4852794537564168
-1.3828300454210414,-1.3828300454210414
-1.203769131042541,-1.203769131042541
-0.8649547490825491,-0.8649547490825491
3.1384923794199673,3.1384923794199673
