theta_x,theta_y
3.141592653589793,3.141592653589793
2.755415808804038,2.755415808804038
2.702342976015072,2.702342976015072
-0.60463007614315,-0.60463007614315
0.9385999456155046,0.9385999456155046
2.438478888009913,2.438478888009913
-3.112371874701196,-3.112371874701196
