theta_x,theta_y
0.9030874883196948,0.9030874883196948
3.141592653589793,3.141592653589793
-3.141592653589793,-3.141592653589793
0.9218769631064744,0.9218769631064744
-0.994119075781946,-0.994119075781946
0.661123762906972,0.661123762906972
