,theta_x,theta_y
0,-0.8873401858195771,-0.8873401858195771
1,3.141592653589793,3.141592653589793
2,0.37959438340810875,0.37959438340810875
3,-0.9612837852078856,-0.9612837852078856
4,-1.5420999330562912,-1.5420999330562912
5,3.141592653589793,3.141592653589793
6,-2.4192027382694903,-2.4192027382694903
7,2.375360869282066,2.375360869282066
8,1.1568907256524084,1.1568907256524084
9,-1.228626282412215,-1.228626282412215
