,theta_x,theta_y
0,1.0347681406491276,1.0347681406491276
1,0.6404373426733649,0.6404373426733649
2,0.5541243649965019,0.5541243649965019
3,-1.914466279952343,-1.914466279952343
4,-0.40650926518107205,-0.40650926518107205
5,0.12988105569722258,0.12988105569722258
6,-0.7718884899892383,-0.7718884899892383
7,-1.207781573291252,-1.207781573291252
8,-0.5918705934507875,-0.5918705934507875
9,-0.16265921484786988,-0.16265921484786988
