,theta_x,theta_y
0,-0.436705692975458,-0.436705692975458
1,3.1061343977040186,3.1061343977040186
2,-0.6747042958135704,-0.6747042958135704
3,1.9015281597668212,1.9015281597668212
4,1.544514425461918,1.544514425461918
5,0.0016451306901340253,0.0016451306901340253
6,-0.12945289794299164,-0.12945289794299164
7,-0.7253020585712097,-0.7253020585712097
8,-1.918721708892273,-1.918721708892273
