,theta_x,theta_y
0,0.06551778194158767,0.06551778194158767
1,1.8314882765792537,1.8314882765792537
2,3.141592653589793,3.141592653589793
