,theta_x,theta_y
0,-0.2978280700163973,-0.2978280700163973
1,-1.2184951185317483,-1.2184951185317483
2,-0.04298737134042685,-0.04298737134042685
3,-1.8721671891422054,-1.8721671891422054
4,-1.1953767588888669,-1.1953767588888669
5,-0.92537722020355,-0.92537722020355
