,theta_x,theta_y
0,-2.7944417320644277,-2.7944417320644277
1,-1.3113081458194178,-1.3113081458194178
2,1.688497082450002,1.688497082450002
3,0.8971126402525709,0.8971126402525709
