,theta_x,theta_y
0,-3.141592653589793,-3.141592653589793
1,-0.43203934155662616,-0.43203934155662616
