theta_x,theta_y
-3.141592653589793,-3.141592653589793
-0.43203934155662616,-0.43203934155662616
