,theta_x,theta_y
0,1.5782859624482612,1.5782859624482612
1,2.9437878026668614,2.9437878026668614
2,-2.6254561742413864,-2.6254561742413864
