,theta_x,theta_y
0,-0.9989035073086029,-0.9989035073086029
1,-0.9511288817858373,-0.9511288817858373
2,-2.0988109757310696,-2.0988109757310696
3,-3.141592653589793,-3.141592653589793
