theta_x,theta_y
-3.141592653589793,-3.141592653589793
2.87195062877993,2.87195062877993
-3.141592653589793,-3.141592653589793
2.976061306862541,2.976061306862541
3.023771214578542,3.023771214578542
