theta_x,theta_y
1.164654197586075,1.164654197586075
2.2234853846182148,2.2234853846182148
0.20447606351783032,0.20447606351783032
-2.097569115383969,-2.097569115383969
-1.8891669830294373,-1.8891669830294373
