,theta_x,theta_y
0,-0.08553983248612013,-0.08553983248612013
1,-0.6996125978149763,-0.6996125978149763
2,-1.5252105594105063,-1.5252105594105063
3,-1.9660340484803098,-1.9660340484803098
4,3.141592653589793,3.141592653589793
