,theta_x,theta_y
0,-0.2439050227752188,-0.2439050227752188
1,-2.126155996917757,-2.126155996917757
2,-0.1356154507301287,-0.1356154507301287
3,-1.9298363983360685,-1.9298363983360685
4,-1.455371519072642,-1.455371519072642
5,-1.7376597516427132,-1.7376597516427132
6,-1.0132311970384047,-1.0132311970384047
7,-0.3288580719069968,-0.3288580719069968
