,theta_x,theta_y
0,-1.71669260038507,-1.71669260038507
1,-0.9400419055200464,-0.9400419055200464
2,1.8098331169079866,1.8098331169079866
3,-2.25128336336514,-2.25128336336514
