,theta_x,theta_y
0,3.0662449336460798,3.0662449336460798
1,0.3832230954145799,0.3832230954145799
2,3.141592653589793,3.141592653589793
3,-3.141592653589793,-3.141592653589793
4,1.6375814234306327,1.6375814234306327
