,theta_x,theta_y
0,-0.538309129427119,-0.538309129427119
1,3.141592653589793,3.141592653589793
2,-2.9811044383667182,-2.9811044383667182
3,1.414175923429653,1.414175923429653
4,-3.141592653589793,-3.141592653589793
5,0.9255154135138084,0.9255154135138084
