theta_x,theta_y
2.0361036530120535,2.0361036530120535
0.4486040911290323,0.4486040911290323
-0.20721900608843422,-0.20721900608843422
-1.0313530917000262,-1.0313530917000262
3.141592653589793,3.141592653589793
2.1805104799429658,2.1805104799429658
1.511834095730168,1.511834095730168
-0.5254824180054104,-0.5254824180054104
1.0268256034046293,1.0268256034046293
-1.1268986200733975,-1.1268986200733975
