,theta_x,theta_y
0,-0.2865294784378155,-0.2865294784378155
1,3.090784354456407,3.090784354456407
2,-3.0464345650511127,-3.0464345650511127
3,1.8589195789134063,1.8589195789134063
4,-1.4935686754726138,-1.4935686754726138
5,0.07515159227374209,0.07515159227374209
6,2.2991969722409222,2.2991969722409222
