theta_x,theta_y
-2.295012077623503,-2.295012077623503
2.129132182816191,2.129132182816191
-2.9946476313302055,-2.9946476313302055
3.0023067547327815,3.0023067547327815
1.6764854953555521,1.6764854953555521
0.3883066702902971,0.3883066702902971
1.0341463403127884,1.0341463403127884
0.29010619415836925,0.29010619415836925
