,theta_x,theta_y
0,0.06353045830338166,0.06353045830338166
1,0.9449041939835479,0.9449041939835479
2,-0.680145709099983,-0.680145709099983
3,-0.849088247573913,-0.849088247573913
4,-1.5156409733783114,-1.5156409733783114
5,-0.583469193113466,-0.583469193113466
6,-0.20934352858179198,-0.20934352858179198
