,theta_x,theta_y
0,-1.357827151410576,-1.357827151410576
1,3.141592653589793,3.141592653589793
2,-1.9238291744266771,-1.9238291744266771
3,2.5842901921804255,2.5842901921804255
4,2.5395721908539812,2.5395721908539812
5,-0.3427246102437755,-0.3427246102437755
6,-1.208633042579104,-1.208633042579104
