theta_x,theta_y
-3.141592653589793,-3.141592653589793
1.9604412840768943,1.9604412840768943
-3.141592653589793,-3.141592653589793
2.647096993214724,2.647096993214724
