theta_x,theta_y
1.3086837914774117,1.3086837914774117
