,theta_x,theta_y
0,2.04811447160208,2.04811447160208
1,-1.814535784101744,-1.814535784101744
2,1.5657383085606469,1.5657383085606469
3,1.7460613068259772,1.7460613068259772
4,1.555043431260969,1.555043431260969
5,1.7558083282339885,1.7558083282339885
6,1.6686896469504908,1.6686896469504908
7,1.9077464249956468,1.9077464249956468
8,-3.141592653589793,-3.141592653589793
