,theta_x,theta_y
0,-0.4670942681235091,-0.4670942681235091
1,-0.5496055511481525,-0.5496055511481525
2,-0.6364767903893196,-0.6364767903893196
3,-0.7212369451736831,-0.7212369451736831
