theta_x,theta_y
1.314638853495469,1.314638853495469
2.934754184001845,2.934754184001845
2.134826797330431,2.134826797330431
-1.7095793367198036,-1.7095793367198036
-1.3590442478360614,-1.3590442478360614
2.676172305026852,2.676172305026852
-3.141592653589793,-3.141592653589793
2.2104031087304716,2.2104031087304716
1.9930954475709295,1.9930954475709295
0.36972706701238256,0.36972706701238256
