,theta_x,theta_y
0,-0.34271712247799296,-0.34271712247799296
1,2.8629599882665513,2.8629599882665513
2,-1.1623009569495282,-1.1623009569495282
3,2.5381952313092557,2.5381952313092557
4,0.07620074243455267,0.07620074243455267
5,-0.7440731300935166,-0.7440731300935166
6,1.8088884376600707,1.8088884376600707
7,-1.0621890747728193,-1.0621890747728193
8,-0.9695096699327989,-0.9695096699327989
