theta_x,theta_y
-0.050562736228400684,-0.050562736228400684
3.141592653589793,3.141592653589793
-2.487462725778937,-2.487462725778937
2.292337886905798,2.292337886905798
-1.3593503684094996,-1.3593503684094996
0.8428564737995381,0.8428564737995381
2.0666490177689507,2.0666490177689507
0.2825292804022603,0.2825292804022603
0.3328624639368846,0.3328624639368846
