,theta_x,theta_y
0,0.5673761974054863,0.5673761974054863
1,2.0197215536067903,2.0197215536067903
2,0.4308413826167107,0.4308413826167107
3,0.5449992892846983,0.5449992892846983
4,0.4102270286793256,0.4102270286793256
5,0.06749392607723206,0.06749392607723206
6,0.044274255687486705,0.044274255687486705
7,0.014672403252669816,0.014672403252669816
8,-1.1828836209464295,-1.1828836209464295
9,0.13794976409486573,0.13794976409486573
