theta_x,theta_y
-2.3247336764964124,-2.3247336764964124
1.9870738356598088,1.9870738356598088
-3.141592653589793,-3.141592653589793
1.4583923778501084,1.4583923778501084
1.7508288586983334,1.7508288586983334
-2.5587041726651685,-2.5587041726651685
0.38712568912430995,0.38712568912430995
0.6364467115045789,0.6364467115045789
