,theta_x,theta_y
0,2.0577818075062106,2.0577818075062106
1,1.737025591571687,1.737025591571687
2,-0.003083709809695019,-0.003083709809695019
3,-1.3218039240581068,-1.3218039240581068
4,-2.8206669416406176,-2.8206669416406176
5,-1.0014283086669775,-1.0014283086669775
6,-1.0290429894859694,-1.0290429894859694
