,theta_x,theta_y
0,2.323228072250769,2.323228072250769
1,0.42590633170534486,0.42590633170534486
2,2.250137590591919,2.250137590591919
3,-3.141592653589793,-3.141592653589793
4,0.8484959635676792,0.8484959635676792
5,-0.15520568209957947,-0.15520568209957947
6,1.391531382402178,1.391531382402178
7,-2.2954528945929855,-2.2954528945929855
8,1.7804118880113127,1.7804118880113127
