theta_x,theta_y
1.2149270143260185,1.2149270143260185
3.141592653589793,3.141592653589793
-2.965899987801569,-2.965899987801569
2.358833736551983,2.358833736551983
-1.829814587492844,-1.829814587492844
0.15864694343195376,0.15864694343195376
2.4058079766889278,2.4058079766889278
