,theta_x,theta_y
0,1.0194570384438433,1.0194570384438433
1,-0.7397585880239003,-0.7397585880239003
2,1.4892684611173883,1.4892684611173883
3,0.20853144995605657,0.20853144995605657
4,0.533754457726304,0.533754457726304
5,0.4838513044953756,0.4838513044953756
6,1.7495628951103863,1.7495628951103863
7,2.257461694773172,2.257461694773172
