,theta_x,theta_y
0,-1.1293438484426384,-1.1293438484426384
1,-1.247960729653073,-1.247960729653073
2,3.141592653589793,3.141592653589793
3,-1.9283172901927568,-1.9283172901927568
4,-2.0787612678407106,-2.0787612678407106
5,-1.863621647939329,-1.863621647939329
6,-2.6235136504031256,-2.6235136504031256
