theta_x,theta_y
-2.6899474687001037,-2.6899474687001037
-3.141592653589793,-3.141592653589793
1.8812178839440248,1.8812178839440248
-3.141592653589793,-3.141592653589793
-3.141592653589793,-3.141592653589793
-3.141592653589793,-3.141592653589793
-3.141592653589793,-3.141592653589793
-1.3539970585379613,-1.3539970585379613
