,theta_x,theta_y
0,-3.1295918075432088,-3.1295918075432088
1,-0.49399202007511533,-0.49399202007511533
