,theta_x,theta_y
0,-1.3953782544737474,-1.3953782544737474
1,3.141592653589793,3.141592653589793
2,-2.230071817384717,-2.230071817384717
3,2.9471664052955027,2.9471664052955027
4,2.2736855595549574,2.2736855595549574
