,theta_x,theta_y
0,1.0762580447383416,1.0762580447383416
1,1.4120716060385035,1.4120716060385035
2,0.9151107380547353,0.9151107380547353
3,1.2807142416430408,1.2807142416430408
4,0.9827792883177647,0.9827792883177647
5,1.0899053052828027,1.0899053052828027
