theta_x,theta_y
-1.028925881228562,-1.028925881228562
-2.259005837247367,-2.259005837247367
3.043270885257584,3.043270885257584
-2.6761548156008397,-2.6761548156008397
1.5371897839225939,1.5371897839225939
2.2767275406935976,2.2767275406935976
-1.6466692070752023,-1.6466692070752023
-2.8958313015360475,-2.8958313015360475
-3.141592653589793,-3.141592653589793
2.27901071438591,2.27901071438591
