,theta_x,theta_y
0,-2.742086547166161,-2.742086547166161
1,2.330828211056165,2.330828211056165
2,-3.141592653589793,-3.141592653589793
3,2.789523542964895,2.789523542964895
4,1.6813297681190524,1.6813297681190524
5,0.7532473910395503,0.7532473910395503
6,0.6660742877559339,0.6660742877559339
7,-2.687611653361621,-2.687611653361621
8,-3.141592653589793,-3.141592653589793
