theta_x,theta_y
-0.49075003284877533,-0.49075003284877533
-1.8007733302864564,-1.8007733302864564
3.141592653589793,3.141592653589793
-2.6567823454680397,-2.6567823454680397
1.9577855559422144,1.9577855559422144
0.9008497616928386,0.9008497616928386
-1.6903668764447446,-1.6903668764447446
-3.141592653589793,-3.141592653589793
1.4274313975084052,1.4274313975084052
