theta_x,theta_y
-3.141592653589793,-3.141592653589793
2.509891126684343,2.509891126684343
