,theta_x,theta_y
0,1.6826056287867588,1.6826056287867588
1,0.7914367274110949,0.7914367274110949
2,1.9560897710647511,1.9560897710647511
3,-2.503369273505044,-2.503369273505044
4,1.2922630072009387,1.2922630072009387
5,-0.493730251463837,-0.493730251463837
