,theta_x,theta_y
0,3.141592653589793,3.141592653589793
1,-0.8689996520033656,-0.8689996520033656
2,3.141592653589793,3.141592653589793
3,-0.8703342088927902,-0.8703342088927902
4,-0.9378023657733787,-0.9378023657733787
5,-1.0049878531173224,-1.0049878531173224
6,3.141592653589793,3.141592653589793
7,-1.0158860435895687,-1.0158860435895687
8,3.141592653589793,3.141592653589793
