,theta_x,theta_y
0,2.991610938215682,2.991610938215682
1,-1.656161905043472,-1.656161905043472
2,0.24220590877867473,0.24220590877867473
3,2.22892645633428,2.22892645633428
4,1.4291571399116925,1.4291571399116925
5,3.1090985264944604,3.1090985264944604
6,2.6074645956793607,2.6074645956793607
7,2.8561548489429707,2.8561548489429707
8,-2.880891796495634,-2.880891796495634
