,theta_x,theta_y
0,2.14642016735656,2.14642016735656
1,0.6621760940352097,0.6621760940352097
2,1.9591346607228195,1.9591346607228195
3,-2.518608237087621,-2.518608237087621
4,0.12414785921439747,0.12414785921439747
