theta_x,theta_y
2.14642016735656,2.14642016735656
0.6621760940352097,0.6621760940352097
1.9591346607228195,1.9591346607228195
-2.518608237087621,-2.518608237087621
0.12414785921439747,0.12414785921439747
