,theta_x,theta_y
0,2.2071121893227215,2.2071121893227215
1,2.1898311525765726,2.1898311525765726
2,-3.141592653589793,-3.141592653589793
3,2.1488363144435714,2.1488363144435714
4,-3.141592653589793,-3.141592653589793
