theta_x,theta_y
2.0320829514878116,2.0320829514878116
-0.08745202770008773,-0.08745202770008773
1.793000683018129,1.793000683018129
1.77448396835493,1.77448396835493
1.465341796326898,1.465341796326898
