,theta_x,theta_y
0,1.616572537034061,1.616572537034061
1,1.5533796043596972,1.5533796043596972
2,0.21240749462228456,0.21240749462228456
3,-1.052125539442328,-1.052125539442328
4,-2.9533018055414804,-2.9533018055414804
5,-0.3503620289666933,-0.3503620289666933
6,-0.268998231152484,-0.268998231152484
7,-2.868961813945751,-2.868961813945751
8,-3.011368491279929,-3.011368491279929
