theta_x,theta_y
-3.141592653589793,-3.141592653589793
-3.141592653589793,-3.141592653589793
-2.312455903788414,-2.312455903788414
3.141592653589793,3.141592653589793
