,theta_x,theta_y
0,1.3451350030823317,1.3451350030823317
1,2.7732368789357786,2.7732368789357786
2,1.186375913440515,1.186375913440515
3,0.48604839530799004,0.48604839530799004
4,0.23804511476917808,0.23804511476917808
5,1.674038543722193,1.674038543722193
6,-3.141592653589793,-3.141592653589793
