,theta_x,theta_y
0,2.6680058043192054,2.6680058043192054
