theta_x,theta_y
2.6680058043192054,2.6680058043192054
