,theta_x,theta_y
0,0.5775227175538641,0.5775227175538641
1,1.4405942335841435,1.4405942335841435
2,0.906386564157744,0.906386564157744
3,-1.1391414213929232,-1.1391414213929232
4,-0.6492093926811405,-0.6492093926811405
5,1.2440465731297767,1.2440465731297767
6,-2.717543014360951,-2.717543014360951
7,1.5574590722366692,1.5574590722366692
8,2.0812144415399745,2.0812144415399745
9,-0.3777448107703602,-0.3777448107703602
