,theta_x,theta_y
0,2.1242208947493344,2.1242208947493344
1,-1.7257854920979763,-1.7257854920979763
2,-3.141592653589793,-3.141592653589793
3,-3.141592653589793,-3.141592653589793
4,2.4509133043162623,2.4509133043162623
5,2.7050533169071533,2.7050533169071533
6,1.8824984829424118,1.8824984829424118
7,2.268433192393455,2.268433192393455
8,0.0748912233058825,0.0748912233058825
9,3.1303516508777336,3.1303516508777336
