,theta_x,theta_y
0,1.5510491181112465,1.5510491181112465
1,-1.0392219750030345,-1.0392219750030345
2,1.226152236620724,1.226152236620724
3,1.2061490461554378,1.2061490461554378
4,-0.575661826474157,-0.575661826474157
5,3.141592653589793,3.141592653589793
6,2.0017634527773764,2.0017634527773764
7,-0.9079282505746767,-0.9079282505746767
