theta_x,theta_y
-2.4998533253449904,-2.4998533253449904
-3.141592653589793,-3.141592653589793
3.141592653589793,3.141592653589793
-1.0000224059516576,-1.0000224059516576
