theta_x,theta_y
1.3391107685718269,1.3391107685718269
1.089442520854341,1.089442520854341
1.28224956416893,1.28224956416893
1.2918801585823365,1.2918801585823365
1.2267868407038067,1.2267868407038067
1.1094678466675616,1.1094678466675616
0.9782436454893421,0.9782436454893421
0.9448141250985886,0.9448141250985886
