theta_x,theta_y
-0.3360954378042973,-0.3360954378042973
-0.47830375364062305,-0.47830375364062305
-1.291529787748525,-1.291529787748525
