,theta_x,theta_y
0,-1.434892422429462,-1.434892422429462
1,3.111728387183298,3.111728387183298
2,-1.4893146880731702,-1.4893146880731702
