,theta_x,theta_y
0,2.353057339523585,2.353057339523585
1,-2.594890903243803,-2.594890903243803
2,0.9883090654031944,0.9883090654031944
3,0.8491790136188206,0.8491790136188206
