theta_x,theta_y
1.0908764938505835,1.0908764938505835
-1.5902879191049215,-1.5902879191049215
-2.6815055256853304,-2.6815055256853304
-3.0913722667739543,-3.0913722667739543
2.293594784021343,2.293594784021343
2.3057805182859616,2.3057805182859616
1.1688341518871177,1.1688341518871177
1.2388642792609592,1.2388642792609592
