,theta_x,theta_y
0,0.8592678845109019,0.8592678845109019
1,1.3048004981814498,1.3048004981814498
2,0.7808279249400857,0.7808279249400857
3,-3.0628834088019516,-3.0628834088019516
4,0.6216235867069596,0.6216235867069596
5,1.7333174196093106,1.7333174196093106
6,0.6226492723235469,0.6226492723235469
7,-1.2920041713987547,-1.2920041713987547
