,theta_x,theta_y
0,1.2247094990698921,1.2247094990698921
1,0.6367727248212552,0.6367727248212552
