,theta_x,theta_y
0,-0.9180562118398423,-0.9180562118398423
1,-1.0919400967552706,-1.0919400967552706
2,-1.0079317110829449,-1.0079317110829449
3,-1.0545404878730158,-1.0545404878730158
4,3.141592653589793,3.141592653589793
5,3.141592653589793,3.141592653589793
6,-1.6414112427330865,-1.6414112427330865
7,-0.5891299059622412,-0.5891299059622412
8,-2.0919852675443567,-2.0919852675443567
