,theta_x,theta_y
0,0.8795307663491275,0.8795307663491275
1,1.028048766000971,1.028048766000971
2,0.019538539757711935,0.019538539757711935
3,-0.5803753640137777,-0.5803753640137777
4,-2.627826282959659,-2.627826282959659
