,theta_x,theta_y
0,-2.8548767276830125,-2.8548767276830125
1,-2.371529459276119,-2.371529459276119
2,2.417083060891971,2.417083060891971
3,0.5571737804380429,0.5571737804380429
4,-2.68286747308157,-2.68286747308157
5,-1.0917864460780864,-1.0917864460780864
6,0.06684590600351192,0.06684590600351192
