theta_x,theta_y
2.728377493624903,2.728377493624903
3.141592653589793,3.141592653589793
3.141592653589793,3.141592653589793
