,theta_x,theta_y
0,2.728377493624903,2.728377493624903
1,3.141592653589793,3.141592653589793
2,3.141592653589793,3.141592653589793
