theta_x,theta_y
3.141592653589793,3.141592653589793
-0.3037833548176282,-0.3037833548176282
3.141592653589793,3.141592653589793
