theta_x,theta_y
1.0483671292636327,1.0483671292636327
-1.7707932854102428,-1.7707932854102428
-2.544279445562916,-2.544279445562916
-2.874995181548433,-2.874995181548433
2.1167463622170777,2.1167463622170777
2.1327094290246147,2.1327094290246147
0.9728036267978164,0.9728036267978164
