,theta_x,theta_y
0,1.0483671292636327,1.0483671292636327
1,-1.7707932854102428,-1.7707932854102428
2,-2.544279445562916,-2.544279445562916
3,-2.874995181548433,-2.874995181548433
4,2.1167463622170777,2.1167463622170777
5,2.1327094290246147,2.1327094290246147
6,0.9728036267978164,0.9728036267978164
