theta_x,theta_y
-3.141592653589793,-3.141592653589793
-3.141592653589793,-3.141592653589793
1.2477450070545708,1.2477450070545708
-3.141592653589793,-3.141592653589793
1.3001708302018586,1.3001708302018586
1.695843912320257,1.695843912320257
-3.141592653589793,-3.141592653589793
-3.141592653589793,-3.141592653589793
-2.890894624873569,-2.890894624873569
1.583191947480727,1.583191947480727
