,theta_x,theta_y
0,0.9423080738229703,0.9423080738229703
1,0.7955072022478412,0.7955072022478412
2,0.34512232596210946,0.34512232596210946
3,0.4506437303587027,0.4506437303587027
