,theta_x,theta_y
0,-0.4165524868397602,-0.4165524868397602
1,-1.1809107375871357,-1.1809107375871357
2,-0.4650607222628421,-0.4650607222628421
3,-0.5110853260852477,-0.5110853260852477
4,3.141592653589793,3.141592653589793
