,theta_x,theta_y
0,1.9197992833164568,1.9197992833164568
1,1.1296118100933448,1.1296118100933448
2,0.7776208914153134,0.7776208914153134
3,-1.403838755897967,-1.403838755897967
