,theta_x,theta_y
0,-3.141592653589793,-3.141592653589793
1,-3.141592653589793,-3.141592653589793
2,1.2429789395543869,1.2429789395543869
3,1.5929293219553584,1.5929293219553584
4,-3.141592653589793,-3.141592653589793
5,-3.141592653589793,-3.141592653589793
