,theta_x,theta_y
0,-1.7580872794581848,-1.7580872794581848
