theta_x,theta_y
-3.141592653589793,-3.141592653589793
-0.3307286782247449,-0.3307286782247449
0.8323033543416904,0.8323033543416904
-0.3981590926766521,-0.3981590926766521
