,theta_x,theta_y
0,0.004427807732944378,0.004427807732944378
1,0.5316540317110929,0.5316540317110929
2,-0.7253298218106082,-0.7253298218106082
3,-0.19370872077033724,-0.19370872077033724
4,-1.2633209012690005,-1.2633209012690005
5,-0.24475503026666118,-0.24475503026666118
6,-0.17475716278666695,-0.17475716278666695
7,-1.8543334331364192,-1.8543334331364192
8,-2.4133991687640073,-2.4133991687640073
9,1.8616573260870604,1.8616573260870604
