,theta_x,theta_y
0,0.04583514360291893,0.04583514360291893
1,-0.051384236719945006,-0.051384236719945006
2,2.4498666029223797,2.4498666029223797
3,-2.566904448478779,-2.566904448478779
4,-2.5857003535117267,-2.5857003535117267
5,-1.9017598524208965,-1.9017598524208965
