,theta_x,theta_y
0,1.1523268467437746,1.1523268467437746
1,0.8302327674100713,0.8302327674100713
2,0.7795988365868765,0.7795988365868765
3,0.5887633698755877,0.5887633698755877
4,1.1382095679442155,1.1382095679442155
5,0.4689862670116803,0.4689862670116803
6,0.44584981988283434,0.44584981988283434
7,0.3874678330463078,0.3874678330463078
