,theta_x,theta_y
0,3.141592653589793,3.141592653589793
1,-1.5550847409128605,-1.5550847409128605
2,-1.6245843377371278,-1.6245843377371278
3,3.141592653589793,3.141592653589793
4,-1.7475282057750452,-1.7475282057750452
