theta_x,theta_y
-3.141592653589793,-3.141592653589793
-3.141592653589793,-3.141592653589793
1.9791948094511966,1.9791948094511966
2.0847158509321138,2.0847158509321138
-3.141592653589793,-3.141592653589793
2.344520237124454,2.344520237124454
