,theta_x,theta_y
0,0.036708632382248405,0.036708632382248405
1,2.0183260551868547,2.0183260551868547
2,0.6946820139098072,0.6946820139098072
3,-1.474068608996333,-1.474068608996333
4,-1.1997007201811964,-1.1997007201811964
5,1.4104075770182392,1.4104075770182392
6,-1.9898564415262832,-1.9898564415262832
7,2.130886148268887,2.130886148268887
