,theta_x,theta_y
0,3.141592653589793,3.141592653589793
1,-0.8978153850034756,-0.8978153850034756
2,3.141592653589793,3.141592653589793
3,-1.097636627547207,-1.097636627547207
4,-1.3639427334169922,-1.3639427334169922
5,-2.583723897463713,-2.583723897463713
6,3.110403297734756,3.110403297734756
7,-3.122282788734175,-3.122282788734175
8,2.1288952944192387,2.1288952944192387
9,-1.1840731454882532,-1.1840731454882532
