,theta_x,theta_y
0,-2.5670980342170737,-2.5670980342170737
1,-2.726152673342478,-2.726152673342478
2,-2.649967799544225,-2.649967799544225
3,-1.6347589382011274,-1.6347589382011274
4,3.141592653589793,3.141592653589793
