,theta_x,theta_y
0,0.7777009271282966,0.7777009271282966
1,0.605650726372078,0.605650726372078
2,0.2373592108287792,0.2373592108287792
3,-0.0996932391380493,-0.0996932391380493
4,-3.0764252924093687,-3.0764252924093687
5,0.18231044348831502,0.18231044348831502
