theta_x,theta_y
0.7777009271282966,0.7777009271282966
0.605650726372078,0.605650726372078
0.2373592108287792,0.2373592108287792
-0.0996932391380493,-0.0996932391380493
-3.0764252924093687,-3.0764252924093687
0.18231044348831502,0.18231044348831502
