,theta_x,theta_y
0,-0.13080008193009468,-0.13080008193009468
1,-0.5413972331087272,-0.5413972331087272
2,-1.5763271430067483,-1.5763271430067483
