,theta_x,theta_y
0,3.141592653589793,3.141592653589793
1,-1.8361713441517715,-1.8361713441517715
2,-1.9895584576495873,-1.9895584576495873
3,3.141592653589793,3.141592653589793
4,3.141592653589793,3.141592653589793
5,3.141592653589793,3.141592653589793
6,3.141592653589793,3.141592653589793
7,2.875998330136834,2.875998330136834
