theta_x,theta_y
0.7980116088761464,0.7980116088761464
2.6607393795197254,2.6607393795197254
1.1515598978747839,1.1515598978747839
