,theta_x,theta_y
0,3.141592653589793,3.141592653589793
1,-3.1073665794797067,-3.1073665794797067
2,3.012863166578312,3.012863166578312
3,2.841766693307303,2.841766693307303
4,2.6619022693945684,2.6619022693945684
5,2.4722486845539673,2.4722486845539673
6,2.27271659578821,2.27271659578821
7,2.0621156374454297,2.0621156374454297
