,theta_x,theta_y
0,2.275040808614904,2.275040808614904
1,0.27365943623778044,0.27365943623778044
2,-0.8735009673932606,-0.8735009673932606
3,1.347286608814137,1.347286608814137
4,-0.17999710509315803,-0.17999710509315803
5,3.141592653589793,3.141592653589793
6,3.141592653589793,3.141592653589793
