,theta_x,theta_y
0,-2.1551100235808565,-2.1551100235808565
1,-1.165126297081632,-1.165126297081632
2,2.1654260849063522,2.1654260849063522
3,-2.4757482042395633,-2.4757482042395633
4,1.0903153616452703,1.0903153616452703
5,2.2281949197511546,2.2281949197511546
6,-2.6347504101323223,-2.6347504101323223
7,-2.0954714658543994,-2.0954714658543994
