,theta_x,theta_y
0,1.4135734546919154,1.4135734546919154
1,2.2520835684958596,2.2520835684958596
2,0.37148432231565764,0.37148432231565764
3,-0.3911952162581667,-0.3911952162581667
4,-0.04233563403932317,-0.04233563403932317
5,1.3709921844164763,1.3709921844164763
6,-3.141592653589793,-3.141592653589793
7,0.9055527566532047,0.9055527566532047
