,theta_x,theta_y
0,0.48209176687928296,0.48209176687928296
1,-1.6226566733718024,-1.6226566733718024
2,-2.5966064250755037,-2.5966064250755037
3,-2.967831212094079,-2.967831212094079
4,2.1038044731388026,2.1038044731388026
5,2.3545636941308654,2.3545636941308654
6,0.6864572127898481,0.6864572127898481
