theta_x,theta_y
1.1951167565079814,1.1951167565079814
-0.24828366529834184,-0.24828366529834184
0.13455988412046427,0.13455988412046427
1.4060959124418106,1.4060959124418106
