,theta_x,theta_y
0,-0.35819519281371365,-0.35819519281371365
1,3.141592653589793,3.141592653589793
2,-3.141592653589793,-3.141592653589793
3,1.9276401324476418,1.9276401324476418
4,-3.141592653589793,-3.141592653589793
5,-3.141592653589793,-3.141592653589793
6,-0.23788112932992572,-0.23788112932992572
7,-3.141592653589793,-3.141592653589793
