,theta_x,theta_y
0,2.4815569483215563,2.4815569483215563
1,1.8360107807389816,1.8360107807389816
2,0.14788408286240268,0.14788408286240268
3,-1.8115142743847568,-1.8115142743847568
