,theta_x,theta_y
0,2.3688844481070714,2.3688844481070714
1,0.2876946276558026,0.2876946276558026
2,2.618191587634123,2.618191587634123
3,-2.522666460885888,-2.522666460885888
4,0.5850138900796801,0.5850138900796801
5,-0.3448726206774225,-0.3448726206774225
6,1.363802374018105,1.363802374018105
7,-1.6461969149275306,-1.6461969149275306
