,theta_x,theta_y
0,1.3901097528073163,1.3901097528073163
1,1.2986420743044298,1.2986420743044298
2,1.1866596033064976,1.1866596033064976
3,1.0269355050315288,1.0269355050315288
4,-3.141592653589793,-3.141592653589793
5,1.0853477135220275,1.0853477135220275
6,1.0257855510162839,1.0257855510162839
7,-3.141592653589793,-3.141592653589793
8,-3.141592653589793,-3.141592653589793
9,0.9450437833465344,0.9450437833465344
