,theta_x,theta_y
0,3.141592653589793,3.141592653589793
1,-0.8567730529969311,-0.8567730529969311
2,3.141592653589793,3.141592653589793
3,-1.016834261857925,-1.016834261857925
4,-1.1223426102174976,-1.1223426102174976
5,-1.2105401061990764,-1.2105401061990764
