,theta_x,theta_y
0,-0.028534756921531228,-0.028534756921531228
1,-1.692004236099453,-1.692004236099453
2,-1.9330602701608,-1.9330602701608
3,-0.7223323306508489,-0.7223323306508489
4,-2.1916621032399264,-2.1916621032399264
5,-1.1134363000838081,-1.1134363000838081
