,theta_x,theta_y
0,-0.7402474702225907,-0.7402474702225907
1,3.141592653589793,3.141592653589793
2,-0.7572826098223342,-0.7572826098223342
3,3.141592653589793,3.141592653589793
4,-1.5446432955028142,-1.5446432955028142
5,-2.4315370129725173,-2.4315370129725173
6,-1.6009003492310543,-1.6009003492310543
