,theta_x,theta_y
0,1.7814192129982866,1.7814192129982866
1,1.489040303579838,1.489040303579838
2,1.3311551576914764,1.3311551576914764
3,0.15919972096178345,0.15919972096178345
4,-3.141592653589793,-3.141592653589793
5,0.9031404979583002,0.9031404979583002
