,theta_x,theta_y
0,3.141592653589793,3.141592653589793
1,-1.4747070796333266,-1.4747070796333266
2,-1.5576890906991476,-1.5576890906991476
3,3.141592653589793,3.141592653589793
4,3.141592653589793,3.141592653589793
5,3.141592653589793,3.141592653589793
6,3.141592653589793,3.141592653589793
7,3.141592653589793,3.141592653589793
8,-1.5132555586020902,-1.5132555586020902
