,theta_x,theta_y
0,-3.141592653589793,-3.141592653589793
1,2.5082579126823132,2.5082579126823132
2,-3.141592653589793,-3.141592653589793
