,theta_x,theta_y
0,-0.546955964433871,-0.546955964433871
1,-1.141983050963257,-1.141983050963257
2,3.141592653589793,3.141592653589793
3,2.345043301294685,2.345043301294685
4,-1.4187826336478204,-1.4187826336478204
5,0.6234358248611194,0.6234358248611194
6,-0.434447082007384,-0.434447082007384
7,-2.1789407938806393,-2.1789407938806393
8,3.141592653589793,3.141592653589793
