theta_x,theta_y
1.7535547712259187,1.7535547712259187
-3.141592653589793,-3.141592653589793
1.5540926751001,1.5540926751001
1.4826474980035445,1.4826474980035445
1.436240992774274,1.436240992774274
1.4106795340292464,1.4106795340292464
1.4234832750443938,1.4234832750443938
1.4471301553006917,1.4471301553006917
-3.141592653589793,-3.141592653589793
