,theta_x,theta_y
0,1.796277981837836,1.796277981837836
1,1.6629737170093786,1.6629737170093786
2,0.12513578401986075,0.12513578401986075
3,-1.0761841408375656,-1.0761841408375656
