,theta_x,theta_y
0,-1.8083618789082843,-1.8083618789082843
1,-1.956787311429197,-1.956787311429197
2,2.4406235297456593,2.4406235297456593
3,-3.0904742808752705,-3.0904742808752705
4,1.3706450086817015,1.3706450086817015
5,2.1006609245370402,2.1006609245370402
