theta_x,theta_y
-3.141592653589793,-3.141592653589793
-3.141592653589793,-3.141592653589793
2.296061513460821,2.296061513460821
-3.141592653589793,-3.141592653589793
2.4075870116280833,2.4075870116280833
2.381902830095933,2.381902830095933
-3.141592653589793,-3.141592653589793
-3.141592653589793,-3.141592653589793
