,theta_x,theta_y
0,2.945951447487773,2.945951447487773
1,0.13161996752297417,0.13161996752297417
2,3.141592653589793,3.141592653589793
3,-2.6099314373544917,-2.6099314373544917
4,0.8423368297542586,0.8423368297542586
5,-0.7201024545193551,-0.7201024545193551
6,2.0448470653505324,2.0448470653505324
7,-1.9765566483764447,-1.9765566483764447
8,2.413361685820234,2.413361685820234
9,0.41981267500567976,0.41981267500567976
