,theta_x,theta_y
0,1.54971175520414,1.54971175520414
1,0.14477703481764911,0.14477703481764911
2,-0.3655779660217605,-0.3655779660217605
3,-1.227885579275514,-1.227885579275514
4,3.141592653589793,3.141592653589793
5,1.7992611654124107,1.7992611654124107
6,1.4933926729799616,1.4933926729799616
7,-1.0558687587175475,-1.0558687587175475
8,1.1556129876872832,1.1556129876872832
9,-1.3538645850011197,-1.3538645850011197
