,theta_x,theta_y
0,-1.0123828106640522,-1.0123828106640522
1,-0.9475324509411925,-0.9475324509411925
2,-0.9629246447488891,-0.9629246447488891
3,-0.9387467376408811,-0.9387467376408811
4,3.141592653589793,3.141592653589793
