,theta_x,theta_y
0,1.0242901622948848,1.0242901622948848
1,2.0750185249289297,2.0750185249289297
2,1.3314841597736156,1.3314841597736156
3,-1.5588383724206176,-1.5588383724206176
4,-0.7893232828948088,-0.7893232828948088
5,1.8673304630563476,1.8673304630563476
6,-3.1096322323980115,-3.1096322323980115
7,1.7257893625317333,1.7257893625317333
8,1.9663800731276209,1.9663800731276209
9,-0.4631284792181618,-0.4631284792181618
