,theta_x,theta_y
0,-0.18456250457359313,-0.18456250457359313
1,-1.0446414957305847,-1.0446414957305847
2,-1.300618421560102,-1.300618421560102
3,-1.1578262762843696,-1.1578262762843696
4,3.141592653589793,3.141592653589793
