theta_x,theta_y
2.565877282263713,2.565877282263713
-1.3406084469644461,-1.3406084469644461
1.647199009513612,1.647199009513612
