,theta_x,theta_y
0,-0.5561153744340703,-0.5561153744340703
1,-1.0803977676375662,-1.0803977676375662
2,-2.7206916988684253,-2.7206916988684253
3,2.864279254499066,2.864279254499066
4,2.1856343253160135,2.1856343253160135
5,1.7163800641794147,1.7163800641794147
6,1.19108774812258,1.19108774812258
7,0.527744880965318,0.527744880965318
