,theta_x,theta_y
0,-1.1067416922703395,-1.1067416922703395
1,3.085199877427621,3.085199877427621
2,-1.1914515615189076,-1.1914515615189076
