,theta_x,theta_y
0,-3.06436816995318,-3.06436816995318
1,-2.4132595070872576,-2.4132595070872576
2,2.2481528947162523,2.2481528947162523
3,1.590725770820224,1.590725770820224
4,-3.141592653589793,-3.141592653589793
5,0.6498485098708652,0.6498485098708652
6,0.9615807971536455,0.9615807971536455
7,-3.141592653589793,-3.141592653589793
8,1.4572032348641641,1.4572032348641641
