,theta_x,theta_y
0,-0.9726478439139741,-0.9726478439139741
1,-0.8886464981273777,-0.8886464981273777
2,1.7973531097491016,1.7973531097491016
3,-3.141592653589793,-3.141592653589793
4,1.558997014537347,1.558997014537347
5,1.0431350853768275,1.0431350853768275
6,-2.349967095300982,-2.349967095300982
7,-3.141592653589793,-3.141592653589793
8,0.07162250891455464,0.07162250891455464
9,1.144038660667317,1.144038660667317
