,theta_x,theta_y
0,1.0300974472202364,1.0300974472202364
1,0.8120818819566826,0.8120818819566826
2,-0.027884821060646364,-0.027884821060646364
3,3.141592653589793,3.141592653589793
4,1.6154392713405337,1.6154392713405337
5,1.8618154543885588,1.8618154543885588
6,1.6690788090326896,1.6690788090326896
7,0.38306430872389685,0.38306430872389685
8,-0.8789939208812648,-0.8789939208812648
9,1.2943511869672777,1.2943511869672777
