,theta_x,theta_y
0,2.5732086344296774,2.5732086344296774
1,-3.141592653589793,-3.141592653589793
