theta_x,theta_y
-3.141592653589793,-3.141592653589793
2.3584053637143882,2.3584053637143882
-2.0535329606603407,-2.0535329606603407
3.141592653589793,3.141592653589793
