theta_x,theta_y
-2.8698708561482755,-2.8698708561482755
-0.3445426308313,-0.3445426308313
1.3433512132659426,1.3433512132659426
0.7610215764604316,0.7610215764604316
-2.442435016075934,-2.442435016075934
0.6709276281002927,0.6709276281002927
-0.05230460184299529,-0.05230460184299529
-1.1409815057557955,-1.1409815057557955
