,theta_x,theta_y
0,-1.7226190072701473,-1.7226190072701473
1,-2.130768499447092,-2.130768499447092
2,3.038146651827577,3.038146651827577
3,-2.0941408945516966,-2.0941408945516966
4,-0.9287726380219408,-0.9287726380219408
5,2.596768783949693,2.596768783949693
6,-2.5696945954970656,-2.5696945954970656
7,-2.5053111718801144,-2.5053111718801144
