,theta_x,theta_y
0,-0.22539106658662295,-0.22539106658662295
1,-0.8194274776106594,-0.8194274776106594
2,-0.5698833242945096,-0.5698833242945096
3,-0.8450035527405099,-0.8450035527405099
4,3.141592653589793,3.141592653589793
