,theta_x,theta_y
0,1.1122703586750053,1.1122703586750053
1,-0.6413870335861145,-0.6413870335861145
2,-2.9982205524196206,-2.9982205524196206
