theta_x,theta_y
1.0444700922070311,1.0444700922070311
3.141592653589793,3.141592653589793
-2.812994269684771,-2.812994269684771
2.3121107536286334,2.3121107536286334
-1.143843148077525,-1.143843148077525
0.5183500758260869,0.5183500758260869
