,theta_x,theta_y
0,0.13322858638309232,0.13322858638309232
1,2.5018147241719304,2.5018147241719304
2,1.4838798317023765,1.4838798317023765
3,-1.467468709526982,-1.467468709526982
4,-1.1143060342945135,-1.1143060342945135
5,2.583830547659278,2.583830547659278
6,-2.535411608047977,-2.535411608047977
7,1.6231180521441937,1.6231180521441937
