,theta_x,theta_y
0,2.74192589133621,2.74192589133621
1,2.1759752065756355,2.1759752065756355
2,1.8432372074160632,1.8432372074160632
3,-3.141592653589793,-3.141592653589793
4,-2.615300341205407,-2.615300341205407
5,1.908891136361397,1.908891136361397
6,-3.141592653589793,-3.141592653589793
