,theta_x,theta_y
0,2.9191012950835606,2.9191012950835606
1,-0.7161400191125055,-0.7161400191125055
2,0.45689180989671657,0.45689180989671657
3,1.9982862737693616,1.9982862737693616
4,0.6828796561350983,0.6828796561350983
5,3.141592653589793,3.141592653589793
