theta_x,theta_y
0.8011583600152552,0.8011583600152552
-0.8852483135009618,-0.8852483135009618
-1.307575411565677,-1.307575411565677
-0.8522818850068824,-0.8522818850068824
-0.8832450846378948,-0.8832450846378948
-0.9096992853337313,-0.9096992853337313
