theta_x,theta_y
0.8218402307258559,0.8218402307258559
3.0676024534162862,3.0676024534162862
0.5199499666852688,0.5199499666852688
1.7513688058131494,1.7513688058131494
0.16868315267462486,0.16868315267462486
