,theta_x,theta_y
0,-0.003770670356063488,-0.003770670356063488
1,-0.2794845162680515,-0.2794845162680515
2,-1.7376434846244422,-1.7376434846244422
