,theta_x,theta_y
0,0.25869239375340647,0.25869239375340647
1,3.098386531681202,3.098386531681202
2,1.1826666257246827,1.1826666257246827
3,-1.4777851352068105,-1.4777851352068105
