,theta_x,theta_y
0,-1.226384506332907,-1.226384506332907
1,-1.3439811803780934,-1.3439811803780934
2,-0.5265825755441493,-0.5265825755441493
3,-0.23337929316773365,-0.23337929316773365
4,2.6067179449352578,2.6067179449352578
