,theta_x,theta_y
0,1.1836190452862134,1.1836190452862134
1,0.003870122100161563,0.003870122100161563
2,-0.42551378872369106,-0.42551378872369106
