,theta_x,theta_y
0,2.5931092785933734,2.5931092785933734
1,-1.8671657201378886,-1.8671657201378886
2,1.6371564441519768,1.6371564441519768
3,1.1805453481753454,1.1805453481753454
4,0.9564179874943141,0.9564179874943141
5,1.9501220193419193,1.9501220193419193
