,theta_x,theta_y
0,-1.7121621117532875,-1.7121621117532875
1,-1.1484442204743466,-1.1484442204743466
2,0.46355601795948487,0.46355601795948487
3,-0.2838994638762385,-0.2838994638762385
4,2.810108979416258,2.810108979416258
5,2.4537819856487464,2.4537819856487464
6,-1.873499245022791,-1.873499245022791
