,theta_x,theta_y
0,-1.6913044935233585,-1.6913044935233585
1,-2.6315861806220076,-2.6315861806220076
2,0.0049484347940934245,0.0049484347940934245
3,-0.7116171943429304,-0.7116171943429304
4,3.1064489179101997,3.1064489179101997
5,1.6527922554617478,1.6527922554617478
