,theta_x,theta_y
0,0.5356581321230791,0.5356581321230791
1,1.6959740628276656,1.6959740628276656
2,-2.253766133926842,-2.253766133926842
3,1.842038726786602,1.842038726786602
4,-0.13968740264885807,-0.13968740264885807
