,theta_x,theta_y
0,-1.1218281938440118,-1.1218281938440118
