theta_x,theta_y
3.141592653589793,3.141592653589793
-0.10233670503780784,-0.10233670503780784
-0.6890872311674965,-0.6890872311674965
-0.5221500978330672,-0.5221500978330672
-1.2026910816292191,-1.2026910816292191
3.141592653589793,3.141592653589793
3.141592653589793,3.141592653589793
3.141592653589793,3.141592653589793
