,theta_x,theta_y
0,1.6174469787626071,1.6174469787626071
1,3.141592653589793,3.141592653589793
2,-1.375101700875938,-1.375101700875938
