theta_x,theta_y
1.6174469787626071,1.6174469787626071
3.141592653589793,3.141592653589793
-1.375101700875938,-1.375101700875938
