,theta_x,theta_y
0,0.2612779230862709,0.2612779230862709
1,-0.010121369989256099,-0.010121369989256099
2,2.2801439184875227,2.2801439184875227
3,-2.8674509273711126,-2.8674509273711126
4,2.315703281766773,2.315703281766773
5,1.1011610187299103,1.1011610187299103
6,-1.2924614375823178,-1.2924614375823178
