theta_x,theta_y
2.46784294770457,2.46784294770457
-1.0775633093181,-1.0775633093181
0.8624200514381765,0.8624200514381765
1.4969726901628326,1.4969726901628326
0.5639106350501527,0.5639106350501527
