,theta_x,theta_y
0,-1.3720629956527164,-1.3720629956527164
1,3.141592653589793,3.141592653589793
2,-3.141592653589793,-3.141592653589793
3,2.8736796505869546,2.8736796505869546
4,-2.1497698109965473,-2.1497698109965473
