theta_x,theta_y
0.3678054780343482,0.3678054780343482
3.141592653589793,3.141592653589793
0.7250412759988161,0.7250412759988161
-0.14382869080056598,-0.14382869080056598
