theta_x,theta_y
-0.16224141574120915,-0.16224141574120915
0.6442680481038521,0.6442680481038521
-0.6674541753242437,-0.6674541753242437
-1.142782873922073,-1.142782873922073
-2.5094743755408966,-2.5094743755408966
-0.06256157909543351,-0.06256157909543351
