,theta_x,theta_y
0,1.0574168726775406,1.0574168726775406
1,3.141592653589793,3.141592653589793
2,-2.19403957056126,-2.19403957056126
3,2.355780117640238,2.355780117640238
4,-0.24636494327000694,-0.24636494327000694
5,0.8343132434670963,0.8343132434670963
6,2.4654757740373303,2.4654757740373303
7,0.31978928352622965,0.31978928352622965
8,0.48733656016460053,0.48733656016460053
9,-1.5857967792946517,-1.5857967792946517
