theta_x,theta_y
1.3757397747500233,1.3757397747500233
-1.7606635798879702,-1.7606635798879702
-2.315318967131391,-2.315318967131391
-2.828559353328262,-2.828559353328262
2.801322194492611,2.801322194492611
2.396465678088466,2.396465678088466
1.6204809696183946,1.6204809696183946
1.400829462251751,1.400829462251751
0.458957615945345,0.458957615945345
2.5005921349770857,2.5005921349770857
