,theta_x,theta_y
0,-0.814537292288043,-0.814537292288043
1,-2.355180363924922,-2.355180363924922
2,2.7868893900691853,2.7868893900691853
3,2.695210275042715,2.695210275042715
4,3.0635999482677985,3.0635999482677985
