theta_x,theta_y
0.552672694090521,0.552672694090521
2.7834579509579718,2.7834579509579718
-2.319136209659229,-2.319136209659229
1.9256539491010491,1.9256539491010491
-0.4433714304112327,-0.4433714304112327
