,theta_x,theta_y
0,-0.8110755527205646,-0.8110755527205646
1,3.141592653589793,3.141592653589793
2,-0.9370142080808939,-0.9370142080808939
3,-0.6517583464444545,-0.6517583464444545
4,2.516056446626979,2.516056446626979
5,-0.9364962817135352,-0.9364962817135352
6,-3.141592653589793,-3.141592653589793
