,theta_x,theta_y
0,-2.208156741508788,-2.208156741508788
