,theta_x,theta_y
0,1.597879044611678,1.597879044611678
1,1.579519461509986,1.579519461509986
2,1.560909795776716,1.560909795776716
3,-3.141592653589793,-3.141592653589793
4,1.5794778090932835,1.5794778090932835
5,1.6110596074097698,1.6110596074097698
6,-3.141592653589793,-3.141592653589793
7,1.68592138916692,1.68592138916692
8,1.772416632170767,1.772416632170767
9,1.86016826163015,1.86016826163015
