,theta_x,theta_y
0,2.4732241106498027,2.4732241106498027
1,0.5471712707472334,0.5471712707472334
2,2.592704094300416,2.592704094300416
3,-3.117932002799139,-3.117932002799139
4,0.9627902613329166,0.9627902613329166
5,-0.6137078960687493,-0.6137078960687493
6,1.9461868199591064,1.9461868199591064
7,-2.491282232390401,-2.491282232390401
8,2.153836702254418,2.153836702254418
