,theta_x,theta_y
0,2.5550374329855345,2.5550374329855345
1,-1.0077473665621595,-1.0077473665621595
2,1.2703173893542459,1.2703173893542459
3,1.2563964457937304,1.2563964457937304
4,0.19130876971109823,0.19130876971109823
5,1.888121850736092,1.888121850736092
