,theta_x,theta_y
0,-1.9551465054866863,-1.9551465054866863
1,-1.4074676662568344,-1.4074676662568344
2,2.353779272250196,2.353779272250196
