,theta_x,theta_y
0,2.134611251660308,2.134611251660308
