,theta_x,theta_y
0,-3.0695712150622314,-3.0695712150622314
1,-2.7419633916793247,-2.7419633916793247
2,-0.0016344320030672044,-0.0016344320030672044
3,2.601004550228179,2.601004550228179
4,1.6939473810819194,1.6939473810819194
5,1.0160011794891104,1.0160011794891104
6,1.0238676840890004,1.0238676840890004
