,theta_x,theta_y
0,1.0667850118515325,1.0667850118515325
1,-0.8863986205371368,-0.8863986205371368
2,-0.9603666382066723,-0.9603666382066723
3,-1.0431789454553138,-1.0431789454553138
4,-0.7830074122342424,-0.7830074122342424
5,-0.9872278535890371,-0.9872278535890371
6,-2.6539725900146496,-2.6539725900146496
7,-0.6592434190832932,-0.6592434190832932
8,0.27352858231702565,0.27352858231702565
