,theta_x,theta_y
0,-0.7900464242290492,-0.7900464242290492
1,-1.183299623939726,-1.183299623939726
2,-1.6099930872072388,-1.6099930872072388
3,-2.039731114580643,-2.039731114580643
4,3.141592653589793,3.141592653589793
5,0.08994345354234534,0.08994345354234534
6,1.5474936352367117,1.5474936352367117
7,-1.8727235097351969,-1.8727235097351969
8,1.7481521612190232,1.7481521612190232
9,-1.9313427519669697,-1.9313427519669697
