,theta_x,theta_y
0,-0.042759529252226064,-0.042759529252226064
1,-1.455725509066747,-1.455725509066747
2,-1.6779000864746625,-1.6779000864746625
3,-3.0474416170866023,-3.0474416170866023
4,1.3851859797206583,1.3851859797206583
5,2.1662501706135853,2.1662501706135853
