theta_x,theta_y
-0.9616187698254306,-0.9616187698254306
3.141592653589793,3.141592653589793
-0.973547770210641,-0.973547770210641
3.141592653589793,3.141592653589793
3.141592653589793,3.141592653589793
-0.9193953480296885,-0.9193953480296885
-1.031592714615464,-1.031592714615464
-1.1337850899412845,-1.1337850899412845
-1.1795907047384895,-1.1795907047384895
