theta_x,theta_y
-0.605710901570754,-0.605710901570754
1.734902064876283,1.734902064876283
0.304683122876641,0.304683122876641
-1.2692069970845934,-1.2692069970845934
-1.062980990913777,-1.062980990913777
2.4476343317335973,2.4476343317335973
-1.1412410530425252,-1.1412410530425252
2.722903034905084,2.722903034905084
