,theta_x,theta_y
0,-0.605710901570754,-0.605710901570754
1,1.734902064876283,1.734902064876283
2,0.304683122876641,0.304683122876641
3,-1.2692069970845934,-1.2692069970845934
4,-1.062980990913777,-1.062980990913777
5,2.4476343317335973,2.4476343317335973
6,-1.1412410530425252,-1.1412410530425252
7,2.722903034905084,2.722903034905084
