,theta_x,theta_y
0,1.0594713652576688,1.0594713652576688
1,1.6966032461658622,1.6966032461658622
2,-2.282220599560529,-2.282220599560529
3,1.553822518118144,1.553822518118144
4,0.21277906061670593,0.21277906061670593
5,0.8051945436753885,0.8051945436753885
6,1.2861378092000986,1.2861378092000986
7,0.6440243947723585,0.6440243947723585
8,0.644317145853389,0.644317145853389
9,-2.9568929506862904,-2.9568929506862904
