,theta_x,theta_y
0,1.7305047535704852,1.7305047535704852
1,-0.9197368822021924,-0.9197368822021924
2,0.5068291258415594,0.5068291258415594
3,1.2527615884667527,1.2527615884667527
4,1.8113304481280574,1.8113304481280574
5,2.548016619432941,2.548016619432941
