theta_x,theta_y
0.7734851460577707,0.7734851460577707
0.7699082477848395,0.7699082477848395
0.7506001950977491,0.7506001950977491
0.749532404114899,0.749532404114899
0.7411617452968896,0.7411617452968896
0.7296760342237194,0.7296760342237194
0.721276362145825,0.721276362145825
0.7120088374414023,0.7120088374414023
