theta_x,theta_y
0.8414065036085496,0.8414065036085496
0.7083738608067557,0.7083738608067557
0.655345902865903,0.655345902865903
-2.0753952583357855,-2.0753952583357855
