,theta_x,theta_y
0,-0.2876262193714688,-0.2876262193714688
1,3.141592653589793,3.141592653589793
2,-0.7878729591191057,-0.7878729591191057
3,3.106066322828556,3.106066322828556
4,-0.7474082996431037,-0.7474082996431037
5,-1.1460474822782505,-1.1460474822782505
6,3.044078752245103,3.044078752245103
7,-1.3967811783500639,-1.3967811783500639
8,-0.7740773671650363,-0.7740773671650363
