theta_x,theta_y
-0.2876262193714688,-0.2876262193714688
3.141592653589793,3.141592653589793
-0.7878729591191057,-0.7878729591191057
3.106066322828556,3.106066322828556
-0.7474082996431037,-0.7474082996431037
-1.1460474822782505,-1.1460474822782505
3.044078752245103,3.044078752245103
-1.3967811783500639,-1.3967811783500639
-0.7740773671650363,-0.7740773671650363
