,theta_x,theta_y
0,1.9020211903049182,1.9020211903049182
1,0.9011259037397787,0.9011259037397787
2,1.803169381684435,1.803169381684435
3,-2.9009497596807847,-2.9009497596807847
4,0.7465691134273527,0.7465691134273527
5,0.7332847094856644,0.7332847094856644
6,0.7560563207058772,0.7560563207058772
7,-0.7998199089328075,-0.7998199089328075
8,0.716498950773581,0.716498950773581
