,theta_x,theta_y
0,2.3145765390971675,2.3145765390971675
1,2.3139169717512558,2.3139169717512558
2,2.305883580451234,2.305883580451234
3,-3.141592653589793,-3.141592653589793
4,-3.141592653589793,-3.141592653589793
5,2.349887311290831,2.349887311290831
6,2.3574937293596725,2.3574937293596725
7,-3.141592653589793,-3.141592653589793
8,-3.141592653589793,-3.141592653589793
