,theta_x,theta_y
0,-0.8444609180889182,-0.8444609180889182
1,-0.6568340274133696,-0.6568340274133696
2,2.3270351766555026,2.3270351766555026
3,-2.976147017206836,-2.976147017206836
4,1.9013812574872098,1.9013812574872098
5,1.6825774647040894,1.6825774647040894
6,-2.1745477222617358,-2.1745477222617358
7,-3.1333184316431106,-3.1333184316431106
8,-0.6901554369652282,-0.6901554369652282
9,1.6712471065176948,1.6712471065176948
