theta_x,theta_y
3.0052041849426323,3.0052041849426323
0.3310980721081342,0.3310980721081342
3.141592653589793,3.141592653589793
-2.8783066209474493,-2.8783066209474493
1.104590156064432,1.104590156064432
-0.4892035437918541,-0.4892035437918541
2.0564993073428086,2.0564993073428086
-2.0198086836194653,-2.0198086836194653
2.1354673435603693,2.1354673435603693
0.6984873804866375,0.6984873804866375
