,theta_x,theta_y
0,3.0052041849426323,3.0052041849426323
1,0.3310980721081342,0.3310980721081342
2,3.141592653589793,3.141592653589793
3,-2.8783066209474493,-2.8783066209474493
4,1.104590156064432,1.104590156064432
5,-0.4892035437918541,-0.4892035437918541
6,2.0564993073428086,2.0564993073428086
7,-2.0198086836194653,-2.0198086836194653
8,2.1354673435603693,2.1354673435603693
9,0.6984873804866375,0.6984873804866375
