,theta_x,theta_y
0,-1.6709226698825392,-1.6709226698825392
1,-1.291933499255024,-1.291933499255024
2,1.8589074641920498,1.8589074641920498
