theta_x,theta_y
2.3139704794165628,2.3139704794165628
0.417828957562436,0.417828957562436
2.5456872811127367,2.5456872811127367
-2.342421868630388,-2.342421868630388
