,theta_x,theta_y
0,-1.5026724937517029,-1.5026724937517029
1,-2.0687628347164195,-2.0687628347164195
2,2.35645662400726,2.35645662400726
3,-3.141592653589793,-3.141592653589793
4,1.5678893308419009,1.5678893308419009
5,1.0152982874842178,1.0152982874842178
6,-2.4381049697014827,-2.4381049697014827
7,-3.141592653589793,-3.141592653589793
8,0.34610712266150506,0.34610712266150506
