,theta_x,theta_y
0,-1.5557073586748826,-1.5557073586748826
