,theta_x,theta_y
0,-0.30701454518783444,-0.30701454518783444
1,-0.3645987966046669,-0.3645987966046669
2,-0.32797606014991154,-0.32797606014991154
3,-0.4525089405938689,-0.4525089405938689
4,-0.4623752694264351,-0.4623752694264351
5,-0.4970045513858766,-0.4970045513858766
6,-0.5428370001941855,-0.5428370001941855
7,-0.5430578305002425,-0.5430578305002425
8,-0.6057539272313421,-0.6057539272313421
9,-0.6029188296550357,-0.6029188296550357
