,theta_x,theta_y
0,-1.685391104519656,-1.685391104519656
1,-2.0443029719415327,-2.0443029719415327
2,2.5396768844708735,2.5396768844708735
3,-2.6017638990217646,-2.6017638990217646
4,1.8265552417144681,1.8265552417144681
5,1.905005088127361,1.905005088127361
6,-1.7717334674073042,-1.7717334674073042
