theta_x,theta_y
3.141592653589793,3.141592653589793
3.141592653589793,3.141592653589793
-0.9721280990771564,-0.9721280990771564
-1.0302996685104062,-1.0302996685104062
-1.1106517996655274,-1.1106517996655274
-1.4448356274814094,-1.4448356274814094
-1.6481074213100257,-1.6481074213100257
-1.6184394792319603,-1.6184394792319603
-1.7808081929982993,-1.7808081929982993
