,theta_x,theta_y
0,3.141592653589793,3.141592653589793
1,0.0058556033636292665,0.0058556033636292665
