,theta_x,theta_y
0,2.8689398521702603,2.8689398521702603
1,2.67574380890122,2.67574380890122
2,-3.141592653589793,-3.141592653589793
3,-3.141592653589793,-3.141592653589793
4,-3.141592653589793,-3.141592653589793
5,-3.141592653589793,-3.141592653589793
6,-3.141592653589793,-3.141592653589793
7,-3.141592653589793,-3.141592653589793
8,-3.141592653589793,-3.141592653589793
