,theta_x,theta_y
0,-2.56583182879985,-2.56583182879985
1,1.4717696442173187,1.4717696442173187
2,-1.5658932051479935,-1.5658932051479935
3,2.3011841485474935,2.3011841485474935
4,1.5898284234450442,1.5898284234450442
5,0.27521977267654385,0.27521977267654385
6,2.913819388754533,2.913819388754533
7,-0.176053928612168,-0.176053928612168
8,-3.141592653589793,-3.141592653589793
