,theta_x,theta_y
0,-0.029506456098530885,-0.029506456098530885
1,2.238825430250401,2.238825430250401
2,0.8167238744890223,0.8167238744890223
3,-1.178738030520548,-1.178738030520548
4,-2.5316155920273355,-2.5316155920273355
5,0.531367484671616,0.531367484671616
