theta_x,theta_y
-3.141592653589793,-3.141592653589793
1.638537468150038,1.638537468150038
0.6859359557316282,0.6859359557316282
-3.1387074909105124,-3.1387074909105124
