,theta_x,theta_y
0,-3.141592653589793,-3.141592653589793
1,-3.141592653589793,-3.141592653589793
2,2.7357890274904175,2.7357890274904175
3,2.9193005307313507,2.9193005307313507
4,-3.141592653589793,-3.141592653589793
