,theta_x,theta_y
0,-2.001197791118509,-2.001197791118509
1,2.4397906635686,2.4397906635686
2,-0.6413503140598449,-0.6413503140598449
3,2.226797878817931,2.226797878817931
4,2.953066810281622,2.953066810281622
5,-1.459995400129575,-1.459995400129575
6,0.5917340364192489,0.5917340364192489
