theta_x,theta_y
-1.6323160054893289,-1.6323160054893289
2.908090167847365,2.908090167847365
-1.5387639373880577,-1.5387639373880577
1.7925194462263225,1.7925194462263225
3.034550064301276,3.034550064301276
-1.4800781917235355,-1.4800781917235355
-0.5110215372676381,-0.5110215372676381
