theta_x,theta_y
0.29591047211356736,0.29591047211356736
-0.41460277187370814,-0.41460277187370814
-1.7242516538780683,-1.7242516538780683
-2.5758819289201615,-2.5758819289201615
3.141592653589793,3.141592653589793
-0.2700029493551556,-0.2700029493551556
-0.35033191606639824,-0.35033191606639824
-1.7741359657685638,-1.7741359657685638
-0.7917689386925038,-0.7917689386925038
