theta_x,theta_y
-1.078632733303901,-1.078632733303901
-1.6254690887435845,-1.6254690887435845
-0.11474442284145889,-0.11474442284145889
-2.8409471189410143,-2.8409471189410143
