,theta_x,theta_y
0,-0.28280537961180896,-0.28280537961180896
1,-0.7772323942463641,-0.7772323942463641
2,-1.0734057625391737,-1.0734057625391737
3,-1.2019976118366233,-1.2019976118366233
