,theta_x,theta_y
0,-0.42824968211784975,-0.42824968211784975
1,-0.44327689777546947,-0.44327689777546947
2,-0.378150072927203,-0.378150072927203
3,-0.5833756310210864,-0.5833756310210864
4,-0.5518981438728262,-0.5518981438728262
5,-0.6141604004850552,-0.6141604004850552
6,-0.6758168801534412,-0.6758168801534412
7,-0.6305235335854594,-0.6305235335854594
8,-0.6555282161893259,-0.6555282161893259
9,-0.7010890915677556,-0.7010890915677556
