theta_x,theta_y
-1.7671384213029162,-1.7671384213029162
0.9265792365968875,0.9265792365968875
3.141592653589793,3.141592653589793
-1.953143809610892,-1.953143809610892
0.44315624429766387,0.44315624429766387
-2.5930325895216266,-2.5930325895216266
-0.5522701714100073,-0.5522701714100073
-1.6103631623580965,-1.6103631623580965
-3.0808239237643558,-3.0808239237643558
3.046533701596202,3.046533701596202
