,theta_x,theta_y
0,0.9410095446728104,0.9410095446728104
1,0.730401173609632,0.730401173609632
2,1.3931011340245165,1.3931011340245165
3,-2.396434626175496,-2.396434626175496
4,0.4804677889671232,0.4804677889671232
5,0.07200515132680452,0.07200515132680452
6,0.6826033631407143,0.6826033631407143
