theta_x,theta_y
-2.943584307575549,-2.943584307575549
-3.1324876959710695,-3.1324876959710695
-3.141592653589793,-3.141592653589793
2.7105846701786556,2.7105846701786556
3.141592653589793,3.141592653589793
