,theta_x,theta_y
0,-2.943584307575549,-2.943584307575549
1,-3.1324876959710695,-3.1324876959710695
2,-3.141592653589793,-3.141592653589793
3,2.7105846701786556,2.7105846701786556
4,3.141592653589793,3.141592653589793
