,theta_x,theta_y
0,2.2805198231712076,2.2805198231712076
1,-1.2019720064694899,-1.2019720064694899
2,0.19202807310680084,0.19202807310680084
3,1.7213809417836197,1.7213809417836197
4,1.322296331730086,1.322296331730086
5,3.053035199675981,3.053035199675981
6,2.3639785617686853,2.3639785617686853
7,2.409296511788015,2.409296511788015
8,-3.1356500672175325,-3.1356500672175325
