theta_x,theta_y
0.9681920712816587,0.9681920712816587
3.141592653589793,3.141592653589793
-3.141592653589793,-3.141592653589793
