,theta_x,theta_y
0,-3.141592653589793,-3.141592653589793
1,-0.3188746890256388,-0.3188746890256388
2,0.5161772544423037,0.5161772544423037
3,2.6649621986074465,2.6649621986074465
