,theta_x,theta_y
0,-2.722127528644843,-2.722127528644843
1,-1.4277943558923825,-1.4277943558923825
2,1.5718596798343487,1.5718596798343487
3,0.8147777687504042,0.8147777687504042
