,theta_x,theta_y
0,2.1153534335923,2.1153534335923
1,1.6378145897306928,1.6378145897306928
2,-0.2127534394213147,-0.2127534394213147
3,-0.7238896759665358,-0.7238896759665358
4,-2.5824584866980236,-2.5824584866980236
5,-0.3892644965043468,-0.3892644965043468
6,-0.99465155803549,-0.99465155803549
