,theta_x,theta_y
0,-3.141592653589793,-3.141592653589793
1,-3.141592653589793,-3.141592653589793
2,-3.141592653589793,-3.141592653589793
3,-3.136471111957291,-3.136471111957291
4,3.114746407478097,3.114746407478097
5,-1.9397491841323975,-1.9397491841323975
