,theta_x,theta_y
0,1.013897393849042,1.013897393849042
1,-2.066838623561757,-2.066838623561757
2,-2.9790106399769716,-2.9790106399769716
3,-3.141592653589793,-3.141592653589793
4,2.3077976192980825,2.3077976192980825
5,2.1721393226828876,2.1721393226828876
6,1.2307079552099764,1.2307079552099764
7,1.1269240357837573,1.1269240357837573
8,-0.007501175872093967,-0.007501175872093967
9,2.377205975729091,2.377205975729091
