theta_x,theta_y
-0.2712381248288707,-0.2712381248288707
-1.7288190622064,-1.7288190622064
-2.1915077396956084,-2.1915077396956084
