,theta_x,theta_y
0,2.2432279136847626,2.2432279136847626
1,0.4139235911492092,0.4139235911492092
2,2.22897247929276,2.22897247929276
3,-2.43790761320653,-2.43790761320653
4,0.1855922111498071,0.1855922111498071
5,-0.39086203903261296,-0.39086203903261296
6,1.2793853246942155,1.2793853246942155
