,theta_x,theta_y
0,2.648542206226696,2.648542206226696
