theta_x,theta_y
2.9274828279286558,2.9274828279286558
0.07329044772253177,0.07329044772253177
3.1288277389058843,3.1288277389058843
-2.634112086355543,-2.634112086355543
0.7897619220640882,0.7897619220640882
-0.5628192289446843,-0.5628192289446843
1.8342942457640887,1.8342942457640887
-1.7581814788163643,-1.7581814788163643
2.1721458452004536,2.1721458452004536
0.42588265050854596,0.42588265050854596
