,theta_x,theta_y
0,0.7557272351953139,0.7557272351953139
1,-1.2894458470166936,-1.2894458470166936
2,-2.799234635822422,-2.799234635822422
3,-3.0840807842128775,-3.0840807842128775
4,1.8816712788235104,1.8816712788235104
5,2.446055635349918,2.446055635349918
6,0.810574452327017,0.810574452327017
7,1.5675641073043822,1.5675641073043822
8,0.4174910517278525,0.4174910517278525
