,theta_x,theta_y
0,1.1478431078587736,1.1478431078587736
