theta_x,theta_y
-0.4834932992884954,-0.4834932992884954
-0.5869518321297758,-0.5869518321297758
