,theta_x,theta_y
0,-1.3859599280078156,-1.3859599280078156
1,2.4299103550264762,2.4299103550264762
2,-2.7101471518257956,-2.7101471518257956
3,0.7193446673002974,0.7193446673002974
4,-0.7664685163601284,-0.7664685163601284
5,-2.246640563997992,-2.246640563997992
6,2.68892490300746,2.68892490300746
7,-2.567524692121561,-2.567524692121561
