,theta_x,theta_y
0,1.0201989949312433,1.0201989949312433
1,-0.1398708933431074,-0.1398708933431074
2,-0.7173985432844467,-0.7173985432844467
3,-1.0279230563730641,-1.0279230563730641
4,2.8094184627054655,2.8094184627054655
