,theta_x,theta_y
0,1.7427629391738093,1.7427629391738093
