theta_x,theta_y
2.913214008097136,2.913214008097136
0.18054914949403178,0.18054914949403178
3.091867617495193,3.091867617495193
-2.158404345346888,-2.158404345346888
0.7483529302746036,0.7483529302746036
-0.5525954235899729,-0.5525954235899729
1.1377029782565922,1.1377029782565922
-1.26279549702205,-1.26279549702205
2.340923828441197,2.340923828441197
