,theta_x,theta_y
0,-0.8788571253591735,-0.8788571253591735
1,-1.906359023709557,-1.906359023709557
2,-1.7963482083448317,-1.7963482083448317
3,-2.037907221874269,-2.037907221874269
4,-1.2051593919960262,-1.2051593919960262
