,theta_x,theta_y
0,0.49895859188313957,0.49895859188313957
1,0.7741494236156712,0.7741494236156712
2,-1.5014949989467519,-1.5014949989467519
3,-0.6202250583849392,-0.6202250583849392
4,-1.3605683346958823,-1.3605683346958823
5,-0.20048094231869645,-0.20048094231869645
6,-0.3657836272315233,-0.3657836272315233
