,theta_x,theta_y
0,1.9694868306946893,1.9694868306946893
1,-1.6875338539757692,-1.6875338539757692
2,0.9397570581045432,0.9397570581045432
3,0.938033633337419,0.938033633337419
4,0.33750020200517766,0.33750020200517766
5,1.9265143700600482,1.9265143700600482
