,theta_x,theta_y
0,1.2016895071984264,1.2016895071984264
1,1.0911101288533063,1.0911101288533063
2,1.0397245276246043,1.0397245276246043
3,0.8820711023741492,0.8820711023741492
4,0.7954752788275898,0.7954752788275898
5,0.6878266037833005,0.6878266037833005
