,theta_x,theta_y
0,1.083137663246996,1.083137663246996
1,-0.6136150180996726,-0.6136150180996726
2,-0.8225191286351886,-0.8225191286351886
3,1.2088273740941329,1.2088273740941329
4,1.9421447051707719,1.9421447051707719
5,3.141592653589793,3.141592653589793
6,1.732402469528437,1.732402469528437
