,theta_x,theta_y
0,0.9357578650781777,0.9357578650781777
1,0.6714827571203746,0.6714827571203746
2,0.1145252185083726,0.1145252185083726
3,-1.591461583200116,-1.591461583200116
4,0.27404528311212756,0.27404528311212756
5,-0.33055818362742034,-0.33055818362742034
6,-1.066546440690718,-1.066546440690718
7,-0.8709818782323502,-0.8709818782323502
