,theta_x,theta_y
0,1.7534019868216046,1.7534019868216046
1,0.9636326943416954,0.9636326943416954
2,1.8008274422842117,1.8008274422842117
3,-3.141592653589793,-3.141592653589793
