,theta_x,theta_y
0,-3.141592653589793,-3.141592653589793
1,-2.208879511859445,-2.208879511859445
2,2.0924452004472145,2.0924452004472145
3,1.8205832845130165,1.8205832845130165
4,-3.141592653589793,-3.141592653589793
5,1.3117064127096674,1.3117064127096674
