,theta_x,theta_y
0,-2.1234336854202667,-2.1234336854202667
1,-2.701723475293131,-2.701723475293131
2,2.8214237081957223,2.8214237081957223
3,-2.862792212110607,-2.862792212110607
4,2.4921275778855265,2.4921275778855265
5,0.1677973931174404,0.1677973931174404
6,-2.639557878505375,-2.639557878505375
7,-3.141592653589793,-3.141592653589793
8,1.801707543476996,1.801707543476996
