theta_x,theta_y
0.5196952647640974,0.5196952647640974
0.44048177600128335,0.44048177600128335
-3.141592653589793,-3.141592653589793
-3.141592653589793,-3.141592653589793
0.5253881909871894,0.5253881909871894
0.4338972670213304,0.4338972670213304
0.506044154974589,0.506044154974589
0.6218623147872777,0.6218623147872777
0.8540299356971608,0.8540299356971608
