,theta_x,theta_y
0,0.30248220955129573,0.30248220955129573
1,-1.3148811334320878,-1.3148811334320878
2,-2.5713035073047967,-2.5713035073047967
3,-3.028838684131141,-3.028838684131141
4,1.8130724155073452,1.8130724155073452
5,2.094657735848162,2.094657735848162
6,0.5912037249956327,0.5912037249956327
7,0.7416801643105563,0.7416801643105563
