,theta_x,theta_y
0,-1.3007493549688978,-1.3007493549688978
1,-1.1935620360125532,-1.1935620360125532
2,0.17082162043210364,0.17082162043210364
3,-1.232094738825729,-1.232094738825729
4,-1.7086707242957193,-1.7086707242957193
5,-1.5106308147612995,-1.5106308147612995
6,-1.6320900256985105,-1.6320900256985105
