theta_x,theta_y
-2.7816685249641484,-2.7816685249641484
-2.153689921109997,-2.153689921109997
2.075315577058206,2.075315577058206
1.1456269136750465,1.1456269136750465
