,theta_x,theta_y
0,1.5949671710126636,1.5949671710126636
