,theta_x,theta_y
0,-3.000913976048812,-3.000913976048812
1,-3.0051335461704354,-3.0051335461704354
2,2.0612535051277976,2.0612535051277976
3,1.0673439154930096,1.0673439154930096
4,-3.014401077016767,-3.014401077016767
5,-2.719416766340103,-2.719416766340103
6,-1.1441116522545414,-1.1441116522545414
7,-3.0318111098931504,-3.0318111098931504
8,0.8473286916326506,0.8473286916326506
9,-2.5757090271317917,-2.5757090271317917
