,theta_x,theta_y
0,2.006577231955048,2.006577231955048
1,1.9017859359209737,1.9017859359209737
2,-3.141592653589793,-3.141592653589793
3,1.8189411998481666,1.8189411998481666
4,-3.141592653589793,-3.141592653589793
5,1.8819890507886776,1.8819890507886776
6,1.9846540563243114,1.9846540563243114
