,theta_x,theta_y
0,0.7724851017116651,0.7724851017116651
1,-0.34022199098175443,-0.34022199098175443
2,-2.4473806053667504,-2.4473806053667504
3,-3.070985154247559,-3.070985154247559
4,1.624471307304594,1.624471307304594
5,2.1336337935456413,2.1336337935456413
6,1.9076371908861547,1.9076371908861547
