,theta_x,theta_y
0,1.7012379228138523,1.7012379228138523
1,-0.04584864648915062,-0.04584864648915062
2,0.9116039519137034,0.9116039519137034
3,1.930025709644367,1.930025709644367
4,1.0479524600653622,1.0479524600653622
5,2.6899588048054848,2.6899588048054848
6,2.6066482071945605,2.6066482071945605
7,0.7564443449979668,0.7564443449979668
