theta_x,theta_y
2.914528648411564,2.914528648411564
0.2564047586487668,0.2564047586487668
3.141592653589793,3.141592653589793
-2.473399598162517,-2.473399598162517
0.8549731885848626,0.8549731885848626
-0.2985682827992382,-0.2985682827992382
1.6096821098511247,1.6096821098511247
-1.3821973399818888,-1.3821973399818888
2.14416275721567,2.14416275721567
0.21192423098867555,0.21192423098867555
