,theta_x,theta_y
0,2.4880532237895676,2.4880532237895676
1,0.26797608636684644,0.26797608636684644
2,2.6920718026264714,2.6920718026264714
3,-2.343735032842423,-2.343735032842423
4,0.4507991772268249,0.4507991772268249
5,-0.2807466093684342,-0.2807466093684342
6,1.0344054799510831,1.0344054799510831
7,-1.4573259931885303,-1.4573259931885303
8,1.643929638708882,1.643929638708882
