,theta_x,theta_y
0,-0.4883718373682735,-0.4883718373682735
1,2.9421558216484818,2.9421558216484818
2,-1.74001118932794,-1.74001118932794
3,2.0043846077067635,2.0043846077067635
4,-0.6518565194112069,-0.6518565194112069
5,-1.2776094699386427,-1.2776094699386427
6,2.2449871080324995,2.2449871080324995
