,theta_x,theta_y
0,-0.7618329378701052,-0.7618329378701052
