theta_x,theta_y
0.33153766818875546,0.33153766818875546
-0.2539919877829817,-0.2539919877829817
