,theta_x,theta_y
0,-1.621424064299197,-1.621424064299197
1,3.0865077174789364,3.0865077174789364
2,-1.8558872697478366,-1.8558872697478366
3,2.236962488411468,2.236962488411468
4,2.7088187391308187,2.7088187391308187
5,-1.2628259069361003,-1.2628259069361003
6,-1.0215228459231336,-1.0215228459231336
7,-0.8646975941690636,-0.8646975941690636
8,-2.3990560672616374,-2.3990560672616374
9,0.03814210587534911,0.03814210587534911
