,theta_x,theta_y
0,-2.891977651797501,-2.891977651797501
1,3.141592653589793,3.141592653589793
2,-1.4432400358722266,-1.4432400358722266
3,-0.04789776934557621,-0.04789776934557621
