,theta_x,theta_y
0,-1.2294709021522645,-1.2294709021522645
1,2.7623388021186543,2.7623388021186543
