,theta_x,theta_y
0,0.11059516103038826,0.11059516103038826
1,3.1042015221432164,3.1042015221432164
2,-2.7399713779876556,-2.7399713779876556
3,2.2512166357542442,2.2512166357542442
4,-1.3480097693501791,-1.3480097693501791
5,0.41993071712769187,0.41993071712769187
