,theta_x,theta_y
0,0.4423933229576006,0.4423933229576006
1,-1.8031872993821145,-1.8031872993821145
2,-2.6139143274847343,-2.6139143274847343
3,-2.9626713490699923,-2.9626713490699923
4,2.069202282333796,2.069202282333796
5,2.027608492092084,2.027608492092084
6,0.7668421904915228,0.7668421904915228
7,0.7013569942314455,0.7013569942314455
8,0.25304976563949394,0.25304976563949394
9,2.0907936894686077,2.0907936894686077
