,theta_x,theta_y
0,1.7289261797044528,1.7289261797044528
1,-1.4390926987993908,-1.4390926987993908
2,1.785670846644995,1.785670846644995
3,1.6909666538848793,1.6909666538848793
4,1.681721817915535,1.681721817915535
5,1.6502382435945901,1.6502382435945901
6,1.6506880136381608,1.6506880136381608
