theta_x,theta_y
-1.274722341300865,-1.274722341300865
-2.2748872037507977,-2.2748872037507977
-2.679297191559601,-2.679297191559601
-2.907301523346938,-2.907301523346938
3.141592653589793,3.141592653589793
