,theta_x,theta_y
0,2.672484362321319,2.672484362321319
