theta_x,theta_y
2.672484362321319,2.672484362321319
