theta_x,theta_y
2.832594936598189,2.832594936598189
-1.0840362717143008,-1.0840362717143008
1.4199642430620723,1.4199642430620723
1.2623864998525576,1.2623864998525576
0.3200653410937722,0.3200653410937722
1.4865868210649775,1.4865868210649775
