,theta_x,theta_y
0,-1.4932461873777556,-1.4932461873777556
1,-2.164422082691865,-2.164422082691865
2,-1.5853776654867788,-1.5853776654867788
3,-0.2519991995602422,-0.2519991995602422
4,3.0345099908475253,3.0345099908475253
5,0.4130740059726516,0.4130740059726516
6,2.3063152688522655,2.3063152688522655
7,-1.1971457940915426,-1.1971457940915426
8,2.524000364382577,2.524000364382577
9,-3.141592653589793,-3.141592653589793
