,theta_x,theta_y
0,0.1646274582451858,0.1646274582451858
1,2.6266588352718747,2.6266588352718747
2,-3.141592653589793,-3.141592653589793
3,2.343775676187271,2.343775676187271
4,-2.1800384082079707,-2.1800384082079707
5,0.7181113114288245,0.7181113114288245
6,2.6164166527197907,2.6164166527197907
