,theta_x,theta_y
0,0.8176232582945773,0.8176232582945773
1,2.1230786976779514,2.1230786976779514
2,0.42421986619244423,0.42421986619244423
3,-0.7514178853623359,-0.7514178853623359
4,-2.91645914786945,-2.91645914786945
