theta_x,theta_y
-2.834420338116312,-2.834420338116312
-1.3292322329871418,-1.3292322329871418
1.6468199221913107,1.6468199221913107
0.8209249585389173,0.8209249585389173
