,theta_x,theta_y
0,-3.141592653589793,-3.141592653589793
1,-3.141592653589793,-3.141592653589793
2,3.04010400130401,3.04010400130401
3,3.141592653589793,3.141592653589793
