,theta_x,theta_y
0,1.9163898891237885,1.9163898891237885
1,1.9348490455536158,1.9348490455536158
2,0.0962933399642707,0.0962933399642707
