,theta_x,theta_y
0,-0.4734575364230553,-0.4734575364230553
1,3.141592653589793,3.141592653589793
2,-2.608692789949479,-2.608692789949479
3,2.735722510529846,2.735722510529846
4,-2.2265180420618833,-2.2265180420618833
5,-0.07139170318970567,-0.07139170318970567
6,2.01412411655967,2.01412411655967
7,-0.004992255701070564,-0.004992255701070564
8,1.1917331135404272,1.1917331135404272
