,theta_x,theta_y
0,-2.8619368195092343,-2.8619368195092343
1,-3.119971787885159,-3.119971787885159
2,2.5693989581495575,2.5693989581495575
3,-2.528298162563372,-2.528298162563372
4,0.10776031261507517,0.10776031261507517
5,2.0616735221702243,2.0616735221702243
6,-3.141592653589793,-3.141592653589793
7,-2.2729516102230525,-2.2729516102230525
8,-2.6847059825292203,-2.6847059825292203
9,0.5079775056209834,0.5079775056209834
