theta_x,theta_y
-0.049458355241805196,-0.049458355241805196
-1.036322250963055,-1.036322250963055
-3.141592653589793,-3.141592653589793
-2.2422069997565415,-2.2422069997565415
