theta_x,theta_y
-0.41766302041914694,-0.41766302041914694
3.106670801168159,3.106670801168159
-0.5341117036896066,-0.5341117036896066
1.6261927996773806,1.6261927996773806
1.6620881810691028,1.6620881810691028
-0.1425688169671568,-0.1425688169671568
-0.14887344194757027,-0.14887344194757027
-0.5449429910642617,-0.5449429910642617
