theta_x,theta_y
0.5275550864786732,0.5275550864786732
3.141592653589793,3.141592653589793
-3.1269743919883144,-3.1269743919883144
