,theta_x,theta_y
0,2.2646204363834803,2.2646204363834803
1,-3.141592653589793,-3.141592653589793
2,-3.141592653589793,-3.141592653589793
3,-3.141592653589793,-3.141592653589793
4,2.249586493139365,2.249586493139365
5,2.2908864720834106,2.2908864720834106
6,2.331387058851422,2.331387058851422
7,-3.141592653589793,-3.141592653589793
8,2.3287120397494077,2.3287120397494077
9,-3.141592653589793,-3.141592653589793
