theta_x,theta_y
2.949061523567907,2.949061523567907
2.0292787224710698,2.0292787224710698
0.22336827492614736,0.22336827492614736
-0.7030886567009855,-0.7030886567009855
-2.1448861019209704,-2.1448861019209704
-1.395986499615508,-1.395986499615508
-1.742567665356372,-1.742567665356372
-2.7699205211249502,-2.7699205211249502
