theta_x,theta_y
-2.058372439887781,-2.058372439887781
3.141592653589793,3.141592653589793
