,theta_x,theta_y
0,-3.141592653589793,-3.141592653589793
1,-1.7819143928956565,-1.7819143928956565
2,3.141592653589793,3.141592653589793
3,-2.5702967724645007,-2.5702967724645007
