,theta_x,theta_y
0,-1.0759813333378214,-1.0759813333378214
1,3.141592653589793,3.141592653589793
2,0.8576450401324195,0.8576450401324195
3,-1.1655483643136941,-1.1655483643136941
4,-1.1820533647203937,-1.1820533647203937
5,3.140603795547902,3.140603795547902
6,-1.7123947638616093,-1.7123947638616093
7,1.5760008839775372,1.5760008839775372
