,theta_x,theta_y
0,-2.7935461264754,-2.7935461264754
1,1.0983810070576916,1.0983810070576916
2,0.6983445678234759,0.6983445678234759
