,theta_x,theta_y
0,-2.5959490477532303,-2.5959490477532303
1,-1.7500060382877833,-1.7500060382877833
2,-1.767714648775529,-1.767714648775529
3,-2.8421793159165816,-2.8421793159165816
4,3.141592653589793,3.141592653589793
5,-0.9934258369099636,-0.9934258369099636
6,-0.5271981356367684,-0.5271981356367684
