,theta_x,theta_y
0,1.6530664045476464,1.6530664045476464
1,2.6282445143532356,2.6282445143532356
2,-1.6149619032266045,-1.6149619032266045
3,1.8812200766300446,1.8812200766300446
4,0.38404428171544347,0.38404428171544347
5,0.5217899515869575,0.5217899515869575
