theta_x,theta_y
3.141592653589793,3.141592653589793
-1.7002785784834025,-1.7002785784834025
1.4431758457410855,1.4431758457410855
2.6454858118663034,2.6454858118663034
1.8907230505750023,1.8907230505750023
2.7006678070987182,2.7006678070987182
