theta_x,theta_y
2.4562942360965576,2.4562942360965576
1.371608988361516,1.371608988361516
0.3789927804248656,0.3789927804248656
-0.7738159991341969,-0.7738159991341969
-3.141592653589793,-3.141592653589793
