theta_x,theta_y
2.474557018409892,2.474557018409892
-1.7806679873081057,-1.7806679873081057
1.602816167080248,1.602816167080248
