,theta_x,theta_y
0,1.7139594946791428,1.7139594946791428
1,0.1499238776593086,0.1499238776593086
2,0.27704433201315926,0.27704433201315926
3,-2.959515420701253,-2.959515420701253
4,0.1844644564762919,0.1844644564762919
5,-0.5460034496518417,-0.5460034496518417
6,0.4451830520096904,0.4451830520096904
7,-3.123008616356071,-3.123008616356071
8,-0.03006962678017436,-0.03006962678017436
9,-0.5972504684199146,-0.5972504684199146
