,theta_x,theta_y
0,0.4091641192370179,0.4091641192370179
1,-1.2168885310213624,-1.2168885310213624
2,-2.310199218356151,-2.310199218356151
3,-2.912907384046661,-2.912907384046661
4,1.7981246200008525,1.7981246200008525
