,theta_x,theta_y
0,2.0254220767938893,2.0254220767938893
1,-1.4266667433498306,-1.4266667433498306
2,-0.30987117535185554,-0.30987117535185554
3,1.6176315359991205,1.6176315359991205
4,-0.08751919543492229,-0.08751919543492229
5,3.141592653589793,3.141592653589793
6,1.3271488981544768,1.3271488981544768
7,1.7087001435266571,1.7087001435266571
