theta_x,theta_y
0.056886568274658426,0.056886568274658426
-0.20131365568595946,-0.20131365568595946
2.341973190388627,2.341973190388627
-3.010192614829712,-3.010192614829712
1.4092613487867942,1.4092613487867942
0.8206438504527426,0.8206438504527426
-1.4072823645626706,-1.4072823645626706
-3.0497041389311668,-3.0497041389311668
0.5070946164006965,0.5070946164006965
