,theta_x,theta_y
0,3.141592653589793,3.141592653589793
1,3.141592653589793,3.141592653589793
2,-0.9442432177609233,-0.9442432177609233
3,-0.9982432482446963,-0.9982432482446963
4,-1.2731847556993943,-1.2731847556993943
5,-1.4417189712823182,-1.4417189712823182
6,-1.7720722133314397,-1.7720722133314397
7,-1.765998967229781,-1.765998967229781
8,-2.057613943000873,-2.057613943000873
