theta_x,theta_y
1.4490871612424228,1.4490871612424228
1.0814454670651454,1.0814454670651454
0.02304472102267211,0.02304472102267211
-0.7861250245036633,-0.7861250245036633
-3.141592653589793,-3.141592653589793
0.08750981768705494,0.08750981768705494
-0.02320419378922953,-0.02320419378922953
-2.7178982899302655,-2.7178982899302655
