,theta_x,theta_y
0,-0.21494838917055917,-0.21494838917055917
1,-0.19139979618225553,-0.19139979618225553
2,-0.22320332484862926,-0.22320332484862926
