,theta_x,theta_y
0,3.0354456134091303,3.0354456134091303
1,-1.1014490116235138,-1.1014490116235138
2,1.470653264612301,1.470653264612301
3,2.602351078725784,2.602351078725784
4,2.1635430230701083,2.1635430230701083
5,3.1214937891462418,3.1214937891462418
6,2.8088357527823633,2.8088357527823633
7,2.9661536294672053,2.9661536294672053
8,-2.864102705167026,-2.864102705167026
9,0.4658676357841596,0.4658676357841596
