,theta_x,theta_y
0,-1.1944353406357024,-1.1944353406357024
1,2.9310222182708037,2.9310222182708037
2,-2.1048991643157158,-2.1048991643157158
3,2.371634136412036,2.371634136412036
4,2.3668033189730777,2.3668033189730777
5,-0.9365895641276267,-0.9365895641276267
6,0.6999717652813312,0.6999717652813312
7,-1.584719072791298,-1.584719072791298
