theta_x,theta_y
-0.24050711244516812,-0.24050711244516812
-0.9046210608919352,-0.9046210608919352
0.8316092054126936,0.8316092054126936
-2.6939007230364296,-2.6939007230364296
-0.755044296554826,-0.755044296554826
