,theta_x,theta_y
0,2.831999934411232,2.831999934411232
1,-0.629325141736665,-0.629325141736665
2,-0.2747966219178978,-0.2747966219178978
3,2.120498359924408,2.120498359924408
4,0.7359321907944125,0.7359321907944125
5,3.141592653589793,3.141592653589793
