,theta_x,theta_y
0,2.9396864898993074,2.9396864898993074
1,0.23874515203637003,0.23874515203637003
2,3.141592653589793,3.141592653589793
3,-2.4704417315989904,-2.4704417315989904
4,0.8486095139778846,0.8486095139778846
5,-0.45980044765485617,-0.45980044765485617
6,1.9082390965186693,1.9082390965186693
7,-1.6829163063162846,-1.6829163063162846
8,2.321680977591588,2.321680977591588
