theta_x,theta_y
2.9396864898993074,2.9396864898993074
0.23874515203637003,0.23874515203637003
3.141592653589793,3.141592653589793
-2.4704417315989904,-2.4704417315989904
0.8486095139778846,0.8486095139778846
-0.45980044765485617,-0.45980044765485617
1.9082390965186693,1.9082390965186693
-1.6829163063162846,-1.6829163063162846
2.321680977591588,2.321680977591588
