,theta_x,theta_y
0,1.1088838408681607,1.1088838408681607
1,2.340808453289097,2.340808453289097
2,-0.0733849086214484,-0.0733849086214484
3,-2.5558842655062604,-2.5558842655062604
4,2.514272574430183,2.514272574430183
5,0.2060859288581433,0.2060859288581433
6,-2.331147836587399,-2.331147836587399
7,-0.10926906347733815,-0.10926906347733815
