,theta_x,theta_y
0,-1.267836818608047,-1.267836818608047
1,3.141592653589793,3.141592653589793
2,3.071055798682971,3.071055798682971
3,-0.4087213358632173,-0.4087213358632173
4,-2.972061495541917,-2.972061495541917
5,3.0024577692697116,3.0024577692697116
6,-2.9044686125833463,-2.9044686125833463
7,2.7693431458262268,2.7693431458262268
8,2.0009304390789477,2.0009304390789477
9,2.5091729695949407,2.5091729695949407
