,theta_x,theta_y
0,1.1648368782535101,1.1648368782535101
