,theta_x,theta_y
0,3.141592653589793,3.141592653589793
1,-2.5245980727985624,-2.5245980727985624
2,-2.584106731970199,-2.584106731970199
3,3.141592653589793,3.141592653589793
4,3.141592653589793,3.141592653589793
5,2.964169364543693,2.964169364543693
6,2.742065576155783,2.742065576155783
7,2.362028208848925,2.362028208848925
8,-3.141592653589793,-3.141592653589793
9,1.9243433418518467,1.9243433418518467
