,theta_x,theta_y
0,0.424232672362397,0.424232672362397
1,1.6593905832883606,1.6593905832883606
2,-2.592288811574425,-2.592288811574425
3,2.18775894191961,2.18775894191961
4,-0.23739437011174183,-0.23739437011174183
