,theta_x,theta_y
0,0.9893154487164267,0.9893154487164267
1,0.5708405474247755,0.5708405474247755
