,theta_x,theta_y
0,1.851216560160624,1.851216560160624
1,-3.141592653589793,-3.141592653589793
