,theta_x,theta_y
0,-0.9513882277299341,-0.9513882277299341
1,3.141592653589793,3.141592653589793
2,-1.1654718981770151,-1.1654718981770151
3,1.7306529207845187,1.7306529207845187
4,2.8796791937932267,2.8796791937932267
5,-0.8420948105031086,-0.8420948105031086
6,-1.1900411030242295,-1.1900411030242295
7,-1.6295320293784312,-1.6295320293784312
8,-2.1474139616717514,-2.1474139616717514
9,-1.9226364317305866,-1.9226364317305866
