,theta_x,theta_y
0,1.662537088995201,1.662537088995201
1,0.08369317068298229,0.08369317068298229
2,-0.2282957077996383,-0.2282957077996383
3,0.20507491398675032,0.20507491398675032
4,-1.9384797819613158,-1.9384797819613158
5,3.141592653589793,3.141592653589793
6,2.948274362833406,2.948274362833406
7,1.4603125895542415,1.4603125895542415
