theta_x,theta_y
0.7373550838311607,0.7373550838311607
0.6447984769021697,0.6447984769021697
0.5852614803884633,0.5852614803884633
0.637465912779103,0.637465912779103
0.5082924805115823,0.5082924805115823
0.3994985703638679,0.3994985703638679
