,theta_x,theta_y
0,-0.5215592408054756,-0.5215592408054756
1,3.141592653589793,3.141592653589793
2,-1.8902629178387118,-1.8902629178387118
