theta_x,theta_y
-2.733720582496428,-2.733720582496428
1.5229878286001977,1.5229878286001977
-3.141592653589793,-3.141592653589793
1.324839050014029,1.324839050014029
3.02560230412709,3.02560230412709
