,theta_x,theta_y
0,-3.141592653589793,-3.141592653589793
1,0.9053088176980352,0.9053088176980352
2,1.4602248424923523,1.4602248424923523
3,1.8764421530276778,1.8764421530276778
