,theta_x,theta_y
0,-3.0507878830805804,-3.0507878830805804
1,-2.8666566777459224,-2.8666566777459224
