,theta_x,theta_y
0,0.5386150261737966,0.5386150261737966
1,-1.9902843389534752,-1.9902843389534752
2,-2.070135805124468,-2.070135805124468
3,-1.3619201412629793,-1.3619201412629793
4,3.141592653589793,3.141592653589793
5,-1.095019031884599,-1.095019031884599
6,0.8465030062974559,0.8465030062974559
7,-2.135271604620197,-2.135271604620197
