theta_x,theta_y
-3.048185718561856,-3.048185718561856
0.6401950988149232,0.6401950988149232
0.8227389045044455,0.8227389045044455
0.9331209480274821,0.9331209480274821
-3.021235407327434,-3.021235407327434
0.9021941128268467,0.9021941128268467
0.7365276594708661,0.7365276594708661
