theta_x,theta_y
3.141592653589793,3.141592653589793
2.5609813592773047,2.5609813592773047
0.6522277915173733,0.6522277915173733
-1.151977959364278,-1.151977959364278
