theta_x,theta_y
1.2965264125788307,1.2965264125788307
0.9578608548776487,0.9578608548776487
-3.141592653589793,-3.141592653589793
-3.141592653589793,-3.141592653589793
1.180658352931658,1.180658352931658
1.0089427847036816,1.0089427847036816
1.1237285176683849,1.1237285176683849
