,theta_x,theta_y
0,-2.910559312711212,-2.910559312711212
1,2.7516970879223477,2.7516970879223477
2,2.0865540136232914,2.0865540136232914
