,theta_x,theta_y
0,1.0386691932775292,1.0386691932775292
1,-0.3084677888973348,-0.3084677888973348
2,-1.1414153058773768,-1.1414153058773768
3,-2.0941383555274333,-2.0941383555274333
4,2.9340500759880963,2.9340500759880963
5,1.616246651287473,1.616246651287473
6,1.0420582064385668,1.0420582064385668
7,-2.0464039189502174,-2.0464039189502174
