,theta_x,theta_y
0,-0.733092794612813,-0.733092794612813
1,2.4052176161139154,2.4052176161139154
2,-2.506064422513653,-2.506064422513653
