,theta_x,theta_y
0,1.1436863062412528,1.1436863062412528
1,2.7509605698812782,2.7509605698812782
2,-3.141592653589793,-3.141592653589793
3,1.6001770271684885,1.6001770271684885
4,-3.141592653589793,-3.141592653589793
5,-0.6871194995060814,-0.6871194995060814
6,1.143853122296777,1.143853122296777
