theta_x,theta_y
1.1436863062412528,1.1436863062412528
2.7509605698812782,2.7509605698812782
-3.141592653589793,-3.141592653589793
1.6001770271684885,1.6001770271684885
-3.141592653589793,-3.141592653589793
-0.6871194995060814,-0.6871194995060814
1.143853122296777,1.143853122296777
