,theta_x,theta_y
0,0.6986039012580267,0.6986039012580267
1,2.8773033272129886,2.8773033272129886
2,1.5412442066394247,1.5412442066394247
3,-1.3467440321577782,-1.3467440321577782
4,-1.355630135514474,-1.355630135514474
5,2.6673316321004488,2.6673316321004488
