,theta_x,theta_y
0,-0.45373943015686,-0.45373943015686
1,-0.41990030282736235,-0.41990030282736235
2,-0.7008517146600257,-0.7008517146600257
3,-0.7244100112167915,-0.7244100112167915
