,theta_x,theta_y
0,3.141592653589793,3.141592653589793
1,1.085861796798205,1.085861796798205
2,1.3373871327882887,1.3373871327882887
3,0.9872867470984856,0.9872867470984856
