,theta_x,theta_y
0,2.110012061246066,2.110012061246066
1,1.744436040599949,1.744436040599949
2,-3.141592653589793,-3.141592653589793
