theta_x,theta_y
-0.005128529437207666,-0.005128529437207666
2.896184966881525,2.896184966881525
-2.2739222554363816,-2.2739222554363816
2.8004761240477447,2.8004761240477447
