theta_x,theta_y
1.1249341879766495,1.1249341879766495
-1.7780810920426626,-1.7780810920426626
-1.8202913846170112,-1.8202913846170112
-1.9728449385730635,-1.9728449385730635
3.141592653589793,3.141592653589793
3.141592653589793,3.141592653589793
