,theta_x,theta_y
0,2.0471253555937676,2.0471253555937676
1,-0.546481686988922,-0.546481686988922
2,-0.07305770005200862,-0.07305770005200862
3,2.366490641803122,2.366490641803122
4,0.8668217620382829,0.8668217620382829
