,theta_x,theta_y
0,0.3662530551490817,0.3662530551490817
1,-0.5407634260603806,-0.5407634260603806
2,-0.9308909295979121,-0.9308909295979121
