,theta_x,theta_y
0,-0.2311156710682528,-0.2311156710682528
1,-0.23827811501929355,-0.23827811501929355
2,-0.24724288055110327,-0.24724288055110327
3,-0.2409809809633704,-0.2409809809633704
4,-0.2370385652770754,-0.2370385652770754
5,-0.24801871319084182,-0.24801871319084182
6,-0.30374734245641877,-0.30374734245641877
