,theta_x,theta_y
0,-1.7941158736700547,-1.7941158736700547
