theta_x,theta_y
-1.9986995304078912,-1.9986995304078912
2.8339916192798786,2.8339916192798786
-0.9159451526199689,-0.9159451526199689
2.664610903082199,2.664610903082199
-2.032804052001361,-2.032804052001361
-3.122933492204234,-3.122933492204234
