,theta_x,theta_y
0,-3.141592653589793,-3.141592653589793
1,-1.9459295115842,-1.9459295115842
2,2.591322812225403,2.591322812225403
