theta_x,theta_y
2.9801009891444017,2.9801009891444017
-1.5457780740843534,-1.5457780740843534
0.7567114432833647,0.7567114432833647
2.351728080020209,2.351728080020209
1.7481936697339902,1.7481936697339902
3.141592653589793,3.141592653589793
2.6944999672936776,2.6944999672936776
2.930233871093083,2.930233871093083
-2.8274784948493874,-2.8274784948493874
