,theta_x,theta_y
0,-2.185690486923728,-2.185690486923728
1,2.8691228623528984,2.8691228623528984
2,-1.9356813560189636,-1.9356813560189636
3,2.5798489579777906,2.5798489579777906
4,3.071237277039116,3.071237277039116
5,-1.6458405928663866,-1.6458405928663866
6,-0.7241575647551179,-0.7241575647551179
7,-0.5304997591759597,-0.5304997591759597
8,-2.2155269806867848,-2.2155269806867848
9,0.27586211184396453,0.27586211184396453
