,theta_x,theta_y
0,-1.8948684328946808,-1.8948684328946808
