,theta_x,theta_y
0,-3.141592653589793,-3.141592653589793
1,-3.141592653589793,-3.141592653589793
2,1.186709651381193,1.186709651381193
3,0.9431657174067763,0.9431657174067763
4,-3.141592653589793,-3.141592653589793
5,1.468244226698499,1.468244226698499
6,1.4394854668289963,1.4394854668289963
7,-3.141592653589793,-3.141592653589793
8,2.842183036818381,2.842183036818381
