,theta_x,theta_y
0,1.6638094106333063,1.6638094106333063
1,1.6579102883341452,1.6579102883341452
2,3.141592653589793,3.141592653589793
