,theta_x,theta_y
0,-0.5509281276614675,-0.5509281276614675
1,-0.590762479540622,-0.590762479540622
2,-1.6560590222506968,-1.6560590222506968
3,-0.7880509776273052,-0.7880509776273052
