,theta_x,theta_y
0,1.3181915943151408,1.3181915943151408
1,-1.9891914325160176,-1.9891914325160176
2,0.4800618732139529,0.4800618732139529
3,-0.028350833985615997,-0.028350833985615997
4,0.5825488949960753,0.5825488949960753
5,3.141592653589793,3.141592653589793
