,theta_x,theta_y
0,1.7717735173684264,1.7717735173684264
1,3.141592653589793,3.141592653589793
