theta_x,theta_y
0.8373988830627204,0.8373988830627204
1.9437158867505007,1.9437158867505007
1.1632544940593788,1.1632544940593788
-1.4265474783512917,-1.4265474783512917
-0.705855362069804,-0.705855362069804
1.7327987066855632,1.7327987066855632
-3.0072517658285993,-3.0072517658285993
