,theta_x,theta_y
0,-1.9690878106919065,-1.9690878106919065
