,theta_x,theta_y
0,2.1295002841014843,2.1295002841014843
1,1.7731370946030174,1.7731370946030174
2,-0.05313792734370131,-0.05313792734370131
3,-0.9445254743416686,-0.9445254743416686
4,-2.593750727408336,-2.593750727408336
5,-0.6034739958281365,-0.6034739958281365
6,-0.8897078200407914,-0.8897078200407914
7,-2.6201476360834075,-2.6201476360834075
