theta_x,theta_y
2.1295002841014843,2.1295002841014843
1.7731370946030174,1.7731370946030174
-0.05313792734370131,-0.05313792734370131
-0.9445254743416686,-0.9445254743416686
-2.593750727408336,-2.593750727408336
-0.6034739958281365,-0.6034739958281365
-0.8897078200407914,-0.8897078200407914
-2.6201476360834075,-2.6201476360834075
