,theta_x,theta_y
0,2.1250741683795265,2.1250741683795265
1,0.4874811703238098,0.4874811703238098
