theta_x,theta_y
1.0568018495203804,1.0568018495203804
1.8569282897313135,1.8569282897313135
1.339509161654946,1.339509161654946
-1.805978946517628,-1.805978946517628
