,theta_x,theta_y
0,2.083296430493167,2.083296430493167
1,-1.128298528350851,-1.128298528350851
2,0.054959075337843895,0.054959075337843895
3,1.4822583138800072,1.4822583138800072
4,0.7884205834674907,0.7884205834674907
5,3.141592653589793,3.141592653589793
6,2.405830287506946,2.405830287506946
7,2.5829081761064923,2.5829081761064923
8,-3.0642881040810823,-3.0642881040810823
9,-0.2589267122685629,-0.2589267122685629
