,theta_x,theta_y
0,0.4912290602891899,0.4912290602891899
1,-0.05306307097867706,-0.05306307097867706
