,theta_x,theta_y
0,1.069146530723787,1.069146530723787
1,-1.7067137897307652,-1.7067137897307652
