,theta_x,theta_y
0,2.645347806436022,2.645347806436022
1,-1.8059211146500163,-1.8059211146500163
2,-0.2382203449301164,-0.2382203449301164
3,2.112249945752592,2.112249945752592
4,0.4676464597088512,0.4676464597088512
