,theta_x,theta_y
0,-0.8495472332584959,-0.8495472332584959
1,3.141592653589793,3.141592653589793
2,2.0994491789061778,2.0994491789061778
