,theta_x,theta_y
0,1.2146195951088266,1.2146195951088266
1,1.5970326391089722,1.5970326391089722
2,0.9687463749631192,0.9687463749631192
3,-2.3711877112478565,-2.3711877112478565
