,theta_x,theta_y
0,-3.141592653589793,-3.141592653589793
1,2.296325221410144,2.296325221410144
2,2.5885180623225845,2.5885180623225845
3,2.4605945593501355,2.4605945593501355
4,-3.073092378661406,-3.073092378661406
