,theta_x,theta_y
0,1.3619968592489755,1.3619968592489755
1,1.5728452962370845,1.5728452962370845
2,0.07318135559790488,0.07318135559790488
3,-1.512176024119796,-1.512176024119796
4,-3.141592653589793,-3.141592653589793
