,theta_x,theta_y
0,0.78726338194859,0.78726338194859
1,-0.28350351204540836,-0.28350351204540836
2,-0.414866728430869,-0.414866728430869
3,-1.251575212335595,-1.251575212335595
4,-0.2903152945246792,-0.2903152945246792
