theta_x,theta_y
0.5860845540956314,0.5860845540956314
2.805542906513611,2.805542906513611
1.3477716163357583,1.3477716163357583
