theta_x,theta_y
3.013230195661027,3.013230195661027
1.0937566899350195,1.0937566899350195
-3.141592653589793,-3.141592653589793
-3.141592653589793,-3.141592653589793
1.8335426185495103,1.8335426185495103
