,theta_x,theta_y
0,3.013230195661027,3.013230195661027
1,1.0937566899350195,1.0937566899350195
2,-3.141592653589793,-3.141592653589793
3,-3.141592653589793,-3.141592653589793
4,1.8335426185495103,1.8335426185495103
