theta_x,theta_y
-3.141592653589793,-3.141592653589793
0.8018579447076538,0.8018579447076538
-3.141592653589793,-3.141592653589793
0.7749467693306242,0.7749467693306242
-3.141592653589793,-3.141592653589793
0.7500979458213227,0.7500979458213227
0.8662688115918563,0.8662688115918563
