theta_x,theta_y
0.37323850691140337,0.37323850691140337
3.141592653589793,3.141592653589793
0.04396402194106949,0.04396402194106949
3.141592653589793,3.141592653589793
2.4605056198353132,2.4605056198353132
0.930782036048527,0.930782036048527
0.2820472271822819,0.2820472271822819
-0.09492342694919755,-0.09492342694919755
