,theta_x,theta_y
0,2.4707824184647635,2.4707824184647635
1,-3.141592653589793,-3.141592653589793
