,theta_x,theta_y
0,-0.07502236817123376,-0.07502236817123376
1,3.141592653589793,3.141592653589793
2,-3.127979518678058,-3.127979518678058
3,1.8477476269704223,1.8477476269704223
4,-2.942422760281383,-2.942422760281383
5,0.7990148538839486,0.7990148538839486
6,1.2399747153756655,1.2399747153756655
7,0.8611495156346765,0.8611495156346765
