theta_x,theta_y
2.9988989607913665,2.9988989607913665
-0.9441517207165596,-0.9441517207165596
0.12746406307045743,0.12746406307045743
1.9646460963515013,1.9646460963515013
0.9948525726143828,0.9948525726143828
3.141592653589793,3.141592653589793
2.7394895034904017,2.7394895034904017
3.0675334025863696,3.0675334025863696
-2.067788100545268,-2.067788100545268
-0.18794589076133125,-0.18794589076133125
