,theta_x,theta_y
0,1.849589952972142,1.849589952972142
1,1.784554025438525,1.784554025438525
2,-3.141592653589793,-3.141592653589793
3,1.7819024568934116,1.7819024568934116
