theta_x,theta_y
1.849589952972142,1.849589952972142
1.784554025438525,1.784554025438525
-3.141592653589793,-3.141592653589793
1.7819024568934116,1.7819024568934116
