theta_x,theta_y
-3.141592653589793,-3.141592653589793
3.0078877903231933,3.0078877903231933
-1.8039222373564459,-1.8039222373564459
1.9679186030119276,1.9679186030119276
