,theta_x,theta_y
0,3.141592653589793,3.141592653589793
1,-0.45013065828353593,-0.45013065828353593
2,-0.6497692952506889,-0.6497692952506889
3,-0.8536901442079526,-0.8536901442079526
4,-1.0532222500224722,-1.0532222500224722
5,3.141592653589793,3.141592653589793
6,3.141592653589793,3.141592653589793
7,3.141592653589793,3.141592653589793
