,theta_x,theta_y
0,1.1954981453708449,1.1954981453708449
1,-0.10374660586078897,-0.10374660586078897
2,-1.0580463525459038,-1.0580463525459038
3,-1.7666921644596374,-1.7666921644596374
4,3.141592653589793,3.141592653589793
5,1.5109203707909848,1.5109203707909848
