theta_x,theta_y
1.1954981453708449,1.1954981453708449
-0.10374660586078897,-0.10374660586078897
-1.0580463525459038,-1.0580463525459038
-1.7666921644596374,-1.7666921644596374
3.141592653589793,3.141592653589793
1.5109203707909848,1.5109203707909848
