theta_x,theta_y
-2.564782663494254,-2.564782663494254
-2.9144710411360544,-2.9144710411360544
