,theta_x,theta_y
0,-0.269995341151669,-0.269995341151669
