,theta_x,theta_y
0,3.141592653589793,3.141592653589793
1,2.899126612238591,2.899126612238591
2,-0.907182198066707,-0.907182198066707
3,-0.8669336543558283,-0.8669336543558283
4,-0.9062092405953089,-0.9062092405953089
5,-1.287317520561752,-1.287317520561752
6,-1.4895496299246576,-1.4895496299246576
7,-1.4189797743195205,-1.4189797743195205
