theta_x,theta_y
1.874250121880974,1.874250121880974
1.056059718640571,1.056059718640571
-3.141592653589793,-3.141592653589793
-3.141592653589793,-3.141592653589793
1.340592947690194,1.340592947690194
1.453071032751951,1.453071032751951
1.7868281989304686,1.7868281989304686
