theta_x,theta_y
1.0905157761014905,1.0905157761014905
-0.01833267955429419,-0.01833267955429419
3.030542389080239,3.030542389080239
