,theta_x,theta_y
0,-1.5481356972540057,-1.5481356972540057
1,-0.7449355672666171,-0.7449355672666171
2,-2.8672097060902644,-2.8672097060902644
3,1.930533809300856,1.930533809300856
4,-0.7888058372358888,-0.7888058372358888
