,theta_x,theta_y
0,2.9944915114660007,2.9944915114660007
1,0.4279434671544749,0.4279434671544749
2,3.141592653589793,3.141592653589793
3,-2.8003759425997488,-2.8003759425997488
4,1.153825857573418,1.153825857573418
5,-0.4279105521598927,-0.4279105521598927
6,2.078145938502123,2.078145938502123
7,-1.9622116839985346,-1.9622116839985346
8,2.2330962137042794,2.2330962137042794
