,theta_x,theta_y
0,0.796098030221138,0.796098030221138
1,-0.12695747220354306,-0.12695747220354306
2,-1.3496693036538765,-1.3496693036538765
3,0.36015453450296175,0.36015453450296175
4,3.141592653589793,3.141592653589793
