theta_x,theta_y
-0.20330564863335832,-0.20330564863335832
-0.7214333639942216,-0.7214333639942216
2.6536354616860565,2.6536354616860565
-2.8298132464022228,-2.8298132464022228
2.1346453549788214,2.1346453549788214
1.5058034021741007,1.5058034021741007
-2.201780370863249,-2.201780370863249
