,theta_x,theta_y
0,0.5329026223280395,0.5329026223280395
1,2.8116754049639887,2.8116754049639887
2,0.397887865799874,0.397887865799874
3,-0.06984931307629516,-0.06984931307629516
4,-0.855918570698881,-0.855918570698881
5,3.141592653589793,3.141592653589793
6,-1.3173471845778757,-1.3173471845778757
7,2.375950417251428,2.375950417251428
