,theta_x,theta_y
0,-2.369737225241588,-2.369737225241588
1,-0.9098349190462021,-0.9098349190462021
2,1.6556355212177498,1.6556355212177498
3,-2.7025083086044988,-2.7025083086044988
