,theta_x,theta_y
0,-3.141592653589793,-3.141592653589793
1,-3.141592653589793,-3.141592653589793
2,-2.9673187547559845,-2.9673187547559845
3,3.141592653589793,3.141592653589793
4,3.141592653589793,3.141592653589793
