,theta_x,theta_y
0,-3.141592653589793,-3.141592653589793
1,3.141592653589793,3.141592653589793
2,-0.6842131416570413,-0.6842131416570413
3,2.1062418368231177,2.1062418368231177
