theta_x,theta_y
1.5558501923063985,1.5558501923063985
-0.847128135227783,-0.847128135227783
1.3238225667586776,1.3238225667586776
0.7223671535229435,0.7223671535229435
0.723800583258206,0.723800583258206
1.230990141373894,1.230990141373894
1.9822293202806653,1.9822293202806653
