,theta_x,theta_y
0,0.49090019171832194,0.49090019171832194
1,-1.1211041529292554,-1.1211041529292554
2,-2.270733653036132,-2.270733653036132
3,-2.63638027581379,-2.63638027581379
4,2.027887280477289,2.027887280477289
5,2.4682470922085398,2.4682470922085398
6,0.6470236925312016,0.6470236925312016
7,1.002753586420709,1.002753586420709
