,theta_x,theta_y
0,-2.0503635714270185,-2.0503635714270185
1,-2.769589293823343,-2.769589293823343
2,2.991627721573143,2.991627721573143
3,0.532158669588899,0.532158669588899
4,-2.7188071026624043,-2.7188071026624043
5,-0.2553698085245042,-0.2553698085245042
6,-1.9719683222339501,-1.9719683222339501
