,theta_x,theta_y
0,0.4660329536714104,0.4660329536714104
1,2.175899595055869,2.175899595055869
2,-2.3081465774641643,-2.3081465774641643
3,2.3208361453347943,2.3208361453347943
4,-0.5523739190160011,-0.5523739190160011
5,0.020884394709994206,0.020884394709994206
6,1.3909753592834861,1.3909753592834861
7,-0.06758560915774128,-0.06758560915774128
