,theta_x,theta_y
0,0.600601667709691,0.600601667709691
