,theta_x,theta_y
0,1.1884855192640347,1.1884855192640347
1,1.2092685071891247,1.2092685071891247
2,0.7598108479723605,0.7598108479723605
