theta_x,theta_y
0.9130299073007029,0.9130299073007029
0.8671698695638431,0.8671698695638431
0.8241190797127692,0.8241190797127692
0.784822537322407,0.784822537322407
