,theta_x,theta_y
0,2.4859937813451847,2.4859937813451847
1,-0.4551053426746787,-0.4551053426746787
2,-1.5298932662237574,-1.5298932662237574
3,-0.058356113994877376,-0.058356113994877376
4,-1.0641050909741314,-1.0641050909741314
5,3.141592653589793,3.141592653589793
6,3.122065595249073,3.122065595249073
