theta_x,theta_y
2.25768139699563,2.25768139699563
-2.0813623631692497,-2.0813623631692497
-3.141592653589793,-3.141592653589793
-3.141592653589793,-3.141592653589793
2.0964192528123817,2.0964192528123817
2.410998387120386,2.410998387120386
2.1861895135515312,2.1861895135515312
2.6878182378390396,2.6878182378390396
