theta_x,theta_y
0.7065910551623649,0.7065910551623649
-1.2474709521072342,-1.2474709521072342
-1.5685214988522374,-1.5685214988522374
-1.1784132139674226,-1.1784132139674226
