theta_x,theta_y
0.9527717317536742,0.9527717317536742
