,theta_x,theta_y
0,0.057230672304109276,0.057230672304109276
1,-0.35506017553590735,-0.35506017553590735
2,2.554768848792538,2.554768848792538
3,-3.141592653589793,-3.141592653589793
4,1.9722912789520826,1.9722912789520826
5,0.7856425798598929,0.7856425798598929
