theta_x,theta_y
-0.7381130683292134,-0.7381130683292134
3.0690666257872876,3.0690666257872876
1.7533829940017407,1.7533829940017407
-0.9437299096055388,-0.9437299096055388
-2.2904663778817387,-2.2904663778817387
