theta_x,theta_y
1.1370768541910807,1.1370768541910807
-1.3456412012168952,-1.3456412012168952
-2.081518084456258,-2.081518084456258
-1.6471945567947543,-1.6471945567947543
