,theta_x,theta_y
0,2.862918578582882,2.862918578582882
1,2.5553193824631504,2.5553193824631504
2,1.4229747794131788,1.4229747794131788
3,-1.6417433320944455,-1.6417433320944455
