theta_x,theta_y
-0.3487670528618751,-0.3487670528618751
-0.8865046158600021,-0.8865046158600021
-0.42038423907779454,-0.42038423907779454
-0.8924633721783224,-0.8924633721783224
3.114673848174054,3.114673848174054
0.6770293235649014,0.6770293235649014
