,theta_x,theta_y
0,2.472724905723787,2.472724905723787
1,-1.2203221521075014,-1.2203221521075014
2,1.184368317130498,1.184368317130498
3,-1.8463597759325894,-1.8463597759325894
4,3.121359968396217,3.121359968396217
5,2.113600522062813,2.113600522062813
6,1.4296468508728175,1.4296468508728175
7,-3.141592653589793,-3.141592653589793
