theta_x,theta_y
3.141592653589793,3.141592653589793
-0.26400832243818073,-0.26400832243818073
1.3856008500744754,1.3856008500744754
