,theta_x,theta_y
0,3.141592653589793,3.141592653589793
1,-1.22955303817687,-1.22955303817687
2,-1.826188874440421,-1.826188874440421
