,theta_x,theta_y
0,2.222262133543856,2.222262133543856
1,2.173204933884106,2.173204933884106
2,2.107510483738218,2.107510483738218
3,1.9821908198297695,1.9821908198297695
4,-3.141592653589793,-3.141592653589793
5,2.042878509939625,2.042878509939625
6,2.0463805539333193,2.0463805539333193
7,-3.141592653589793,-3.141592653589793
