,theta_x,theta_y
0,1.126933599034313,1.126933599034313
1,-2.2198773348813425,-2.2198773348813425
2,-3.141592653589793,-3.141592653589793
3,-3.141592653589793,-3.141592653589793
4,2.259784277269894,2.259784277269894
5,2.3068236294645748,2.3068236294645748
