theta_x,theta_y
1.0403374096591256,1.0403374096591256
2.258670146493536,2.258670146493536
1.3240671479632964,1.3240671479632964
-1.4937756537409332,-1.4937756537409332
-0.8259070723200803,-0.8259070723200803
