,theta_x,theta_y
0,1.5893786886643897,1.5893786886643897
1,-1.6828140625878134,-1.6828140625878134
2,-2.745085576308214,-2.745085576308214
3,-3.116220270510007,-3.116220270510007
4,2.529002885271631,2.529002885271631
5,2.3152691389956126,2.3152691389956126
6,1.6901284297036232,1.6901284297036232
7,1.6604626214244644,1.6604626214244644
8,0.5497789068505354,0.5497789068505354
9,2.585882455781621,2.585882455781621
