theta_x,theta_y
1.2566220051013997,1.2566220051013997
1.3139777913328108,1.3139777913328108
-3.141592653589793,-3.141592653589793
-3.141592653589793,-3.141592653589793
1.1331449004170293,1.1331449004170293
1.2868062514376097,1.2868062514376097
1.2912077679504848,1.2912077679504848
1.390157853413738,1.390157853413738
