theta_x,theta_y
2.568306541743664,2.568306541743664
-0.24042531293047728,-0.24042531293047728
0.40129822502954926,0.40129822502954926
1.474892386326979,1.474892386326979
-0.6235317684079733,-0.6235317684079733
