,theta_x,theta_y
0,-1.46562623586705,-1.46562623586705
1,3.110612349390253,3.110612349390253
2,-1.5127366452352047,-1.5127366452352047
