,theta_x,theta_y
0,-0.44890438589898896,-0.44890438589898896
