,theta_x,theta_y
0,-2.080661619317444,-2.080661619317444
1,-1.7321902483993112,-1.7321902483993112
2,2.4211020261268263,2.4211020261268263
3,1.7071385962864272,1.7071385962864272
4,-3.141592653589793,-3.141592653589793
5,1.2148397125094608,1.2148397125094608
6,1.0690640191225158,1.0690640191225158
7,-1.9241641861715277,-1.9241641861715277
8,1.3938285139852746,1.3938285139852746
9,-3.141592653589793,-3.141592653589793
