,theta_x,theta_y
0,0.4787138209688063,0.4787138209688063
1,0.38247037287590835,0.38247037287590835
2,0.939045133434974,0.939045133434974
3,-1.7337353687043515,-1.7337353687043515
4,-0.9095151102677563,-0.9095151102677563
5,-0.8940163415790013,-0.8940163415790013
6,0.6505626767869148,0.6505626767869148
7,-2.532964799268578,-2.532964799268578
8,1.5406541257336988,1.5406541257336988
9,1.0542729208173953,1.0542729208173953
