theta_x,theta_y
0.4787138209688063,0.4787138209688063
0.38247037287590835,0.38247037287590835
0.939045133434974,0.939045133434974
-1.7337353687043515,-1.7337353687043515
-0.9095151102677563,-0.9095151102677563
-0.8940163415790013,-0.8940163415790013
0.6505626767869148,0.6505626767869148
-2.532964799268578,-2.532964799268578
1.5406541257336988,1.5406541257336988
1.0542729208173953,1.0542729208173953
