,theta_x,theta_y
0,3.141592653589793,3.141592653589793
1,-0.43398882011036,-0.43398882011036
2,3.141592653589793,3.141592653589793
3,-0.5622723633884449,-0.5622723633884449
4,-1.0302709235396226,-1.0302709235396226
