,theta_x,theta_y
0,-0.6864956069415148,-0.6864956069415148
1,3.141592653589793,3.141592653589793
2,-0.9868520163920005,-0.9868520163920005
3,3.141592653589793,3.141592653589793
4,-1.193202948557201,-1.193202948557201
5,-1.7103746380793086,-1.7103746380793086
