theta_x,theta_y
0.21573901921288302,0.21573901921288302
3.141592653589793,3.141592653589793
-2.0679489997744023,-2.0679489997744023
2.4073861862806374,2.4073861862806374
0.10142359940150236,0.10142359940150236
0.42127941332481966,0.42127941332481966
2.4148437732465204,2.4148437732465204
