,theta_x,theta_y
0,-2.3632895080434104,-2.3632895080434104
1,-0.4538845439827143,-0.4538845439827143
2,1.640263285205831,1.640263285205831
