theta_x,theta_y
2.3161607988556367,2.3161607988556367
0.07523098401463474,0.07523098401463474
0.07471352533841441,0.07471352533841441
0.8029043738239854,0.8029043738239854
-0.37830617841410574,-0.37830617841410574
3.141592653589793,3.141592653589793
3.141592653589793,3.141592653589793
3.141592653589793,3.141592653589793
