,theta_x,theta_y
0,-3.141592653589793,-3.141592653589793
1,1.6753049815015166,1.6753049815015166
2,0.35646336205345985,0.35646336205345985
3,0.3340278923751593,0.3340278923751593
4,-1.11949199222249,-1.11949199222249
5,1.6716988503918633,1.6716988503918633
