,theta_x,theta_y
0,-3.141592653589793,-3.141592653589793
1,2.447666804908574,2.447666804908574
2,-3.141592653589793,-3.141592653589793
3,2.596824816579337,2.596824816579337
4,-3.1138269919177306,-3.1138269919177306
5,-2.8505831380801516,-2.8505831380801516
