,theta_x,theta_y
0,3.141592653589793,3.141592653589793
1,-0.4336622571700601,-0.4336622571700601
2,3.141592653589793,3.141592653589793
3,-1.2324143633146876,-1.2324143633146876
4,0.8718135251072748,0.8718135251072748
5,-1.22901615414596,-1.22901615414596
6,3.141592653589793,3.141592653589793
7,-1.8103706578368102,-1.8103706578368102
