,theta_x,theta_y
0,-2.087781783866788,-2.087781783866788
1,2.283672964259571,2.283672964259571
2,-2.5601516697194935,-2.5601516697194935
3,2.213730780423856,2.213730780423856
4,1.5122711968941922,1.5122711968941922
5,-1.173912135645875,-1.173912135645875
6,1.419099466629082,1.419099466629082
7,0.9744523003948867,0.9744523003948867
