,theta_x,theta_y
0,3.141592653589793,3.141592653589793
1,-1.023745004760122,-1.023745004760122
2,0.3093234211190595,0.3093234211190595
