,theta_x,theta_y
0,-3.0990179591168525,-3.0990179591168525
1,-0.6781275217019505,-0.6781275217019505
2,1.1601776706980529,1.1601776706980529
3,1.0186078289257683,1.0186078289257683
4,-3.0780433737672563,-3.0780433737672563
5,0.8705275908681424,0.8705275908681424
6,0.8881164588904215,0.8881164588904215
7,-1.8782391756938075,-1.8782391756938075
8,0.9301614787984676,0.9301614787984676
9,-3.0173882658814843,-3.0173882658814843
