,theta_x,theta_y
0,0.4694758822032715,0.4694758822032715
