,theta_x,theta_y
0,-1.3908630564619815,-1.3908630564619815
1,-1.4764740147058828,-1.4764740147058828
2,3.141592653589793,3.141592653589793
3,-1.329713373716836,-1.329713373716836
4,-1.0614979732124514,-1.0614979732124514
5,1.2554550515758025,1.2554550515758025
6,-1.494358365333581,-1.494358365333581
7,-1.4156107336110086,-1.4156107336110086
