,theta_x,theta_y
0,1.2514925342812455,1.2514925342812455
1,0.809095989957292,0.809095989957292
2,-1.9726695407898438,-1.9726695407898438
3,1.0689179520337564,1.0689179520337564
4,0.5595448622774424,0.5595448622774424
5,1.0909257841245472,1.0909257841245472
