theta_x,theta_y
1.191198237166694,1.191198237166694
3.141592653589793,3.141592653589793
0.39198149927628106,0.39198149927628106
-0.09621015553278445,-0.09621015553278445
-0.7194246658210813,-0.7194246658210813
0.46228802432609195,0.46228802432609195
