,theta_x,theta_y
0,0.7492989972716977,0.7492989972716977
1,-1.3678484814758642,-1.3678484814758642
2,-2.722183656066333,-2.722183656066333
3,-3.0719044269549665,-3.0719044269549665
4,1.905146773737676,1.905146773737676
5,2.4147383916225893,2.4147383916225893
6,0.8165348965474604,0.8165348965474604
7,1.5295015384755626,1.5295015384755626
