theta_x,theta_y
1.7681497701831046,1.7681497701831046
1.248636613342934,1.248636613342934
0.3386231991934664,0.3386231991934664
-0.4306217315599923,-0.4306217315599923
-2.9328591259915,-2.9328591259915
0.10287831920147815,0.10287831920147815
-0.23895424420387945,-0.23895424420387945
-2.4724872251385697,-2.4724872251385697
