,theta_x,theta_y
0,3.1415926535897927,3.1415926535897927
1,-2.7496106493473054,-2.7496106493473054
2,-3.141592653589793,-3.141592653589793
3,-3.141592653589793,-3.141592653589793
