,theta_x,theta_y
0,-1.3726348434601825,-1.3726348434601825
1,-2.28434119164388,-2.28434119164388
2,-3.080650701266394,-3.080650701266394
3,-2.4264773989441046,-2.4264773989441046
4,2.1882753785332043,2.1882753785332043
5,-1.750056714126926,-1.750056714126926
6,2.3408320117984243,2.3408320117984243
7,-3.138853080539149,-3.138853080539149
