,theta_x,theta_y
0,1.8923515939390703,1.8923515939390703
1,0.7741585596189118,0.7741585596189118
2,1.4180073133772857,1.4180073133772857
3,-3.1118090447646245,-3.1118090447646245
4,0.03493037151982768,0.03493037151982768
