,theta_x,theta_y
0,0.9632059866649465,0.9632059866649465
1,-1.2550561296343132,-1.2550561296343132
2,-2.8430048233918206,-2.8430048233918206
3,-3.141592653589793,-3.141592653589793
4,1.9624490421535439,1.9624490421535439
5,2.3066182058593188,2.3066182058593188
6,0.9656497828563687,0.9656497828563687
7,1.4843492012979382,1.4843492012979382
8,0.5836692994540102,0.5836692994540102
