,theta_x,theta_y
0,2.9136067926321574,2.9136067926321574
1,1.220093366440924,1.220093366440924
2,-0.22074303563169423,-0.22074303563169423
3,3.141592653589793,3.141592653589793
4,0.6564990087189395,0.6564990087189395
