,theta_x,theta_y
0,-1.5503567283710493,-1.5503567283710493
1,-2.180080408832429,-2.180080408832429
2,3.141592653589793,3.141592653589793
3,-2.8172943750997446,-2.8172943750997446
4,1.6096821318531636,1.6096821318531636
