,theta_x,theta_y
0,1.588318870046455,1.588318870046455
1,-0.7122412198710806,-0.7122412198710806
