theta_x,theta_y
-1.6319971861726457,-1.6319971861726457
