,theta_x,theta_y
0,-0.3574167756797004,-0.3574167756797004
1,-1.212515104479601,-1.212515104479601
2,-1.0198329002043736,-1.0198329002043736
3,-0.6562189083101543,-0.6562189083101543
4,3.141592653589793,3.141592653589793
5,0.2032054251424743,0.2032054251424743
6,1.1226223120613072,1.1226223120613072
7,-0.24965494114623266,-0.24965494114623266
8,1.1994600923716594,1.1994600923716594
