,theta_x,theta_y
0,-0.8768311329796804,-0.8768311329796804
1,-1.3833958382955305,-1.3833958382955305
2,2.449174561130321,2.449174561130321
3,-2.900509410811242,-2.900509410811242
4,1.3452128060037265,1.3452128060037265
5,1.132619451495909,1.132619451495909
