theta_x,theta_y
-1.938506297953161,-1.938506297953161
