,theta_x,theta_y
0,1.644891122832982,1.644891122832982
1,1.088191307389796,1.088191307389796
2,-0.6968012369249508,-0.6968012369249508
3,-0.4311620922202131,-0.4311620922202131
4,-1.567633716339416,-1.567633716339416
5,-0.4208861339688968,-0.4208861339688968
6,-1.250107313107527,-1.250107313107527
