,theta_x,theta_y
0,2.52754066351443,2.52754066351443
1,0.2022358559681516,0.2022358559681516
2,2.7084987304598047,2.7084987304598047
