theta_x,theta_y
-1.2374847653633996,-1.2374847653633996
3.141592653589793,3.141592653589793
2.625661679547458,2.625661679547458
-0.4942312775496437,-0.4942312775496437
-1.9180347285125567,-1.9180347285125567
3.141592653589793,3.141592653589793
-3.141592653589793,-3.141592653589793
