theta_x,theta_y
-0.9383111887375295,-0.9383111887375295
3.141592653589793,3.141592653589793
3.0615738297536534,3.0615738297536534
2.4201844282569405,2.4201844282569405
0.6727577297848533,0.6727577297848533
-2.6895417268721933,-2.6895417268721933
-2.184243713012017,-2.184243713012017
-3.141592653589793,-3.141592653589793
