,theta_x,theta_y
0,-2.788825713594683,-2.788825713594683
1,-2.8490422149521444,-2.8490422149521444
2,2.4873906025584107,2.4873906025584107
3,1.5175836235901583,1.5175836235901583
4,-2.6347064243920313,-2.6347064243920313
5,-0.6572768300705004,-0.6572768300705004
