,theta_x,theta_y
0,2.5612375524626585,2.5612375524626585
1,0.13197237593202618,0.13197237593202618
2,2.6787974457638692,2.6787974457638692
3,-3.1036062790765633,-3.1036062790765633
