theta_x,theta_y
-0.42214794272173994,-0.42214794272173994
-1.584682715079959,-1.584682715079959
-1.68545804766236,-1.68545804766236
