theta_x,theta_y
1.040287200406282,1.040287200406282
1.145674045922232,1.145674045922232
0.7794550221112326,0.7794550221112326
1.435795219405159,1.435795219405159
1.195818200522231,1.195818200522231
1.8747703239353328,1.8747703239353328
2.657216248239629,2.657216248239629
1.2389655951018435,1.2389655951018435
-2.8236897171047737,-2.8236897171047737
