theta_x,theta_y
2.326183322016503,2.326183322016503
-1.5572631313153442,-1.5572631313153442
1.3297615811308807,1.3297615811308807
1.4362512348308687,1.4362512348308687
1.006599270573195,1.006599270573195
1.958567499067326,1.958567499067326
2.3941368008898585,2.3941368008898585
3.074084895807452,3.074084895807452
