,theta_x,theta_y
0,-1.5836704753628639,-1.5836704753628639
1,3.141592653589793,3.141592653589793
2,-3.059198050282855,-3.059198050282855
3,2.5629522851115416,2.5629522851115416
4,0.8187738343656124,0.8187738343656124
5,-0.05586941397009923,-0.05586941397009923
