,theta_x,theta_y
0,0.3991347348054754,0.3991347348054754
1,-0.6289006785601031,-0.6289006785601031
2,0.09419155973636154,0.09419155973636154
