,theta_x,theta_y
0,0.4959366517322735,0.4959366517322735
1,-1.8180280832351203,-1.8180280832351203
2,-1.6328924501632027,-1.6328924501632027
3,-1.9844072119001852,-1.9844072119001852
4,3.0188755772589766,3.0188755772589766
5,3.092354622084951,3.092354622084951
6,0.9094341292310195,0.9094341292310195
