theta_x,theta_y
-1.0585806979254768,-1.0585806979254768
3.141592653589793,3.141592653589793
