,theta_x,theta_y
0,-0.04648714894782429,-0.04648714894782429
1,-0.8344179497845721,-0.8344179497845721
2,-0.9790855296517814,-0.9790855296517814
3,-0.9378312729356044,-0.9378312729356044
4,3.141592653589793,3.141592653589793
