,theta_x,theta_y
0,1.12663982089303,1.12663982089303
