theta_x,theta_y
0.26771341596833337,0.26771341596833337
0.14974410209557526,0.14974410209557526
0.36277037953363755,0.36277037953363755
-1.2568216108205483,-1.2568216108205483
-3.126557038203493,-3.126557038203493
