,theta_x,theta_y
0,0.517109094292035,0.517109094292035
1,1.1297488877811221,1.1297488877811221
2,1.3889041412898646,1.3889041412898646
3,-2.895626819111035,-2.895626819111035
4,2.4416761516392884,2.4416761516392884
5,1.169010514953382,1.169010514953382
6,-1.5757948549208267,-1.5757948549208267
