theta_x,theta_y
0.4502713375263073,0.4502713375263073
-1.5650970783270692,-1.5650970783270692
-2.070812212880312,-2.070812212880312
-2.552758769280265,-2.552758769280265
2.4145652787686847,2.4145652787686847
2.0474827578163306,2.0474827578163306
0.6838714174884024,0.6838714174884024
