,theta_x,theta_y
0,2.6535851106582395,2.6535851106582395
1,2.889328141346016,2.889328141346016
2,1.0490798310061384,1.0490798310061384
3,-3.141592653589793,-3.141592653589793
4,-3.141592653589793,-3.141592653589793
5,0.6831842821675147,0.6831842821675147
6,0.16543845503961568,0.16543845503961568
