,theta_x,theta_y
0,-3.141592653589793,-3.141592653589793
1,-3.141592653589793,-3.141592653589793
2,1.0989812885297296,1.0989812885297296
3,-2.127238557453226,-2.127238557453226
4,-3.141592653589793,-3.141592653589793
5,-3.141592653589793,-3.141592653589793
