,theta_x,theta_y
0,-2.0710131438575403,-2.0710131438575403
1,-0.959400283154231,-0.959400283154231
2,1.8849084979045765,1.8849084979045765
3,-2.5107622247624386,-2.5107622247624386
4,1.0728352435134743,1.0728352435134743
5,1.8406398271432796,1.8406398271432796
