,theta_x,theta_y
0,0.3435482523196557,0.3435482523196557
1,0.2808986919859096,0.2808986919859096
2,0.13921216744221337,0.13921216744221337
3,0.1285400728698296,0.1285400728698296
4,-3.141592653589793,-3.141592653589793
5,0.23490159405113328,0.23490159405113328
