,theta_x,theta_y
0,-1.7080311294205077,-1.7080311294205077
