,theta_x,theta_y
0,-0.26930647540241803,-0.26930647540241803
1,-0.2736125227272822,-0.2736125227272822
2,-0.28027274726487955,-0.28027274726487955
3,-0.27478664721215545,-0.27478664721215545
4,-0.28384839171533793,-0.28384839171533793
5,-0.2885173678496854,-0.2885173678496854
6,-0.29353630809955994,-0.29353630809955994
7,-0.2943205038761859,-0.2943205038761859
