,theta_x,theta_y
0,-1.0734287666194786,-1.0734287666194786
1,-1.1638216630793978,-1.1638216630793978
2,-2.0063739955696254,-2.0063739955696254
3,-2.9965286588782303,-2.9965286588782303
4,3.141592653589793,3.141592653589793
5,1.471662074716206,1.471662074716206
6,0.8995513514880029,0.8995513514880029
7,-1.727813592352678,-1.727813592352678
8,0.9260792639954478,0.9260792639954478
9,-1.9103107128458618,-1.9103107128458618
