theta_x,theta_y
-0.2764425977920343,-0.2764425977920343
-0.6389098332174952,-0.6389098332174952
-0.3951992042156788,-0.3951992042156788
-0.9405260119693499,-0.9405260119693499
-0.9299966357071342,-0.9299966357071342
-0.820630510007778,-0.820630510007778
