,theta_x,theta_y
0,-0.7732294802710491,-0.7732294802710491
1,2.530781926097119,2.530781926097119
2,-0.9804298354347188,-0.9804298354347188
3,1.5394813256074764,1.5394813256074764
4,1.461366308766374,1.461366308766374
