theta_x,theta_y
-0.14401965426995972,-0.14401965426995972
2.762489625771632,2.762489625771632
-1.218202361774923,-1.218202361774923
2.554876369979496,2.554876369979496
-0.21169387231476014,-0.21169387231476014
-0.4921762212147837,-0.4921762212147837
1.6434311245360407,1.6434311245360407
-0.7471948741287422,-0.7471948741287422
-0.6912958671213718,-0.6912958671213718
