theta_x,theta_y
2.7091000857736325,2.7091000857736325
2.3555079493006787,2.3555079493006787
2.33575227355735,2.33575227355735
-3.141592653589793,-3.141592653589793
-1.0322085609756504,-1.0322085609756504
1.8704229533222168,1.8704229533222168
-3.141592653589793,-3.141592653589793
