,theta_x,theta_y
0,1.7929263422291302,1.7929263422291302
1,2.212073376342476,2.212073376342476
