,theta_x,theta_y
0,1.5937760102962664,1.5937760102962664
1,1.5963729410438758,1.5963729410438758
2,1.5892149904479935,1.5892149904479935
3,-3.141592653589793,-3.141592653589793
4,1.6052665950385918,1.6052665950385918
5,1.6157024785618006,1.6157024785618006
6,1.6368317969359178,1.6368317969359178
7,-3.141592653589793,-3.141592653589793
