,theta_x,theta_y
0,0.663513100677356,0.663513100677356
1,2.1059687497750814,2.1059687497750814
2,-2.415236305139791,-2.415236305139791
3,1.6901521529523134,1.6901521529523134
4,-0.629354956063362,-0.629354956063362
5,0.030118545394862445,0.030118545394862445
6,0.738033501099458,0.738033501099458
