theta_x,theta_y
2.5021347802276312,2.5021347802276312
0.3995014592749928,0.3995014592749928
2.5741083911822367,2.5741083911822367
