,theta_x,theta_y
0,2.857416202882866,2.857416202882866
1,-3.141592653589793,-3.141592653589793
2,-3.141592653589793,-3.141592653589793
3,-3.141592653589793,-3.141592653589793
4,2.937245031688697,2.937245031688697
5,3.141592653589793,3.141592653589793
