,theta_x,theta_y
0,0.6103000869269579,0.6103000869269579
1,-1.5903110711169084,-1.5903110711169084
2,-2.312575199373447,-2.312575199373447
3,-2.6375887035211036,-2.6375887035211036
4,2.1339277390066904,2.1339277390066904
5,2.3095902272277566,2.3095902272277566
6,0.6279849115109766,0.6279849115109766
7,0.8800985379795263,0.8800985379795263
8,0.38596696788804435,0.38596696788804435
9,2.0899660915575993,2.0899660915575993
