theta_x,theta_y
-1.9866915186488838,-1.9866915186488838
-1.358234969678941,-1.358234969678941
