theta_x,theta_y
3.141592653589793,3.141592653589793
2.1830756198249697,2.1830756198249697
1.8678205071101095,1.8678205071101095
-2.8795158617482524,-2.8795158617482524
-3.141592653589793,-3.141592653589793
-0.3440723911554973,-0.3440723911554973
2.604544562590485,2.604544562590485
