theta_x,theta_y
-0.8449582937385939,-0.8449582937385939
3.141592653589793,3.141592653589793
-2.6132944501275372,-2.6132944501275372
3.108218562078181,3.108218562078181
-2.313394788385236,-2.313394788385236
-0.9997444567713107,-0.9997444567713107
2.2341657771665715,2.2341657771665715
