theta_x,theta_y
1.944957034476185,1.944957034476185
0.09508060862996864,0.09508060862996864
1.0037827621427469,1.0037827621427469
-1.1548219277161698,-1.1548219277161698
-0.4513388523206186,-0.4513388523206186
-0.43506819271091834,-0.43506819271091834
-0.3744726124376689,-0.3744726124376689
