,theta_x,theta_y
0,0.709744058529338,0.709744058529338
1,-3.141592653589793,-3.141592653589793
2,-3.141592653589793,-3.141592653589793
3,-3.141592653589793,-3.141592653589793
4,-3.141592653589793,-3.141592653589793
