,theta_x,theta_y
0,1.9230726433858882,1.9230726433858882
1,1.9114446870685406,1.9114446870685406
2,1.9002319504274312,1.9002319504274312
3,-3.141592653589793,-3.141592653589793
4,1.8645439764642076,1.8645439764642076
5,1.8742034874241085,1.8742034874241085
6,1.8834988476356065,1.8834988476356065
