,theta_x,theta_y
0,1.085712879979822,1.085712879979822
1,1.0767045501730508,1.0767045501730508
2,1.0679970896817628,1.0679970896817628
3,1.0594827445953368,1.0594827445953368
4,-3.141592653589793,-3.141592653589793
5,1.033490215844649,1.033490215844649
6,1.0364829165084075,1.0364829165084075
7,-3.141592653589793,-3.141592653589793
8,-3.141592653589793,-3.141592653589793
