theta_x,theta_y
1.085712879979822,1.085712879979822
1.0767045501730508,1.0767045501730508
1.0679970896817628,1.0679970896817628
1.0594827445953368,1.0594827445953368
-3.141592653589793,-3.141592653589793
1.033490215844649,1.033490215844649
1.0364829165084075,1.0364829165084075
-3.141592653589793,-3.141592653589793
-3.141592653589793,-3.141592653589793
