theta_x,theta_y
-0.6299935938528777,-0.6299935938528777
-1.3426507950061422,-1.3426507950061422
3.141592653589793,3.141592653589793
-1.5914345376502028,-1.5914345376502028
1.1426413536261457,1.1426413536261457
3.141592653589793,3.141592653589793
