,theta_x,theta_y
0,0.8204098444214867,0.8204098444214867
1,1.0694120393471322,1.0694120393471322
2,0.5422144253824361,0.5422144253824361
3,2.114115138354088,2.114115138354088
4,1.676287449924259,1.676287449924259
5,2.1671635629131973,2.1671635629131973
6,2.662356028941826,2.662356028941826
