,theta_x,theta_y
0,-3.141592653589793,-3.141592653589793
1,-3.029314272729754,-3.029314272729754
