theta_x,theta_y
0.683939219635802,0.683939219635802
-1.2931864357777454,-1.2931864357777454
-2.7022158478577842,-2.7022158478577842
-3.0917980122182644,-3.0917980122182644
2.1988680835003187,2.1988680835003187
