,theta_x,theta_y
0,0.20921623331547218,0.20921623331547218
1,2.8955765098178943,2.8955765098178943
2,0.05945448767589441,0.05945448767589441
3,0.014101686280764903,0.014101686280764903
4,0.08259255155431584,0.08259255155431584
5,-0.13144107416163878,-0.13144107416163878
6,-0.3417822971688099,-0.3417822971688099
