,theta_x,theta_y
0,-2.383883729986827,-2.383883729986827
1,2.570525278145261,2.570525278145261
2,-2.662370042441526,-2.662370042441526
3,2.2824728403280634,2.2824728403280634
4,2.935256433781137,2.935256433781137
5,-2.4625110782031543,-2.4625110782031543
6,-2.7694361090765316,-2.7694361090765316
7,-2.1597797724313055,-2.1597797724313055
8,0.6563593290879621,0.6563593290879621
