,theta_x,theta_y
0,1.2183168147937462,1.2183168147937462
1,0.7512069786268584,0.7512069786268584
2,-3.1175954246766517,-3.1175954246766517
3,-3.0575921734284437,-3.0575921734284437
4,3.141592653589793,3.141592653589793
5,-0.1382303148097501,-0.1382303148097501
6,0.6754486785050011,0.6754486785050011
7,-3.0360330528483206,-3.0360330528483206
8,1.476707092787436,1.476707092787436
