,theta_x,theta_y
0,1.0939020773444295,1.0939020773444295
1,2.708054909052108,2.708054909052108
2,-1.4656137051603308,-1.4656137051603308
3,2.0314132800870324,2.0314132800870324
4,-0.011441924102612036,-0.011441924102612036
5,0.633313463719137,0.633313463719137
6,1.6957021547935642,1.6957021547935642
7,-0.1919921818049809,-0.1919921818049809
8,-0.15000205927593813,-0.15000205927593813
9,-1.8254200936123135,-1.8254200936123135
