,theta_x,theta_y
0,-1.1067012708769013,-1.1067012708769013
1,3.141592653589793,3.141592653589793
