,theta_x,theta_y
0,0.36415268523808747,0.36415268523808747
1,-0.720953693981067,-0.720953693981067
2,-1.0949775013920984,-1.0949775013920984
3,-1.2475680933531879,-1.2475680933531879
4,3.141592653589793,3.141592653589793
5,-0.005524597143244269,-0.005524597143244269
6,-0.5502182035295933,-0.5502182035295933
