,theta_x,theta_y
0,-0.004469730319383233,-0.004469730319383233
1,0.262110550459069,0.262110550459069
2,-2.9525366060248643,-2.9525366060248643
3,-3.0590401966199727,-3.0590401966199727
4,0.6989151539480437,0.6989151539480437
5,1.296953158298123,1.296953158298123
6,0.32538530441621016,0.32538530441621016
7,0.49783583363946693,0.49783583363946693
