,theta_x,theta_y
0,1.2584999662357728,1.2584999662357728
1,1.2314516345231818,1.2314516345231818
2,1.2126611403335639,1.2126611403335639
3,1.1573130241964704,1.1573130241964704
4,-3.141592653589793,-3.141592653589793
5,1.1848825500371234,1.1848825500371234
6,1.2201019376845956,1.2201019376845956
7,-3.141592653589793,-3.141592653589793
8,-3.141592653589793,-3.141592653589793
