,theta_x,theta_y
0,2.8261833402543934,2.8261833402543934
1,0.001673320766725897,0.001673320766725897
2,0.320345725826181,0.320345725826181
3,1.8809580016027612,1.8809580016027612
4,-0.6028941175690341,-0.6028941175690341
5,3.141592653589793,3.141592653589793
6,0.8354597147496341,0.8354597147496341
