,theta_x,theta_y
0,0.7954398873410886,0.7954398873410886
1,1.1567635089126571,1.1567635089126571
2,0.6612246638611177,0.6612246638611177
3,-3.003390863014117,-3.003390863014117
4,0.7514014253718548,0.7514014253718548
5,-0.36331702086824375,-0.36331702086824375
