,theta_x,theta_y
0,2.9680213639635933,2.9680213639635933
1,-3.141592653589793,-3.141592653589793
2,-3.141592653589793,-3.141592653589793
3,-3.141592653589793,-3.141592653589793
4,2.9768613058491282,2.9768613058491282
