theta_x,theta_y
3.0847998866579696,3.0847998866579696
-3.0643553448993437,-3.0643553448993437
-3.141592653589793,-3.141592653589793
-3.141592653589793,-3.141592653589793
3.0177511902230143,3.0177511902230143
