,theta_x,theta_y
0,3.0847998866579696,3.0847998866579696
1,-3.0643553448993437,-3.0643553448993437
2,-3.141592653589793,-3.141592653589793
3,-3.141592653589793,-3.141592653589793
4,3.0177511902230143,3.0177511902230143
