,theta_x,theta_y
0,3.080130010899771,3.080130010899771
1,-0.7425636296812835,-0.7425636296812835
