,theta_x,theta_y
0,0.48473316736356387,0.48473316736356387
1,2.620700796417497,2.620700796417497
