,theta_x,theta_y
0,3.141592653589793,3.141592653589793
1,-0.3586937110259089,-0.3586937110259089
2,3.141592653589793,3.141592653589793
3,-0.35776435562007475,-0.35776435562007475
4,-0.3776764696098984,-0.3776764696098984
5,-0.3931306697290129,-0.3931306697290129
