,theta_x,theta_y
0,-1.018875976817263,-1.018875976817263
1,-1.8650358020641478,-1.8650358020641478
2,-1.8448208785112066,-1.8448208785112066
3,-1.6021656359784713,-1.6021656359784713
4,-0.9156271487808817,-0.9156271487808817
5,2.864024720752408,2.864024720752408
6,-0.025826944893725244,-0.025826944893725244
