,theta_x,theta_y
0,-1.7201921444147799,-1.7201921444147799
1,3.141592653589793,3.141592653589793
2,-2.0570254979400975,-2.0570254979400975
