,theta_x,theta_y
0,2.8657605359953333,2.8657605359953333
1,2.097425803705121,2.097425803705121
2,1.879243033485193,1.879243033485193
3,0.5130008243198216,0.5130008243198216
4,-1.5465476702476566,-1.5465476702476566
5,0.8163630517564047,0.8163630517564047
6,0.43941304344298604,0.43941304344298604
