,theta_x,theta_y
0,-0.27713349413011584,-0.27713349413011584
1,2.6581422006039057,2.6581422006039057
2,-2.7029746096265668,-2.7029746096265668
3,2.4097112320102827,2.4097112320102827
4,-0.53725748763143,-0.53725748763143
5,-0.06035195266499647,-0.06035195266499647
6,1.3937706553801712,1.3937706553801712
