,theta_x,theta_y
0,0.1071781821117391,0.1071781821117391
1,3.054574022525865,3.054574022525865
2,-2.4738591680982163,-2.4738591680982163
3,2.205598460896371,2.205598460896371
4,-0.6839213916078857,-0.6839213916078857
5,0.24627366274994644,0.24627366274994644
6,1.5749429328138442,1.5749429328138442
