theta_x,theta_y
2.48057840502557,2.48057840502557
1.7236684778037752,1.7236684778037752
1.2581130758536119,1.2581130758536119
0.008754484128139159,0.008754484128139159
-2.1809585743985096,-2.1809585743985096
0.5628516501748964,0.5628516501748964
