,theta_x,theta_y
0,2.5184308161417186,2.5184308161417186
1,0.7587676924426359,0.7587676924426359
2,1.217926300371784,1.217926300371784
3,-3.141592653589793,-3.141592653589793
4,-0.39807882969166125,-0.39807882969166125
5,0.5753618835864941,0.5753618835864941
6,0.6429585862265814,0.6429585862265814
7,-3.141592653589793,-3.141592653589793
