,theta_x,theta_y
0,-2.9430333917459985,-2.9430333917459985
1,-1.6602741568162924,-1.6602741568162924
2,1.7847565132046515,1.7847565132046515
3,0.9569476731559761,0.9569476731559761
4,-3.07724034335458,-3.07724034335458
5,0.21287620321303513,0.21287620321303513
6,0.2622460804334301,0.2622460804334301
7,-1.9586193418658213,-1.9586193418658213
8,1.5137207423582255,1.5137207423582255
