,theta_x,theta_y
0,-1.273310891278607,-1.273310891278607
1,3.141592653589793,3.141592653589793
2,-1.4233328633802982,-1.4233328633802982
