theta_x,theta_y
1.1135530788292076,1.1135530788292076
-0.7644590107085801,-0.7644590107085801
-2.487772062618277,-2.487772062618277
-3.0565301252489894,-3.0565301252489894
2.014048222677416,2.014048222677416
