,theta_x,theta_y
0,0.31554862957230456,0.31554862957230456
1,-2.185230969124909,-2.185230969124909
2,-2.979919596193426,-2.979919596193426
3,-3.1284433389220694,-3.1284433389220694
4,2.2626119514930867,2.2626119514930867
5,1.894089891623473,1.894089891623473
6,1.7025728616575992,1.7025728616575992
7,0.8540654598850254,0.8540654598850254
8,-0.31106658725834013,-0.31106658725834013
9,1.8064466246219233,1.8064466246219233
