,theta_x,theta_y
0,-0.022848634823696257,-0.022848634823696257
1,0.6088264601018971,0.6088264601018971
2,2.88193368641696,2.88193368641696
3,-2.56247715999619,-2.56247715999619
4,-1.8895374810367052,-1.8895374810367052
