,theta_x,theta_y
0,2.5209448603918876,2.5209448603918876
1,-3.141592653589793,-3.141592653589793
2,-3.141592653589793,-3.141592653589793
3,-3.141592653589793,-3.141592653589793
4,2.2304668485462003,2.2304668485462003
5,2.206803595204798,2.206803595204798
