,theta_x,theta_y
0,2.422409758844796,2.422409758844796
1,1.3709588001865605,1.3709588001865605
2,0.9634811965881863,0.9634811965881863
3,-1.347324122722564,-1.347324122722564
4,-3.141592653589793,-3.141592653589793
5,0.6148667289846079,0.6148667289846079
6,-0.6395029313339227,-0.6395029313339227
7,-3.141592653589793,-3.141592653589793
