,theta_x,theta_y
0,0.5943773107323745,0.5943773107323745
1,-1.0358491962447733,-1.0358491962447733
2,-3.141592653589793,-3.141592653589793
