,theta_x,theta_y
0,-1.762616793003171,-1.762616793003171
1,-3.141592653589793,-3.141592653589793
2,1.5705658893982564,1.5705658893982564
