,theta_x,theta_y
0,1.7982645038557283,1.7982645038557283
1,-3.009956018123458,-3.009956018123458
2,-1.8033497054616563,-1.8033497054616563
3,-1.6138343441706697,-1.6138343441706697
4,1.6388651578972826,1.6388651578972826
5,1.9450809445658277,1.9450809445658277
6,1.8500417900625818,1.8500417900625818
7,-3.141592653589793,-3.141592653589793
