,theta_x,theta_y
0,-0.7672689271741037,-0.7672689271741037
1,3.141592653589793,3.141592653589793
2,-1.6429962751112062,-1.6429962751112062
3,2.437124616615248,2.437124616615248
