,theta_x,theta_y
0,-2.9006114340571263,-2.9006114340571263
1,-0.01889589246961755,-0.01889589246961755
2,0.5647757819041134,0.5647757819041134
3,0.894643659965596,0.894643659965596
4,-2.7210194551018523,-2.7210194551018523
5,1.378337735352769,1.378337735352769
