,theta_x,theta_y
0,0.21943112334099346,0.21943112334099346
1,2.72322605609806,2.72322605609806
2,-0.05475233696525339,-0.05475233696525339
3,2.322348468641284,2.322348468641284
4,1.8926034016232098,1.8926034016232098
5,0.6827076028523669,0.6827076028523669
6,0.6451700068697592,0.6451700068697592
