,theta_x,theta_y
0,2.672848768500948,2.672848768500948
1,0.18298260265429037,0.18298260265429037
2,2.8766563824288633,2.8766563824288633
