,theta_x,theta_y
0,-3.141592653589793,-3.141592653589793
1,-3.141592653589793,-3.141592653589793
2,2.1467876702498523,2.1467876702498523
3,2.1797308312583805,2.1797308312583805
4,-3.141592653589793,-3.141592653589793
5,2.2970057689707333,2.2970057689707333
6,2.2642747247630917,2.2642747247630917
