theta_x,theta_y
-0.03687196115696985,-0.03687196115696985
-1.1657796767462494,-1.1657796767462494
-2.121340132364018,-2.121340132364018
-2.6629925112835267,-2.6629925112835267
1.2012948998689905,1.2012948998689905
1.968786834996429,1.968786834996429
0.34892535603273134,0.34892535603273134
