,theta_x,theta_y
0,-3.141592653589793,-3.141592653589793
1,-2.0346221903124766,-2.0346221903124766
