,theta_x,theta_y
0,-1.098328078095272,-1.098328078095272
1,3.141592653589793,3.141592653589793
2,2.261761930908526,2.261761930908526
3,-0.5662772633821891,-0.5662772633821891
