theta_x,theta_y
-0.13050348488588426,-0.13050348488588426
-1.1229969705562184,-1.1229969705562184
-0.5581864924699018,-0.5581864924699018
-0.5978156490412072,-0.5978156490412072
