,theta_x,theta_y
0,-0.9252802667771145,-0.9252802667771145
1,3.141592653589793,3.141592653589793
2,-0.953300890176271,-0.953300890176271
3,3.141592653589793,3.141592653589793
4,-0.9923888846394145,-0.9923888846394145
5,-1.0795971368784618,-1.0795971368784618
6,3.141592653589793,3.141592653589793
7,-1.1415029729925026,-1.1415029729925026
