,theta_x,theta_y
0,-0.7326571412105786,-0.7326571412105786
1,3.106203347471835,3.106203347471835
2,1.7960415008149484,1.7960415008149484
3,-1.3194407218446047,-1.3194407218446047
4,-1.484324175636615,-1.484324175636615
5,2.7863853325513888,2.7863853325513888
6,0.2990937485433361,0.2990937485433361
