theta_x,theta_y
-3.141592653589793,-3.141592653589793
0.2923280620300825,0.2923280620300825
0.5767490090499435,0.5767490090499435
