,theta_x,theta_y
0,-3.141592653589793,-3.141592653589793
1,0.2923280620300825,0.2923280620300825
2,0.5767490090499435,0.5767490090499435
