,theta_x,theta_y
0,2.3263443583797727,2.3263443583797727
