,theta_x,theta_y
0,2.005552824964697,2.005552824964697
1,1.511205956970074,1.511205956970074
2,1.5114046813874653,1.5114046813874653
3,-3.141592653589793,-3.141592653589793
4,1.1243419738789602,1.1243419738789602
5,1.3738506600379492,1.3738506600379492
6,-3.141592653589793,-3.141592653589793
7,1.3289671184670886,1.3289671184670886
8,1.3812063745191243,1.3812063745191243
9,1.2707378209653124,1.2707378209653124
