theta_x,theta_y
-0.47196691102276206,-0.47196691102276206
2.7970215984407845,2.7970215984407845
-0.890522323573945,-0.890522323573945
2.591368082067596,2.591368082067596
2.2687257502225693,2.2687257502225693
