,theta_x,theta_y
0,-0.29970041372584333,-0.29970041372584333
1,-1.020021799786279,-1.020021799786279
2,-0.047319715486139946,-0.047319715486139946
3,-0.413657759768267,-0.413657759768267
