,theta_x,theta_y
0,0.3250242986649748,0.3250242986649748
1,-0.7302584045381805,-0.7302584045381805
2,-1.2199002648067583,-1.2199002648067583
3,-1.371068636810499,-1.371068636810499
4,3.141592653589793,3.141592653589793
5,0.05451314406982105,0.05451314406982105
6,0.40562920758124776,0.40562920758124776
7,-1.3455432752731138,-1.3455432752731138
8,0.6533083159993963,0.6533083159993963
