,theta_x,theta_y
0,1.495715598404682,1.495715598404682
1,-1.460802690618424,-1.460802690618424
2,2.127052676884875,2.127052676884875
3,-2.8154508033206076,-2.8154508033206076
