,theta_x,theta_y
0,1.570768162944844,1.570768162944844
1,-0.24231919969608182,-0.24231919969608182
2,1.546739826588091,1.546739826588091
3,1.221903164912059,1.221903164912059
4,0.9656169290121399,0.9656169290121399
5,0.9517752191918484,0.9517752191918484
6,0.7436574179056472,0.7436574179056472
7,0.8987612063161612,0.8987612063161612
8,-2.8763235370790823,-2.8763235370790823
