,theta_x,theta_y
0,-3.141592653589793,-3.141592653589793
1,-0.24342471706071833,-0.24342471706071833
2,0.9863464268678297,0.9863464268678297
