,theta_x,theta_y
0,2.538778087071389,2.538778087071389
1,-0.06908334743372649,-0.06908334743372649
2,2.665675924750493,2.665675924750493
3,-2.87913483335464,-2.87913483335464
4,1.106352724205685,1.106352724205685
5,-0.6127433710147329,-0.6127433710147329
6,1.1467458450488328,1.1467458450488328
7,-1.6655276926136517,-1.6655276926136517
8,1.7161992549065386,1.7161992549065386
9,-0.3599562017323324,-0.3599562017323324
