,theta_x,theta_y
0,1.6778074251859187,1.6778074251859187
1,-3.141592653589793,-3.141592653589793
2,0.1970524288718988,0.1970524288718988
3,-3.141592653589793,-3.141592653589793
4,3.141592653589793,3.141592653589793
