,theta_x,theta_y
0,-1.1135643622226352,-1.1135643622226352
1,-1.6375924086235125,-1.6375924086235125
2,3.1363708102319765,3.1363708102319765
3,-1.8091194520451719,-1.8091194520451719
4,0.31369042409209336,0.31369042409209336
5,2.133992353087854,2.133992353087854
6,-1.6476427966709706,-1.6476427966709706
7,-2.18993199775633,-2.18993199775633
