theta_x,theta_y
-1.8910302602015774,-1.8910302602015774
-0.8851184068314584,-0.8851184068314584
