theta_x,theta_y
0.9484635142552447,0.9484635142552447
0.9699299704851535,0.9699299704851535
0.9092716496776856,0.9092716496776856
0.8807109557578856,0.8807109557578856
0.8645037803322299,0.8645037803322299
0.8105336894794918,0.8105336894794918
