,theta_x,theta_y
0,-1.9124139540432636,-1.9124139540432636
1,-1.922061503308419,-1.922061503308419
2,2.5976524100111353,2.5976524100111353
3,-2.585483787677953,-2.585483787677953
4,0.4293617019865336,0.4293617019865336
5,1.6808522299578417,1.6808522299578417
6,-2.218434857620136,-2.218434857620136
7,-2.871300339550669,-2.871300339550669
8,-2.1001344493130505,-2.1001344493130505
