,theta_x,theta_y
0,-0.5374683547147516,-0.5374683547147516
1,3.141592653589793,3.141592653589793
2,-3.141592653589793,-3.141592653589793
3,3.141592653589793,3.141592653589793
4,-2.3585450741887537,-2.3585450741887537
5,0.16617960485683098,0.16617960485683098
