,theta_x,theta_y
0,0.36366866996479746,0.36366866996479746
1,-0.8408598306901971,-0.8408598306901971
