,theta_x,theta_y
0,-0.2030984327055112,-0.2030984327055112
1,-0.4158306768222737,-0.4158306768222737
2,-1.1240052304404595,-1.1240052304404595
3,-1.7165053492804356,-1.7165053492804356
4,3.0859248225966334,3.0859248225966334
5,-0.19942005300625354,-0.19942005300625354
