,theta_x,theta_y
0,-1.7712339530177141,-1.7712339530177141
1,-2.356052995638705,-2.356052995638705
2,2.6784339823566303,2.6784339823566303
3,-2.94649965037614,-2.94649965037614
