,theta_x,theta_y
0,1.8360134890729722,1.8360134890729722
1,0.07469279782331255,0.07469279782331255
2,1.9210901085994436,1.9210901085994436
