,theta_x,theta_y
0,-3.0809968390868554,-3.0809968390868554
1,0.9266517530242029,0.9266517530242029
2,-3.108175265670646,-3.108175265670646
3,-0.43907826460867244,-0.43907826460867244
