,theta_x,theta_y
0,1.9264428181940192,1.9264428181940192
1,-0.9116860740634223,-0.9116860740634223
2,-0.09986865425545603,-0.09986865425545603
3,1.490348234023956,1.490348234023956
4,1.556097147435467,1.556097147435467
5,3.141592653589793,3.141592653589793
6,2.767201836651503,2.767201836651503
