,theta_x,theta_y
0,0.6120863891852315,0.6120863891852315
1,-2.166612845316858,-2.166612845316858
2,-2.2397738701861223,-2.2397738701861223
3,-2.9508644011861955,-2.9508644011861955
4,1.853563958488255,1.853563958488255
5,1.266793246388468,1.266793246388468
6,0.7108747473926434,0.7108747473926434
7,1.0228881617767234,1.0228881617767234
