theta_x,theta_y
0.7556726374146414,0.7556726374146414
3.141592653589793,3.141592653589793
-3.141592653589793,-3.141592653589793
2.377625934320864,2.377625934320864
-1.2638773978083626,-1.2638773978083626
