theta_x,theta_y
2.5380867936953644,2.5380867936953644
