,theta_x,theta_y
0,2.5380867936953644,2.5380867936953644
