theta_x,theta_y
1.076579499582801,1.076579499582801
1.0019501080196158,1.0019501080196158
-3.141592653589793,-3.141592653589793
-3.141592653589793,-3.141592653589793
0.9663603500842043,0.9663603500842043
0.9756755425499296,0.9756755425499296
0.9898295030195927,0.9898295030195927
0.9471714049155732,0.9471714049155732
0.9850179496647359,0.9850179496647359
