,theta_x,theta_y
0,1.076579499582801,1.076579499582801
1,1.0019501080196158,1.0019501080196158
2,-3.141592653589793,-3.141592653589793
3,-3.141592653589793,-3.141592653589793
4,0.9663603500842043,0.9663603500842043
5,0.9756755425499296,0.9756755425499296
6,0.9898295030195927,0.9898295030195927
7,0.9471714049155732,0.9471714049155732
8,0.9850179496647359,0.9850179496647359
