,theta_x,theta_y
0,-0.48201053576353287,-0.48201053576353287
1,-0.40885097730976233,-0.40885097730976233
2,1.6718397529642295,1.6718397529642295
3,-3.141592653589793,-3.141592653589793
4,1.6950662280565867,1.6950662280565867
5,0.9148017647236956,0.9148017647236956
6,-1.9760830503943076,-1.9760830503943076
7,-3.141592653589793,-3.141592653589793
8,0.35497307014734336,0.35497307014734336
9,1.1143260467159901,1.1143260467159901
