,theta_x,theta_y
0,-3.141592653589793,-3.141592653589793
1,-1.9759659585378266,-1.9759659585378266
2,1.675120474448109,1.675120474448109
3,-3.141592653589793,-3.141592653589793
4,1.5166343967679663,1.5166343967679663
5,1.720747737385177,1.720747737385177
