theta_x,theta_y
-0.46649609633709405,-0.46649609633709405
-1.0421002939219213,-1.0421002939219213
-0.8121335629878168,-0.8121335629878168
-0.5908627931783607,-0.5908627931783607
3.009121009561572,3.009121009561572
0.19722043960676314,0.19722043960676314
0.540720429154232,0.540720429154232
0.052934367760802264,0.052934367760802264
0.6103030227893828,0.6103030227893828
