,theta_x,theta_y
0,-2.9926246482250702,-2.9926246482250702
1,-1.7813233168641665,-1.7813233168641665
2,1.9047573103356623,1.9047573103356623
3,0.9673063266697486,0.9673063266697486
4,-2.973159653172189,-2.973159653172189
5,-0.027111780861715895,-0.027111780861715895
6,0.30858324327905673,0.30858324327905673
7,-2.542494972084604,-2.542494972084604
8,1.617481444513947,1.617481444513947
9,-2.880392784741572,-2.880392784741572
