,theta_x,theta_y
0,-2.5000308355360032,-2.5000308355360032
1,-1.6991791841160697,-1.6991791841160697
2,1.9559190296163649,1.9559190296163649
3,0.40319541179110585,0.40319541179110585
4,-2.4739571923522936,-2.4739571923522936
5,-0.5504645472956627,-0.5504645472956627
6,-0.3181762785225076,-0.3181762785225076
7,-2.123678255968467,-2.123678255968467
