theta_x,theta_y
-1.5850026029707118,-1.5850026029707118
3.141592653589793,3.141592653589793
-1.6312416098529579,-1.6312416098529579
