,theta_x,theta_y
0,2.713041717923391,2.713041717923391
1,2.5764759770843026,2.5764759770843026
2,0.6388146309744847,0.6388146309744847
3,-1.218825284924551,-1.218825284924551
4,-2.7771395713068485,-2.7771395713068485
5,-2.2328444373378336,-2.2328444373378336
6,-2.332571117716981,-2.332571117716981
7,-3.0929067772903465,-3.0929067772903465
8,-2.813344697682996,-2.813344697682996
