,theta_x,theta_y
0,1.912274306797774,1.912274306797774
1,1.8955144877818788,1.8955144877818788
2,1.8487564545636657,1.8487564545636657
3,-3.141592653589793,-3.141592653589793
4,1.8423790318435875,1.8423790318435875
5,1.8638293885043498,1.8638293885043498
6,-3.141592653589793,-3.141592653589793
7,1.9198679919857886,1.9198679919857886
8,1.9809103519940425,1.9809103519940425
9,2.064821357613335,2.064821357613335
