,theta_x,theta_y
0,-3.141592653589793,-3.141592653589793
1,-2.8888001291581427,-2.8888001291581427
2,3.141592653589793,3.141592653589793
3,-1.5284465275213475,-1.5284465275213475
