,theta_x,theta_y
0,0.2481483681054726,0.2481483681054726
1,-0.6831057509123055,-0.6831057509123055
2,-0.8547151710773279,-0.8547151710773279
3,-1.3435970362759517,-1.3435970362759517
4,0.09033793361217729,0.09033793361217729
5,-0.8945944406614249,-0.8945944406614249
