,theta_x,theta_y
0,1.2974560012128045,1.2974560012128045
1,0.15190488901885493,0.15190488901885493
2,-3.141592653589793,-3.141592653589793
3,-3.141592653589793,-3.141592653589793
4,1.4021353481571242,1.4021353481571242
5,1.3229761466863992,1.3229761466863992
6,1.1616264085788466,1.1616264085788466
7,1.1870453750532795,1.1870453750532795
8,1.0401368277287502,1.0401368277287502
