,theta_x,theta_y
0,-0.5978618252582074,-0.5978618252582074
1,-0.6153187238804916,-0.6153187238804916
2,-0.7072502316492308,-0.7072502316492308
3,-0.783474739995356,-0.783474739995356
