,theta_x,theta_y
0,1.691254594025807,1.691254594025807
1,1.5259461935332854,1.5259461935332854
2,-0.16497585435311854,-0.16497585435311854
3,-1.0268786948895028,-1.0268786948895028
4,-2.373822485063691,-2.373822485063691
5,-0.8522815905074321,-0.8522815905074321
6,-0.9526976874242267,-0.9526976874242267
7,-2.5210644785783907,-2.5210644785783907
8,-2.688711662744059,-2.688711662744059
