,theta_x,theta_y
0,0.9480602994725587,0.9480602994725587
1,0.9360833433381311,0.9360833433381311
2,0.9227177884793707,0.9227177884793707
3,0.9096448948545693,0.9096448948545693
4,0.8979923786463293,0.8979923786463293
5,0.884568421737391,0.884568421737391
6,0.8735975887321906,0.8735975887321906
7,0.8611054074234026,0.8611054074234026
8,0.8506198349455676,0.8506198349455676
