,theta_x,theta_y
0,0.34469642184124116,0.34469642184124116
1,1.4962800104541556,1.4962800104541556
2,-3.141592653589793,-3.141592653589793
