theta_x,theta_y
3.141592653589793,3.141592653589793
-2.0256110812705406,-2.0256110812705406
-3.0755240862739672,-3.0755240862739672
2.443403030767673,2.443403030767673
