theta_x,theta_y
-1.1799584429702406,-1.1799584429702406
-2.6225047102457517,-2.6225047102457517
-2.724587860986616,-2.724587860986616
