,theta_x,theta_y
0,-3.0974917503844615,-3.0974917503844615
1,-2.5534423462149958,-2.5534423462149958
2,1.6603241640061703,1.6603241640061703
3,1.3885803458992219,1.3885803458992219
4,-3.141592653589793,-3.141592653589793
