,theta_x,theta_y
0,-0.0369032018640645,-0.0369032018640645
1,-0.5447465214050784,-0.5447465214050784
2,-0.961041074560363,-0.961041074560363
3,-1.3120136023035303,-1.3120136023035303
4,3.141592653589793,3.141592653589793
5,-0.6762551452315962,-0.6762551452315962
6,-1.068765615679842,-1.068765615679842
7,-1.4625164099771644,-1.4625164099771644
8,-1.202154372499402,-1.202154372499402
9,-0.8553882487535384,-0.8553882487535384
