,theta_x,theta_y
0,-0.5726599966834638,-0.5726599966834638
1,-0.3117376231894672,-0.3117376231894672
2,1.8435053584226793,1.8435053584226793
3,2.351423279026872,2.351423279026872
4,1.618483451574201,1.618483451574201
