,theta_x,theta_y
0,-3.141592653589793,-3.141592653589793
1,2.8929918864852175,2.8929918864852175
2,0.7675616950602333,0.7675616950602333
3,-3.141592653589793,-3.141592653589793
