theta_x,theta_y
-2.1045493181718453,-2.1045493181718453
-2.5662665738734693,-2.5662665738734693
2.839940329368773,2.839940329368773
0.8297251784072486,0.8297251784072486
-2.469819923130927,-2.469819923130927
