,theta_x,theta_y
0,0.32996541173931726,0.32996541173931726
1,3.141592653589793,3.141592653589793
2,-2.7297609576696877,-2.7297609576696877
3,2.7029508239144904,2.7029508239144904
4,-1.911320547196614,-1.911320547196614
5,-0.14886156131849282,-0.14886156131849282
6,2.2988840814620985,2.2988840814620985
7,-0.22332931071642037,-0.22332931071642037
8,1.3056818124581968,1.3056818124581968
9,-3.1349724660126332,-3.1349724660126332
