theta_x,theta_y
0.8877919866855333,0.8877919866855333
3.141592653589793,3.141592653589793
-0.1847867906051359,-0.1847867906051359
