,theta_x,theta_y
0,-0.5674690184638174,-0.5674690184638174
1,-2.1636787043062866,-2.1636787043062866
2,-2.6018993497699126,-2.6018993497699126
3,-3.1163384583459894,-3.1163384583459894
4,2.660145262262332,2.660145262262332
5,1.8337512663030089,1.8337512663030089
6,1.63620130394574,1.63620130394574
7,0.8960089317829998,0.8960089317829998
8,-0.36078286921447655,-0.36078286921447655
9,2.665092710272934,2.665092710272934
