,theta_x,theta_y
0,-0.39117282814880633,-0.39117282814880633
1,-0.3651812403562417,-0.3651812403562417
2,-0.4118373859477512,-0.4118373859477512
3,-0.4188943542511633,-0.4188943542511633
4,3.141592653589793,3.141592653589793
5,-0.4575700406398646,-0.4575700406398646
6,-0.5159746860284516,-0.5159746860284516
