,theta_x,theta_y
0,-2.8508052896640863,-2.8508052896640863
1,-2.7270332898659113,-2.7270332898659113
2,2.6144462062873575,2.6144462062873575
3,0.48085775462415664,0.48085775462415664
