,theta_x,theta_y
0,1.979248500434607,1.979248500434607
1,1.7232696811040404,1.7232696811040404
2,0.13665557713934925,0.13665557713934925
3,-1.0665672939101314,-1.0665672939101314
