,theta_x,theta_y
0,0.8341879461549093,0.8341879461549093
1,2.155520191772064,2.155520191772064
