,theta_x,theta_y
0,-2.580738666902576,-2.580738666902576
1,-2.2029752338668107,-2.2029752338668107
2,-1.060643541036604,-1.060643541036604
