theta_x,theta_y
-3.141592653589793,-3.141592653589793
-3.141592653589793,-3.141592653589793
-3.141592653589793,-3.141592653589793
3.124341540947244,3.124341540947244
-0.13366452811247967,-0.13366452811247967
3.121339581458784,3.121339581458784
3.141592653589793,3.141592653589793
3.141592653589793,3.141592653589793
-3.114773335016224,-3.114773335016224
-3.141592653589793,-3.141592653589793
