,theta_x,theta_y
0,-1.867095723618423,-1.867095723618423
1,-2.4739577782317927,-2.4739577782317927
2,1.90713359735614,1.90713359735614
3,0.330053840475129,0.330053840475129
4,-2.744595380283344,-2.744595380283344
5,-1.6213366855762283,-1.6213366855762283
6,-1.7786013313136326,-1.7786013313136326
7,-3.080587119630229,-3.080587119630229
8,2.5140826872000837,2.5140826872000837
