,theta_x,theta_y
0,-1.3402307704992469,-1.3402307704992469
1,2.9409346504961995,2.9409346504961995
2,-2.460453612435152,-2.460453612435152
3,2.8246448371471273,2.8246448371471273
4,2.231063818407277,2.231063818407277
5,-1.2360015036593326,-1.2360015036593326
6,-1.6609032306293046,-1.6609032306293046
7,-1.0612755964759897,-1.0612755964759897
8,-0.3080582452508961,-0.3080582452508961
9,-0.11631069048345241,-0.11631069048345241
