,theta_x,theta_y
0,1.58816177273183,1.58816177273183
1,1.5905188849149416,1.5905188849149416
2,0.5832650089724455,0.5832650089724455
3,-1.1890383024327054,-1.1890383024327054
4,-3.141592653589793,-3.141592653589793
5,-0.23300003261769003,-0.23300003261769003
6,-0.2532312724075613,-0.2532312724075613
