theta_x,theta_y
-0.5849260749883622,-0.5849260749883622
0.30299503605496725,0.30299503605496725
-2.157757478615447,-2.157757478615447
-2.358829431542824,-2.358829431542824
3.141592653589793,3.141592653589793
2.770948277670269,2.770948277670269
2.7470697809226303,2.7470697809226303
1.215830367708012,1.215830367708012
2.092059296811651,2.092059296811651
-0.40275359038292124,-0.40275359038292124
