,theta_x,theta_y
0,1.5077968963451027,1.5077968963451027
1,0.3401036404718497,0.3401036404718497
2,-1.7778111605799365,-1.7778111605799365
3,0.6759445737400503,0.6759445737400503
4,-0.4098942316507447,-0.4098942316507447
5,-0.598622736430988,-0.598622736430988
6,-0.9640489785552308,-0.9640489785552308
7,0.23510160182136086,0.23510160182136086
8,0.2668347196587873,0.2668347196587873
