theta_x,theta_y
3.141592653589793,3.141592653589793
1.9550884409670695,1.9550884409670695
1.7382650229210173,1.7382650229210173
0.4619573941955577,0.4619573941955577
-2.9674692027458085,-2.9674692027458085
0.5590531593572038,0.5590531593572038
0.3466740803606294,0.3466740803606294
-1.5090947664601155,-1.5090947664601155
-3.141592653589793,-3.141592653589793
