,theta_x,theta_y
0,-2.6071580140729673,-2.6071580140729673
