,theta_x,theta_y
0,0.7850047626442611,0.7850047626442611
1,-1.3774641583578273,-1.3774641583578273
2,-2.7219352056570005,-2.7219352056570005
3,-3.064314736797699,-3.064314736797699
4,1.9481914365590807,1.9481914365590807
5,2.3926961323503564,2.3926961323503564
6,0.826108245225665,0.826108245225665
7,1.4664484194468201,1.4664484194468201
