,theta_x,theta_y
0,2.7438874936223137,2.7438874936223137
1,0.09877564376109058,0.09877564376109058
2,2.9482077922007046,2.9482077922007046
3,-2.684170261149704,-2.684170261149704
4,0.7167621895703207,0.7167621895703207
5,-0.7484529256924659,-0.7484529256924659
6,1.8697880744845206,1.8697880744845206
7,-2.062167208257357,-2.062167208257357
8,2.2886404762003263,2.2886404762003263
9,0.33111399776929035,0.33111399776929035
