theta_x,theta_y
-1.2521430473912152,-1.2521430473912152
3.141592653589793,3.141592653589793
