,theta_x,theta_y
0,1.3736841087374625,1.3736841087374625
1,2.0816851719470444,2.0816851719470444
2,-0.8722427056371889,-0.8722427056371889
