,theta_x,theta_y
0,-0.38334595966282115,-0.38334595966282115
1,-1.8711441082809284,-1.8711441082809284
2,-2.243888818543209,-2.243888818543209
3,-2.7954505439706288,-2.7954505439706288
4,2.9013001809606527,2.9013001809606527
5,2.465150169196311,2.465150169196311
6,0.16593814567492363,0.16593814567492363
