,theta_x,theta_y
0,2.300253633570162,2.300253633570162
1,0.5134090767481455,0.5134090767481455
2,-3.141592653589793,-3.141592653589793
3,0.9077755704611687,0.9077755704611687
4,-0.644118096191863,-0.644118096191863
5,0.5078758950124393,0.5078758950124393
