,theta_x,theta_y
0,0.7712944729919144,0.7712944729919144
1,0.6345832160775972,0.6345832160775972
2,0.27624660651302435,0.27624660651302435
3,2.2820780909038514,2.2820780909038514
4,1.6853326020698047,1.6853326020698047
5,2.1809323496461657,2.1809323496461657
6,2.504249935743394,2.504249935743394
