,theta_x,theta_y
0,3.115280533048398,3.115280533048398
1,-0.28762072851324316,-0.28762072851324316
2,3.1148578872025388,3.1148578872025388
3,-1.0911876283665176,-1.0911876283665176
4,-0.4762780077252645,-0.4762780077252645
5,-1.081770779920368,-1.081770779920368
6,1.7446356025770047,1.7446356025770047
7,-1.4726841421751966,-1.4726841421751966
8,3.1107609247112147,3.1107609247112147
9,-1.0107085041802877,-1.0107085041802877
