theta_x,theta_y
1.4136176614577707,1.4136176614577707
