theta_x,theta_y
-0.2896562805972801,-0.2896562805972801
-0.6450191323669792,-0.6450191323669792
-0.7785186347091455,-0.7785186347091455
-0.5030362791238232,-0.5030362791238232
-0.5422349055562375,-0.5422349055562375
3.141592653589793,3.141592653589793
-0.9377434239373654,-0.9377434239373654
-0.9984799789662847,-0.9984799789662847
-0.8352088720369655,-0.8352088720369655
-1.1772666688975264,-1.1772666688975264
