,theta_x,theta_y
0,-3.0619822596307182,-3.0619822596307182
1,-1.0258097551174168,-1.0258097551174168
2,1.2992383102551581,1.2992383102551581
3,0.9832011149953686,0.9832011149953686
4,-3.0357948048972623,-3.0357948048972623
5,0.7254512370335953,0.7254512370335953
6,0.8151601433463843,0.8151601433463843
7,-2.1541469539397204,-2.1541469539397204
