,theta_x,theta_y
0,3.141592653589793,3.141592653589793
1,-1.4627593464230806,-1.4627593464230806
2,0.9879568275341999,0.9879568275341999
3,2.384323270514202,2.384323270514202
