,theta_x,theta_y
0,1.2201703909573305,1.2201703909573305
1,0.9084115264751011,0.9084115264751011
2,-0.5797426649106897,-0.5797426649106897
3,-0.017790909536569848,-0.017790909536569848
4,-0.5846879635566491,-0.5846879635566491
5,0.6195836270672045,0.6195836270672045
6,-3.123683169630148,-3.123683169630148
7,0.6809614383212936,0.6809614383212936
8,2.25813122763227,2.25813122763227
