,theta_x,theta_y
0,1.633771348174894,1.633771348174894
1,1.2859180962870174,1.2859180962870174
2,-0.07193301268018386,-0.07193301268018386
3,-0.7169592768058406,-0.7169592768058406
4,-2.9545752944468804,-2.9545752944468804
5,-0.010662589502558717,-0.010662589502558717
6,-0.4412183097270732,-0.4412183097270732
7,-2.3935694692857514,-2.3935694692857514
