,theta_x,theta_y
0,-0.35203489948852207,-0.35203489948852207
1,3.141592653589793,3.141592653589793
2,-0.45750149392094647,-0.45750149392094647
3,3.141592653589793,3.141592653589793
4,-0.4446586407092388,-0.4446586407092388
5,-0.48960187782561976,-0.48960187782561976
6,-0.6093714545380706,-0.6093714545380706
7,-0.6405106534957474,-0.6405106534957474
