,theta_x,theta_y
0,0.05432597841370863,0.05432597841370863
1,-1.1477044095334241,-1.1477044095334241
2,-1.1423755592681322,-1.1423755592681322
3,-1.0661421220507605,-1.0661421220507605
4,3.141592653589793,3.141592653589793
5,0.5721176660593159,0.5721176660593159
6,1.0649814547826209,1.0649814547826209
7,-1.229729647905169,-1.229729647905169
8,1.2110100615407522,1.2110100615407522
9,-2.2831847179621616,-2.2831847179621616
