,theta_x,theta_y
0,0.003930156192884417,0.003930156192884417
1,2.9032186771203197,2.9032186771203197
2,-0.30876196989095905,-0.30876196989095905
3,2.745054277812803,2.745054277812803
4,2.2129599679514835,2.2129599679514835
5,0.9511543360078328,0.9511543360078328
6,0.8455504777241019,0.8455504777241019
7,-0.12121956972443977,-0.12121956972443977
