,theta_x,theta_y
0,-0.6667303073692322,-0.6667303073692322
1,-0.6282364524182995,-0.6282364524182995
2,0.1330450583307921,0.1330450583307921
3,-1.1651365498902098,-1.1651365498902098
4,-1.300973758346614,-1.300973758346614
5,-1.362153935722399,-1.362153935722399
6,-1.4307700827462027,-1.4307700827462027
7,-1.3910722392277384,-1.3910722392277384
8,-0.8567896011434699,-0.8567896011434699
