,theta_x,theta_y
0,-1.4468906390034642,-1.4468906390034642
1,-1.8370720335042106,-1.8370720335042106
2,1.5807188759089799,1.5807188759089799
3,-1.9276136398273418,-1.9276136398273418
4,-0.1255267885184843,-0.1255267885184843
5,-2.010653607399954,-2.010653607399954
6,0.9471300087901184,0.9471300087901184
