,theta_x,theta_y
0,0.6512954562819979,0.6512954562819979
1,-1.7849362637820507,-1.7849362637820507
2,-3.141592653589793,-3.141592653589793
3,-3.141592653589793,-3.141592653589793
4,2.00079505599248,2.00079505599248
5,1.9926930912834926,1.9926930912834926
6,1.5960033465412657,1.5960033465412657
7,1.5034391815562573,1.5034391815562573
8,0.6577143614931393,0.6577143614931393
9,1.716896517859695,1.716896517859695
