,theta_x,theta_y
0,-1.1461997721649646,-1.1461997721649646
1,-3.141592653589793,-3.141592653589793
2,0.21381591893049023,0.21381591893049023
