theta_x,theta_y
1.7027608586319982,1.7027608586319982
1.37274639060313,1.37274639060313
0.5326231481802143,0.5326231481802143
-1.1485923361944066,-1.1485923361944066
-3.141592653589793,-3.141592653589793
-0.2844977726338658,-0.2844977726338658
0.022763011780781647,0.022763011780781647
-3.0978748582685904,-3.0978748582685904
