,theta_x,theta_y
0,1.5098590445281608,1.5098590445281608
1,-0.7055828988240086,-0.7055828988240086
2,0.2613700943926298,0.2613700943926298
