,theta_x,theta_y
0,0.004460749101061007,0.004460749101061007
1,2.9046894906139604,2.9046894906139604
2,-0.21900602455232412,-0.21900602455232412
3,2.390142590716256,2.390142590716256
4,1.798889363307999,1.798889363307999
5,0.2988130515963583,0.2988130515963583
