,theta_x,theta_y
0,2.791369819349759,2.791369819349759
1,0.16547252297503018,0.16547252297503018
2,3.028766913132952,3.028766913132952
3,-2.5083456771535144,-2.5083456771535144
4,0.6804392681893345,0.6804392681893345
5,-0.4213905455611443,-0.4213905455611443
6,1.6283132734351147,1.6283132734351147
7,-1.6078569178825013,-1.6078569178825013
8,2.130550316001496,2.130550316001496
9,0.23345259892807585,0.23345259892807585
