theta_x,theta_y
1.7147410104531344,1.7147410104531344
1.7353554818775803,1.7353554818775803
1.6940105868498365,1.6940105868498365
1.6452695833288762,1.6452695833288762
