theta_x,theta_y
-2.300610191903409,-2.300610191903409
