theta_x,theta_y
0.5573720340611236,0.5573720340611236
2.206698230504187,2.206698230504187
1.5710438239954,1.5710438239954
-1.7057595641622085,-1.7057595641622085
-1.046466893236887,-1.046466893236887
2.315851613485055,2.315851613485055
-2.7579999416727023,-2.7579999416727023
