,theta_x,theta_y
0,2.7836386966332185,2.7836386966332185
1,-1.344008673934411,-1.344008673934411
2,-0.3806722519325582,-0.3806722519325582
3,1.8335065513647686,1.8335065513647686
4,0.8446370017743708,0.8446370017743708
5,2.9532371198193395,2.9532371198193395
6,2.722566487810905,2.722566487810905
7,2.8857035576230765,2.8857035576230765
8,-2.5288962907043944,-2.5288962907043944
