,theta_x,theta_y
0,2.1787426982372864,2.1787426982372864
1,1.7407455381710168,1.7407455381710168
2,0.44914483512881825,0.44914483512881825
3,-1.5165015466081777,-1.5165015466081777
4,-3.141592653589793,-3.141592653589793
5,-0.8215743390444996,-0.8215743390444996
