,theta_x,theta_y
0,-1.1199814503050345,-1.1199814503050345
1,-1.3279077817885725,-1.3279077817885725
2,3.141592653589793,3.141592653589793
3,-1.5543065020562237,-1.5543065020562237
4,1.14327937173868,1.14327937173868
