,theta_x,theta_y
0,-0.6195295110841245,-0.6195295110841245
1,-2.415267342156469,-2.415267342156469
2,-2.5136007617301193,-2.5136007617301193
3,-2.69680556621149,-2.69680556621149
