,theta_x,theta_y
0,3.141592653589793,3.141592653589793
1,0.8856408429755223,0.8856408429755223
2,0.5059961966155787,0.5059961966155787
3,0.07884137125731408,0.07884137125731408
4,2.872944784069109,2.872944784069109
5,3.141592653589793,3.141592653589793
6,1.716347045076685,1.716347045076685
7,0.3023840776994234,0.3023840776994234
