theta_x,theta_y
1.9040979889061724,1.9040979889061724
1.3610359445932503,1.3610359445932503
0.5491295111442033,0.5491295111442033
-0.31765651284141894,-0.31765651284141894
-2.6206246392546038,-2.6206246392546038
0.16116669870824696,0.16116669870824696
-0.22754293742049284,-0.22754293742049284
