,theta_x,theta_y
0,0.03679999537300312,0.03679999537300312
1,-0.9856948484525263,-0.9856948484525263
2,-0.6808108073557009,-0.6808108073557009
3,-0.875596575455189,-0.875596575455189
4,3.0923141322351544,3.0923141322351544
