,theta_x,theta_y
0,-3.141592653589793,-3.141592653589793
1,-1.109699782364371,-1.109699782364371
2,2.0015429339187585,2.0015429339187585
3,1.2044476535208375,1.2044476535208375
4,-2.839649141780282,-2.839649141780282
5,0.22240731538097055,0.22240731538097055
