,theta_x,theta_y
0,-3.141592653589793,-3.141592653589793
1,-1.6807525051560632,-1.6807525051560632
2,1.3818125773819774,1.3818125773819774
3,1.2100981795393215,1.2100981795393215
4,-3.141592653589793,-3.141592653589793
5,-0.1097829506327616,-0.1097829506327616
