theta_x,theta_y
-3.141592653589793,-3.141592653589793
-1.6807525051560632,-1.6807525051560632
1.3818125773819774,1.3818125773819774
1.2100981795393215,1.2100981795393215
-3.141592653589793,-3.141592653589793
-0.1097829506327616,-0.1097829506327616
