theta_x,theta_y
2.9385274687249736,2.9385274687249736
-0.7538173055774569,-0.7538173055774569
1.2040429522319112,1.2040429522319112
1.7021259084631708,1.7021259084631708
0.2560285610509068,0.2560285610509068
1.8277525193713806,1.8277525193713806
0.7234566686350785,0.7234566686350785
1.6937035656988972,1.6937035656988972
