,theta_x,theta_y
0,-6.91760675343156e-05,-6.91760675343156e-05
1,-0.6645069830326602,-0.6645069830326602
2,0.7502634790013298,0.7502634790013298
3,-0.7504159274599986,-0.7504159274599986
4,-0.6780422254152402,-0.6780422254152402
