theta_x,theta_y
1.745636460169859,1.745636460169859
1.6514048380297728,1.6514048380297728
0.4737258137767746,0.4737258137767746
-1.8912721359257472,-1.8912721359257472
