,theta_x,theta_y
0,-0.11829557808217828,-0.11829557808217828
1,-0.6609253142697518,-0.6609253142697518
2,-0.3750875725236998,-0.3750875725236998
3,0.28251846270347675,0.28251846270347675
4,-2.4213317393026084,-2.4213317393026084
5,1.4775986999894346,1.4775986999894346
6,-2.7716523670533872,-2.7716523670533872
