theta_x,theta_y
0.6737648715928225,0.6737648715928225
-1.36634570477926,-1.36634570477926
