,theta_x,theta_y
0,-0.3305946557062909,-0.3305946557062909
1,-2.1344736874099057,-2.1344736874099057
2,-2.90647641331271,-2.90647641331271
3,-3.141592653589793,-3.141592653589793
4,2.3299158301750893,2.3299158301750893
5,1.7691588989932454,1.7691588989932454
6,1.2549693115004088,1.2549693115004088
7,0.2153427669995231,0.2153427669995231
