,theta_x,theta_y
0,-0.17557659038224804,-0.17557659038224804
1,-0.5751326153803225,-0.5751326153803225
