,theta_x,theta_y
0,-3.141592653589793,-3.141592653589793
1,-3.141592653589793,-3.141592653589793
2,2.842748539038995,2.842748539038995
3,-3.141592653589793,-3.141592653589793
4,-3.141592653589793,-3.141592653589793
5,2.8964624589783243,2.8964624589783243
6,-3.141592653589793,-3.141592653589793
7,-3.141592653589793,-3.141592653589793
8,-3.141592653589793,-3.141592653589793
