,theta_x,theta_y
0,-1.50273019729337,-1.50273019729337
1,-2.180223648017749,-2.180223648017749
2,-2.667932946992362,-2.667932946992362
