,theta_x,theta_y
0,-0.9250919671764282,-0.9250919671764282
1,3.141592653589793,3.141592653589793
2,-0.9215623675858854,-0.9215623675858854
3,3.141592653589793,3.141592653589793
4,3.141592653589793,3.141592653589793
5,-0.8501991045904033,-0.8501991045904033
