,theta_x,theta_y
0,-2.0392602580174053,-2.0392602580174053
1,-1.7485435904641806,-1.7485435904641806
2,2.5323500937217256,2.5323500937217256
3,-2.414753817227651,-2.414753817227651
4,0.44209829865213884,0.44209829865213884
5,1.9083485689868962,1.9083485689868962
6,-2.3198931042640156,-2.3198931042640156
7,-2.6187469002537136,-2.6187469002537136
8,-1.9850616993756711,-1.9850616993756711
