theta_x,theta_y
1.8540829766669464,1.8540829766669464
1.210426824061594,1.210426824061594
0.6342541574730004,0.6342541574730004
-1.2292396303412365,-1.2292396303412365
-3.141592653589793,-3.141592653589793
