theta_x,theta_y
0.2365159641061214,0.2365159641061214
-0.9442333830079471,-0.9442333830079471
3.141592653589793,3.141592653589793
-3.141592653589793,-3.141592653589793
