,theta_x,theta_y
0,-2.646479899244651,-2.646479899244651
1,-1.6885581656810533,-1.6885581656810533
2,1.8855369593124083,1.8855369593124083
3,0.5615804932159693,0.5615804932159693
4,-2.6087088759832637,-2.6087088759832637
5,-0.374594048331809,-0.374594048331809
6,-0.1237098894799345,-0.1237098894799345
7,-2.1888959400015002,-2.1888959400015002
