theta_x,theta_y
2.4632367942277393,2.4632367942277393
2.286497380933498,2.286497380933498
2.311318788768697,2.311318788768697
-3.141592653589793,-3.141592653589793
-3.141592653589793,-3.141592653589793
2.319158649196754,2.319158649196754
-3.141592653589793,-3.141592653589793
