,theta_x,theta_y
0,-1.5306485254570996,-1.5306485254570996
1,3.141592653589793,3.141592653589793
2,-1.554031280044946,-1.554031280044946
3,3.141592653589793,3.141592653589793
4,3.141592653589793,3.141592653589793
5,-1.624533156410639,-1.624533156410639
6,-1.7192543951433228,-1.7192543951433228
