,theta_x,theta_y
0,-0.2877491858793982,-0.2877491858793982
1,3.141592653589793,3.141592653589793
2,-0.3005510631909326,-0.3005510631909326
3,-0.3010279167266133,-0.3010279167266133
4,-0.36068816852597185,-0.36068816852597185
5,-0.35241481197554914,-0.35241481197554914
