theta_x,theta_y
0.8247211498299004,0.8247211498299004
2.0980556612555556,2.0980556612555556
-2.6231255005275096,-2.6231255005275096
1.1667442864676023,1.1667442864676023
-0.9829670776869447,-0.9829670776869447
