theta_x,theta_y
2.2705199131972353,2.2705199131972353
-0.8236526399054428,-0.8236526399054428
0.16891515485944586,0.16891515485944586
1.2698961787125513,1.2698961787125513
0.6589012544434953,0.6589012544434953
2.774463162342695,2.774463162342695
2.298520164654941,2.298520164654941
