theta_x,theta_y
3.141592653589793,3.141592653589793
0.07196557724295871,0.07196557724295871
1.3765062781730482,1.3765062781730482
