theta_x,theta_y
-3.0000091985996917,-3.0000091985996917
-0.12866630839221183,-0.12866630839221183
1.5459542568462816,1.5459542568462816
1.3806555789739414,1.3806555789739414
-2.947246065987039,-2.947246065987039
1.2157618849015257,1.2157618849015257
1.072044847673534,1.072044847673534
-1.732239804549986,-1.732239804549986
0.9483147229252098,0.9483147229252098
