,theta_x,theta_y
0,-0.6328765038011729,-0.6328765038011729
1,-2.8899690539614764,-2.8899690539614764
2,-3.141592653589793,-3.141592653589793
3,-2.4365676625506607,-2.4365676625506607
4,3.141592653589793,3.141592653589793
