,theta_x,theta_y
0,0.08186647551878284,0.08186647551878284
1,-2.9803619211611214,-2.9803619211611214
2,1.4888680584549074,1.4888680584549074
3,1.982758350928152,1.982758350928152
4,1.388681775078804,1.388681775078804
