,theta_x,theta_y
0,0.8942085436159417,0.8942085436159417
1,0.6250562550506379,0.6250562550506379
2,0.5533716709846497,0.5533716709846497
3,-2.9860927278506546,-2.9860927278506546
4,0.08320539934972214,0.08320539934972214
5,0.2942670730329385,0.2942670730329385
