theta_x,theta_y
1.0042340806300287,1.0042340806300287
