theta_x,theta_y
1.0504834044003457,1.0504834044003457
-0.11930260084057853,-0.11930260084057853
0.5322945325206031,0.5322945325206031
-1.3612180396396871,-1.3612180396396871
-0.7024374093266479,-0.7024374093266479
-0.3847468363999206,-0.3847468363999206
-0.03748678436616862,-0.03748678436616862
-1.925054704686119,-1.925054704686119
0.8082336159062949,0.8082336159062949
