,theta_x,theta_y
0,-2.9139485505710296,-2.9139485505710296
1,-2.105861861389298,-2.105861861389298
2,2.0111060554750284,2.0111060554750284
3,0.8995636908087355,0.8995636908087355
4,-3.141592653589793,-3.141592653589793
5,-0.03791279115986533,-0.03791279115986533
6,0.01659901095025267,0.01659901095025267
7,-2.4261990969804064,-2.4261990969804064
8,1.5116221568441537,1.5116221568441537
