,theta_x,theta_y
0,-1.9414043388983226,-1.9414043388983226
1,-2.527278026262587,-2.527278026262587
2,2.7366423263738757,2.7366423263738757
3,-3.141592653589793,-3.141592653589793
4,1.4288494108427638,1.4288494108427638
5,0.3941768759960906,0.3941768759960906
6,-1.9337101659564462,-1.9337101659564462
7,-2.896838073825822,-2.896838073825822
8,-2.360102022427966,-2.360102022427966
9,2.046001996511043,2.046001996511043
