,theta_x,theta_y
0,0.17106357730396565,0.17106357730396565
1,2.053068119677637,2.053068119677637
2,0.6123293190657,0.6123293190657
3,-0.8976555090583661,-0.8976555090583661
4,-0.9266541319673549,-0.9266541319673549
5,1.7387587801883744,1.7387587801883744
6,-2.3941917372171093,-2.3941917372171093
7,0.9902779612899975,0.9902779612899975
8,1.3770373263856595,1.3770373263856595
