theta_x,theta_y
0.40208945664050677,0.40208945664050677
2.50913832207062,2.50913832207062
1.5445162810065654,1.5445162810065654
-1.5116307258474864,-1.5116307258474864
-1.1298663871355505,-1.1298663871355505
2.464051095771807,2.464051095771807
-2.8041096656112203,-2.8041096656112203
1.7578055942634392,1.7578055942634392
1.447740756515847,1.447740756515847
-0.11699903233897091,-0.11699903233897091
