theta_x,theta_y
2.7457699674023606,2.7457699674023606
2.5661591179298506,2.5661591179298506
2.4182573924840645,2.4182573924840645
-3.141592653589793,-3.141592653589793
