theta_x,theta_y
1.692775949431743,1.692775949431743
1.641508651611166,1.641508651611166
-3.141592653589793,-3.141592653589793
1.581574025106889,1.581574025106889
1.5298271251353674,1.5298271251353674
1.5962416214370467,1.5962416214370467
1.5877934697017335,1.5877934697017335
1.5986636599192294,1.5986636599192294
1.5579904000598674,1.5579904000598674
