,theta_x,theta_y
0,2.024315648976505,2.024315648976505
1,0.024072210533029312,0.024072210533029312
2,-2.043807833778119,-2.043807833778119
3,0.18526824889510624,0.18526824889510624
4,-2.1895876373012677,-2.1895876373012677
