,theta_x,theta_y
0,1.8390011602635898,1.8390011602635898
1,1.1430816867741975,1.1430816867741975
2,0.8396641749264037,0.8396641749264037
3,-0.7574504180756203,-0.7574504180756203
4,0.23635073826533032,0.23635073826533032
5,0.6919890778489942,0.6919890778489942
6,-2.9362140841904605,-2.9362140841904605
7,0.5605785596965565,0.5605785596965565
8,0.7422141066035874,0.7422141066035874
9,0.24185451540987943,0.24185451540987943
