,theta_x,theta_y
0,0.03740286703012784,0.03740286703012784
1,-1.47546220614271,-1.47546220614271
2,-1.4259369774460255,-1.4259369774460255
3,-0.404364142373251,-0.404364142373251
4,3.141592653589793,3.141592653589793
5,0.8805968811645514,0.8805968811645514
