,theta_x,theta_y
0,1.1179750999590377,1.1179750999590377
1,-0.6477899571077945,-0.6477899571077945
2,-1.2500209708706636,-1.2500209708706636
3,1.3080149017040732,1.3080149017040732
4,2.803090290045647,2.803090290045647
5,3.131828789506843,3.131828789506843
6,2.8029215309848836,2.8029215309848836
7,1.4563286193900276,1.4563286193900276
8,-3.141592653589793,-3.141592653589793
