,theta_x,theta_y
0,0.8092067933822595,0.8092067933822595
1,0.8481795832041998,0.8481795832041998
2,0.88267640409435,0.88267640409435
3,-1.7221790503409093,-1.7221790503409093
