theta_x,theta_y
2.3590544539984566,2.3590544539984566
2.162848167146792,2.162848167146792
-0.09831046516466381,-0.09831046516466381
-1.225446846088673,-1.225446846088673
-2.2471051979255123,-2.2471051979255123
-1.0096978036435962,-1.0096978036435962
-1.0994468071671255,-1.0994468071671255
-2.50946774943983,-2.50946774943983
-2.557230913928139,-2.557230913928139
3.1335594973292924,3.1335594973292924
