,theta_x,theta_y
0,2.1064787367627207,2.1064787367627207
1,-2.0346173331928807,-2.0346173331928807
2,-3.141592653589793,-3.141592653589793
3,-3.141592653589793,-3.141592653589793
4,3.141592653589793,3.141592653589793
5,2.5962821082139174,2.5962821082139174
6,0.845646412724834,0.845646412724834
