,theta_x,theta_y
0,-0.8877498567368702,-0.8877498567368702
1,3.141592653589793,3.141592653589793
2,-1.8592938834595991,-1.8592938834595991
3,2.3854976423507215,2.3854976423507215
