theta_x,theta_y
-3.141592653589793,-3.141592653589793
2.472907719028308,2.472907719028308
-3.0406403516949916,-3.0406403516949916
