,theta_x,theta_y
0,0.6718077387648593,0.6718077387648593
1,0.8779157566206887,0.8779157566206887
2,-0.09868347666449115,-0.09868347666449115
3,-1.1607682061783975,-1.1607682061783975
4,-0.13728507985472724,-0.13728507985472724
5,-0.42600203825846783,-0.42600203825846783
6,-0.5419061495032452,-0.5419061495032452
7,-1.346973782302873,-1.346973782302873
8,-0.4288677433023417,-0.4288677433023417
