,theta_x,theta_y
0,1.5456386277077743,1.5456386277077743
1,0.40942618519883034,0.40942618519883034
2,1.8799145938515511,1.8799145938515511
3,-2.235782314173942,-2.235782314173942
4,0.4840798614237197,0.4840798614237197
5,-0.16524128538905986,-0.16524128538905986
6,1.4592044662866637,1.4592044662866637
7,-1.841734428257397,-1.841734428257397
8,2.2230622240772258,2.2230622240772258
