,theta_x,theta_y
0,-1.290421602109765,-1.290421602109765
1,1.948964279869876,1.948964279869876
2,-1.194378361868645,-1.194378361868645
3,1.938348983812376,1.938348983812376
4,1.7527619347728602,1.7527619347728602
