,theta_x,theta_y
0,-1.0539315977753023,-1.0539315977753023
1,-0.735013420276621,-0.735013420276621
