theta_x,theta_y
1.7026775141564194,1.7026775141564194
0.6408812866931892,0.6408812866931892
0.02884570411167181,0.02884570411167181
-0.3863575308285407,-0.3863575308285407
3.141592653589793,3.141592653589793
