,theta_x,theta_y
0,-1.303436957192117,-1.303436957192117
1,3.10627197100697,3.10627197100697
2,-1.394026704391136,-1.394026704391136
3,2.046719605763569,2.046719605763569
4,2.4393717364894094,2.4393717364894094
5,-0.8344134882005932,-0.8344134882005932
6,-0.5388684540471654,-0.5388684540471654
7,-1.065588382473558,-1.065588382473558
8,-2.6114243031775373,-2.6114243031775373
9,-0.258729687616013,-0.258729687616013
