,theta_x,theta_y
0,0.9092778220198887,0.9092778220198887
