theta_x,theta_y
-0.9388354697380539,-0.9388354697380539
1.7344502206588246,1.7344502206588246
-0.6177897568405245,-0.6177897568405245
