theta_x,theta_y
-2.8262182171948016,-2.8262182171948016
0.3755597249860338,0.3755597249860338
2.6340298419356665,2.6340298419356665
0.34236920523325176,0.34236920523325176
