theta_x,theta_y
-0.48105368016232253,-0.48105368016232253
-0.36343644103604766,-0.36343644103604766
2.0547003230240675,2.0547003230240675
-2.9044386966115843,-2.9044386966115843
2.0271831432257374,2.0271831432257374
1.2763178015557948,1.2763178015557948
-1.6419272849642488,-1.6419272849642488
-3.0698890899065594,-3.0698890899065594
-0.13291398568773077,-0.13291398568773077
1.476142453264755,1.476142453264755
