,theta_x,theta_y
0,-0.8363821641691882,-0.8363821641691882
1,3.141592653589793,3.141592653589793
2,-3.0174196508291375,-3.0174196508291375
3,2.7281669533967547,2.7281669533967547
