theta_x,theta_y
2.8909883479895684,2.8909883479895684
-0.9187644257236929,-0.9187644257236929
0.9359962371635979,0.9359962371635979
1.8105565851271692,1.8105565851271692
0.18234329883419007,0.18234329883419007
2.5847884811108637,2.5847884811108637
1.166314179957991,1.166314179957991
