,theta_x,theta_y
0,0.7495154462541068,0.7495154462541068
1,0.7502784034182967,0.7502784034182967
2,0.29372177683242723,0.29372177683242723
3,-0.1612777170370101,-0.1612777170370101
