,theta_x,theta_y
0,-1.7289309909182213,-1.7289309909182213
1,3.141592653589793,3.141592653589793
