,theta_x,theta_y
0,-3.141592653589793,-3.141592653589793
1,-1.6779925539171212,-1.6779925539171212
2,1.8081079566660745,1.8081079566660745
3,2.3877307776682977,2.3877307776682977
4,1.8471697358853478,1.8471697358853478
5,1.4782007999885158,1.4782007999885158
