,theta_x,theta_y
0,1.4225741378808683,1.4225741378808683
1,1.2839420977911942,1.2839420977911942
2,-0.006403948136040255,-0.006403948136040255
3,-0.48821401176293944,-0.48821401176293944
4,-2.844889001574124,-2.844889001574124
