,theta_x,theta_y
0,-0.3875765004397345,-0.3875765004397345
1,1.0838772123459168,1.0838772123459168
2,0.274638648000427,0.274638648000427
