theta_x,theta_y
-2.328094923574795,-2.328094923574795
-3.141592653589793,-3.141592653589793
3.0552290596992275,3.0552290596992275
