theta_x,theta_y
0.8778607836139202,0.8778607836139202
0.8117899111656484,0.8117899111656484
0.7538122407456909,0.7538122407456909
