,theta_x,theta_y
0,-2.023622015897822,-2.023622015897822
1,3.141592653589793,3.141592653589793
