,theta_x,theta_y
0,0.5886406827555241,0.5886406827555241
1,1.623129976221287,1.623129976221287
2,0.40066173198298755,0.40066173198298755
3,0.09592302412283224,0.09592302412283224
4,-0.16464982500316716,-0.16464982500316716
5,-0.050489589613123026,-0.050489589613123026
6,-0.0815642313717424,-0.0815642313717424
7,-0.0229928878909563,-0.0229928878909563
8,-1.6745853974861582,-1.6745853974861582
9,-0.02212144228149017,-0.02212144228149017
