theta_x,theta_y
-2.4035086183483285,-2.4035086183483285
-1.952381926486915,-1.952381926486915
2.03025126147094,2.03025126147094
-2.7775636225221283,-2.7775636225221283
0.20928913265974794,0.20928913265974794
2.146427858740205,2.146427858740205
-2.818349466228942,-2.818349466228942
-2.4945711127428387,-2.4945711127428387
-1.8650612784832041,-1.8650612784832041
0.431447518710329,0.431447518710329
