,theta_x,theta_y
0,3.141592653589793,3.141592653589793
1,-1.405747857575018,-1.405747857575018
2,1.0822670364208373,1.0822670364208373
3,3.141592653589793,3.141592653589793
4,1.0120706250060754,1.0120706250060754
