,theta_x,theta_y
0,-1.9108201370944258,-1.9108201370944258
1,2.881785792470152,2.881785792470152
2,-1.9242497989003742,-1.9242497989003742
3,2.199813871274746,2.199813871274746
4,3.141592653589793,3.141592653589793
