,theta_x,theta_y
0,2.6906328935772086,2.6906328935772086
1,0.15972956653912251,0.15972956653912251
2,2.897116112891811,2.897116112891811
3,-2.547406498126911,-2.547406498126911
