,theta_x,theta_y
0,-0.4372948896258855,-0.4372948896258855
1,-1.7091241777445898,-1.7091241777445898
2,-1.4023429649436163,-1.4023429649436163
3,-0.43279766281233195,-0.43279766281233195
4,3.0862941444831855,3.0862941444831855
5,1.7037759766822644,1.7037759766822644
6,1.9854682634231273,1.9854682634231273
7,-1.609339430340276,-1.609339430340276
8,1.6479514423746648,1.6479514423746648
9,-2.7513590252980498,-2.7513590252980498
