,theta_x,theta_y
0,2.985108661794924,2.985108661794924
1,2.573347371403115,2.573347371403115
2,2.125835705501094,2.125835705501094
3,-2.8864240150782248,-2.8864240150782248
4,-3.141592653589793,-3.141592653589793
5,-0.4566429831022768,-0.4566429831022768
6,0.33058072384066084,0.33058072384066084
