,theta_x,theta_y
0,2.37859225970488,2.37859225970488
1,1.8549846415858742,1.8549846415858742
2,0.4111705212278564,0.4111705212278564
3,-0.9575538221117026,-0.9575538221117026
