,theta_x,theta_y
0,1.224213792764856,1.224213792764856
1,2.024688289159426,2.024688289159426
2,0.2738917164218879,0.2738917164218879
3,-0.8075393368900291,-0.8075393368900291
4,-2.851057677135868,-2.851057677135868
5,-0.03008407609126977,-0.03008407609126977
