theta_x,theta_y
-1.078880806295335,-1.078880806295335
-1.4161170382529227,-1.4161170382529227
-1.6278195331816214,-1.6278195331816214
-1.799242682668761,-1.799242682668761
3.141592653589793,3.141592653589793
-1.621396344711263,-1.621396344711263
-1.5512312074312926,-1.5512312074312926
-2.3324664519965546,-2.3324664519965546
