,theta_x,theta_y
0,-3.0515718271785803,-3.0515718271785803
1,-1.4528804665286124,-1.4528804665286124
2,1.8192590836105256,1.8192590836105256
3,1.0525434490227608,1.0525434490227608
4,-2.9115707994627456,-2.9115707994627456
5,0.05524420272645253,0.05524420272645253
