theta_x,theta_y
-0.2734807768035602,-0.2734807768035602
-0.2990270459732719,-0.2990270459732719
-0.32226146176362425,-0.32226146176362425
-0.34535271396223804,-0.34535271396223804
-0.37873699477844736,-0.37873699477844736
-0.37631790393826614,-0.37631790393826614
