,theta_x,theta_y
0,0.14478479578992903,0.14478479578992903
1,3.041263504450558,3.041263504450558
2,-2.898051715046102,-2.898051715046102
3,2.5421079678720013,2.5421079678720013
4,-2.171608380284526,-2.171608380284526
5,-0.35678627595091306,-0.35678627595091306
6,2.497242427243929,2.497242427243929
7,-0.4478117152926193,-0.4478117152926193
8,1.4698691034482319,1.4698691034482319
