,theta_x,theta_y
0,-1.557966153758748,-1.557966153758748
1,-1.4997286559590568,-1.4997286559590568
2,2.11184564862496,2.11184564862496
3,-2.755000538541343,-2.755000538541343
4,0.8439057875676776,0.8439057875676776
