,theta_x,theta_y
0,0.11940907468535711,0.11940907468535711
1,3.0541666783507035,3.0541666783507035
