theta_x,theta_y
0.11940907468535711,0.11940907468535711
3.0541666783507035,3.0541666783507035
