,theta_x,theta_y
0,0.06527164022335108,0.06527164022335108
1,-0.17494994429212318,-0.17494994429212318
2,0.4930234168288674,0.4930234168288674
3,-1.1329219163333897,-1.1329219163333897
