theta_x,theta_y
-0.4483049568699289,-0.4483049568699289
3.141592653589793,3.141592653589793
-2.5621130178931137,-2.5621130178931137
2.988435558438321,2.988435558438321
-1.8763659697916169,-1.8763659697916169
