,theta_x,theta_y
0,2.9022745808877377,2.9022745808877377
1,-0.02724578817995568,-0.02724578817995568
2,2.8218711442772064,2.8218711442772064
3,-3.141592653589793,-3.141592653589793
4,1.9925941287539366,1.9925941287539366
5,-3.141592653589793,-3.141592653589793
6,2.227765608202214,2.227765608202214
7,-2.966774961784726,-2.966774961784726
