,theta_x,theta_y
0,1.8266104130627645,1.8266104130627645
1,-1.7449599415947121,-1.7449599415947121
2,-1.597252261257393,-1.597252261257393
3,1.4836151797753379,1.4836151797753379
