,theta_x,theta_y
0,0.9239964254600586,0.9239964254600586
