,theta_x,theta_y
0,-3.141592653589793,-3.141592653589793
1,1.7489894671006685,1.7489894671006685
2,0.9029645457969946,0.9029645457969946
