,theta_x,theta_y
0,-0.08489917173861464,-0.08489917173861464
1,3.141592653589793,3.141592653589793
2,-3.141592653589793,-3.141592653589793
3,0.496385784475892,0.496385784475892
4,-0.4113315591771679,-0.4113315591771679
5,2.529646520329491,2.529646520329491
