,theta_x,theta_y
0,3.0475785168310554,3.0475785168310554
1,0.5653852096017401,0.5653852096017401
2,-1.2393856098143747,-1.2393856098143747
3,-2.045016644844943,-2.045016644844943
4,-2.9129314114327016,-2.9129314114327016
