theta_x,theta_y
0.028136021921131567,0.028136021921131567
3.0486748480871695,3.0486748480871695
