theta_x,theta_y
3.141592653589793,3.141592653589793
2.1776632505045432,2.1776632505045432
1.174064601450115,1.174064601450115
-0.9545856619234675,-0.9545856619234675
-3.1047951732155408,-3.1047951732155408
-2.6004315451244335,-2.6004315451244335
-2.2232729629080517,-2.2232729629080517
-3.141592653589793,-3.141592653589793
-2.74642139500701,-2.74642139500701
