,theta_x,theta_y
0,0.9262751362604472,0.9262751362604472
