,theta_x,theta_y
0,-3.141592653589793,-3.141592653589793
1,-0.8915101224462215,-0.8915101224462215
2,1.1118222942819151,1.1118222942819151
3,-3.039790860082186,-3.039790860082186
4,2.4344675764505754,2.4344675764505754
5,2.6729494474064923,2.6729494474064923
6,-2.641094103429391,-2.641094103429391
