,theta_x,theta_y
0,-0.7800835711530857,-0.7800835711530857
1,3.141592653589793,3.141592653589793
2,-0.886791920260161,-0.886791920260161
3,1.973134196716178,1.973134196716178
4,2.3066030239962227,2.3066030239962227
5,-0.4127368512888067,-0.4127368512888067
6,-0.774788336859749,-0.774788336859749
7,-1.073245649218355,-1.073245649218355
8,-1.2808078974351491,-1.2808078974351491
9,-1.1966204313682007,-1.1966204313682007
