,theta_x,theta_y
0,2.8284674703741812,2.8284674703741812
1,-0.2650095469171033,-0.2650095469171033
2,3.0730061714502024,3.0730061714502024
3,-2.8740403828981087,-2.8740403828981087
4,0.7148744357165054,0.7148744357165054
5,-0.8611841290176894,-0.8611841290176894
6,1.6832438425520533,1.6832438425520533
7,-1.9547813006495116,-1.9547813006495116
8,1.9538002398282255,1.9538002398282255
9,0.2547095529355264,0.2547095529355264
