,theta_x,theta_y
0,1.519751098121918,1.519751098121918
1,1.6090201875736274,1.6090201875736274
2,1.3912729950803016,1.3912729950803016
3,-3.141592653589793,-3.141592653589793
4,1.3893372063058207,1.3893372063058207
5,1.1842415429925333,1.1842415429925333
6,1.4823603493965125,1.4823603493965125
7,-3.141592653589793,-3.141592653589793
8,1.4739711705368659,1.4739711705368659
