,theta_x,theta_y
0,0.3680994465538381,0.3680994465538381
1,-0.820769203228003,-0.820769203228003
2,-1.5209868157188369,-1.5209868157188369
3,-2.258330453710399,-2.258330453710399
4,2.86609680296255,2.86609680296255
5,2.2532281574894157,2.2532281574894157
6,1.1506203301250415,1.1506203301250415
7,-2.1011807160181255,-2.1011807160181255
8,1.148731893172026,1.148731893172026
