theta_x,theta_y
3.0119077772150846,3.0119077772150846
0.007583879893086849,0.007583879893086849
3.141592653589793,3.141592653589793
-2.6419506354226105,-2.6419506354226105
0.8300828012146251,0.8300828012146251
-0.6772443688258165,-0.6772443688258165
1.9388360612124977,1.9388360612124977
