,theta_x,theta_y
0,-0.14994117496244302,-0.14994117496244302
1,3.141592653589793,3.141592653589793
2,-3.141592653589793,-3.141592653589793
3,2.7215052794937318,2.7215052794937318
4,-2.2165002195349612,-2.2165002195349612
