theta_x,theta_y
-0.14940835356938353,-0.14940835356938353
-0.8408585141978304,-0.8408585141978304
2.8989584340992227,2.8989584340992227
-2.513998691711279,-2.513998691711279
2.288536597656046,2.288536597656046
1.3137450131875836,1.3137450131875836
-1.7094301181220424,-1.7094301181220424
-3.141592653589793,-3.141592653589793
1.03987064122149,1.03987064122149
