,theta_x,theta_y
0,1.1324746686614628,1.1324746686614628
1,1.760133243533832,1.760133243533832
2,0.2781219662963589,0.2781219662963589
3,0.20261337028828255,0.20261337028828255
4,0.3726283741904228,0.3726283741904228
5,0.5727254085437657,0.5727254085437657
6,-3.141592653589793,-3.141592653589793
