,theta_x,theta_y
0,1.196838745960777,1.196838745960777
1,3.141592653589793,3.141592653589793
2,-2.7951245746705893,-2.7951245746705893
