theta_x,theta_y
0.574237962446003,0.574237962446003
0.9590607506287339,0.9590607506287339
0.9035704013562437,0.9035704013562437
-2.975055299309643,-2.975055299309643
2.060811971900274,2.060811971900274
