,theta_x,theta_y
0,1.507758062116034,1.507758062116034
