theta_x,theta_y
1.507758062116034,1.507758062116034
