,theta_x,theta_y
0,-3.071711379864781,-3.071711379864781
1,-3.141592653589793,-3.141592653589793
2,1.9317326957723286,1.9317326957723286
3,1.7525149781566234,1.7525149781566234
4,-3.141592653589793,-3.141592653589793
5,0.28180257290846666,0.28180257290846666
