,theta_x,theta_y
0,1.5692448158340608,1.5692448158340608
1,0.5192722248371339,0.5192722248371339
2,1.6527517959697788,1.6527517959697788
3,-1.1058635103073953,-1.1058635103073953
4,0.1842925888199255,0.1842925888199255
5,0.1253328680591043,0.1253328680591043
