theta_x,theta_y
0.35136240553083814,0.35136240553083814
3.141592653589793,3.141592653589793
-1.4147275099490784,-1.4147275099490784
