,theta_x,theta_y
0,0.35136240553083814,0.35136240553083814
1,3.141592653589793,3.141592653589793
2,-1.4147275099490784,-1.4147275099490784
