,theta_x,theta_y
0,-1.2816569156327338,-1.2816569156327338
1,2.7773915249022627,2.7773915249022627
2,-1.4971754833953017,-1.4971754833953017
3,2.1119112473513555,2.1119112473513555
4,1.9560193239931796,1.9560193239931796
5,-0.3229909432677263,-0.3229909432677263
6,-0.7047646126577173,-0.7047646126577173
7,-1.4445457201414247,-1.4445457201414247
