,theta_x,theta_y
0,-3.141592653589793,-3.141592653589793
1,-3.141592653589793,-3.141592653589793
2,1.5453529850747492,1.5453529850747492
3,-3.141592653589793,-3.141592653589793
4,1.9599405249525128,1.9599405249525128
5,2.2659558263517505,2.2659558263517505
6,-3.141592653589793,-3.141592653589793
7,-2.0275026616629708,-2.0275026616629708
8,-0.6532538575383391,-0.6532538575383391
