theta_x,theta_y
1.8037816745146975,1.8037816745146975
1.7038495608217723,1.7038495608217723
0.10089841905093497,0.10089841905093497
-1.0815792902383072,-1.0815792902383072
