,theta_x,theta_y
0,-0.29379800356189084,-0.29379800356189084
1,-1.5402917655765689,-1.5402917655765689
2,-0.816860891690136,-0.816860891690136
3,0.021425747204107316,0.021425747204107316
4,2.4580620284805828,2.4580620284805828
