theta_x,theta_y
-1.4088749511210596,-1.4088749511210596
-1.7994830103686723,-1.7994830103686723
3.141592653589793,3.141592653589793
-2.375315787070825,-2.375315787070825
0.810127317417277,0.810127317417277
2.0228184576985297,2.0228184576985297
