,theta_x,theta_y
0,0.7720071319747073,0.7720071319747073
1,1.9510725340402233,1.9510725340402233
2,1.5029461371625341,1.5029461371625341
3,-1.803578316469171,-1.803578316469171
4,-0.9116002127252725,-0.9116002127252725
