,theta_x,theta_y
0,-3.141592653589793,-3.141592653589793
1,-3.141592653589793,-3.141592653589793
2,2.2992117417602986,2.2992117417602986
3,-3.141592653589793,-3.141592653589793
4,2.5002762865463204,2.5002762865463204
5,2.621639445455361,2.621639445455361
6,-3.141592653589793,-3.141592653589793
7,-3.141592653589793,-3.141592653589793
