theta_x,theta_y
0.5757103123746534,0.5757103123746534
-1.16450543489563,-1.16450543489563
-2.9168521863302947,-2.9168521863302947
