theta_x,theta_y
2.3876333868612507,2.3876333868612507
2.6752587452310523,2.6752587452310523
2.5380685459746344,2.5380685459746344
-3.141592653589793,-3.141592653589793
-3.141592653589793,-3.141592653589793
2.388822699708063,2.388822699708063
-3.141592653589793,-3.141592653589793
