,theta_x,theta_y
0,2.3876333868612507,2.3876333868612507
1,2.6752587452310523,2.6752587452310523
2,2.5380685459746344,2.5380685459746344
3,-3.141592653589793,-3.141592653589793
4,-3.141592653589793,-3.141592653589793
5,2.388822699708063,2.388822699708063
6,-3.141592653589793,-3.141592653589793
