,theta_x,theta_y
0,1.5581214645395454,1.5581214645395454
1,1.3920836430873438,1.3920836430873438
2,0.15806282516713738,0.15806282516713738
3,-0.9355640918680745,-0.9355640918680745
4,-3.078638034432497,-3.078638034432497
5,-0.2330946873962691,-0.2330946873962691
