,theta_x,theta_y
0,1.1287517363566562,1.1287517363566562
1,1.11784126097472,1.11784126097472
2,1.1070512360852098,1.1070512360852098
3,1.0983584384278129,1.0983584384278129
4,-3.141592653589793,-3.141592653589793
5,1.0616313988996864,1.0616313988996864
