theta_x,theta_y
-3.141592653589793,-3.141592653589793
2.2756473072988848,2.2756473072988848
-3.141592653589793,-3.141592653589793
-3.141592653589793,-3.141592653589793
-1.903032622530159,-1.903032622530159
-0.6376485895616242,-0.6376485895616242
0.07512136030878416,0.07512136030878416
