theta_x,theta_y
-0.9739431556240865,-0.9739431556240865
-1.5456775579152122,-1.5456775579152122
3.141592653589793,3.141592653589793
-1.0740562239113978,-1.0740562239113978
-0.9694151256584824,-0.9694151256584824
2.3997390801977128,2.3997390801977128
-1.6937688488057738,-1.6937688488057738
-1.7692824297268217,-1.7692824297268217
