theta_x,theta_y
-2.2128339745196346,-2.2128339745196346
