,theta_x,theta_y
0,-3.141592653589793,-3.141592653589793
1,1.1075987709312622,1.1075987709312622
2,-3.141592653589793,-3.141592653589793
