,theta_x,theta_y
0,2.591183454843915,2.591183454843915
1,0.20199406953442825,0.20199406953442825
2,0.042247809035561246,0.042247809035561246
3,-0.26849328398582356,-0.26849328398582356
4,0.17880864247039008,0.17880864247039008
5,-0.35693716050229396,-0.35693716050229396
6,-3.1183383844851926,-3.1183383844851926
7,-0.23239523985619295,-0.23239523985619295
8,0.04794297543880777,0.04794297543880777
