,theta_x,theta_y
0,2.1177705359709686,2.1177705359709686
1,-3.141592653589793,-3.141592653589793
2,-3.141592653589793,-3.141592653589793
3,-3.141592653589793,-3.141592653589793
4,2.226832506147819,2.226832506147819
