,theta_x,theta_y
0,1.7233725382139922,1.7233725382139922
1,1.859874201943272,1.859874201943272
2,-3.141592653589793,-3.141592653589793
3,1.6293614504479454,1.6293614504479454
4,-1.4667254402687653,-1.4667254402687653
5,1.2697283507136155,1.2697283507136155
6,1.5657520319815124,1.5657520319815124
7,1.2553922001720483,1.2553922001720483
8,1.3462811143460403,1.3462811143460403
9,-3.141592653589793,-3.141592653589793
