,theta_x,theta_y
0,0.44692270104472653,0.44692270104472653
1,2.8707562006135925,2.8707562006135925
2,1.7109125670504501,1.7109125670504501
3,-1.6511520393175005,-1.6511520393175005
4,-1.4811979855618063,-1.4811979855618063
5,2.6243819012259686,2.6243819012259686
6,-3.049211981593916,-3.049211981593916
7,1.9977618117946732,1.9977618117946732
8,1.654415978964824,1.654415978964824
