,theta_x,theta_y
0,0.7264510528644572,0.7264510528644572
1,-0.6334037311854223,-0.6334037311854223
2,3.141592653589793,3.141592653589793
3,-1.9006086252325163,-1.9006086252325163
4,2.7537750443603284,2.7537750443603284
5,0.8855582909212467,0.8855582909212467
6,-0.34867221928131226,-0.34867221928131226
7,-2.6712799287461513,-2.6712799287461513
8,1.4526488817243588,1.4526488817243588
9,0.9087934998062174,0.9087934998062174
