,theta_x,theta_y
0,-0.9252649553098532,-0.9252649553098532
1,3.141592653589793,3.141592653589793
2,-1.0178599780345388,-1.0178599780345388
3,3.141592653589793,3.141592653589793
4,-0.9663607116966297,-0.9663607116966297
5,-1.0428136020554046,-1.0428136020554046
6,3.141592653589793,3.141592653589793
7,-1.0684893045403585,-1.0684893045403585
8,-1.113185859549474,-1.113185859549474
