,theta_x,theta_y
0,-0.064622810989459,-0.064622810989459
1,-0.37966101753821035,-0.37966101753821035
