theta_x,theta_y
0.5764706597453733,0.5764706597453733
-0.933169915875915,-0.933169915875915
-1.2915566523406352,-1.2915566523406352
-1.3975229985558957,-1.3975229985558957
3.141592653589793,3.141592653589793
0.568769679646699,0.568769679646699
1.147016685758774,1.147016685758774
-1.5813878055039354,-1.5813878055039354
1.153529999011141,1.153529999011141
