,theta_x,theta_y
0,2.0571945126478206,2.0571945126478206
1,2.047004297631408,2.047004297631408
2,2.0522226247521935,2.0522226247521935
3,-3.141592653589793,-3.141592653589793
4,2.069278697217,2.069278697217
5,2.0885340120991844,2.0885340120991844
6,2.0788158905734435,2.0788158905734435
7,-3.141592653589793,-3.141592653589793
8,2.0986243654215504,2.0986243654215504
9,2.119397528270127,2.119397528270127
