,theta_x,theta_y
0,-1.0871652493666746,-1.0871652493666746
1,3.061650702589703,3.061650702589703
2,-1.1390733959787083,-1.1390733959787083
3,1.8130064339467111,1.8130064339467111
4,2.3241283274666467,2.3241283274666467
5,-0.6843343432815585,-0.6843343432815585
6,-0.3902997021043477,-0.3902997021043477
7,-0.7995422224314628,-0.7995422224314628
8,-2.469583387682043,-2.469583387682043
9,-0.13216394934801245,-0.13216394934801245
