theta_x,theta_y
-0.07618723149825939,-0.07618723149825939
2.952422094173944,2.952422094173944
