,theta_x,theta_y
0,0.5752689597992644,0.5752689597992644
1,2.316372827740329,2.316372827740329
2,0.7922488078127738,0.7922488078127738
3,-1.4203122043177867,-1.4203122043177867
4,-0.6792455322483028,-0.6792455322483028
5,1.8111344066302106,1.8111344066302106
