,theta_x,theta_y
0,-2.51687555165753,-2.51687555165753
1,2.8098372867079795,2.8098372867079795
2,-3.141592653589793,-3.141592653589793
3,2.475024874926953,2.475024874926953
4,-0.040715009080423636,-0.040715009080423636
5,-1.8743684072683522,-1.8743684072683522
6,-1.334050930435727,-1.334050930435727
