theta_x,theta_y
2.189141760030296,2.189141760030296
-1.2825779870548024,-1.2825779870548024
0.7436442503364169,0.7436442503364169
