,theta_x,theta_y
0,-2.8823652508416773,-2.8823652508416773
1,-2.5238953040252645,-2.5238953040252645
2,2.0776189888597743,2.0776189888597743
3,1.2679060795962724,1.2679060795962724
4,-3.141592653589793,-3.141592653589793
5,0.2594006612241955,0.2594006612241955
6,0.3541910677017904,0.3541910677017904
