,theta_x,theta_y
0,3.0251515941592433,3.0251515941592433
1,-0.9871843398097259,-0.9871843398097259
2,0.5392554315338501,0.5392554315338501
3,2.363736157436875,2.363736157436875
4,0.7156533614730037,0.7156533614730037
5,2.801425638190029,2.801425638190029
6,1.606782174403021,1.606782174403021
7,1.8033102638206013,1.8033102638206013
8,-2.4622449854258406,-2.4622449854258406
