,theta_x,theta_y
0,-2.92759471346638,-2.92759471346638
1,-0.9148998511176926,-0.9148998511176926
2,1.5603555617309113,1.5603555617309113
