,theta_x,theta_y
0,-0.38673491660248294,-0.38673491660248294
1,-0.4333857102015027,-0.4333857102015027
2,-0.5161641793772485,-0.5161641793772485
