,theta_x,theta_y
0,3.141592653589793,3.141592653589793
1,3.141592653589793,3.141592653589793
2,-0.18348139546268427,-0.18348139546268427
3,-1.4731770971893736,-1.4731770971893736
