theta_x,theta_y
3.141592653589793,3.141592653589793
3.141592653589793,3.141592653589793
-0.18348139546268427,-0.18348139546268427
-1.4731770971893736,-1.4731770971893736
