,theta_x,theta_y
0,0.12144304762761506,0.12144304762761506
1,-1.380422161927694,-1.380422161927694
2,-1.218598868366161,-1.218598868366161
3,-0.9126759573629524,-0.9126759573629524
