theta_x,theta_y
-0.10360450287494186,-0.10360450287494186
3.141592653589793,3.141592653589793
-1.4889712755073519,-1.4889712755073519
