,theta_x,theta_y
0,3.141592653589793,3.141592653589793
1,-1.0037601317812348,-1.0037601317812348
2,3.141592653589793,3.141592653589793
3,-1.1062251128880813,-1.1062251128880813
4,-1.485998791938989,-1.485998791938989
5,-1.8050248814740957,-1.8050248814740957
