,theta_x,theta_y
0,2.506261389912036,2.506261389912036
1,-0.29758563876539595,-0.29758563876539595
2,-1.1899905471291794,-1.1899905471291794
3,2.7861065462217827,2.7861065462217827
4,0.6909618775838757,0.6909618775838757
5,3.141592653589793,3.141592653589793
