theta_x,theta_y
-0.17592865341014224,-0.17592865341014224
-0.3773483015086134,-0.3773483015086134
-0.6141691143335383,-0.6141691143335383
-0.5785594222675764,-0.5785594222675764
