,theta_x,theta_y
0,1.9361308891843,1.9361308891843
1,1.8955707045766146,1.8955707045766146
2,1.8571438257684192,1.8571438257684192
3,-3.141592653589793,-3.141592653589793
4,1.7868072605113268,1.7868072605113268
5,1.7922079507701074,1.7922079507701074
6,1.79733068009262,1.79733068009262
7,-3.141592653589793,-3.141592653589793
8,1.7765016326228882,1.7765016326228882
9,1.8215684727224493,1.8215684727224493
