,theta_x,theta_y
0,1.9473657259401558,1.9473657259401558
1,-0.8502741975615161,-0.8502741975615161
2,0.9116936405660734,0.9116936405660734
3,0.868634590335011,0.868634590335011
4,0.5813733991059948,0.5813733991059948
5,2.1971194348064724,2.1971194348064724
6,2.6544035519800824,2.6544035519800824
7,3.1091307238924477,3.1091307238924477
