theta_x,theta_y
1.9473657259401558,1.9473657259401558
-0.8502741975615161,-0.8502741975615161
0.9116936405660734,0.9116936405660734
0.868634590335011,0.868634590335011
0.5813733991059948,0.5813733991059948
2.1971194348064724,2.1971194348064724
2.6544035519800824,2.6544035519800824
3.1091307238924477,3.1091307238924477
