,theta_x,theta_y
0,0.2499093655523586,0.2499093655523586
1,-1.733898527232653,-1.733898527232653
2,-0.9204719745231922,-0.9204719745231922
