theta_x,theta_y
0.9403239834232869,0.9403239834232869
3.141592653589793,3.141592653589793
-3.141592653589793,-3.141592653589793
