,theta_x,theta_y
0,1.6052251991094024,1.6052251991094024
1,0.8501049279544031,0.8501049279544031
2,0.12884551193578667,0.12884551193578667
3,-1.2934278260502035,-1.2934278260502035
4,3.141592653589793,3.141592653589793
