theta_x,theta_y
0.08714040990158045,0.08714040990158045
-0.20657417680264417,-0.20657417680264417
2.289560927284021,2.289560927284021
-2.954840423180395,-2.954840423180395
2.117688090965693,2.117688090965693
