,theta_x,theta_y
0,2.7330545137787685,2.7330545137787685
1,-0.16289462251423378,-0.16289462251423378
2,2.740539631775536,2.740539631775536
3,-3.141592653589793,-3.141592653589793
4,1.4768836630186646,1.4768836630186646
