theta_x,theta_y
-0.9981782723756363,-0.9981782723756363
-2.23475650317844,-2.23475650317844
3.141592653589793,3.141592653589793
2.0896174306050437,2.0896174306050437
-3.0110280807704672,-3.0110280807704672
-1.9908119863176474,-1.9908119863176474
-2.8675398180022276,-2.8675398180022276
