theta_x,theta_y
2.687002849139652,2.687002849139652
-3.141592653589793,-3.141592653589793
