,theta_x,theta_y
0,1.1056355653715901,1.1056355653715901
1,-0.00039664633318101106,-0.00039664633318101106
2,-0.4867009063893089,-0.4867009063893089
3,-0.8514870030591526,-0.8514870030591526
4,3.141592653589793,3.141592653589793
5,0.1180601712545441,0.1180601712545441
6,-0.5161748197609218,-0.5161748197609218
7,-0.9666216460750019,-0.9666216460750019
8,-0.7287742937907863,-0.7287742937907863
9,-0.845854248496131,-0.845854248496131
