,theta_x,theta_y
0,1.7412513059201509,1.7412513059201509
1,-0.6684466639525131,-0.6684466639525131
2,0.8861926192176738,0.8861926192176738
3,1.051450639533586,1.051450639533586
4,0.7220999930460483,0.7220999930460483
