,theta_x,theta_y
0,-1.092362201485931,-1.092362201485931
1,2.789504847481032,2.789504847481032
2,-1.660980843627942,-1.660980843627942
3,2.5945276653028193,2.5945276653028193
4,2.2915982462821454,2.2915982462821454
5,0.26336330754763587,0.26336330754763587
6,0.5464441217965386,0.5464441217965386
7,-1.2967309029284833,-1.2967309029284833
8,-2.953438346652619,-2.953438346652619
