theta_x,theta_y
0.5047108936199216,0.5047108936199216
-0.1793304401645288,-0.1793304401645288
-0.9842201211668561,-0.9842201211668561
-1.6409316004896901,-1.6409316004896901
3.141592653589793,3.141592653589793
0.21552416910165706,0.21552416910165706
