,theta_x,theta_y
0,-1.1059053122827356,-1.1059053122827356
1,3.1329890714076836,3.1329890714076836
2,-1.471289161638721,-1.471289161638721
3,2.26029417845488,2.26029417845488
4,2.372628387170221,2.372628387170221
5,-0.3697429872700328,-0.3697429872700328
6,-0.7261106760627266,-0.7261106760627266
7,-1.4290860893120567,-1.4290860893120567
8,-2.3491552556502904,-2.3491552556502904
9,-0.5960742983439542,-0.5960742983439542
