,theta_x,theta_y
0,-3.141592653589793,-3.141592653589793
1,-2.995359047417623,-2.995359047417623
2,2.5236086502963917,2.5236086502963917
3,3.136782669331126,3.136782669331126
