,theta_x,theta_y
0,1.0107225262345758,1.0107225262345758
1,3.048490768700337,3.048490768700337
2,-1.4174566761606782,-1.4174566761606782
3,-1.042754407083298,-1.042754407083298
