theta_x,theta_y
2.1788735858870085,2.1788735858870085
0.6039430833513759,0.6039430833513759
2.0906304725703646,2.0906304725703646
-2.358353360320916,-2.358353360320916
0.0461540295706079,0.0461540295706079
