theta_x,theta_y
1.803217435543194,1.803217435543194
-1.0983556895720445,-1.0983556895720445
1.9112429445807755,1.9112429445807755
1.555858033096065,1.555858033096065
1.308725855403093,1.308725855403093
1.035854536862017,1.035854536862017
0.876611633654226,0.876611633654226
0.8969131039285193,0.8969131039285193
-3.141592653589793,-3.141592653589793
0.7693158996422342,0.7693158996422342
