,theta_x,theta_y
0,-0.021510469402547926,-0.021510469402547926
1,-1.7080155591192259,-1.7080155591192259
2,-1.9479348625312005,-1.9479348625312005
3,-2.2158044969162645,-2.2158044969162645
4,3.141592653589793,3.141592653589793
