theta_x,theta_y
-2.5438373526494447,-2.5438373526494447
-2.44841851320216,-2.44841851320216
-2.585827347347809,-2.585827347347809
-1.9938703652711527,-1.9938703652711527
0.7028257112888401,0.7028257112888401
