,theta_x,theta_y
0,-2.5438373526494447,-2.5438373526494447
1,-2.44841851320216,-2.44841851320216
2,-2.585827347347809,-2.585827347347809
3,-1.9938703652711527,-1.9938703652711527
4,0.7028257112888401,0.7028257112888401
