theta_x,theta_y
-0.3578995667323482,-0.3578995667323482
3.141592653589793,3.141592653589793
-0.3367878266545127,-0.3367878266545127
-0.5039829036918935,-0.5039829036918935
-0.5975322495486902,-0.5975322495486902
-0.5962152557473913,-0.5962152557473913
