theta_x,theta_y
0.20598645202458693,0.20598645202458693
-0.9567217973483562,-0.9567217973483562
-0.9188337292174985,-0.9188337292174985
-0.9477278683465918,-0.9477278683465918
3.141592653589793,3.141592653589793
0.678289934653817,0.678289934653817
0.9710240764103721,0.9710240764103721
-1.1793671517681537,-1.1793671517681537
1.0129429275736463,1.0129429275736463
-2.3335404810678653,-2.3335404810678653
