,theta_x,theta_y
0,-1.7119005464402552,-1.7119005464402552
1,-0.635256360349816,-0.635256360349816
2,1.3286270537382687,1.3286270537382687
