,theta_x,theta_y
0,2.6863826887612845,2.6863826887612845
1,-2.0314908478764977,-2.0314908478764977
2,0.7131760817462058,0.7131760817462058
3,1.7457270675907266,1.7457270675907266
4,0.7865079331758678,0.7865079331758678
5,2.235030246825604,2.235030246825604
6,1.4958508007952371,1.4958508007952371
7,2.3613512456335477,2.3613512456335477
8,-2.561788479011568,-2.561788479011568
9,-0.4561509097824638,-0.4561509097824638
