,theta_x,theta_y
0,-0.1883594365744487,-0.1883594365744487
1,2.4286475453670353,2.4286475453670353
2,-2.3126064797833985,-2.3126064797833985
3,1.999497430298209,1.999497430298209
4,-0.332435143261551,-0.332435143261551
5,-0.5497854027247518,-0.5497854027247518
6,1.4292443334375158,1.4292443334375158
7,-0.7864579912315753,-0.7864579912315753
8,-0.32039886609513124,-0.32039886609513124
