theta_x,theta_y
-0.09981733468505918,-0.09981733468505918
3.141592653589793,3.141592653589793
-1.3264779882732447,-1.3264779882732447
2.7627586192336864,2.7627586192336864
-0.5395385735635574,-0.5395385735635574
-0.6711603950262833,-0.6711603950262833
2.6993926952129144,2.6993926952129144
-0.9023794618738561,-0.9023794618738561
-0.2213459776229084,-0.2213459776229084
