,theta_x,theta_y
0,-1.5770339554549033,-1.5770339554549033
1,-1.377522769087907,-1.377522769087907
2,2.087063865552097,2.087063865552097
3,-2.6633501013188967,-2.6633501013188967
