,theta_x,theta_y
0,-3.007281375284087,-3.007281375284087
1,-1.7699840330309018,-1.7699840330309018
2,1.7908858995881367,1.7908858995881367
3,0.8806325791840653,0.8806325791840653
4,-2.970731625010785,-2.970731625010785
5,-0.009178804049828529,-0.009178804049828529
6,0.26185767034584156,0.26185767034584156
7,-2.448307454658823,-2.448307454658823
8,1.493237649126396,1.493237649126396
9,-2.825404141426513,-2.825404141426513
