,theta_x,theta_y
0,0.387255773140705,0.387255773140705
1,1.2147958694928165,1.2147958694928165
2,-0.12612307913301338,-0.12612307913301338
3,-1.7472758187285644,-1.7472758187285644
4,-2.8640466515033194,-2.8640466515033194
5,-0.3761446051213423,-0.3761446051213423
