theta_x,theta_y
1.78815766513781,1.78815766513781
0.933298401234985,0.933298401234985
0.39872286126698275,0.39872286126698275
-0.033174541046189734,-0.033174541046189734
-3.073228017570338,-3.073228017570338
0.24589054956044276,0.24589054956044276
-0.14366057958936138,-0.14366057958936138
-1.6798719062984797,-1.6798719062984797
