,theta_x,theta_y
0,1.1877317371897484,1.1877317371897484
1,1.1475623205808183,1.1475623205808183
2,1.1182381919061357,1.1182381919061357
3,1.0796423125573131,1.0796423125573131
4,1.044419809191549,1.044419809191549
5,1.0086572149809794,1.0086572149809794
6,0.9724393491358264,0.9724393491358264
7,0.9381153510885343,0.9381153510885343
8,-3.141592653589793,-3.141592653589793
