,theta_x,theta_y
0,-0.008511206451427469,-0.008511206451427469
1,-0.8708281576115271,-0.8708281576115271
2,-1.4091264205123395,-1.4091264205123395
3,-1.7156668547749858,-1.7156668547749858
4,3.141592653589793,3.141592653589793
5,-0.4584323170314844,-0.4584323170314844
6,-0.09874316234946877,-0.09874316234946877
7,-1.2586134297183789,-1.2586134297183789
8,0.5348890224447025,0.5348890224447025
9,-1.5764738414561161,-1.5764738414561161
