,theta_x,theta_y
0,0.9425049017276084,0.9425049017276084
1,-0.096674918116462,-0.096674918116462
2,-2.825065645342615,-2.825065645342615
3,-0.042850307420921566,-0.042850307420921566
4,1.4590032160803788,1.4590032160803788
5,2.106692076898641,2.106692076898641
6,1.0097515898308878,1.0097515898308878
7,2.1776426517341227,2.1776426517341227
