theta_x,theta_y
1.740355934480839,1.740355934480839
0.3615880907832808,0.3615880907832808
-2.9379781711648034,-2.9379781711648034
-3.141592653589793,-3.141592653589793
2.585310762196253,2.585310762196253
3.0028936188994817,3.0028936188994817
