,theta_x,theta_y
0,0.5332940965398033,0.5332940965398033
1,-2.270483214916676,-2.270483214916676
2,-3.141592653589793,-3.141592653589793
3,-3.140281248486335,-3.140281248486335
4,2.9919899668950465,2.9919899668950465
5,1.847221533884791,1.847221533884791
