,theta_x,theta_y
0,-1.2189461356165006,-1.2189461356165006
1,-0.8293438371819897,-0.8293438371819897
2,-2.687862832225055,-2.687862832225055
3,-2.310138999595332,-2.310138999595332
4,2.8961470729763605,2.8961470729763605
5,2.5698194107418,2.5698194107418
