theta_x,theta_y
-0.5997561075327766,-0.5997561075327766
-0.7436128358140653,-0.7436128358140653
2.3188864054812095,2.3188864054812095
-3.121172155013807,-3.121172155013807
1.6961753672273754,1.6961753672273754
1.349320267055227,1.349320267055227
-1.460414161853361,-1.460414161853361
-3.1346117325328238,-3.1346117325328238
