,theta_x,theta_y
0,-0.5997561075327766,-0.5997561075327766
1,-0.7436128358140653,-0.7436128358140653
2,2.3188864054812095,2.3188864054812095
3,-3.121172155013807,-3.121172155013807
4,1.6961753672273754,1.6961753672273754
5,1.349320267055227,1.349320267055227
6,-1.460414161853361,-1.460414161853361
7,-3.1346117325328238,-3.1346117325328238
