,theta_x,theta_y
0,-1.3767706091262497,-1.3767706091262497
1,3.141592653589793,3.141592653589793
2,-2.274349096925493,-2.274349096925493
3,2.9808198403171047,2.9808198403171047
4,2.169724035817533,2.169724035817533
