,theta_x,theta_y
0,2.289403815936198,2.289403815936198
1,-1.6844194986575918,-1.6844194986575918
2,-0.27422473109222895,-0.27422473109222895
3,1.7374182491210641,1.7374182491210641
