theta_x,theta_y
-0.6010810276302815,-0.6010810276302815
3.141592653589793,3.141592653589793
-3.141592653589793,-3.141592653589793
2.2555141276396884,2.2555141276396884
-3.141592653589793,-3.141592653589793
-1.88455280168374,-1.88455280168374
1.8617503218499927,1.8617503218499927
-1.8051144217437258,-1.8051144217437258
