,theta_x,theta_y
0,-0.6010810276302815,-0.6010810276302815
1,3.141592653589793,3.141592653589793
2,-3.141592653589793,-3.141592653589793
3,2.2555141276396884,2.2555141276396884
4,-3.141592653589793,-3.141592653589793
5,-1.88455280168374,-1.88455280168374
6,1.8617503218499927,1.8617503218499927
7,-1.8051144217437258,-1.8051144217437258
