,theta_x,theta_y
0,-3.136975134724567,-3.136975134724567
1,0.3910171156016469,0.3910171156016469
2,0.4505010697739443,0.4505010697739443
3,0.5621395398325711,0.5621395398325711
4,-2.9445018484451597,-2.9445018484451597
5,0.7688526159374005,0.7688526159374005
6,0.3004860012162054,0.3004860012162054
