,theta_x,theta_y
0,2.490237720664694,2.490237720664694
1,0.774473294847458,0.774473294847458
2,-0.24919790323913357,-0.24919790323913357
3,-1.7184996201725973,-1.7184996201725973
4,-3.141592653589793,-3.141592653589793
5,-3.141592653589793,-3.141592653589793
6,-2.8947542876155654,-2.8947542876155654
7,-3.0016606885580206,-3.0016606885580206
8,-1.283459893835635,-1.283459893835635
