,theta_x,theta_y
0,-3.1149508379501905,-3.1149508379501905
1,-2.306873328197813,-2.306873328197813
2,1.5017033421682755,1.5017033421682755
3,0.6119568617507369,0.6119568617507369
