,theta_x,theta_y
0,1.8834181982004559,1.8834181982004559
1,1.8504788920535977,1.8504788920535977
2,1.6973426418728472,1.6973426418728472
3,-3.141592653589793,-3.141592653589793
4,1.6978490937922426,1.6978490937922426
