,theta_x,theta_y
0,0.04989033981098921,0.04989033981098921
1,-0.6618954418437275,-0.6618954418437275
2,-0.45378138950238667,-0.45378138950238667
3,-0.48549424507301153,-0.48549424507301153
4,-2.941327638104743,-2.941327638104743
5,0.17333363423405349,0.17333363423405349
