,theta_x,theta_y
0,0.6527583222107572,0.6527583222107572
1,-0.3010296264406672,-0.3010296264406672
2,2.520083256375894,2.520083256375894
3,-2.792538138666069,-2.792538138666069
4,2.44226531849389,2.44226531849389
5,0.867500689178007,0.867500689178007
6,-0.7541611960019508,-0.7541611960019508
