,theta_x,theta_y
0,0.6579353611788947,0.6579353611788947
1,0.6814019787192691,0.6814019787192691
2,-3.141592653589793,-3.141592653589793
3,-3.141592653589793,-3.141592653589793
