,theta_x,theta_y
0,-3.141592653589793,-3.141592653589793
1,-1.889197217463011,-1.889197217463011
2,2.302260518431789,2.302260518431789
3,-2.6450117604813697,-2.6450117604813697
4,1.0640502846561357,1.0640502846561357
5,2.6654421993651303,2.6654421993651303
6,-2.896361719401042,-2.896361719401042
7,-1.817205684557447,-1.817205684557447
