,theta_x,theta_y
0,-1.9644863040195246,-1.9644863040195246
1,-2.2446175744572794,-2.2446175744572794
2,3.12319335402943,3.12319335402943
3,-3.141592653589793,-3.141592653589793
4,-0.34953764557499045,-0.34953764557499045
5,-1.0611819026982472,-1.0611819026982472
6,-1.5756974976683078,-1.5756974976683078
