theta_x,theta_y
-1.7357806042748125,-1.7357806042748125
-2.5905716367204414,-2.5905716367204414
3.141592653589793,3.141592653589793
-2.276933651353868,-2.276933651353868
1.7259709549646074,1.7259709549646074
-0.231391747318566,-0.231391747318566
-1.2637080884093261,-1.2637080884093261
