,theta_x,theta_y
0,1.2354625540171833,1.2354625540171833
1,1.2142628633544883,1.2142628633544883
2,-3.141592653589793,-3.141592653589793
3,-3.141592653589793,-3.141592653589793
