,theta_x,theta_y
0,3.141592653589793,3.141592653589793
1,-0.3440647709782239,-0.3440647709782239
2,3.141592653589793,3.141592653589793
3,-0.5566016547275918,-0.5566016547275918
4,-0.016792309607359977,-0.016792309607359977
5,-1.2177950560962392,-1.2177950560962392
6,3.141592653589793,3.141592653589793
7,-1.2691557986941877,-1.2691557986941877
