,theta_x,theta_y
0,-0.02687476086260951,-0.02687476086260951
1,2.418592243485487,2.418592243485487
2,1.4579834496165454,1.4579834496165454
3,-1.0915456653475688,-1.0915456653475688
4,-0.9468372966307036,-0.9468372966307036
5,2.307543325511109,2.307543325511109
6,-2.6095188872792656,-2.6095188872792656
