,theta_x,theta_y
0,3.141592653589793,3.141592653589793
1,1.1983943443937002,1.1983943443937002
2,2.972046727555216,2.972046727555216
