theta_x,theta_y
2.812052711870348,2.812052711870348
2.263761308502618,2.263761308502618
2.0029260215170663,2.0029260215170663
-1.0240881240696513,-1.0240881240696513
-3.141592653589793,-3.141592653589793
0.024582996171182155,0.024582996171182155
-0.1060203063724591,-0.1060203063724591
