,theta_x,theta_y
0,0.8264727816734542,0.8264727816734542
1,0.7613804429434281,0.7613804429434281
2,0.7582045033448561,0.7582045033448561
3,0.6141455842472315,0.6141455842472315
4,0.6529708881431195,0.6529708881431195
5,0.41299029349318817,0.41299029349318817
6,0.32159421732285454,0.32159421732285454
7,0.5152266401064807,0.5152266401064807
8,0.2127586059995095,0.2127586059995095
9,-0.6230492422248912,-0.6230492422248912
