,theta_x,theta_y
0,-0.4492797495143915,-0.4492797495143915
1,2.6144781173171565,2.6144781173171565
2,-2.679995760810049,-2.679995760810049
3,1.3828759480522423,1.3828759480522423
4,0.005422273016709077,0.005422273016709077
5,-0.4151293753321047,-0.4151293753321047
6,0.6788559290125789,0.6788559290125789
7,-0.9447943068214147,-0.9447943068214147
8,-0.7966905169884386,-0.7966905169884386
