,theta_x,theta_y
0,3.141592653589793,3.141592653589793
1,-1.1005536893287895,-1.1005536893287895
2,3.141592653589793,3.141592653589793
3,-1.1785440127580706,-1.1785440127580706
4,-1.3894534812103396,-1.3894534812103396
5,-1.5746491183305686,-1.5746491183305686
6,3.141592653589793,3.141592653589793
7,-1.7443633188451617,-1.7443633188451617
