theta_x,theta_y
-2.0816866017326765,-2.0816866017326765
-0.2256034893627554,-0.2256034893627554
-1.5824309210185272,-1.5824309210185272
-1.4850658992542947,-1.4850658992542947
1.1712462080157406,1.1712462080157406
