,theta_x,theta_y
0,1.678144916805566,1.678144916805566
1,2.2390988338934465,2.2390988338934465
2,-0.634734264995436,-0.634734264995436
