,theta_x,theta_y
0,2.306211776872677,2.306211776872677
1,-0.5940589893739296,-0.5940589893739296
2,0.4520903766776375,0.4520903766776375
3,-0.537987063003673,-0.537987063003673
4,1.9040316863803104,1.9040316863803104
5,2.1575235347398545,2.1575235347398545
6,1.7255003290676822,1.7255003290676822
7,-2.1508297950269397,-2.1508297950269397
8,1.7049057494339441,1.7049057494339441
