,theta_x,theta_y
0,0.5810638358463543,0.5810638358463543
1,-0.7158677959215294,-0.7158677959215294
2,-1.3233628288994495,-1.3233628288994495
3,1.5219335074642883,1.5219335074642883
4,3.141592653589793,3.141592653589793
5,3.141592653589793,3.141592653589793
