theta_x,theta_y
-3.141592653589793,-3.141592653589793
0.5688334394765889,0.5688334394765889
0.6916856127637612,0.6916856127637612
