theta_x,theta_y
-0.8979933074416153,-0.8979933074416153
-0.9424764361449285,-0.9424764361449285
-0.8724398211129242,-0.8724398211129242
-0.5099795588463222,-0.5099795588463222
2.9316421955529464,2.9316421955529464
-0.42423924022650344,-0.42423924022650344
-0.1889210820041762,-0.1889210820041762
0.3927873368598222,0.3927873368598222
0.2279874980906506,0.2279874980906506
