theta_x,theta_y
3.141592653589793,3.141592653589793
1.9681759982624485,1.9681759982624485
2.315919915583862,2.315919915583862
-0.1466179039126814,-0.1466179039126814
-3.141592653589793,-3.141592653589793
0.6391276862201798,0.6391276862201798
