,theta_x,theta_y
0,0.33665858228407675,0.33665858228407675
1,-1.2848946652243702,-1.2848946652243702
2,-0.21527169872745897,-0.21527169872745897
3,-2.7961309675975663,-2.7961309675975663
4,-0.5882359565634181,-0.5882359565634181
5,-0.5763929460723667,-0.5763929460723667
