,theta_x,theta_y
0,-0.363498212472732,-0.363498212472732
1,0.6636068129259421,0.6636068129259421
2,-0.6134433537772628,-0.6134433537772628
3,2.4679436860297383,2.4679436860297383
4,1.951332536267483,1.951332536267483
5,1.5343332437691903,1.5343332437691903
6,2.2901280011859426,2.2901280011859426
7,0.2714961878206204,0.2714961878206204
8,-2.5551747791613346,-2.5551747791613346
9,2.4100595336212316,2.4100595336212316
