theta_x,theta_y
2.4113773661582694,2.4113773661582694
1.2802670992756016,1.2802670992756016
1.442280636925225,1.442280636925225
0.6119976445722564,0.6119976445722564
-3.141592653589793,-3.141592653589793
0.4917934577911178,0.4917934577911178
0.9931742803224048,0.9931742803224048
-3.141592653589793,-3.141592653589793
-3.141592653589793,-3.141592653589793
