,theta_x,theta_y
0,2.4113773661582694,2.4113773661582694
1,1.2802670992756016,1.2802670992756016
2,1.442280636925225,1.442280636925225
3,0.6119976445722564,0.6119976445722564
4,-3.141592653589793,-3.141592653589793
5,0.4917934577911178,0.4917934577911178
6,0.9931742803224048,0.9931742803224048
7,-3.141592653589793,-3.141592653589793
8,-3.141592653589793,-3.141592653589793
