,theta_x,theta_y
0,-1.120094315493517,-1.120094315493517
1,-1.0140745555894644,-1.0140745555894644
2,-0.7436153468057373,-0.7436153468057373
3,-0.3526790863412047,-0.3526790863412047
4,3.120286919985229,3.120286919985229
5,-0.46724761067772524,-0.46724761067772524
6,-0.06496606185423162,-0.06496606185423162
7,0.5623470210051293,0.5623470210051293
8,0.1832885611256699,0.1832885611256699
