theta_x,theta_y
-1.5708733344207384,-1.5708733344207384
