,theta_x,theta_y
0,1.005042716389377,1.005042716389377
