theta_x,theta_y
1.1616488975229793,1.1616488975229793
1.0725645411013471,1.0725645411013471
1.0689503742253552,1.0689503742253552
-3.141592653589793,-3.141592653589793
0.9427138185130151,0.9427138185130151
1.0204457760630832,1.0204457760630832
