,theta_x,theta_y
0,1.2071984804429114,1.2071984804429114
1,0.025618263041777722,0.025618263041777722
