,theta_x,theta_y
0,-0.25280371801514456,-0.25280371801514456
