,theta_x,theta_y
0,3.141592653589793,3.141592653589793
1,-0.2522391669066353,-0.2522391669066353
