theta_x,theta_y
0.9376907231340391,0.9376907231340391
0.9286529049245752,0.9286529049245752
0.8921317997913882,0.8921317997913882
0.8600469500854943,0.8600469500854943
0.8407592599984913,0.8407592599984913
0.8252694242502904,0.8252694242502904
