theta_x,theta_y
-3.0413770954646453,-3.0413770954646453
0.8727440338695414,0.8727440338695414
0.27182403901923957,0.27182403901923957
0.8372994206164431,0.8372994206164431
