,theta_x,theta_y
0,-1.2405527355360502,-1.2405527355360502
1,3.141592653589793,3.141592653589793
2,3.141592653589793,3.141592653589793
3,-1.1968836450074678,-1.1968836450074678
4,-1.470533592083816,-1.470533592083816
5,3.141592653589793,3.141592653589793
6,-1.732065572123806,-1.732065572123806
