theta_x,theta_y
-1.2405527355360502,-1.2405527355360502
3.141592653589793,3.141592653589793
3.141592653589793,3.141592653589793
-1.1968836450074678,-1.1968836450074678
-1.470533592083816,-1.470533592083816
3.141592653589793,3.141592653589793
-1.732065572123806,-1.732065572123806
