,theta_x,theta_y
0,3.141592653589793,3.141592653589793
1,3.141592653589793,3.141592653589793
2,-1.3719445188264883,-1.3719445188264883
3,-1.45575793353581,-1.45575793353581
4,-1.5353880503317003,-1.5353880503317003
5,-1.6110366387730621,-1.6110366387730621
