theta_x,theta_y
3.141592653589793,3.141592653589793
3.141592653589793,3.141592653589793
-1.3719445188264883,-1.3719445188264883
-1.45575793353581,-1.45575793353581
-1.5353880503317003,-1.5353880503317003
-1.6110366387730621,-1.6110366387730621
