theta_x,theta_y
-0.5167998994341437,-0.5167998994341437
-0.039918250649814704,-0.039918250649814704
-1.1233013827541425,-1.1233013827541425
