,theta_x,theta_y
0,1.077040521230684,1.077040521230684
1,1.074424498881556,1.074424498881556
2,-3.141592653589793,-3.141592653589793
3,1.0815172872054184,1.0815172872054184
4,1.094845776349647,1.094845776349647
5,1.1116357388437013,1.1116357388437013
6,1.126434448464995,1.126434448464995
7,1.1374757159399371,1.1374757159399371
