,theta_x,theta_y
0,1.8334346811962863,1.8334346811962863
1,1.251280169421411,1.251280169421411
2,1.0532802893549957,1.0532802893549957
3,-1.5874822918505094,-1.5874822918505094
4,-3.141592653589793,-3.141592653589793
5,-0.9294415807602382,-0.9294415807602382
