,theta_x,theta_y
0,-0.6946387301879567,-0.6946387301879567
1,-0.9118548420833986,-0.9118548420833986
2,-2.6507516968339857,-2.6507516968339857
