,theta_x,theta_y
0,-3.035710014507967,-3.035710014507967
1,-2.3648777414307283,-2.3648777414307283
2,1.2706452534793182,1.2706452534793182
3,1.1320058400203277,1.1320058400203277
4,-3.141592653589793,-3.141592653589793
5,0.8483756862898775,0.8483756862898775
