theta_x,theta_y
-0.4608535714685062,-0.4608535714685062
3.141592653589793,3.141592653589793
1.5313273556778033,1.5313273556778033
