,theta_x,theta_y
0,-3.058689908346212,-3.058689908346212
1,2.0624700878396705,2.0624700878396705
2,-3.141592653589793,-3.141592653589793
3,1.9624701399046585,1.9624701399046585
4,1.7984899991276795,1.7984899991276795
5,-3.141592653589793,-3.141592653589793
6,-3.141592653589793,-3.141592653589793
7,-2.868986541171994,-2.868986541171994
8,-0.28877079109752724,-0.28877079109752724
