theta_x,theta_y
-0.06449333910310961,-0.06449333910310961
-1.5703519996731745,-1.5703519996731745
-1.9941877390257159,-1.9941877390257159
-2.343696775243138,-2.343696775243138
1.7716070811300129,1.7716070811300129
1.854171645420858,1.854171645420858
