theta_x,theta_y
1.9503147812633934,1.9503147812633934
1.9360931769597647,1.9360931769597647
1.9223677026299075,1.9223677026299075
-3.141592653589793,-3.141592653589793
1.882751184088512,1.882751184088512
1.8972830887694958,1.8972830887694958
