,theta_x,theta_y
0,-2.241327294633426,-2.241327294633426
1,2.8903494298064722,2.8903494298064722
2,-3.141592653589793,-3.141592653589793
3,2.943190065758998,2.943190065758998
4,3.141592653589793,3.141592653589793
5,-1.9056226045416018,-1.9056226045416018
6,-1.7581805470239622,-1.7581805470239622
