theta_x,theta_y
2.367115268628877,2.367115268628877
-0.24285680251782923,-0.24285680251782923
0.24378332982136128,0.24378332982136128
1.3155806413295192,1.3155806413295192
-0.107978025082141,-0.107978025082141
3.141592653589793,3.141592653589793
3.141592653589793,3.141592653589793
2.4429892096046193,2.4429892096046193
