theta_x,theta_y
-2.553318716494867,-2.553318716494867
