,theta_x,theta_y
0,-1.1688374644144075,-1.1688374644144075
