,theta_x,theta_y
0,-1.8165549430788448,-1.8165549430788448
1,-1.5302767371482067,-1.5302767371482067
2,2.0183859808723947,2.0183859808723947
3,-2.575197579094404,-2.575197579094404
4,0.5511258781780876,0.5511258781780876
