,theta_x,theta_y
0,1.77068265011237,1.77068265011237
1,0.6961620491010552,0.6961620491010552
2,-2.452990731648182,-2.452990731648182
3,-3.141592653589793,-3.141592653589793
4,1.1748315283828403,1.1748315283828403
5,1.3873561141673572,1.3873561141673572
6,2.099952233784038,2.099952233784038
7,2.5760045062659405,2.5760045062659405
8,1.8558104652502525,1.8558104652502525
