,theta_x,theta_y
0,-0.9030353347438892,-0.9030353347438892
1,3.141592653589793,3.141592653589793
2,-0.8947898941289206,-0.8947898941289206
3,3.141592653589793,3.141592653589793
4,3.141592653589793,3.141592653589793
