theta_x,theta_y
-0.9030353347438892,-0.9030353347438892
3.141592653589793,3.141592653589793
-0.8947898941289206,-0.8947898941289206
3.141592653589793,3.141592653589793
3.141592653589793,3.141592653589793
