,theta_x,theta_y
0,2.0798098238296783,2.0798098238296783
1,2.054829069116567,2.054829069116567
2,2.0311263527625822,2.0311263527625822
3,-3.141592653589793,-3.141592653589793
