,theta_x,theta_y
0,0.06999211893079507,0.06999211893079507
1,1.3063015221986292,1.3063015221986292
2,-0.4489258842200992,-0.4489258842200992
3,-0.2884618542206031,-0.2884618542206031
4,-1.6131518594817578,-1.6131518594817578
5,0.22937023768288262,0.22937023768288262
6,0.37778692573625633,0.37778692573625633
