theta_x,theta_y
2.907479865943583,2.907479865943583
-0.606044818127678,-0.606044818127678
-0.7287663376786545,-0.7287663376786545
1.6406843383617684,1.6406843383617684
0.4670312797895274,0.4670312797895274
3.141592653589793,3.141592653589793
3.141592653589793,3.141592653589793
