,theta_x,theta_y
0,-1.478749760909649,-1.478749760909649
1,-2.081643969838453,-2.081643969838453
2,2.578562597806133,2.578562597806133
3,0.9628430939205465,0.9628430939205465
4,-2.1802758401714026,-2.1802758401714026
5,-0.8415957501760138,-0.8415957501760138
