theta_x,theta_y
2.1897022831358552,2.1897022831358552
