,theta_x,theta_y
0,2.4720774101110727,2.4720774101110727
1,0.5379142275385235,0.5379142275385235
2,2.430648954278114,2.430648954278114
3,-2.807951018454008,-2.807951018454008
4,0.40962432658151104,0.40962432658151104
5,-0.26127086557670565,-0.26127086557670565
