,theta_x,theta_y
0,0.896653412475746,0.896653412475746
1,0.8754691776310709,0.8754691776310709
2,0.8536304778231093,0.8536304778231093
3,0.8314122735527374,0.8314122735527374
4,0.8095202439507508,0.8095202439507508
