,theta_x,theta_y
0,2.8991188816345805,2.8991188816345805
1,0.23223490434804508,0.23223490434804508
2,3.141592653589793,3.141592653589793
3,-2.445097180741261,-2.445097180741261
4,0.8165687260919234,0.8165687260919234
5,-0.2282924789172522,-0.2282924789172522
6,1.4406678909205028,1.4406678909205028
