,theta_x,theta_y
0,2.818981425594548,2.818981425594548
1,-2.310213032904055,-2.310213032904055
2,1.1556197870032168,1.1556197870032168
3,2.0466156648648326,2.0466156648648326
4,0.6435423441833389,0.6435423441833389
