,theta_x,theta_y
0,-0.6794895079366119,-0.6794895079366119
1,2.0477651346476757,2.0477651346476757
2,-1.085088933826222,-1.085088933826222
3,1.6034952163674607,1.6034952163674607
4,0.631228653831647,0.631228653831647
