,theta_x,theta_y
0,-2.5027513074280874,-2.5027513074280874
1,-2.808331532864958,-2.808331532864958
2,1.8407254194262863,1.8407254194262863
3,0.4310391784961893,0.4310391784961893
4,-3.141592653589793,-3.141592653589793
5,0.512777634948323,0.512777634948323
