,theta_x,theta_y
0,0.8030466483838636,0.8030466483838636
1,2.538614071833901,2.538614071833901
