theta_x,theta_y
0.5694655021137055,0.5694655021137055
3.0615627803408483,3.0615627803408483
1.4670537119370008,1.4670537119370008
-0.4073748988805687,-0.4073748988805687
-0.6889527089928469,-0.6889527089928469
3.0765073204913462,3.0765073204913462
-2.21176695038322,-2.21176695038322
2.1971123415316134,2.1971123415316134
1.4289745056864036,1.4289745056864036
0.15965413018899757,0.15965413018899757
