,theta_x,theta_y
0,1.390280496735547,1.390280496735547
1,0.8007669128353654,0.8007669128353654
2,0.3384293168475785,0.3384293168475785
3,-1.1054167912988098,-1.1054167912988098
4,2.421066607694744,2.421066607694744
