theta_x,theta_y
2.3230504949322706,2.3230504949322706
-1.3346686492558022,-1.3346686492558022
0.6481313883860379,0.6481313883860379
1.7390208088065813,1.7390208088065813
1.3565716258841425,1.3565716258841425
2.6153638278698623,2.6153638278698623
