theta_x,theta_y
0.27108327908839824,0.27108327908839824
-1.0263936775682698,-1.0263936775682698
-0.9713114855447416,-0.9713114855447416
-0.9485205716287064,-0.9485205716287064
3.096797947981433,3.096797947981433
0.7309545424825449,0.7309545424825449
1.0864556348914358,1.0864556348914358
-1.2229195638762358,-1.2229195638762358
1.139784634128297,1.139784634128297
-2.442334122477179,-2.442334122477179
