,theta_x,theta_y
0,0.6241983132521763,0.6241983132521763
1,3.141592653589793,3.141592653589793
2,-2.0249626707248223,-2.0249626707248223
3,2.00724651014435,2.00724651014435
4,0.09410239061598391,0.09410239061598391
5,0.45717688216637253,0.45717688216637253
6,1.4305906250888105,1.4305906250888105
7,-0.28452851726192785,-0.28452851726192785
8,-0.3031265265535793,-0.3031265265535793
9,-1.655772049489943,-1.655772049489943
