theta_x,theta_y
0.6241983132521763,0.6241983132521763
3.141592653589793,3.141592653589793
-2.0249626707248223,-2.0249626707248223
2.00724651014435,2.00724651014435
0.09410239061598391,0.09410239061598391
0.45717688216637253,0.45717688216637253
1.4305906250888105,1.4305906250888105
-0.28452851726192785,-0.28452851726192785
-0.3031265265535793,-0.3031265265535793
-1.655772049489943,-1.655772049489943
