,theta_x,theta_y
0,0.8947606431247882,0.8947606431247882
1,0.7284947830586896,0.7284947830586896
2,-3.141592653589793,-3.141592653589793
3,-3.141592653589793,-3.141592653589793
4,0.6807765946455375,0.6807765946455375
5,0.7487174891488708,0.7487174891488708
6,0.8117592724625692,0.8117592724625692
7,0.720868445732261,0.720868445732261
8,0.8481276039622924,0.8481276039622924
9,0.7270342722813331,0.7270342722813331
