,theta_x,theta_y
0,1.6024188172085043,1.6024188172085043
1,3.052244734689567,3.052244734689567
2,-3.141592653589793,-3.141592653589793
3,2.1552615936019186,2.1552615936019186
4,-3.141592653589793,-3.141592653589793
5,-0.5315922170243071,-0.5315922170243071
6,1.8486424914658655,1.8486424914658655
7,-0.6647235034714449,-0.6647235034714449
8,1.9276811951678974,1.9276811951678974
9,-3.141592653589793,-3.141592653589793
