theta_x,theta_y
1.6024188172085043,1.6024188172085043
3.052244734689567,3.052244734689567
-3.141592653589793,-3.141592653589793
2.1552615936019186,2.1552615936019186
-3.141592653589793,-3.141592653589793
-0.5315922170243071,-0.5315922170243071
1.8486424914658655,1.8486424914658655
-0.6647235034714449,-0.6647235034714449
1.9276811951678974,1.9276811951678974
-3.141592653589793,-3.141592653589793
