,theta_x,theta_y
0,-0.8823146229312903,-0.8823146229312903
1,2.720563011615431,2.720563011615431
2,-1.2865602471896362,-1.2865602471896362
3,2.9476028663570633,2.9476028663570633
4,2.235512794881077,2.235512794881077
5,1.1868997071309806,1.1868997071309806
6,0.8604339318759547,0.8604339318759547
