theta_x,theta_y
-0.20270768544080778,-0.20270768544080778
-0.21157863927020287,-0.21157863927020287
