,theta_x,theta_y
0,-0.9126764276025806,-0.9126764276025806
1,-1.6582055851244746,-1.6582055851244746
2,-1.7492238339239865,-1.7492238339239865
3,-1.8574068439744214,-1.8574068439744214
4,3.121979708544721,3.121979708544721
5,-0.9318136013923971,-0.9318136013923971
6,-0.2978518928377243,-0.2978518928377243
7,-2.2571873510016216,-2.2571873510016216
8,0.2661058967358393,0.2661058967358393
