,theta_x,theta_y
0,0.24770642569363965,0.24770642569363965
1,2.6450433296490923,2.6450433296490923
2,-0.9230142915412953,-0.9230142915412953
3,2.287658425885968,2.287658425885968
4,0.7819650127792608,0.7819650127792608
