theta_x,theta_y
-3.141592653589793,-3.141592653589793
1.7705011736398317,1.7705011736398317
-3.141592653589793,-3.141592653589793
1.6672530385933233,1.6672530385933233
-3.141592653589793,-3.141592653589793
2.2546579252210144,2.2546579252210144
2.3897449516852145,2.3897449516852145
