,theta_x,theta_y
0,2.5298807670535974,2.5298807670535974
1,-1.5892979437725228,-1.5892979437725228
2,1.534346892175502,1.534346892175502
