,theta_x,theta_y
0,0.7372663940945317,0.7372663940945317
1,0.5002032595150148,0.5002032595150148
2,-0.08118816994555055,-0.08118816994555055
3,-0.28272626538413026,-0.28272626538413026
4,1.684150407074334,1.684150407074334
5,-0.6107112968336371,-0.6107112968336371
6,-0.7445688641803168,-0.7445688641803168
