,theta_x,theta_y
0,-3.141592653589793,-3.141592653589793
1,1.2726125020148282,1.2726125020148282
2,1.4289094736212595,1.4289094736212595
3,2.327622286339036,2.327622286339036
4,3.141592653589793,3.141592653589793
5,3.141592653589793,3.141592653589793
6,3.1167291029188773,3.1167291029188773
7,-2.93650965370327,-2.93650965370327
