,theta_x,theta_y
0,-2.976770456247883,-2.976770456247883
1,-3.0072307649334813,-3.0072307649334813
2,2.0364323689151145,2.0364323689151145
3,-3.141592653589793,-3.141592653589793
4,1.3918311216951262,1.3918311216951262
5,1.1652606114610244,1.1652606114610244
