,theta_x,theta_y
0,-3.141592653589793,-3.141592653589793
1,2.4184101934336404,2.4184101934336404
2,-1.8680622303907146,-1.8680622303907146
3,2.4035883483432046,2.4035883483432046
4,-3.141592653589793,-3.141592653589793
5,-3.141592653589793,-3.141592653589793
6,3.040066468909412,3.040066468909412
7,-2.803616403056523,-2.803616403056523
