,theta_x,theta_y
0,-0.6983231459890958,-0.6983231459890958
