,theta_x,theta_y
0,-1.6301824919349008,-1.6301824919349008
