theta_x,theta_y
-1.042905674893745,-1.042905674893745
3.141592653589793,3.141592653589793
-1.026300031802415,-1.026300031802415
3.141592653589793,3.141592653589793
