,theta_x,theta_y
0,-1.042905674893745,-1.042905674893745
1,3.141592653589793,3.141592653589793
2,-1.026300031802415,-1.026300031802415
3,3.141592653589793,3.141592653589793
