,theta_x,theta_y
0,0.9386143459683864,0.9386143459683864
1,2.4274569119322362,2.4274569119322362
2,0.04628921075579834,0.04628921075579834
