theta_x,theta_y
2.8246123661952534,2.8246123661952534
0.7107835547184296,0.7107835547184296
2.8080193701858494,2.8080193701858494
-2.8747851067302324,-2.8747851067302324
0.9415833038434994,0.9415833038434994
0.4089103090699682,0.4089103090699682
1.1925030306798234,1.1925030306798234
-0.501150009441889,-0.501150009441889
