,theta_x,theta_y
0,-2.304044448654855,-2.304044448654855
1,-0.2855819845461962,-0.2855819845461962
2,-2.697512739083256,-2.697512739083256
3,-2.3628327969785876,-2.3628327969785876
4,-1.867807972142804,-1.867807972142804
5,0.20513788566454605,0.20513788566454605
6,-2.207903170440908,-2.207903170440908
7,-0.7977949085043767,-0.7977949085043767
