theta_x,theta_y
1.9245181810209593,1.9245181810209593
-0.9987606600913568,-0.9987606600913568
1.3469169934423164,1.3469169934423164
1.4646503967199485,1.4646503967199485
1.040218421004575,1.040218421004575
1.4872688143423527,1.4872688143423527
1.3113201717985408,1.3113201717985408
