theta_x,theta_y
0.1708993504947279,0.1708993504947279
3.141592653589793,3.141592653589793
-3.141592653589793,-3.141592653589793
2.0622908516524667,2.0622908516524667
-3.141592653589793,-3.141592653589793
-2.27027426404169,-2.27027426404169
2.165357260563086,2.165357260563086
