theta_x,theta_y
0.44923750141742624,0.44923750141742624
-1.7612308890183141,-1.7612308890183141
2.955923008771488,2.955923008771488
-3.137895844358076,-3.137895844358076
1.9970147792459885,1.9970147792459885
1.016426136844266,1.016426136844266
0.23997935215854937,0.23997935215854937
-3.141592653589793,-3.141592653589793
