,theta_x,theta_y
0,2.040745091819648,2.040745091819648
1,-1.6849285022544618,-1.6849285022544618
2,-0.5057309785070208,-0.5057309785070208
3,1.9775356923604293,1.9775356923604293
