,theta_x,theta_y
0,2.100796479320739,2.100796479320739
1,1.9205102845128361,1.9205102845128361
2,1.9959460490314693,1.9959460490314693
3,-3.141592653589793,-3.141592653589793
4,1.9045196946054317,1.9045196946054317
5,1.9040622445225648,1.9040622445225648
6,-3.141592653589793,-3.141592653589793
7,2.2466150507220126,2.2466150507220126
8,2.526740246532277,2.526740246532277
