,theta_x,theta_y
0,2.335388392041238,2.335388392041238
1,0.19267152349103572,0.19267152349103572
2,2.559218834878009,2.559218834878009
3,-2.4979649590223243,-2.4979649590223243
4,0.5162557030900999,0.5162557030900999
5,-0.37300405391363106,-0.37300405391363106
