,theta_x,theta_y
0,0.6973303384423128,0.6973303384423128
1,0.4504957041757238,0.4504957041757238
2,0.5341292597230204,0.5341292597230204
