theta_x,theta_y
2.4534348259680043,2.4534348259680043
0.23341908722332474,0.23341908722332474
2.626254389495789,2.626254389495789
-2.0922745816930233,-2.0922745816930233
0.20947217461207748,0.20947217461207748
