theta_x,theta_y
-2.619143793402758,-2.619143793402758
-2.45890892348439,-2.45890892348439
2.289919480077034,2.289919480077034
-2.7063165842116286,-2.7063165842116286
0.04333434539684821,0.04333434539684821
2.26363014259757,2.26363014259757
-2.7725793996453616,-2.7725793996453616
-2.4796662513364223,-2.4796662513364223
-1.9001479326789763,-1.9001479326789763
0.2609178041009169,0.2609178041009169
