,theta_x,theta_y
0,-2.619143793402758,-2.619143793402758
1,-2.45890892348439,-2.45890892348439
2,2.289919480077034,2.289919480077034
3,-2.7063165842116286,-2.7063165842116286
4,0.04333434539684821,0.04333434539684821
5,2.26363014259757,2.26363014259757
6,-2.7725793996453616,-2.7725793996453616
7,-2.4796662513364223,-2.4796662513364223
8,-1.9001479326789763,-1.9001479326789763
9,0.2609178041009169,0.2609178041009169
