,theta_x,theta_y
0,0.559070078568236,0.559070078568236
1,-0.44157142116129044,-0.44157142116129044
2,-3.026536329695828,-3.026536329695828
3,-2.5227146792239292,-2.5227146792239292
