theta_x,theta_y
-2.0936623503900753,-2.0936623503900753
