,theta_x,theta_y
0,0.7271293923861715,0.7271293923861715
1,-1.319947779356215,-1.319947779356215
2,-3.141592653589793,-3.141592653589793
