,theta_x,theta_y
0,-1.5959883259579695,-1.5959883259579695
1,3.141592653589793,3.141592653589793
2,3.141592653589793,3.141592653589793
3,-1.5768160191627318,-1.5768160191627318
