theta_x,theta_y
1.797278790733691,1.797278790733691
0.5795268081858088,0.5795268081858088
-0.7286480457101796,-0.7286480457101796
0.25818478679392404,0.25818478679392404
-0.5025274192145164,-0.5025274192145164
-0.32384075550968316,-0.32384075550968316
