,theta_x,theta_y
0,2.1276655146459307,2.1276655146459307
1,-0.390928962888198,-0.390928962888198
2,-0.1001297066713965,-0.1001297066713965
3,2.5656616380690607,2.5656616380690607
4,0.33826504787091066,0.33826504787091066
