theta_x,theta_y
-0.1963739960129042,-0.1963739960129042
-0.6517001233744075,-0.6517001233744075
0.0795564284916514,0.0795564284916514
-1.2390755436373948,-1.2390755436373948
