,theta_x,theta_y
0,0.41140689669540703,0.41140689669540703
1,1.3000583231434408,1.3000583231434408
2,1.182548324962112,1.182548324962112
