,theta_x,theta_y
0,-3.141592653589793,-3.141592653589793
1,-3.141592653589793,-3.141592653589793
2,3.141592653589793,3.141592653589793
3,-2.1035925244622065,-2.1035925244622065
4,-3.0580809840520793,-3.0580809840520793
5,2.6912337321047834,2.6912337321047834
6,-2.9985852986481185,-2.9985852986481185
