,theta_x,theta_y
0,-2.0841669324275545,-2.0841669324275545
1,-1.6939932584187432,-1.6939932584187432
2,2.0630439905897995,2.0630439905897995
3,-2.1095169158225073,-2.1095169158225073
4,-0.13683061169587185,-0.13683061169587185
5,1.9173199498047298,1.9173199498047298
6,-2.417278671239697,-2.417278671239697
