,theta_x,theta_y
0,3.141592653589793,3.141592653589793
1,-1.545409905344039,-1.545409905344039
2,0.6359224567006393,0.6359224567006393
3,3.141592653589793,3.141592653589793
4,1.3137169779101299,1.3137169779101299
