,theta_x,theta_y
0,-0.8951655268878551,-0.8951655268878551
1,-1.0477466799298085,-1.0477466799298085
2,-1.0108455787590087,-1.0108455787590087
3,-0.7377964695155959,-0.7377964695155959
4,3.141592653589793,3.141592653589793
5,-0.5103095643478043,-0.5103095643478043
6,0.31690025461512716,0.31690025461512716
7,0.42791047000539806,0.42791047000539806
8,0.8344241578761603,0.8344241578761603
