theta_x,theta_y
1.5464067907763979,1.5464067907763979
