,theta_x,theta_y
0,2.1275304274632147,2.1275304274632147
1,2.3630431294790437,2.3630431294790437
2,2.0274477256761423,2.0274477256761423
3,1.8377474727234646,1.8377474727234646
4,1.7349017555925739,1.7349017555925739
5,-2.971919687134111,-2.971919687134111
6,-3.141592653589793,-3.141592653589793
7,1.6921417917621644,1.6921417917621644
