,theta_x,theta_y
0,-1.8799338697429575,-1.8799338697429575
1,-3.141592653589793,-3.141592653589793
2,1.2667866953318232,1.2667866953318232
3,-3.141592653589793,-3.141592653589793
4,1.633791788810193,1.633791788810193
5,1.1466418013658424,1.1466418013658424
