theta_x,theta_y
0.8192317176293256,0.8192317176293256
