,theta_x,theta_y
0,-1.4233749466366943,-1.4233749466366943
1,0.8588324312609656,0.8588324312609656
2,-3.141592653589793,-3.141592653589793
3,-3.141592653589793,-3.141592653589793
4,1.296338355219572,1.296338355219572
5,2.32340169454634,2.32340169454634
6,3.141592653589793,3.141592653589793
