theta_x,theta_y
0.6042609627789467,0.6042609627789467
2.4896030307243198,2.4896030307243198
-2.4596131096112575,-2.4596131096112575
2.2998234395140558,2.2998234395140558
-0.9057476894589905,-0.9057476894589905
0.07702658880977242,0.07702658880977242
1.6782075189384853,1.6782075189384853
-0.049070118149748244,-0.049070118149748244
