,theta_x,theta_y
0,2.7533783163629257,2.7533783163629257
1,1.7214642266564815,1.7214642266564815
2,0.9183493078138655,0.9183493078138655
3,0.5016707241167704,0.5016707241167704
4,-2.0947916590303453,-2.0947916590303453
5,0.5524371456845691,0.5524371456845691
6,-0.20788039430364363,-0.20788039430364363
