,theta_x,theta_y
0,-1.7989328314757715,-1.7989328314757715
1,-1.6104161320620096,-1.6104161320620096
2,2.285248376965051,2.285248376965051
3,-2.890154807005434,-2.890154807005434
4,1.207231630010561,1.207231630010561
