,theta_x,theta_y
0,3.1206507916480177,3.1206507916480177
1,1.66285412756539,1.66285412756539
2,2.2022002727030445,2.2022002727030445
3,0.26137683612713636,0.26137683612713636
