theta_x,theta_y
0.37702814424453923,0.37702814424453923
0.3034649764060239,0.3034649764060239
0.23421713122194576,0.23421713122194576
0.17075508603289133,0.17075508603289133
0.07825168291985146,0.07825168291985146
0.0852111947507291,0.0852111947507291
0.07774274783893272,0.07774274783893272
