,theta_x,theta_y
0,2.062159224974981,2.062159224974981
1,-1.7944890114341676,-1.7944890114341676
2,1.0693467838960393,1.0693467838960393
3,0.823171758657623,0.823171758657623
4,-1.8853402144952778,-1.8853402144952778
5,2.4365702204784223,2.4365702204784223
6,0.7330386026951163,0.7330386026951163
7,0.43241230357372057,0.43241230357372057
8,-1.7571809841406896,-1.7571809841406896
