,theta_x,theta_y
0,-0.9802672818076174,-0.9802672818076174
1,1.5758461566458881,1.5758461566458881
2,-2.6760998266877714,-2.6760998266877714
3,1.9493922173825615,1.9493922173825615
4,0.3519508309766743,0.3519508309766743
