,theta_x,theta_y
0,3.141592653589793,3.141592653589793
1,-0.8858269675280409,-0.8858269675280409
2,3.141592653589793,3.141592653589793
3,-2.937378222289798,-2.937378222289798
4,0.3602223301032901,0.3602223301032901
5,-1.5573529424244565,-1.5573529424244565
