theta_x,theta_y
1.6335716944002008,1.6335716944002008
1.8918687480456795,1.8918687480456795
0.26227229278622455,0.26227229278622455
-1.8213127842085521,-1.8213127842085521
