,theta_x,theta_y
0,1.2824169921465636,1.2824169921465636
1,-2.301924843520645,-2.301924843520645
2,-3.141592653589793,-3.141592653589793
3,-3.141592653589793,-3.141592653589793
4,2.257640936646395,2.257640936646395
5,2.609439673122278,2.609439673122278
6,1.8721666037255171,1.8721666037255171
