theta_x,theta_y
0.42904854405820875,0.42904854405820875
3.048877217364194,3.048877217364194
0.11455161820688328,0.11455161820688328
3.141592653589793,3.141592653589793
2.3758579431541413,2.3758579431541413
1.23324180612355,1.23324180612355
0.8361885846441856,0.8361885846441856
-0.010296927025468344,-0.010296927025468344
-1.2031919823398358,-1.2031919823398358
0.5046430752800429,0.5046430752800429
