,theta_x,theta_y
0,1.4363996120724414,1.4363996120724414
1,-1.137672130615462,-1.137672130615462
2,-1.7547012663998822,-1.7547012663998822
3,-2.3386836167273275,-2.3386836167273275
