,theta_x,theta_y
0,-1.6858961648834359,-1.6858961648834359
