,theta_x,theta_y
0,-1.4315620474952264,-1.4315620474952264
1,-2.005910091278255,-2.005910091278255
2,2.682517078754236,2.682517078754236
3,-2.417146647576985,-2.417146647576985
4,0.9461878252244134,0.9461878252244134
5,1.8579024737260434,1.8579024737260434
6,-1.6356926449913534,-1.6356926449913534
7,-2.620719351893645,-2.620719351893645
8,-2.251683854317285,-2.251683854317285
9,1.7710639335674117,1.7710639335674117
