theta_x,theta_y
-1.4315620474952264,-1.4315620474952264
-2.005910091278255,-2.005910091278255
2.682517078754236,2.682517078754236
-2.417146647576985,-2.417146647576985
0.9461878252244134,0.9461878252244134
1.8579024737260434,1.8579024737260434
-1.6356926449913534,-1.6356926449913534
-2.620719351893645,-2.620719351893645
-2.251683854317285,-2.251683854317285
1.7710639335674117,1.7710639335674117
