,theta_x,theta_y
0,0.4711376515128565,0.4711376515128565
1,-1.6486035238578876,-1.6486035238578876
2,-2.1965641033733134,-2.1965641033733134
3,-2.514575243244774,-2.514575243244774
4,2.0505888508702386,2.0505888508702386
5,2.147467543380996,2.147467543380996
6,0.4867259571445881,0.4867259571445881
7,0.8388227661707889,0.8388227661707889
8,0.6101443450281226,0.6101443450281226
9,2.0572457490373646,2.0572457490373646
