theta_x,theta_y
-2.902550756200005,-2.902550756200005
-1.490864887303666,-1.490864887303666
1.8428781830708767,1.8428781830708767
1.070054477167163,1.070054477167163
-3.1145202093120847,-3.1145202093120847
0.5461245547182827,0.5461245547182827
0.3616344221471584,0.3616344221471584
-1.662392466087901,-1.662392466087901
1.3203413240802873,1.3203413240802873
