,theta_x,theta_y
0,2.446753265107003,2.446753265107003
1,0.3208160377015154,0.3208160377015154
2,2.631259033874429,2.631259033874429
