,theta_x,theta_y
0,0.07451929846060805,0.07451929846060805
1,-0.5232726485219781,-0.5232726485219781
2,-0.8310151140006419,-0.8310151140006419
3,-1.123089655072586,-1.123089655072586
