,theta_x,theta_y
0,1.1537285873246814,1.1537285873246814
1,-0.8680617041252138,-0.8680617041252138
2,-2.888432133328016,-2.888432133328016
