,theta_x,theta_y
0,0.9234931725164872,0.9234931725164872
1,-1.0360954441975383,-1.0360954441975383
2,-2.739685961844358,-2.739685961844358
3,-3.141592653589793,-3.141592653589793
4,2.1899370142381014,2.1899370142381014
5,2.483408156046745,2.483408156046745
