,theta_x,theta_y
0,0.5127502056795863,0.5127502056795863
1,0.03634915889879494,0.03634915889879494
2,1.9601572159178395,1.9601572159178395
3,-3.10482635072611,-3.10482635072611
4,1.832615015172514,1.832615015172514
5,0.32490724884613964,0.32490724884613964
6,-1.43641634295313,-1.43641634295313
7,-3.141592653589793,-3.141592653589793
