theta_x,theta_y
-1.5305202472338726,-1.5305202472338726
