,theta_x,theta_y
0,-1.8375851558379892,-1.8375851558379892
1,-2.185343366118657,-2.185343366118657
2,2.7130047324260764,2.7130047324260764
3,-1.0695597598196578,-1.0695597598196578
4,-2.103532048307968,-2.103532048307968
5,-2.0976207276489327,-2.0976207276489327
6,-1.743455804458892,-1.743455804458892
7,-1.662587794445195,-1.662587794445195
