,theta_x,theta_y
0,1.0982956088550682,1.0982956088550682
1,1.032735750810421,1.032735750810421
2,0.9667063265886212,0.9667063265886212
3,0.8999942368185554,0.8999942368185554
4,-3.141592653589793,-3.141592653589793
