theta_x,theta_y
0.1268663176618707,0.1268663176618707
3.141592653589793,3.141592653589793
