,theta_x,theta_y
0,1.163238032960761,1.163238032960761
1,1.128754938159298,1.128754938159298
2,1.1299705686987878,1.1299705686987878
3,1.095790200253021,1.095790200253021
4,1.0687075722032116,1.0687075722032116
5,0.998138084768433,0.998138084768433
6,0.9701408782434151,0.9701408782434151
7,0.943596050806237,0.943596050806237
8,-3.141592653589793,-3.141592653589793
