,theta_x,theta_y
0,-3.0725600545431253,-3.0725600545431253
1,0.8560949287453313,0.8560949287453313
2,-2.2119832271573716,-2.2119832271573716
3,0.8184365146743371,0.8184365146743371
4,1.2495840208913904,1.2495840208913904
5,0.48802939857832556,0.48802939857832556
6,2.361229523722142,2.361229523722142
7,-0.6455477248166364,-0.6455477248166364
8,-1.8557854524329376,-1.8557854524329376
