,theta_x,theta_y
0,1.9781116211737146,1.9781116211737146
1,1.9511188420613852,1.9511188420613852
2,-3.141592653589793,-3.141592653589793
3,-3.141592653589793,-3.141592653589793
4,2.0775463851443887,2.0775463851443887
5,2.202792893256149,2.202792893256149
6,2.3185331395362785,2.3185331395362785
7,2.46156097023966,2.46156097023966
