,theta_x,theta_y
0,-1.3538009363849737,-1.3538009363849737
1,-2.0409635692609887,-2.0409635692609887
2,-1.2294326110175033,-1.2294326110175033
