,theta_x,theta_y
0,-1.872917912894902,-1.872917912894902
1,2.066313264423858,2.066313264423858
2,-2.3084457929135156,-2.3084457929135156
3,3.135289215762469,3.135289215762469
4,2.6578395664735988,2.6578395664735988
5,1.2827664365094602,1.2827664365094602
6,1.797250629476187,1.797250629476187
