,theta_x,theta_y
0,-0.9642496643857257,-0.9642496643857257
1,3.141592653589793,3.141592653589793
2,-1.1822272619659615,-1.1822272619659615
3,2.0947844751090803,2.0947844751090803
4,2.167326635446163,2.167326635446163
5,-0.31892664320161224,-0.31892664320161224
6,-0.4551542266935268,-0.4551542266935268
7,-1.120463483335832,-1.120463483335832
