,theta_x,theta_y
0,-1.5123969183003243,-1.5123969183003243
1,-1.5188116782603538,-1.5188116782603538
2,3.141592653589793,3.141592653589793
3,-1.5339876482347616,-1.5339876482347616
4,-1.5530378342740996,-1.5530378342740996
5,-1.5722099537775645,-1.5722099537775645
6,-1.5911757364199328,-1.5911757364199328
7,-1.6104100988278365,-1.6104100988278365
8,-1.6296095827344834,-1.6296095827344834
9,-1.6490284457005202,-1.6490284457005202
