theta_x,theta_y
0.9952912189678497,0.9952912189678497
0.9752438782054558,0.9752438782054558
0.9698893298556974,0.9698893298556974
0.9588810988324838,0.9588810988324838
0.9497389561967198,0.9497389561967198
0.9425838107054124,0.9425838107054124
0.9310204562310909,0.9310204562310909
0.9238136484113386,0.9238136484113386
-3.141592653589793,-3.141592653589793
