,theta_x,theta_y
0,-0.7277461800024563,-0.7277461800024563
1,-1.8105166152292673,-1.8105166152292673
2,-1.244576816533022,-1.244576816533022
3,-0.06667294762474442,-0.06667294762474442
4,2.916116817824649,2.916116817824649
5,1.545796572269989,1.545796572269989
6,2.4817679145899145,2.4817679145899145
