,theta_x,theta_y
0,-1.4256822532953106,-1.4256822532953106
1,3.141592653589793,3.141592653589793
