,theta_x,theta_y
0,0.39828512910334585,0.39828512910334585
1,2.74853714475696,2.74853714475696
