,theta_x,theta_y
0,0.8975121980508808,0.8975121980508808
1,0.8727886911597414,0.8727886911597414
2,0.8544092384674814,0.8544092384674814
3,0.8322333093917202,0.8322333093917202
4,0.8093265002719797,0.8093265002719797
