,theta_x,theta_y
0,2.3128509388363843,2.3128509388363843
1,1.1969305880728731,1.1969305880728731
