,theta_x,theta_y
0,3.051835508899947,3.051835508899947
1,-0.4812691192560262,-0.4812691192560262
2,3.0276824727261396,3.0276824727261396
3,-3.141592653589793,-3.141592653589793
4,2.386773136648845,2.386773136648845
5,-1.7770993106695645,-1.7770993106695645
