,theta_x,theta_y
0,-3.141592653589793,-3.141592653589793
1,-3.141592653589793,-3.141592653589793
2,1.7235024664226215,1.7235024664226215
3,1.6015506269016535,1.6015506269016535
4,-3.141592653589793,-3.141592653589793
5,-3.141592653589793,-3.141592653589793
6,2.135469124583265,2.135469124583265
7,-3.141592653589793,-3.141592653589793
8,2.5808239110132605,2.5808239110132605
9,-2.8554811045293644,-2.8554811045293644
