theta_x,theta_y
-2.9465431484404987,-2.9465431484404987
1.326005317276733,1.326005317276733
0.5032225457502848,0.5032225457502848
