,theta_x,theta_y
0,-0.32963743369978304,-0.32963743369978304
1,3.141592653589793,3.141592653589793
2,-2.286984986639333,-2.286984986639333
3,2.6452728825179275,2.6452728825179275
4,-0.5148023892326699,-0.5148023892326699
5,0.3112133750736527,0.3112133750736527
