,theta_x,theta_y
0,2.9694895123207146,2.9694895123207146
1,-0.86586409488609,-0.86586409488609
2,0.4607254729682054,0.4607254729682054
3,2.7688974845857506,2.7688974845857506
4,1.0413673895736846,1.0413673895736846
5,2.850268325400771,2.850268325400771
6,1.1470878054168046,1.1470878054168046
7,1.1807958570682977,1.1807958570682977
8,-3.0736373523405303,-3.0736373523405303
