theta_x,theta_y
1.84553877038568,1.84553877038568
0.5093292774332708,0.5093292774332708
1.9903131885102203,1.9903131885102203
-2.7265268634223068,-2.7265268634223068
0.5231061482411966,0.5231061482411966
0.2424278273582733,0.2424278273582733
0.829145414089839,0.829145414089839
