,theta_x,theta_y
0,-2.1981854699737067,-2.1981854699737067
1,2.826643341606611,2.826643341606611
2,-0.19692458565049104,-0.19692458565049104
3,2.640834309780457,2.640834309780457
4,2.9785315318291468,2.9785315318291468
5,-2.0801251549666073,-2.0801251549666073
