theta_x,theta_y
-0.7449121328896959,-0.7449121328896959
