theta_x,theta_y
1.403239914327653,1.403239914327653
1.3133974010226515,1.3133974010226515
-0.08881463338050438,-0.08881463338050438
-0.8907057999997078,-0.8907057999997078
-2.640919508393284,-2.640919508393284
-0.3099350340447327,-0.3099350340447327
-0.2900637712557651,-0.2900637712557651
-2.553557863068769,-2.553557863068769
-2.7642203680316397,-2.7642203680316397
2.758227019848978,2.758227019848978
