,theta_x,theta_y
0,2.3793767338361733,2.3793767338361733
1,1.3979188993077658,1.3979188993077658
2,0.37442469442472237,0.37442469442472237
