,theta_x,theta_y
0,-0.5478300536593441,-0.5478300536593441
1,-1.564693531745821,-1.564693531745821
2,3.141592653589793,3.141592653589793
3,-1.4479423897139903,-1.4479423897139903
