theta_x,theta_y
-2.466183007917268,-2.466183007917268
-2.808386811591116,-2.808386811591116
3.0015012790717743,3.0015012790717743
-0.14774832325555973,-0.14774832325555973
