,theta_x,theta_y
0,2.496192296221882,2.496192296221882
1,0.013353011028846194,0.013353011028846194
2,-0.20011533496521908,-0.20011533496521908
3,1.8940607943398071,1.8940607943398071
4,-0.06644010001454323,-0.06644010001454323
5,3.141592653589793,3.141592653589793
6,3.141592653589793,3.141592653589793
