,theta_x,theta_y
0,0.7687989093940575,0.7687989093940575
1,1.6486379003670246,1.6486379003670246
2,-1.19461140155265,-1.19461140155265
3,-2.7702547448328745,-2.7702547448328745
