theta_x,theta_y
-2.8126852635061965,-2.8126852635061965
-1.4747097038362447,-1.4747097038362447
1.8727878219415597,1.8727878219415597
1.0713112784854448,1.0713112784854448
-3.0230582414481244,-3.0230582414481244
0.5351400640612856,0.5351400640612856
0.3588957241813284,0.3588957241813284
-1.6661759951845807,-1.6661759951845807
1.429019870101379,1.429019870101379
-2.4580728183679152,-2.4580728183679152
