,theta_x,theta_y
0,0.4168561298032353,0.4168561298032353
1,2.046480438427939,2.046480438427939
2,-0.18671677906545112,-0.18671677906545112
3,2.1859481610729725,2.1859481610729725
4,1.109203421265364,1.109203421265364
5,0.6072799401408839,0.6072799401408839
6,-0.0643036348371863,-0.0643036348371863
7,-0.9191085867705251,-0.9191085867705251
8,-2.3502405998486786,-2.3502405998486786
9,-0.6970215311110726,-0.6970215311110726
