,theta_x,theta_y
0,0.09445305750957773,0.09445305750957773
1,-1.1336350269430016,-1.1336350269430016
2,-2.1605632005650786,-2.1605632005650786
3,-2.616274565340647,-2.616274565340647
4,1.5304967594628711,1.5304967594628711
5,2.0642894087050383,2.0642894087050383
