,theta_x,theta_y
0,-2.650027313561897,-2.650027313561897
1,-1.2154745333323436,-1.2154745333323436
2,1.5985217506454816,1.5985217506454816
3,-0.44939450703125916,-0.44939450703125916
