,theta_x,theta_y
0,-3.141592653589793,-3.141592653589793
1,-3.141592653589793,-3.141592653589793
2,2.2094222757192896,2.2094222757192896
3,2.3075753604329976,2.3075753604329976
4,-3.141592653589793,-3.141592653589793
5,2.386048194152534,2.386048194152534
6,2.537327039642477,2.537327039642477
7,-3.141592653589793,-3.141592653589793
8,2.79155161905925,2.79155161905925
9,-3.141592653589793,-3.141592653589793
