theta_x,theta_y
0.9971079765346917,0.9971079765346917
0.3047865933776953,0.3047865933776953
