,theta_x,theta_y
0,-1.144820445898374,-1.144820445898374
1,-0.6133798557766929,-0.6133798557766929
2,1.0932667238933693,1.0932667238933693
3,-0.5644192654599198,-0.5644192654599198
4,-1.5481212838360452,-1.5481212838360452
5,-1.1127142489244493,-1.1127142489244493
6,-1.6554817968326043,-1.6554817968326043
7,-1.6558939593082027,-1.6558939593082027
8,0.6269078216155358,0.6269078216155358
