theta_x,theta_y
2.240495179316452,2.240495179316452
-1.0453020513342037,-1.0453020513342037
