,theta_x,theta_y
0,-2.0559802105452714,-2.0559802105452714
1,-0.686501127334792,-0.686501127334792
2,-2.1506089458911615,-2.1506089458911615
3,-2.2998741514553935,-2.2998741514553935
