theta_x,theta_y
1.1970575914080948,1.1970575914080948
1.2178904257127063,1.2178904257127063
0.9739664947640986,0.9739664947640986
