,theta_x,theta_y
0,-1.319611699276804,-1.319611699276804
1,-1.1873843451009123,-1.1873843451009123
2,1.8557609008111475,1.8557609008111475
3,-2.3164397685355054,-2.3164397685355054
4,0.38201489215371326,0.38201489215371326
5,1.157394732715779,1.157394732715779
6,-1.7014869668225479,-1.7014869668225479
7,-2.5601873704301186,-2.5601873704301186
8,-1.3363813061925742,-1.3363813061925742
