theta_x,theta_y
3.141592653589793,3.141592653589793
-0.41420335502088657,-0.41420335502088657
1.1484224248438166,1.1484224248438166
2.4598728314418827,2.4598728314418827
0.894935225059577,0.894935225059577
