,theta_x,theta_y
0,0.9465822550310773,0.9465822550310773
1,0.935723524475115,0.935723524475115
2,0.9171307905568805,0.9171307905568805
3,0.896498221855515,0.896498221855515
4,0.8836864052117025,0.8836864052117025
5,0.8720000477932975,0.8720000477932975
6,0.8565131185634108,0.8565131185634108
7,0.8459060269907069,0.8459060269907069
