,theta_x,theta_y
0,3.141592653589793,3.141592653589793
1,2.6075653345404466,2.6075653345404466
2,1.7564752212348835,1.7564752212348835
3,-1.6491716213652068,-1.6491716213652068
4,-3.141592653589793,-3.141592653589793
5,-1.4171966888650007,-1.4171966888650007
6,-0.9697420068748542,-0.9697420068748542
7,-3.141592653589793,-3.141592653589793
8,-3.141592653589793,-3.141592653589793
9,2.9361930888947896,2.9361930888947896
