theta_x,theta_y
1.105962182605839,1.105962182605839
-1.5772109158879521,-1.5772109158879521
-2.7596170139166634,-2.7596170139166634
-3.109483723628695,-3.109483723628695
2.2980842521397555,2.2980842521397555
2.345126131038023,2.345126131038023
1.1040906250247617,1.1040906250247617
1.2109133408535517,1.2109133408535517
