,theta_x,theta_y
0,-3.141592653589793,-3.141592653589793
1,-3.141592653589793,-3.141592653589793
2,-3.141592653589793,-3.141592653589793
3,2.1060033256080866,2.1060033256080866
4,2.1414155475637178,2.1414155475637178
5,-3.141592653589793,-3.141592653589793
6,2.1612127251896354,2.1612127251896354
7,-3.141592653589793,-3.141592653589793
