theta_x,theta_y
3.1389596484300797,3.1389596484300797
2.5275192418769445,2.5275192418769445
-0.49974536265679226,-0.49974536265679226
-1.2010578307366875,-1.2010578307366875
-1.5962372984904847,-1.5962372984904847
-1.772964607929543,-1.772964607929543
-2.203502434501804,-2.203502434501804
-2.0988780300866616,-2.0988780300866616
