,theta_x,theta_y
0,3.141592653589793,3.141592653589793
1,-2.321844721756463,-2.321844721756463
2,3.141592653589793,3.141592653589793
3,3.141592653589793,3.141592653589793
4,2.966847553207633,2.966847553207633
5,2.6264943898118878,2.6264943898118878
6,2.340178720960498,2.340178720960498
