,theta_x,theta_y
0,0.35371201751848336,0.35371201751848336
1,-0.4129063508463137,-0.4129063508463137
2,-1.7253811050112329,-1.7253811050112329
3,-2.575744140790104,-2.575744140790104
4,1.7542329532197631,1.7542329532197631
5,1.8402554148593955,1.8402554148593955
6,0.560842796203916,0.560842796203916
7,0.33511698840427473,0.33511698840427473
8,-0.03301065040148099,-0.03301065040148099
