,theta_x,theta_y
0,-3.047829857957629,-3.047829857957629
1,-2.400318267110952,-2.400318267110952
2,2.047186747225894,2.047186747225894
3,1.3410779355725408,1.3410779355725408
4,-3.141592653589793,-3.141592653589793
5,1.0674753099536654,1.0674753099536654
6,0.8432679396305727,0.8432679396305727
7,-3.141592653589793,-3.141592653589793
