,theta_x,theta_y
0,1.4966715311395786,1.4966715311395786
1,-1.1311830394015914,-1.1311830394015914
2,-1.966369166335956,-1.966369166335956
