theta_x,theta_y
-2.6686870866809933,-2.6686870866809933
-1.63362227342945,-1.63362227342945
1.8233035069393353,1.8233035069393353
0.74623356429665,0.74623356429665
-2.711792545912286,-2.711792545912286
-0.16916149134555047,-0.16916149134555047
