theta_x,theta_y
-0.6394720494065987,-0.6394720494065987
3.141592653589793,3.141592653589793
-1.9113431318084606,-1.9113431318084606
2.893211087645405,2.893211087645405
-1.9452419248558515,-1.9452419248558515
-1.3018049070228768,-1.3018049070228768
2.26685083001174,2.26685083001174
-1.4226455818249197,-1.4226455818249197
0.33447155510699633,0.33447155510699633
-3.141592653589793,-3.141592653589793
