,theta_x,theta_y
0,-1.3911284048664012,-1.3911284048664012
1,-1.535357116976609,-1.535357116976609
2,2.334683414568146,2.334683414568146
3,-0.8591000220115073,-0.8591000220115073
4,-1.8544795868610642,-1.8544795868610642
5,-1.9523139491197667,-1.9523139491197667
6,-2.112698158236154,-2.112698158236154
7,-2.37224099598261,-2.37224099598261
8,1.9596024293887644,1.9596024293887644
9,-2.3522633329616855,-2.3522633329616855
