,theta_x,theta_y
0,0.6596975922534315,0.6596975922534315
1,2.4356524956834544,2.4356524956834544
2,-0.28693855417398273,-0.28693855417398273
3,-0.6960001181626545,-0.6960001181626545
4,-1.8331478264939107,-1.8331478264939107
5,-0.9180942370523556,-0.9180942370523556
6,-1.3774556793058421,-1.3774556793058421
