,theta_x,theta_y
0,1.2305828318952865,1.2305828318952865
1,1.0431046682202596,1.0431046682202596
2,1.091120068403268,1.091120068403268
