,theta_x,theta_y
0,0.9980709057765133,0.9980709057765133
1,0.7670028317309866,0.7670028317309866
2,0.6851032329147848,0.6851032329147848
3,-0.1249987328010579,-0.1249987328010579
4,0.5687826584192117,0.5687826584192117
5,0.07481703984784063,0.07481703984784063
