theta_x,theta_y
1.2569139169501495,1.2569139169501495
-0.290584614232857,-0.290584614232857
-0.8849000151987803,-0.8849000151987803
-1.4089552100101743,-1.4089552100101743
3.141592653589793,3.141592653589793
2.910421223982919,2.910421223982919
2.026792849092122,2.026792849092122
-0.4039882488809486,-0.4039882488809486
1.9043079491799848,1.9043079491799848
