,theta_x,theta_y
0,-1.7947205311177394,-1.7947205311177394
1,3.141592653589793,3.141592653589793
