,theta_x,theta_y
0,2.7576172217218864,2.7576172217218864
