,theta_x,theta_y
0,1.461405023034173,1.461405023034173
