,theta_x,theta_y
0,2.0251852101434347,2.0251852101434347
1,0.0009713234641706078,0.0009713234641706078
2,-0.47738926892953354,-0.47738926892953354
3,-1.3442552907935248,-1.3442552907935248
4,2.926494700655141,2.926494700655141
5,2.8015722226173407,2.8015722226173407
6,2.1134444541931923,2.1134444541931923
7,-2.0799939496555773,-2.0799939496555773
8,1.7905884819313431,1.7905884819313431
9,-3.141592653589793,-3.141592653589793
