,theta_x,theta_y
0,2.699307215717233,2.699307215717233
