theta_x,theta_y
-3.141592653589793,-3.141592653589793
3.141592653589793,3.141592653589793
-2.586313262164304,-2.586313262164304
-2.577264239907748,-2.577264239907748
