,theta_x,theta_y
0,1.3220432283402712,1.3220432283402712
1,1.3945451071337012,1.3945451071337012
2,-0.47821579419503807,-0.47821579419503807
3,-0.0694571809282016,-0.0694571809282016
4,0.5186567452941695,0.5186567452941695
5,0.4651755210122851,0.4651755210122851
6,-3.1302769732489684,-3.1302769732489684
