,theta_x,theta_y
0,-0.7612067775217974,-0.7612067775217974
1,2.1629363935945936,2.1629363935945936
2,-0.8690559839392715,-0.8690559839392715
3,2.081811047948728,2.081811047948728
4,1.2367174618094738,1.2367174618094738
5,0.2946344549976696,0.2946344549976696
6,-0.48419398974821,-0.48419398974821
7,-1.400717297755017,-1.400717297755017
