theta_x,theta_y
3.141592653589793,3.141592653589793
-0.8388333912666432,-0.8388333912666432
3.141592653589793,3.141592653589793
-0.8911315528648739,-0.8911315528648739
