,theta_x,theta_y
0,0.939126465361973,0.939126465361973
1,0.934980346408047,0.934980346408047
