,theta_x,theta_y
0,1.642129801209872,1.642129801209872
1,0.039078159405124005,0.039078159405124005
2,-0.6618961596583152,-0.6618961596583152
3,-0.2634181102627819,-0.2634181102627819
4,-1.723060196943811,-1.723060196943811
5,3.141592653589793,3.141592653589793
6,3.1206312498630298,3.1206312498630298
7,1.4416770214636743,1.4416770214636743
