,theta_x,theta_y
0,1.541825128431233,1.541825128431233
1,1.4662078372439626,1.4662078372439626
2,1.3940341837952037,1.3940341837952037
3,-3.141592653589793,-3.141592653589793
4,1.3062682516087687,1.3062682516087687
5,-3.141592653589793,-3.141592653589793
6,-3.141592653589793,-3.141592653589793
7,1.1966094343876634,1.1966094343876634
8,1.4244834670349824,1.4244834670349824
9,1.6404895680798224,1.6404895680798224
