,theta_x,theta_y
0,-1.2008577241257499,-1.2008577241257499
1,3.141592653589793,3.141592653589793
2,-1.4122948890891112,-1.4122948890891112
3,2.211082198642152,2.211082198642152
4,2.542899475973971,2.542899475973971
5,-0.6835047470575474,-0.6835047470575474
6,-0.5309318209876139,-0.5309318209876139
7,-1.1952363703296849,-1.1952363703296849
8,-2.6105778158620128,-2.6105778158620128
