,theta_x,theta_y
0,0.8615729052746219,0.8615729052746219
1,-0.7241438444511452,-0.7241438444511452
2,-0.7452945519481161,-0.7452945519481161
3,1.5936607960900158,1.5936607960900158
4,2.048316460572402,2.048316460572402
5,3.141592653589793,3.141592653589793
6,1.1172803803601377,1.1172803803601377
