,theta_x,theta_y
0,2.2013606983893057,2.2013606983893057
1,-0.4716287441871521,-0.4716287441871521
2,-0.15201721017293782,-0.15201721017293782
3,1.845383037411143,1.845383037411143
4,1.0903067948996574,1.0903067948996574
5,3.141592653589793,3.141592653589793
6,1.942013167154792,1.942013167154792
