theta_x,theta_y
2.2013606983893057,2.2013606983893057
-0.4716287441871521,-0.4716287441871521
-0.15201721017293782,-0.15201721017293782
1.845383037411143,1.845383037411143
1.0903067948996574,1.0903067948996574
3.141592653589793,3.141592653589793
1.942013167154792,1.942013167154792
