,theta_x,theta_y
0,-2.2115992098347643,-2.2115992098347643
1,-1.3785520364578148,-1.3785520364578148
2,3.141592653589793,3.141592653589793
