,theta_x,theta_y
0,1.0528888343273808,1.0528888343273808
1,0.7772555489408709,0.7772555489408709
2,0.7139438570365294,0.7139438570365294
3,0.580284573620811,0.580284573620811
4,1.0970292644615027,1.0970292644615027
5,0.2664034701273514,0.2664034701273514
6,0.328085128087515,0.328085128087515
