,theta_x,theta_y
0,1.5249969997619777,1.5249969997619777
1,-0.6718218205501707,-0.6718218205501707
2,0.24162547229875675,0.24162547229875675
3,1.032091781335809,1.032091781335809
4,1.1726554790133084,1.1726554790133084
5,2.7667214101422353,2.7667214101422353
6,2.9288305878418517,2.9288305878418517
7,3.141592653589793,3.141592653589793
8,-2.609835009049897,-2.609835009049897
9,-1.2322130274270597,-1.2322130274270597
