,theta_x,theta_y
0,0.9474027379671532,0.9474027379671532
1,0.7109945111172732,0.7109945111172732
2,-0.9390956436558032,-0.9390956436558032
3,-0.6078830091253883,-0.6078830091253883
