,theta_x,theta_y
0,2.067927971886067,2.067927971886067
1,1.9106544220768324,1.9106544220768324
2,1.8462655269540404,1.8462655269540404
3,-3.141592653589793,-3.141592653589793
