,theta_x,theta_y
0,2.1879053933451122,2.1879053933451122
1,-0.6880355462506567,-0.6880355462506567
2,-0.29820268247388565,-0.29820268247388565
3,-0.616034573062491,-0.616034573062491
4,2.6749134402673844,2.6749134402673844
5,2.4906200957615807,2.4906200957615807
6,2.2852416848872887,2.2852416848872887
7,-1.701978644133442,-1.701978644133442
8,2.2093324382217676,2.2093324382217676
9,-3.1388221561494425,-3.1388221561494425
