theta_x,theta_y
-0.03149997472849796,-0.03149997472849796
-0.6265210027630014,-0.6265210027630014
-1.0766883682025832,-1.0766883682025832
-1.2051729985414372,-1.2051729985414372
3.141592653589793,3.141592653589793
0.08313518125170904,0.08313518125170904
0.2686203491981342,0.2686203491981342
