,theta_x,theta_y
0,2.879445823423958,2.879445823423958
1,0.07525087201925545,0.07525087201925545
2,3.065997953920618,3.065997953920618
