theta_x,theta_y
-0.10784012902368276,-0.10784012902368276
3.141592653589793,3.141592653589793
-1.4351949945616689,-1.4351949945616689
2.829813162204724,2.829813162204724
-0.7792547055005931,-0.7792547055005931
-0.6867183668471832,-0.6867183668471832
2.7562153247408525,2.7562153247408525
-0.9263236941891803,-0.9263236941891803
0.20420503647132282,0.20420503647132282
-2.8543805058030545,-2.8543805058030545
