,theta_x,theta_y
0,1.3214394992501337,1.3214394992501337
1,1.2426634077500303,1.2426634077500303
2,1.1653195951272965,1.1653195951272965
3,1.0836626244265988,1.0836626244265988
4,0.9958430450537369,0.9958430450537369
5,0.9065080557544751,0.9065080557544751
6,0.8189430798535566,0.8189430798535566
