,theta_x,theta_y
0,-0.1468644395981877,-0.1468644395981877
1,2.913413990688305,2.913413990688305
