,theta_x,theta_y
0,-1.1913237499359832,-1.1913237499359832
1,3.141592653589793,3.141592653589793
2,-0.8001676655935872,-0.8001676655935872
3,3.141592653589793,3.141592653589793
4,-0.6861514548567731,-0.6861514548567731
5,-1.7854889807276546,-1.7854889807276546
6,3.141592653589793,3.141592653589793
7,-1.8458710938054221,-1.8458710938054221
