,theta_x,theta_y
0,0.8187902716257263,0.8187902716257263
1,-2.2354648962096197,-2.2354648962096197
2,0.21852983483585087,0.21852983483585087
3,-0.41306164361886266,-0.41306164361886266
