,theta_x,theta_y
0,-2.3362436216053517,-2.3362436216053517
1,2.0124979074577083,2.0124979074577083
2,-2.1239155058832075,-2.1239155058832075
3,2.5784585945618455,2.5784585945618455
4,2.2318997798105964,2.2318997798105964
5,-1.6507842609235757,-1.6507842609235757
6,-1.2108352435159515,-1.2108352435159515
