theta_x,theta_y
-1.1281972397925228,-1.1281972397925228
3.141592653589793,3.141592653589793
-1.4826363930324176,-1.4826363930324176
2.224304081900792,2.224304081900792
2.4092585170418057,2.4092585170418057
-0.5578000133189885,-0.5578000133189885
-0.4628191212878884,-0.4628191212878884
-1.2680182270142193,-1.2680182270142193
