,theta_x,theta_y
0,-0.45955526469146235,-0.45955526469146235
1,3.141592653589793,3.141592653589793
2,1.694214951826225,1.694214951826225
3,-0.8885727319660331,-0.8885727319660331
4,-1.5434332733350287,-1.5434332733350287
5,3.141592653589793,3.141592653589793
6,-2.9620846663728555,-2.9620846663728555
7,2.080547285407137,2.080547285407137
8,1.4816817216598126,1.4816817216598126
