theta_x,theta_y
2.796996517167872,2.796996517167872
-3.141592653589793,-3.141592653589793
-3.141592653589793,-3.141592653589793
3.0803065174485855,3.0803065174485855
-1.22253484137373,-1.22253484137373
3.141592653589793,3.141592653589793
-2.9307034919314985,-2.9307034919314985
-2.9129945484315405,-2.9129945484315405
1.1139374021089763,1.1139374021089763
1.385447403757038,1.385447403757038
