,theta_x,theta_y
0,1.6963193127554062,1.6963193127554062
1,1.6576824195996227,1.6576824195996227
2,1.667328394011636,1.667328394011636
