,theta_x,theta_y
0,-0.7814806629481345,-0.7814806629481345
1,-1.7697428460526805,-1.7697428460526805
2,-2.500726320716528,-2.500726320716528
3,-3.0068967468712917,-3.0068967468712917
4,1.2514288593199445,1.2514288593199445
5,0.8816171118000324,0.8816171118000324
6,-0.8067343042054037,-0.8067343042054037
7,0.9340780038532852,0.9340780038532852
