,theta_x,theta_y
0,0.8681348710425005,0.8681348710425005
