,theta_x,theta_y
0,1.5746496232488998,1.5746496232488998
1,2.234838360104109,2.234838360104109
