,theta_x,theta_y
0,2.524305341051007,2.524305341051007
1,-3.141592653589793,-3.141592653589793
2,-3.141592653589793,-3.141592653589793
3,-3.141592653589793,-3.141592653589793
4,3.0443294414975437,3.0443294414975437
