theta_x,theta_y
-0.802052517127416,-0.802052517127416
3.141592653589793,3.141592653589793
1.6483369168358482,1.6483369168358482
