theta_x,theta_y
-0.21967563817370186,-0.21967563817370186
-0.6544986626401815,-0.6544986626401815
-0.7465349779304911,-0.7465349779304911
-0.866229024612661,-0.866229024612661
3.141592653589793,3.141592653589793
-0.10091049334058405,-0.10091049334058405
-0.020139817389492554,-0.020139817389492554
-0.6459438805563432,-0.6459438805563432
0.43259845294636967,0.43259845294636967
-1.8304628485785273,-1.8304628485785273
