,theta_x,theta_y
0,0.7373727997727042,0.7373727997727042
1,2.5262312025516684,2.5262312025516684
2,1.6701770613581393,1.6701770613581393
3,-1.662204816095419,-1.662204816095419
4,-1.2608600348598773,-1.2608600348598773
5,2.403934421532964,2.403934421532964
