theta_x,theta_y
-0.02223567152298152,-0.02223567152298152
3.141592653589793,3.141592653589793
-2.1436054937047206,-2.1436054937047206
2.67674916154708,2.67674916154708
-1.0065557642891387,-1.0065557642891387
-0.09133445499993065,-0.09133445499993065
2.5121066940644634,2.5121066940644634
-0.23486543306831423,-0.23486543306831423
0.346319835369737,0.346319835369737
-2.5716404094596745,-2.5716404094596745
