,theta_x,theta_y
0,2.622866121168652,2.622866121168652
1,1.9910874531409748,1.9910874531409748
2,0.1283796295990322,0.1283796295990322
3,-1.0297865813725462,-1.0297865813725462
4,-2.4251282049556577,-2.4251282049556577
5,-1.0774278129437658,-1.0774278129437658
6,-1.351566431035545,-1.351566431035545
7,-2.778452347148732,-2.778452347148732
8,-2.5823910925584603,-2.5823910925584603
