,theta_x,theta_y
0,1.256588790839792,1.256588790839792
1,-0.5464530939597367,-0.5464530939597367
2,0.23559422439018868,0.23559422439018868
