theta_x,theta_y
1.9904606796541546,1.9904606796541546
2.7482592033333635,2.7482592033333635
2.208576152023831,2.208576152023831
-2.2320404344526037,-2.2320404344526037
-1.630769740007603,-1.630769740007603
2.307831431041996,2.307831431041996
