,theta_x,theta_y
0,0.6466230591596929,0.6466230591596929
1,3.141592653589793,3.141592653589793
