theta_x,theta_y
-1.021171565211375,-1.021171565211375
3.141592653589793,3.141592653589793
-1.7155789970137176,-1.7155789970137176
2.9342338920863553,2.9342338920863553
2.2759661251228986,2.2759661251228986
1.0369589809248156,1.0369589809248156
0.81295507271761,0.81295507271761
-0.9901273829277044,-0.9901273829277044
-2.5768871730983527,-2.5768871730983527
