theta_x,theta_y
1.5771454987517792,1.5771454987517792
1.2549148264132899,1.2549148264132899
0.38774499292944503,0.38774499292944503
-0.5354871074062665,-0.5354871074062665
-2.8671565055145645,-2.8671565055145645
0.026876993084597033,0.026876993084597033
