,theta_x,theta_y
0,2.08161050247429,2.08161050247429
1,-1.0863691875713999,-1.0863691875713999
2,0.9571139885525279,0.9571139885525279
3,1.6046235765780572,1.6046235765780572
4,1.1742532777428134,1.1742532777428134
5,2.040182119359827,2.040182119359827
6,1.5555105024904319,1.5555105024904319
