,theta_x,theta_y
0,1.7679627485544875,1.7679627485544875
1,-3.141592653589793,-3.141592653589793
2,-2.3326071981664747,-2.3326071981664747
3,-3.141592653589793,-3.141592653589793
4,1.3223327876871442,1.3223327876871442
