,theta_x,theta_y
0,0.28718117559918593,0.28718117559918593
1,-0.8769586116648109,-0.8769586116648109
2,-1.4061844481009773,-1.4061844481009773
3,-1.6859315423222438,-1.6859315423222438
4,3.141592653589793,3.141592653589793
5,0.4420460548316563,0.4420460548316563
6,0.6450878415223806,0.6450878415223806
7,-1.5165889643415662,-1.5165889643415662
8,0.9375999997533325,0.9375999997533325
9,-1.808998276817943,-1.808998276817943
