,theta_x,theta_y
0,-0.03686134975989119,-0.03686134975989119
1,-1.0695745708242987,-1.0695745708242987
2,-1.3866251140648251,-1.3866251140648251
3,-1.46508586322983,-1.46508586322983
4,3.141592653589793,3.141592653589793
5,0.08405663430075933,0.08405663430075933
6,0.6601977119340517,0.6601977119340517
7,-1.2590931483660408,-1.2590931483660408
8,1.022350727745479,1.022350727745479
9,-1.9914317157681187,-1.9914317157681187
