,theta_x,theta_y
0,2.3483871993463525,2.3483871993463525
1,0.14025800565265495,0.14025800565265495
2,2.661399318342479,2.661399318342479
3,-2.353662658742356,-2.353662658742356
4,0.39053547258068383,0.39053547258068383
5,-0.42315849991778165,-0.42315849991778165
6,1.1073962930628314,1.1073962930628314
7,-1.464612473324509,-1.464612473324509
8,1.867613984544827,1.867613984544827
