,theta_x,theta_y
0,2.2068561595801115,2.2068561595801115
1,1.731853104994926,1.731853104994926
2,-0.18516858527934346,-0.18516858527934346
3,-0.8011455883981697,-0.8011455883981697
4,-2.3964131990552904,-2.3964131990552904
5,-0.5937116100001055,-0.5937116100001055
6,-1.1003113528216821,-1.1003113528216821
