,theta_x,theta_y
0,1.0151028233485582,1.0151028233485582
1,1.1572633705474444,1.1572633705474444
2,0.9835067132348868,0.9835067132348868
3,0.7382194450286008,0.7382194450286008
4,1.832476049138001,1.832476049138001
