,theta_x,theta_y
0,2.1919796754147662,2.1919796754147662
1,-0.38650452523365997,-0.38650452523365997
2,-3.1367940696085492,-3.1367940696085492
3,-3.1146786239338122,-3.1146786239338122
4,2.2428216666441756,2.2428216666441756
