,theta_x,theta_y
0,-1.1156132997917827,-1.1156132997917827
1,-1.5511854496257926,-1.5511854496257926
2,2.9423134309824266,2.9423134309824266
3,-1.1249950236367423,-1.1249950236367423
4,-1.2576650319537415,-1.2576650319537415
5,-1.303844132179076,-1.303844132179076
6,-1.5208654283436063,-1.5208654283436063
