theta_x,theta_y
1.124864646717155,1.124864646717155
-1.697983574595719,-1.697983574595719
-2.544198023344776,-2.544198023344776
-3.0141929921208663,-3.0141929921208663
2.365850506791254,2.365850506791254
2.2244660030256562,2.2244660030256562
1.2361762341363334,1.2361762341363334
1.090348392950201,1.090348392950201
