,theta_x,theta_y
0,1.2499930628457836,1.2499930628457836
1,1.4497152706366703,1.4497152706366703
