,theta_x,theta_y
0,0.3765022700095646,0.3765022700095646
1,2.652790522144607,2.652790522144607
2,-2.7945942996083994,-2.7945942996083994
3,2.1636560273479666,2.1636560273479666
4,-0.8757086628080164,-0.8757086628080164
