,theta_x,theta_y
0,0.24978256969356566,0.24978256969356566
1,1.052883301135284,1.052883301135284
2,2.1880520176451626,2.1880520176451626
3,-1.2291288061497208,-1.2291288061497208
4,-0.09304502679158966,-0.09304502679158966
