theta_x,theta_y
0.2472586245065312,0.2472586245065312
2.95604988348773,2.95604988348773
