theta_x,theta_y
-1.401737493332665,-1.401737493332665
3.1085273878585715,3.1085273878585715
-2.8569051627554485,-2.8569051627554485
2.4728135772008932,2.4728135772008932
2.809976797297167,2.809976797297167
-0.9178161701148217,-0.9178161701148217
-2.704284024651528,-2.704284024651528
-1.3088593642634123,-1.3088593642634123
