,theta_x,theta_y
0,-2.030212712576176,-2.030212712576176
1,-3.141592653589793,-3.141592653589793
2,2.531531694654626,2.531531694654626
3,0.5380029701658723,0.5380029701658723
4,-3.141592653589793,-3.141592653589793
5,-2.0810646855009596,-2.0810646855009596
6,-1.038397363767273,-1.038397363767273
7,-2.872503843112094,-2.872503843112094
