theta_x,theta_y
-1.9600177056019252,-1.9600177056019252
-2.485757972705554,-2.485757972705554
2.6388139728797575,2.6388139728797575
0.8387968741956875,0.8387968741956875
-2.430715084828527,-2.430715084828527
-0.9184980355159796,-0.9184980355159796
-0.6676781234722236,-0.6676781234722236
-2.6197232452017736,-2.6197232452017736
