,theta_x,theta_y
0,1.636405953825857,1.636405953825857
1,0.005569679662990516,0.005569679662990516
2,-0.17193760495604962,-0.17193760495604962
3,-0.6752363483303729,-0.6752363483303729
4,-0.14153856333660517,-0.14153856333660517
5,0.231111391769724,0.231111391769724
6,-3.0257728343726153,-3.0257728343726153
