,theta_x,theta_y
0,-0.8743852056225812,-0.8743852056225812
1,-1.1458700084683768,-1.1458700084683768
2,2.4173673197593706,2.4173673197593706
3,-2.2671473282739742,-2.2671473282739742
4,0.9330202195291469,0.9330202195291469
5,1.3781119970416675,1.3781119970416675
6,-1.3194618347193527,-1.3194618347193527
7,-2.469909570414669,-2.469909570414669
