,theta_x,theta_y
0,-0.15738482292282907,-0.15738482292282907
1,3.141592653589793,3.141592653589793
2,0.04476393533022895,0.04476393533022895
3,-0.9068050752612123,-0.9068050752612123
4,-1.3307784204304602,-1.3307784204304602
5,3.141592653589793,3.141592653589793
6,-1.6087798306415226,-1.6087798306415226
7,3.141592653589793,3.141592653589793
