,theta_x,theta_y
0,-0.252382183235672,-0.252382183235672
1,3.141592653589793,3.141592653589793
2,1.0647569106070671,1.0647569106070671
