,theta_x,theta_y
0,3.141592653589793,3.141592653589793
1,-0.01585894210449145,-0.01585894210449145
2,-0.6001350171437021,-0.6001350171437021
3,3.141592653589793,3.141592653589793
4,-0.8640070289392026,-0.8640070289392026
5,3.141592653589793,3.141592653589793
