,theta_x,theta_y
0,1.5678052858228642,1.5678052858228642
1,-1.2503907680075492,-1.2503907680075492
2,1.0113778085392509,1.0113778085392509
3,0.5106491029938508,0.5106491029938508
4,0.0979548266612579,0.0979548266612579
5,1.0271578104603383,1.0271578104603383
6,1.8105735170851043,1.8105735170851043
