,theta_x,theta_y
0,2.897176298432457,2.897176298432457
1,2.607568582728883,2.607568582728883
2,2.3123436055497164,2.3123436055497164
