,theta_x,theta_y
0,-0.18171129772725989,-0.18171129772725989
1,-0.2933318867787282,-0.2933318867787282
2,-0.4771475921321374,-0.4771475921321374
3,-0.6430906335250572,-0.6430906335250572
4,3.141592653589793,3.141592653589793
5,-0.5338419217246541,-0.5338419217246541
6,-0.6385576435775766,-0.6385576435775766
7,-0.49131545797638254,-0.49131545797638254
8,-0.49740089234321083,-0.49740089234321083
