theta_x,theta_y
0.6596600096917759,0.6596600096917759
0.9876472568627781,0.9876472568627781
0.5498841154971188,0.5498841154971188
-0.168117473914195,-0.168117473914195
-2.7944647748871896,-2.7944647748871896
0.9242872662096884,0.9242872662096884
