,theta_x,theta_y
0,1.5647974603778283,1.5647974603778283
1,2.359688404344056,2.359688404344056
2,-0.131363343443384,-0.131363343443384
3,-0.6079429968165824,-0.6079429968165824
4,-2.715801304370389,-2.715801304370389
5,-0.42216020704953755,-0.42216020704953755
