,theta_x,theta_y
0,-2.303755883902642,-2.303755883902642
1,0.9641324221811998,0.9641324221811998
2,0.035928196726106656,0.035928196726106656
3,-0.8081179357924103,-0.8081179357924103
4,3.141592653589793,3.141592653589793
5,-3.1124258443123085,-3.1124258443123085
6,-3.141592653589793,-3.141592653589793
7,1.4982627808309859,1.4982627808309859
