theta_x,theta_y
-3.141592653589793,-3.141592653589793
2.4972047470368244,2.4972047470368244
-1.800302732151905,-1.800302732151905
