,theta_x,theta_y
0,0.8168913694063572,0.8168913694063572
1,1.791758163350945,1.791758163350945
2,1.4191189686056553,1.4191189686056553
3,-1.3836021142596484,-1.3836021142596484
4,-0.6796279461178536,-0.6796279461178536
5,1.5582262274819918,1.5582262274819918
