theta_x,theta_y
3.141592653589793,3.141592653589793
-0.8470084714539096,-0.8470084714539096
3.141592653589793,3.141592653589793
-0.8623404415769907,-0.8623404415769907
-1.14678932613805,-1.14678932613805
