,theta_x,theta_y
0,0.7668218027091055,0.7668218027091055
1,0.45851749044797135,0.45851749044797135
2,-0.5323052892982449,-0.5323052892982449
3,-1.524462848842936,-1.524462848842936
4,3.141592653589793,3.141592653589793
