,theta_x,theta_y
0,1.9508624224530284,1.9508624224530284
1,-0.9657322097874399,-0.9657322097874399
2,0.5211473728660769,0.5211473728660769
3,1.4089156548636996,1.4089156548636996
4,1.3967558257254522,1.3967558257254522
