,theta_x,theta_y
0,1.2812031102161825,1.2812031102161825
1,1.2290391339381477,1.2290391339381477
2,0.07357215848290989,0.07357215848290989
3,-0.7871238842866781,-0.7871238842866781
4,-2.7281916617584816,-2.7281916617584816
5,-0.35050823318081104,-0.35050823318081104
6,-0.49862286164563885,-0.49862286164563885
7,-2.726983649496354,-2.726983649496354
8,-3.1201641806183606,-3.1201641806183606
