,theta_x,theta_y
0,3.141592653589793,3.141592653589793
1,-0.12573203126496263,-0.12573203126496263
2,3.141592653589793,3.141592653589793
3,-0.8335458475405556,-0.8335458475405556
4,0.3149964038894345,0.3149964038894345
5,-0.9450419191640775,-0.9450419191640775
6,2.570827519506607,2.570827519506607
7,-0.9904828581827104,-0.9904828581827104
8,3.141592653589793,3.141592653589793
