,theta_x,theta_y
0,-3.141592653589793,-3.141592653589793
1,-3.141592653589793,-3.141592653589793
2,2.1769347435739657,2.1769347435739657
3,-3.141592653589793,-3.141592653589793
