theta_x,theta_y
-3.141592653589793,-3.141592653589793
-3.141592653589793,-3.141592653589793
2.1769347435739657,2.1769347435739657
-3.141592653589793,-3.141592653589793
