theta_x,theta_y
2.7863566661277415,2.7863566661277415
0.22941146438390894,0.22941146438390894
2.9921689678734875,2.9921689678734875
-2.46973749254655,-2.46973749254655
0.6950326926503325,0.6950326926503325
-0.302336207046905,-0.302336207046905
1.3694132193176984,1.3694132193176984
-1.3761004379143795,-1.3761004379143795
2.129589527767865,2.129589527767865
-0.13732680863658173,-0.13732680863658173
