,theta_x,theta_y
0,2.5836114090855,2.5836114090855
1,-0.01465213141327943,-0.01465213141327943
2,2.8839518328450406,2.8839518328450406
3,-2.5717935984913107,-2.5717935984913107
4,0.47109657377540703,0.47109657377540703
5,-0.5772834430816238,-0.5772834430816238
6,1.3561320048340448,1.3561320048340448
7,-1.567066659647693,-1.567066659647693
8,2.048409897813813,2.048409897813813
9,-0.0765282395811693,-0.0765282395811693
