,theta_x,theta_y
0,0.04797642423441398,0.04797642423441398
1,-1.0066944171059875,-1.0066944171059875
2,-1.3685138610956693,-1.3685138610956693
3,-0.9284389131529823,-0.9284389131529823
4,3.141592653589793,3.141592653589793
5,0.37392313451362147,0.37392313451362147
6,1.5254029707042733,1.5254029707042733
