,theta_x,theta_y
0,0.23154175004059677,0.23154175004059677
1,-0.9712448999030809,-0.9712448999030809
2,-1.3266250817389862,-1.3266250817389862
3,-1.1192055409052815,-1.1192055409052815
4,3.141592653589793,3.141592653589793
5,-0.17611034900965028,-0.17611034900965028
6,0.6410125442517095,0.6410125442517095
