theta_x,theta_y
-3.0790889070489005,-3.0790889070489005
-2.3703191231945273,-2.3703191231945273
1.9405918842100511,1.9405918842100511
1.2565293426015942,1.2565293426015942
-3.032116316991553,-3.032116316991553
-0.23887878700112677,-0.23887878700112677
0.6770463965203583,0.6770463965203583
