,theta_x,theta_y
0,-3.0790889070489005,-3.0790889070489005
1,-2.3703191231945273,-2.3703191231945273
2,1.9405918842100511,1.9405918842100511
3,1.2565293426015942,1.2565293426015942
4,-3.032116316991553,-3.032116316991553
5,-0.23887878700112677,-0.23887878700112677
6,0.6770463965203583,0.6770463965203583
