,theta_x,theta_y
0,1.4341770343262408,1.4341770343262408
1,1.8643450863760427,1.8643450863760427
2,0.5440247147403048,0.5440247147403048
3,-1.5558037073142947,-1.5558037073142947
4,-2.9936914251920954,-2.9936914251920954
5,-0.347630846436048,-0.347630846436048
6,-0.03336699315898042,-0.03336699315898042
