theta_x,theta_y
-0.27279460600490973,-0.27279460600490973
-1.0933436658491669,-1.0933436658491669
-1.055886684960776,-1.055886684960776
-0.8486515503626483,-0.8486515503626483
3.13379657081788,3.13379657081788
-0.022406325615558567,-0.022406325615558567
0.3847132230406016,0.3847132230406016
-0.26735044602511027,-0.26735044602511027
0.8324493694453043,0.8324493694453043
-2.1675006644885673,-2.1675006644885673
