,theta_x,theta_y
0,1.1291498290493285,1.1291498290493285
1,1.0411115946659484,1.0411115946659484
2,0.9653171637969952,0.9653171637969952
3,-0.28753629890218113,-0.28753629890218113
4,-3.141592653589793,-3.141592653589793
5,0.5779510421817828,0.5779510421817828
6,0.4676973056282887,0.4676973056282887
7,-3.119661650885675,-3.119661650885675
8,-3.141592653589793,-3.141592653589793
9,1.3120325615682924,1.3120325615682924
