,theta_x,theta_y
0,-0.5762839912397544,-0.5762839912397544
1,-0.8705850904679033,-0.8705850904679033
2,2.4909296639328864,2.4909296639328864
3,-2.896839787352628,-2.896839787352628
4,1.7881796492326882,1.7881796492326882
5,0.966525417512031,0.966525417512031
6,-3.0595979815653394,-3.0595979815653394
7,-3.0295257856131377,-3.0295257856131377
8,-0.25395938711397464,-0.25395938711397464
