,theta_x,theta_y
0,0.17121052022218797,0.17121052022218797
1,-0.9469328593511914,-0.9469328593511914
