,theta_x,theta_y
0,1.0045088897164842,1.0045088897164842
1,0.9660591596400836,0.9660591596400836
2,0.932577735566819,0.932577735566819
3,0.9043843399845608,0.9043843399845608
4,0.8758076063130851,0.8758076063130851
5,0.8483118667297017,0.8483118667297017
6,0.8219632365545149,0.8219632365545149
7,0.797365778024743,0.797365778024743
8,-3.141592653589793,-3.141592653589793
