,theta_x,theta_y
0,1.3362230993541124,1.3362230993541124
1,-0.8614843517720825,-0.8614843517720825
2,0.9184498330698501,0.9184498330698501
3,0.8765244727504395,0.8765244727504395
4,1.103644473556205,1.103644473556205
5,2.1043062865506204,2.1043062865506204
6,2.6123795172244386,2.6123795172244386
7,3.141592653589793,3.141592653589793
8,-2.5924104435198907,-2.5924104435198907
