theta_x,theta_y
0.5526747102328069,0.5526747102328069
2.948592079778423,2.948592079778423
1.6957049856392301,1.6957049856392301
-1.3234182617383703,-1.3234182617383703
-1.1520727354857874,-1.1520727354857874
2.7695562429794034,2.7695562429794034
-2.7880444933039534,-2.7880444933039534
2.054960084687172,2.054960084687172
1.6598446550748192,1.6598446550748192
