,theta_x,theta_y
0,-1.4636813166999503,-1.4636813166999503
1,3.141592653589793,3.141592653589793
2,-1.615312377860249,-1.615312377860249
3,2.365457555550967,2.365457555550967
4,2.1032676082420747,2.1032676082420747
