theta_x,theta_y
0.43685356382062923,0.43685356382062923
3.141592653589793,3.141592653589793
1.6994362054992838,1.6994362054992838
-1.242776833031897,-1.242776833031897
