,theta_x,theta_y
0,0.43685356382062923,0.43685356382062923
1,3.141592653589793,3.141592653589793
2,1.6994362054992838,1.6994362054992838
3,-1.242776833031897,-1.242776833031897
