,theta_x,theta_y
0,-1.8161024099599365,-1.8161024099599365
1,2.2637117379434892,2.2637117379434892
2,1.1431692701022644,1.1431692701022644
3,-1.5362860816499702,-1.5362860816499702
