,theta_x,theta_y
0,-3.141592653589793,-3.141592653589793
1,-1.3390781721949405,-1.3390781721949405
2,1.4211421637152344,1.4211421637152344
3,0.5513917565235813,0.5513917565235813
4,-3.0748614160354433,-3.0748614160354433
5,0.23477325196299767,0.23477325196299767
