,theta_x,theta_y
0,-0.04004991575057898,-0.04004991575057898
1,-0.04135500378247836,-0.04135500378247836
2,-0.5937485247900844,-0.5937485247900844
