,theta_x,theta_y
0,-1.1783614685728918,-1.1783614685728918
1,-1.8450128081017139,-1.8450128081017139
2,-2.96514451595803,-2.96514451595803
3,-3.138685787142014,-3.138685787142014
4,2.5592978119512324,2.5592978119512324
5,1.011333378571885,1.011333378571885
6,0.16515987253156428,0.16515987253156428
