,theta_x,theta_y
0,0.2723850936982638,0.2723850936982638
1,-0.973139174777268,-0.973139174777268
2,-2.184361737881131,-2.184361737881131
3,-3.141592653589793,-3.141592653589793
4,1.3318109918346517,1.3318109918346517
5,2.8933663962058227,2.8933663962058227
