,theta_x,theta_y
0,-0.9661897332439714,-0.9661897332439714
1,-0.8769507398405431,-0.8769507398405431
2,2.2307571495756306,2.2307571495756306
3,-3.100928989883481,-3.100928989883481
4,1.6196793013566986,1.6196793013566986
5,1.5811839436646242,1.5811839436646242
6,-2.0667527247187287,-2.0667527247187287
7,-3.141592653589793,-3.141592653589793
8,-0.8604977905983215,-0.8604977905983215
9,1.5029566236677316,1.5029566236677316
