,theta_x,theta_y
0,-1.2798302099831491,-1.2798302099831491
1,3.0741331779036454,3.0741331779036454
2,-1.4497749019344175,-1.4497749019344175
3,2.028239753945747,2.028239753945747
4,2.272839474443554,2.272839474443554
5,-0.729346320983957,-0.729346320983957
6,-0.6317816204563722,-0.6317816204563722
7,-1.0683645728084326,-1.0683645728084326
8,-2.3820767218662136,-2.3820767218662136
