,theta_x,theta_y
0,-1.4448586072346608,-1.4448586072346608
1,3.082457455066701,3.082457455066701
2,-2.477434710386183,-2.477434710386183
3,2.699931676733793,2.699931676733793
4,2.886151089562687,2.886151089562687
5,-0.05062893329411515,-0.05062893329411515
6,-2.108569756797975,-2.108569756797975
7,-2.118149583172355,-2.118149583172355
8,-1.3146867987109736,-1.3146867987109736
