theta_x,theta_y
-1.9448263293538006,-1.9448263293538006
-1.5247041897436266,-1.5247041897436266
2.295494448576099,2.295494448576099
0.8321114944920742,0.8321114944920742
-2.1319437619564723,-2.1319437619564723
-0.11000153085924316,-0.11000153085924316
