,theta_x,theta_y
0,-2.2472899497101353,-2.2472899497101353
1,2.1459207450177615,2.1459207450177615
2,-2.3730657103962525,-2.3730657103962525
3,2.134749049930823,2.134749049930823
4,2.456796199511716,2.456796199511716
5,-2.0598620783296098,-2.0598620783296098
6,-0.5605854949406794,-0.5605854949406794
7,0.26825753403554176,0.26825753403554176
8,-2.0061785536468353,-2.0061785536468353
9,0.9158872873823005,0.9158872873823005
