,theta_x,theta_y
0,-0.3628171522945783,-0.3628171522945783
1,3.141592653589793,3.141592653589793
2,-0.34713123682051644,-0.34713123682051644
3,3.141592653589793,3.141592653589793
4,-0.33299364002616333,-0.33299364002616333
5,-0.3864252455602793,-0.3864252455602793
6,-0.4369728421119387,-0.4369728421119387
7,-0.48492066029668635,-0.48492066029668635
8,-0.5303494979827169,-0.5303494979827169
9,-0.573379251470683,-0.573379251470683
