,theta_x,theta_y
0,0.43004287943709674,0.43004287943709674
1,-1.3953653077124228,-1.3953653077124228
2,-0.6327894502268774,-0.6327894502268774
3,-1.0929357861604283,-1.0929357861604283
4,-0.29868531349449784,-0.29868531349449784
5,2.4776140298274694,2.4776140298274694
