theta_x,theta_y
-2.5974358150063543,-2.5974358150063543
-3.141592653589793,-3.141592653589793
2.7759817046038475,2.7759817046038475
-1.980670418469646,-1.980670418469646
