theta_x,theta_y
-0.28001727692474165,-0.28001727692474165
-0.28425297401171723,-0.28425297401171723
-0.28871242670761976,-0.28871242670761976
-0.3033618385542687,-0.3033618385542687
-0.31334071946425934,-0.31334071946425934
-0.31971554777544275,-0.31971554777544275
-0.32799888515680997,-0.32799888515680997
-0.3355999048852237,-0.3355999048852237
-0.34177524060860154,-0.34177524060860154
