,theta_x,theta_y
0,0.07402115376814818,0.07402115376814818
1,-1.6407029799550865,-1.6407029799550865
2,-2.199462354496176,-2.199462354496176
3,-2.7191765586679355,-2.7191765586679355
4,1.7412206915175965,1.7412206915175965
5,1.800716480104855,1.800716480104855
6,0.09890737191886975,0.09890737191886975
7,0.6864009859464348,0.6864009859464348
