,theta_x,theta_y
0,2.440028941045928,2.440028941045928
1,1.411773448343467,1.411773448343467
2,0.524585591550805,0.524585591550805
3,-0.5395390933143033,-0.5395390933143033
