theta_x,theta_y
2.0928512068971337,2.0928512068971337
2.0761742688998592,2.0761742688998592
3.141592653589793,3.141592653589793
