,theta_x,theta_y
0,1.9756136211015403,1.9756136211015403
1,-3.141592653589793,-3.141592653589793
2,1.8896644240206135,1.8896644240206135
3,1.904407198123408,1.904407198123408
4,1.9104639929386618,1.9104639929386618
5,1.899833405285555,1.899833405285555
6,1.9079046936886406,1.9079046936886406
7,1.9100688617186035,1.9100688617186035
8,-3.141592653589793,-3.141592653589793
