,theta_x,theta_y
0,2.714676393438351,2.714676393438351
1,-2.2700605447805993,-2.2700605447805993
2,0.5321816659053278,0.5321816659053278
3,1.6934656941272985,1.6934656941272985
4,0.5984979962169097,0.5984979962169097
5,2.5377067324662774,2.5377067324662774
6,1.135350731722818,1.135350731722818
7,2.0996585279283995,2.0996585279283995
8,-2.5712397799409925,-2.5712397799409925
9,-0.19043625091146232,-0.19043625091146232
