theta_x,theta_y
0.6280680972778457,0.6280680972778457
-1.2067252751596094,-1.2067252751596094
-2.855179648871901,-2.855179648871901
-3.0847765554983773,-3.0847765554983773
2.078105937422419,2.078105937422419
