,theta_x,theta_y
0,1.836947807704577,1.836947807704577
1,-1.254182888012972,-1.254182888012972
2,0.7965357983344028,0.7965357983344028
3,0.9814186054766483,0.9814186054766483
4,1.0987582368914977,1.0987582368914977
5,2.7910647843460197,2.7910647843460197
6,2.92839051261172,2.92839051261172
