,theta_x,theta_y
0,0.21986186228160925,0.21986186228160925
1,-1.660435680839351,-1.660435680839351
2,-1.7372181898822414,-1.7372181898822414
3,-1.876968857386843,-1.876968857386843
4,3.141592653589793,3.141592653589793
5,3.141592653589793,3.141592653589793
6,0.4227225864707651,0.4227225864707651
7,1.8281664041223118,1.8281664041223118
8,-1.064490951199803,-1.064490951199803
