theta_x,theta_y
-0.2779280375154556,-0.2779280375154556
-0.2383517163005946,-0.2383517163005946
-1.5119151216263806,-1.5119151216263806
