,theta_x,theta_y
0,3.141592653589793,3.141592653589793
1,2.7590514474824945,2.7590514474824945
2,1.2136902805764909,1.2136902805764909
3,-3.141592653589793,-3.141592653589793
4,-3.141592653589793,-3.141592653589793
5,-0.4125031868660063,-0.4125031868660063
6,2.007233433281314,2.007233433281314
