,theta_x,theta_y
0,1.0646495951073423,1.0646495951073423
1,0.546452972678404,0.546452972678404
2,1.268610942091172,1.268610942091172
3,-0.060548369144925285,-0.060548369144925285
