theta_x,theta_y
0.8198492793910834,0.8198492793910834
0.7366617868606444,0.7366617868606444
0.7113693001950605,0.7113693001950605
0.696728599948355,0.696728599948355
0.7295358584589232,0.7295358584589232
