,theta_x,theta_y
0,-3.141592653589793,-3.141592653589793
1,-3.141592653589793,-3.141592653589793
2,1.6807458039518413,1.6807458039518413
3,1.2194304114835406,1.2194304114835406
4,-3.141592653589793,-3.141592653589793
5,-3.141592653589793,-3.141592653589793
6,-0.233962923677162,-0.233962923677162
7,-3.141592653589793,-3.141592653589793
8,1.7094184961211185,1.7094184961211185
9,-2.7756030436177683,-2.7756030436177683
