,theta_x,theta_y
0,-1.8359809916379404,-1.8359809916379404
1,-1.8868769467587045,-1.8868769467587045
2,3.141592653589793,3.141592653589793
3,-3.141592653589793,-3.141592653589793
