,theta_x,theta_y
0,3.141592653589793,3.141592653589793
1,-0.7037195783708525,-0.7037195783708525
2,0.19545653381169537,0.19545653381169537
3,3.141592653589793,3.141592653589793
4,1.229245243946067,1.229245243946067
5,3.141592653589793,3.141592653589793
