theta_x,theta_y
0.48519202960665947,0.48519202960665947
-1.6269796627070199,-1.6269796627070199
-0.8437590295432889,-0.8437590295432889
