theta_x,theta_y
1.6662830244220173,1.6662830244220173
1.3679458940711493,1.3679458940711493
