,theta_x,theta_y
0,-3.011477447017352,-3.011477447017352
1,-2.34797718355675,-2.34797718355675
2,1.9336343615304536,1.9336343615304536
3,1.1922113164046182,1.1922113164046182
4,-3.141592653589793,-3.141592653589793
5,0.4151452370677622,0.4151452370677622
6,0.5381495172876298,0.5381495172876298
7,-3.141592653589793,-3.141592653589793
