,theta_x,theta_y
0,-1.1101229362276765,-1.1101229362276765
1,-1.80950396411125,-1.80950396411125
2,1.5978850430184044,1.5978850430184044
3,-1.0010541824249473,-1.0010541824249473
4,-1.6762328052128435,-1.6762328052128435
5,-1.690249483516605,-1.690249483516605
6,-1.9455622383874978,-1.9455622383874978
7,-1.3236416632025838,-1.3236416632025838
8,1.1077126858544242,1.1077126858544242
9,-1.3466273868765222,-1.3466273868765222
