,theta_x,theta_y
0,0.34639663859313613,0.34639663859313613
1,-1.1137021327093062,-1.1137021327093062
2,-1.1636437391924563,-1.1636437391924563
3,-0.8608720130667671,-0.8608720130667671
