,theta_x,theta_y
0,-3.141592653589793,-3.141592653589793
1,0.7080200501381305,0.7080200501381305
2,0.561574267791078,0.561574267791078
3,0.47521933713491327,0.47521933713491327
