,theta_x,theta_y
0,-1.872378214076907,-1.872378214076907
1,3.0389208240415964,3.0389208240415964
2,-1.8326798040614545,-1.8326798040614545
3,2.470064855315523,2.470064855315523
4,2.9183538034786434,2.9183538034786434
5,-1.5542411614447944,-1.5542411614447944
6,-0.8088506776579731,-0.8088506776579731
7,-0.6427634132780693,-0.6427634132780693
8,-2.2015757653198973,-2.2015757653198973
9,0.2219362961992715,0.2219362961992715
