,theta_x,theta_y
0,3.141592653589793,3.141592653589793
1,3.141592653589793,3.141592653589793
2,-0.7636720370174045,-0.7636720370174045
3,-1.008196225787792,-1.008196225787792
