,theta_x,theta_y
0,0.9647208810812997,0.9647208810812997
1,-1.416132969003292,-1.416132969003292
2,-2.8408017026356105,-2.8408017026356105
3,-3.1048014302598634,-3.1048014302598634
4,2.05938403286735,2.05938403286735
5,2.4572823484506787,2.4572823484506787
6,0.9099796626063361,0.9099796626063361
7,1.477284846198552,1.477284846198552
8,0.4111089429629878,0.4111089429629878
