theta_x,theta_y
0.9647208810812997,0.9647208810812997
-1.416132969003292,-1.416132969003292
-2.8408017026356105,-2.8408017026356105
-3.1048014302598634,-3.1048014302598634
2.05938403286735,2.05938403286735
2.4572823484506787,2.4572823484506787
0.9099796626063361,0.9099796626063361
1.477284846198552,1.477284846198552
0.4111089429629878,0.4111089429629878
