,theta_x,theta_y
0,2.6656613422046185,2.6656613422046185
1,-2.311590909190566,-2.311590909190566
2,0.8885926296126331,0.8885926296126331
3,1.4687753039759008,1.4687753039759008
4,0.6784880505582163,0.6784880505582163
5,1.6909177054968023,1.6909177054968023
6,0.990918124982417,0.990918124982417
7,1.6516327371270882,1.6516327371270882
8,-3.118268254703205,-3.118268254703205
