,theta_x,theta_y
0,0.4909696302416141,0.4909696302416141
1,0.4381018646076857,0.4381018646076857
2,0.3572487046811457,0.3572487046811457
3,0.2547136642086272,0.2547136642086272
4,0.22635821192459846,0.22635821192459846
5,0.2699982965192904,0.2699982965192904
6,0.3127898902324038,0.3127898902324038
7,0.17145301937455207,0.17145301937455207
