theta_x,theta_y
1.870994167285301,1.870994167285301
-3.141592653589793,-3.141592653589793
1.8376588001461567,1.8376588001461567
1.8440269436031207,1.8440269436031207
1.8498686974100722,1.8498686974100722
1.8554206850911326,1.8554206850911326
1.8609348000566348,1.8609348000566348
1.8663176462845308,1.8663176462845308
