,theta_x,theta_y
0,-0.17070259923660486,-0.17070259923660486
1,3.141592653589793,3.141592653589793
2,-2.932224053367407,-2.932224053367407
