,theta_x,theta_y
0,-1.6137925262367703,-1.6137925262367703
1,-1.6471531647945636,-1.6471531647945636
2,3.141592653589793,3.141592653589793
3,-1.749954244735579,-1.749954244735579
