theta_x,theta_y
-0.7708993349456401,-0.7708993349456401
-1.9562496530664026,-1.9562496530664026
-2.085755602173128,-2.085755602173128
-1.8535934449032239,-1.8535934449032239
3.141592653589793,3.141592653589793
-0.7883410909727823,-0.7883410909727823
0.8492143251218984,0.8492143251218984
-2.0664501994139237,-2.0664501994139237
1.2733505060208132,1.2733505060208132
