,theta_x,theta_y
0,0.6286601026391592,0.6286601026391592
1,-1.2272069121893319,-1.2272069121893319
2,-3.141592653589793,-3.141592653589793
3,-2.488850705843839,-2.488850705843839
