,theta_x,theta_y
0,-0.049424101909357615,-0.049424101909357615
1,2.6531942693455814,2.6531942693455814
2,-3.141592653589793,-3.141592653589793
