,theta_x,theta_y
0,-2.7341035366078867,-2.7341035366078867
1,-2.2438261860460296,-2.2438261860460296
2,2.7439868401352157,2.7439868401352157
3,-2.430265714251365,-2.430265714251365
4,0.47032225110726805,0.47032225110726805
5,2.6186498840850634,2.6186498840850634
6,-2.661320064736315,-2.661320064736315
7,-1.9884121144124696,-1.9884121144124696
8,-1.462640375635742,-1.462640375635742
9,0.7400714084851379,0.7400714084851379
