,theta_x,theta_y
0,1.3107865123077145,1.3107865123077145
