theta_x,theta_y
1.4484019835501325,1.4484019835501325
3.0967787467129537,3.0967787467129537
-0.3457430677075005,-0.3457430677075005
