,theta_x,theta_y
0,-3.0289150679567114,-3.0289150679567114
1,-1.0860623152901279,-1.0860623152901279
2,1.4632138386119429,1.4632138386119429
