,theta_x,theta_y
0,-0.7449392310153926,-0.7449392310153926
