,theta_x,theta_y
0,3.141592653589793,3.141592653589793
1,-0.37499388649357285,-0.37499388649357285
2,-0.5612075359435875,-0.5612075359435875
3,0.9305881183234981,0.9305881183234981
4,-0.7930460465317435,-0.7930460465317435
5,3.141592653589793,3.141592653589793
6,3.141592653589793,3.141592653589793
7,3.141592653589793,3.141592653589793
8,-0.8957745936905327,-0.8957745936905327
9,-0.855863889514952,-0.855863889514952
