,theta_x,theta_y
0,-2.684395399600861,-2.684395399600861
1,2.6949876785043165,2.6949876785043165
2,-2.885280620940764,-2.885280620940764
3,2.5012578508927454,2.5012578508927454
4,3.0069047754296374,3.0069047754296374
5,-2.197874504432716,-2.197874504432716
