theta_x,theta_y
-0.6765342081455763,-0.6765342081455763
-0.676248453708212,-0.676248453708212
-0.6945562666483373,-0.6945562666483373
-1.1187745275104344,-1.1187745275104344
