theta_x,theta_y
-0.2855065240105754,-0.2855065240105754
-1.6942263556991055,-1.6942263556991055
2.7529227360503596,2.7529227360503596
-2.7015272672732054,-2.7015272672732054
2.2287837658379264,2.2287837658379264
1.2706288352128565,1.2706288352128565
-0.38745099493543056,-0.38745099493543056
-3.0963008950782407,-3.0963008950782407
0.838088897514649,0.838088897514649
0.6815696411978603,0.6815696411978603
