,theta_x,theta_y
0,0.6022879353233079,0.6022879353233079
1,2.680632354735218,2.680632354735218
2,1.4997496838181836,1.4997496838181836
