,theta_x,theta_y
0,-2.579888863649889,-2.579888863649889
1,-3.141592653589793,-3.141592653589793
2,3.141592653589793,3.141592653589793
3,-1.2087336038902103,-1.2087336038902103
