,theta_x,theta_y
0,1.1265333626781366,1.1265333626781366
1,0.8455720834857094,0.8455720834857094
2,0.5258197213091718,0.5258197213091718
3,0.174733396794216,0.174733396794216
4,3.0497940629574685,3.0497940629574685
5,0.2982090421259666,0.2982090421259666
6,0.06218936695285275,0.06218936695285275
7,-0.07912352413957568,-0.07912352413957568
8,-0.23754311444349535,-0.23754311444349535
9,-0.20537136689983368,-0.20537136689983368
