theta_x,theta_y
-0.6948176295300096,-0.6948176295300096
-0.27538270771831597,-0.27538270771831597
2.1929850680368586,2.1929850680368586
-2.8866799721438086,-2.8866799721438086
2.236189466881183,2.236189466881183
1.6895415984980902,1.6895415984980902
-2.600511850755468,-2.600511850755468
-3.1289867556052684,-3.1289867556052684
-0.3104882000886242,-0.3104882000886242
