,theta_x,theta_y
0,-2.5004635918324465,-2.5004635918324465
1,-2.0876733860986825,-2.0876733860986825
2,2.2758849099457725,2.2758849099457725
