,theta_x,theta_y
0,-2.894313313058238,-2.894313313058238
1,-1.0087583858941325,-1.0087583858941325
2,1.4775001575316826,1.4775001575316826
