,theta_x,theta_y
0,0.0554522049184385,0.0554522049184385
