,theta_x,theta_y
0,0.052696400803955865,0.052696400803955865
1,3.112665886247661,3.112665886247661
2,0.7629429935556352,0.7629429935556352
3,-1.2399629313073195,-1.2399629313073195
4,-2.177745649601941,-2.177745649601941
