,theta_x,theta_y
0,1.0336813422691087,1.0336813422691087
1,1.0256418036832,1.0256418036832
2,-3.141592653589793,-3.141592653589793
