,theta_x,theta_y
0,2.75285370584084,2.75285370584084
1,-2.5297755509739206,-2.5297755509739206
2,-0.09368861929331249,-0.09368861929331249
3,-3.141592653589793,-3.141592653589793
4,2.630851314025092,2.630851314025092
5,-3.141592653589793,-3.141592653589793
6,-3.141592653589793,-3.141592653589793
7,-2.576247816003254,-2.576247816003254
8,-2.230530480004772,-2.230530480004772
