,theta_x,theta_y
0,0.38435437953547874,0.38435437953547874
1,2.0163180062920225,2.0163180062920225
2,1.236820235319619,1.236820235319619
3,-1.048176389718855,-1.048176389718855
4,-0.7553685751978186,-0.7553685751978186
5,1.7744537639208615,1.7744537639208615
6,-3.0909478580912206,-3.0909478580912206
7,1.4803661544591378,1.4803661544591378
