,theta_x,theta_y
0,0.13301338383123598,0.13301338383123598
1,3.141592653589793,3.141592653589793
2,-2.351600478438479,-2.351600478438479
3,2.2570480740678,2.2570480740678
4,-0.39397570052298536,-0.39397570052298536
5,0.28466657774078336,0.28466657774078336
6,2.066930748500019,2.066930748500019
