theta_x,theta_y
0.13301338383123598,0.13301338383123598
3.141592653589793,3.141592653589793
-2.351600478438479,-2.351600478438479
2.2570480740678,2.2570480740678
-0.39397570052298536,-0.39397570052298536
0.28466657774078336,0.28466657774078336
2.066930748500019,2.066930748500019
