,theta_x,theta_y
0,0.39174450951879813,0.39174450951879813
1,-1.6882153068924337,-1.6882153068924337
2,3.141592653589793,3.141592653589793
3,-3.0456075796295226,-3.0456075796295226
4,1.749456771789089,1.749456771789089
5,1.0033849419602658,1.0033849419602658
6,0.2799390831745012,0.2799390831745012
