,theta_x,theta_y
0,1.3772710230768326,1.3772710230768326
1,0.1979485065021582,0.1979485065021582
2,1.5264552912779268,1.5264552912779268
3,-1.0858156354753175,-1.0858156354753175
4,0.17455453424180858,0.17455453424180858
5,0.15047392846055302,0.15047392846055302
6,0.993291329481843,0.993291329481843
