theta_x,theta_y
2.1714447195989397,2.1714447195989397
0.5511450719337354,0.5511450719337354
1.766619009630987,1.766619009630987
-1.9706680983172398,-1.9706680983172398
-0.06586981657083785,-0.06586981657083785
-0.317923835162205,-0.317923835162205
0.8094728490594021,0.8094728490594021
