,theta_x,theta_y
0,1.5343585971641553,1.5343585971641553
1,-1.7100026302978595,-1.7100026302978595
2,-2.7753689230974667,-2.7753689230974667
3,-3.141592653589793,-3.141592653589793
4,2.607897004743103,2.607897004743103
5,2.4157506942900255,2.4157506942900255
6,1.7480315041914665,1.7480315041914665
