,theta_x,theta_y
0,-2.9551758806317268,-2.9551758806317268
1,-1.9103286085618596,-1.9103286085618596
2,1.994770014506948,1.994770014506948
3,0.9185569528559986,0.9185569528559986
4,-2.934084544656043,-2.934084544656043
5,-0.21969834502655813,-0.21969834502655813
6,0.18754228385870866,0.18754228385870866
7,-2.4768048456821763,-2.4768048456821763
8,1.7619534618992894,1.7619534618992894
