,theta_x,theta_y
0,-3.141592653589793,-3.141592653589793
1,-3.141592653589793,-3.141592653589793
2,2.105517456394575,2.105517456394575
3,-1.8558364033039112,-1.8558364033039112
4,-1.603108657586932,-1.603108657586932
