theta_x,theta_y
-3.141592653589793,-3.141592653589793
-3.141592653589793,-3.141592653589793
2.105517456394575,2.105517456394575
-1.8558364033039112,-1.8558364033039112
-1.603108657586932,-1.603108657586932
