,theta_x,theta_y
0,2.2653071999669137,2.2653071999669137
1,0.3512248903777248,0.3512248903777248
2,2.4904805029365744,2.4904805029365744
3,-2.876234942432768,-2.876234942432768
4,0.708112817015805,0.708112817015805
5,-0.21635655010263274,-0.21635655010263274
6,1.5030462521587804,1.5030462521587804
7,-1.8893881144146012,-1.8893881144146012
8,1.8380562110103134,1.8380562110103134
9,0.47725215266563936,0.47725215266563936
