,theta_x,theta_y
0,2.240851539669246,2.240851539669246
1,-1.4436909665271562,-1.4436909665271562
2,-0.014859249094341425,-0.014859249094341425
3,1.3771965443832628,1.3771965443832628
4,0.06698961423855201,0.06698961423855201
5,3.141592653589793,3.141592653589793
6,1.9030615854731152,1.9030615854731152
7,2.5379207037836395,2.5379207037836395
8,-2.4086131731746936,-2.4086131731746936
9,-0.03355447328217691,-0.03355447328217691
