,theta_x,theta_y
0,-0.3120522953138911,-0.3120522953138911
1,3.141592653589793,3.141592653589793
2,-0.6066721867171105,-0.6066721867171105
3,-1.3254163611178456,-1.3254163611178456
4,-0.6876549952552808,-0.6876549952552808
5,-1.186777894713484,-1.186777894713484
6,-1.4986982755483138,-1.4986982755483138
7,-1.0825352376653234,-1.0825352376653234
