,theta_x,theta_y
0,2.4911683609361246,2.4911683609361246
1,0.17992137437350092,0.17992137437350092
2,2.7049372648252348,2.7049372648252348
3,-2.7805208739609024,-2.7805208739609024
4,0.6816686579369882,0.6816686579369882
5,-0.4254139657668899,-0.4254139657668899
6,1.4386374553164947,1.4386374553164947
7,-1.7641628808579863,-1.7641628808579863
8,1.8742010796196014,1.8742010796196014
9,0.2326552295738416,0.2326552295738416
