theta_x,theta_y
-1.1823792733758425,-1.1823792733758425
-1.5282019290745414,-1.5282019290745414
2.34971096148608,2.34971096148608
-2.9887283735851264,-2.9887283735851264
1.1263271991122539,1.1263271991122539
1.3991186092131118,1.3991186092131118
