,theta_x,theta_y
0,-1.844242999009669,-1.844242999009669
1,2.8900567206801155,2.8900567206801155
2,-2.2945700721082245,-2.2945700721082245
3,1.5309718160151582,1.5309718160151582
4,2.7397866121996133,2.7397866121996133
5,-2.1437602529226143,-2.1437602529226143
6,-2.7061904903019474,-2.7061904903019474
7,-2.6846958079596597,-2.6846958079596597
8,-0.7711868175810402,-0.7711868175810402
9,-2.8365958123868698,-2.8365958123868698
