,theta_x,theta_y
0,3.1195431930705606,3.1195431930705606
1,2.7851213280767557,2.7851213280767557
2,-2.6193838167059575,-2.6193838167059575
