theta_x,theta_y
-3.141592653589793,-3.141592653589793
3.141592653589793,3.141592653589793
-2.6185326506889335,-2.6185326506889335
