,theta_x,theta_y
0,3.041238928576543,3.041238928576543
1,0.3667615421745532,0.3667615421745532
2,2.952938320569666,2.952938320569666
3,-3.141592653589793,-3.141592653589793
4,1.4932808536084252,1.4932808536084252
