,theta_x,theta_y
0,-2.914225789857227,-2.914225789857227
1,1.32012569945917,1.32012569945917
2,-1.4512436245954985,-1.4512436245954985
