theta_x,theta_y
0.06468119702337723,0.06468119702337723
2.7996875908826637,2.7996875908826637
-1.4775940663642886,-1.4775940663642886
2.3294749434259945,2.3294749434259945
