theta_x,theta_y
1.8036045786664456,1.8036045786664456
1.32993503329639,1.32993503329639
0.35351014124065916,0.35351014124065916
-0.6223945060274444,-0.6223945060274444
0.17405493187272286,0.17405493187272286
0.9820005941159087,0.9820005941159087
-3.0412117249529595,-3.0412117249529595
0.7523194038544381,0.7523194038544381
2.1005491009805004,2.1005491009805004
