,theta_x,theta_y
0,0.1407575831763288,0.1407575831763288
1,2.71379210713199,2.71379210713199
2,1.0469178919807824,1.0469178919807824
