theta_x,theta_y
-1.083497307401028,-1.083497307401028
0.6143832378439524,0.6143832378439524
2.4855596065356034,2.4855596065356034
0.5762306716615248,0.5762306716615248
-2.8713788989527105,-2.8713788989527105
