,theta_x,theta_y
0,0.7942139741725901,0.7942139741725901
1,0.230515806475663,0.230515806475663
2,0.19882425163119485,0.19882425163119485
3,-3.045208780840332,-3.045208780840332
4,0.37234395958842514,0.37234395958842514
5,-0.03077124742411414,-0.03077124742411414
6,-0.18649517990281084,-0.18649517990281084
7,-3.107075036577832,-3.107075036577832
