theta_x,theta_y
1.1624759549612775,1.1624759549612775
1.0754699790141293,1.0754699790141293
1.0916682994847393,1.0916682994847393
-3.141592653589793,-3.141592653589793
0.9560830671560624,0.9560830671560624
1.095110445617858,1.095110445617858
0.9988217907354119,0.9988217907354119
