,theta_x,theta_y
0,-0.14385747327276802,-0.14385747327276802
1,-0.6893575725287254,-0.6893575725287254
2,-0.6218574561465634,-0.6218574561465634
3,-0.9095883936041749,-0.9095883936041749
4,3.141592653589793,3.141592653589793
