,theta_x,theta_y
0,0.059257724741455936,0.059257724741455936
1,-1.564512901649596,-1.564512901649596
2,-1.5710491076367041,-1.5710491076367041
3,-1.802245657373552,-1.802245657373552
4,-0.46411451393782577,-0.46411451393782577
5,-1.9690728712150785,-1.9690728712150785
