,theta_x,theta_y
0,-2.47885208293276,-2.47885208293276
1,-2.213840712971806,-2.213840712971806
2,2.787112171776106,2.787112171776106
3,-2.034025142813112,-2.034025142813112
4,0.0365739414518449,0.0365739414518449
5,2.236334113774101,2.236334113774101
6,-1.7420633960539378,-1.7420633960539378
