,theta_x,theta_y
0,1.0939281774168013,1.0939281774168013
1,2.813653866291303,2.813653866291303
2,-0.30611621330208505,-0.30611621330208505
