,theta_x,theta_y
0,-2.504650425916173,-2.504650425916173
1,-2.6065579712826707,-2.6065579712826707
2,2.8997385770698236,2.8997385770698236
3,-2.9641914450844897,-2.9641914450844897
4,0.6854290959301318,0.6854290959301318
5,2.100016936305533,2.100016936305533
6,-2.6420223984761484,-2.6420223984761484
7,-3.109881651408722,-3.109881651408722
