,theta_x,theta_y
0,-1.83248853040234,-1.83248853040234
