theta_x,theta_y
1.1241855545835442,1.1241855545835442
3.141592653589793,3.141592653589793
-2.2546071474121434,-2.2546071474121434
2.5571249524653457,2.5571249524653457
-0.6527091507213144,-0.6527091507213144
0.4974432514564298,0.4974432514564298
2.444862424815124,2.444862424815124
0.18449972713664664,0.18449972713664664
0.9766151096724616,0.9766151096724616
