,theta_x,theta_y
0,1.9215833675218452,1.9215833675218452
1,1.8829392024398923,1.8829392024398923
