,theta_x,theta_y
0,-2.8585453244532135,-2.8585453244532135
1,-3.141592653589793,-3.141592653589793
