,theta_x,theta_y
0,2.294169889666442,2.294169889666442
1,2.034653085599826,2.034653085599826
2,0.17020792517741287,0.17020792517741287
3,-1.1703795190668342,-1.1703795190668342
4,-2.560425930768678,-2.560425930768678
5,-0.8246563972073623,-0.8246563972073623
6,-0.901335799278057,-0.901335799278057
