,theta_x,theta_y
0,-3.141592653589793,-3.141592653589793
1,0.8515956990837655,0.8515956990837655
2,0.3578860895792741,0.3578860895792741
