,theta_x,theta_y
0,1.6664194771623742,1.6664194771623742
1,0.9355130084167299,0.9355130084167299
2,1.4939578265217408,1.4939578265217408
3,-3.092791046769921,-3.092791046769921
4,0.7222552006149091,0.7222552006149091
