theta_x,theta_y
0.495025839378448,0.495025839378448
-1.2624776704051248,-1.2624776704051248
-2.1155394543160924,-2.1155394543160924
-2.588724419957954,-2.588724419957954
2.386367695716742,2.386367695716742
2.408419640302079,2.408419640302079
0.933668504617635,0.933668504617635
0.922405243290706,0.922405243290706
0.17934497179699102,0.17934497179699102
