theta_x,theta_y
0.47431411940375223,0.47431411940375223
2.618371509008464,2.618371509008464
-2.277569776871809,-2.277569776871809
2.2566784197150453,2.2566784197150453
-0.7734436237634131,-0.7734436237634131
