,theta_x,theta_y
0,-0.925696868684683,-0.925696868684683
1,3.141592653589793,3.141592653589793
2,-0.9523641928938185,-0.9523641928938185
3,3.141592653589793,3.141592653589793
4,-1.0016997739006357,-1.0016997739006357
5,-1.0953196861739767,-1.0953196861739767
6,3.141592653589793,3.141592653589793
