theta_x,theta_y
-0.30912811809763086,-0.30912811809763086
-0.5081331036859846,-0.5081331036859846
3.141592653589793,3.141592653589793
-0.18141595120174658,-0.18141595120174658
-0.7534981337271003,-0.7534981337271003
-0.3687812878428795,-0.3687812878428795
-0.7448104477420506,-0.7448104477420506
-0.812704414141549,-0.812704414141549
