,theta_x,theta_y
0,2.8871059933246386,2.8871059933246386
1,0.6796303481590088,0.6796303481590088
2,2.8439280433213345,2.8439280433213345
3,-3.141592653589793,-3.141592653589793
4,1.9434129512537304,1.9434129512537304
5,-1.268879947833236,-1.268879947833236
6,2.3830086631954948,2.3830086631954948
