,theta_x,theta_y
0,0.7559609877512338,0.7559609877512338
1,0.7453585769374482,0.7453585769374482
2,0.7351211677081958,0.7351211677081958
3,0.7252759687946874,0.7252759687946874
4,0.7157852358995407,0.7157852358995407
5,0.7066429638239166,0.7066429638239166
6,0.6978190470623494,0.6978190470623494
