,theta_x,theta_y
0,2.647679783370845,2.647679783370845
1,2.958802031051857,2.958802031051857
2,1.2769327114287994,1.2769327114287994
3,0.6920600699087098,0.6920600699087098
4,-0.6927231938024305,-0.6927231938024305
5,2.7298323982832047,2.7298323982832047
