,theta_x,theta_y
0,-3.141592653589793,-3.141592653589793
1,-0.47213442806256345,-0.47213442806256345
2,0.853723104497249,0.853723104497249
3,-0.31604243821387823,-0.31604243821387823
