theta_x,theta_y
-0.5817654941876069,-0.5817654941876069
