,theta_x,theta_y
0,-0.32894879754453765,-0.32894879754453765
1,3.141592653589793,3.141592653589793
2,-0.3344397099530528,-0.3344397099530528
3,3.141592653589793,3.141592653589793
4,-0.3355583487867687,-0.3355583487867687
5,-0.36483270488403907,-0.36483270488403907
6,-0.4616096900570581,-0.4616096900570581
7,-0.47184441868854615,-0.47184441868854615
8,-0.49772353773813843,-0.49772353773813843
