,theta_x,theta_y
0,-2.8959560424600768,-2.8959560424600768
1,-1.1140826828369639,-1.1140826828369639
2,1.3528408963025635,1.3528408963025635
3,0.887699176824495,0.887699176824495
4,-2.8431634986274172,-2.8431634986274172
5,0.3875223030163499,0.3875223030163499
6,0.42049366743255717,0.42049366743255717
7,-1.865311439145488,-1.865311439145488
8,1.37884483446751,1.37884483446751
9,-2.5714745673580355,-2.5714745673580355
