theta_x,theta_y
-2.8959560424600768,-2.8959560424600768
-1.1140826828369639,-1.1140826828369639
1.3528408963025635,1.3528408963025635
0.887699176824495,0.887699176824495
-2.8431634986274172,-2.8431634986274172
0.3875223030163499,0.3875223030163499
0.42049366743255717,0.42049366743255717
-1.865311439145488,-1.865311439145488
1.37884483446751,1.37884483446751
-2.5714745673580355,-2.5714745673580355
