theta_x,theta_y
-2.827577679298033,-2.827577679298033
-3.141592653589793,-3.141592653589793
2.846650730047575,2.846650730047575
-2.8383265523826173,-2.8383265523826173
