theta_x,theta_y
-0.03265688081948554,-0.03265688081948554
-0.8972444663588394,-0.8972444663588394
3.141592653589793,3.141592653589793
