,theta_x,theta_y
0,-1.1686699677904093,-1.1686699677904093
1,3.1252296783653293,3.1252296783653293
2,1.6910344386456533,1.6910344386456533
3,-1.1530546212937445,-1.1530546212937445
4,-2.3393072536225445,-2.3393072536225445
