theta_x,theta_y
-2.5363995613019874,-2.5363995613019874
2.951542167266686,2.951542167266686
-2.583745843195765,-2.583745843195765
3.0476230974025906,3.0476230974025906
