,theta_x,theta_y
0,-0.4387688142243863,-0.4387688142243863
1,-0.5114818622841025,-0.5114818622841025
2,-0.49151441332378026,-0.49151441332378026
3,-1.4219487137359257,-1.4219487137359257
