theta_x,theta_y
-0.19185637686250612,-0.19185637686250612
3.0644221018595563,3.0644221018595563
-0.41594121401917117,-0.41594121401917117
2.1026189109124993,2.1026189109124993
1.3964916045524896,1.3964916045524896
