,theta_x,theta_y
0,0.8558090541323417,0.8558090541323417
1,0.9404439352747266,0.9404439352747266
2,-1.0707707888442533,-1.0707707888442533
3,0.2276427058853572,0.2276427058853572
4,-0.6618216001862266,-0.6618216001862266
5,0.5065404554551077,0.5065404554551077
6,-3.0793613836398626,-3.0793613836398626
7,0.5988427637834117,0.5988427637834117
