,theta_x,theta_y
0,0.31868935717530417,0.31868935717530417
1,-0.6446297048499305,-0.6446297048499305
2,-3.141592653589793,-3.141592653589793
3,-3.141592653589793,-3.141592653589793
4,2.19038467025627,2.19038467025627
