,theta_x,theta_y
0,-0.2378475844696183,-0.2378475844696183
1,2.6775555626717207,2.6775555626717207
2,-3.141592653589793,-3.141592653589793
3,3.141592653589793,3.141592653589793
