,theta_x,theta_y
0,-0.832231808875381,-0.832231808875381
1,-1.7881657911342232,-1.7881657911342232
2,-1.7403753053466517,-1.7403753053466517
3,-1.605198485506447,-1.605198485506447
4,3.1361678298269284,3.1361678298269284
5,-0.3747211926443489,-0.3747211926443489
6,0.4719945539355461,0.4719945539355461
7,-1.6554121087302403,-1.6554121087302403
8,0.796607752090881,0.796607752090881
