,theta_x,theta_y
0,-1.5737700437564597,-1.5737700437564597
1,3.141592653589793,3.141592653589793
2,-1.7165243647243824,-1.7165243647243824
3,2.2642766701476678,2.2642766701476678
4,2.7499686729829174,2.7499686729829174
5,-0.9453480951837908,-0.9453480951837908
