theta_x,theta_y
1.0673774841856494,1.0673774841856494
0.7276670476886008,0.7276670476886008
0.3722959961154855,0.3722959961154855
-0.38476141499283756,-0.38476141499283756
-3.134199936439748,-3.134199936439748
0.22689698433996053,0.22689698433996053
0.23160757412732724,0.23160757412732724
-3.141592653589793,-3.141592653589793
-3.1333382694177354,-3.1333382694177354
