,theta_x,theta_y
0,2.578742054729496,2.578742054729496
1,1.3994794774921395,1.3994794774921395
2,1.3112934151689235,1.3112934151689235
3,0.20902942977220373,0.20902942977220373
4,1.2433378020119663,1.2433378020119663
5,1.2663864344506346,1.2663864344506346
6,0.7031309564374765,0.7031309564374765
7,-0.4456113299349342,-0.4456113299349342
8,0.36503101214872297,0.36503101214872297
9,-1.8571611027561103,-1.8571611027561103
