theta_x,theta_y
-1.6399464945082358,-1.6399464945082358
