,theta_x,theta_y
0,0.5458381428217558,0.5458381428217558
1,-0.2278427970876896,-0.2278427970876896
2,-0.581299156628905,-0.581299156628905
3,-1.0925106238553413,-1.0925106238553413
4,3.141592653589793,3.141592653589793
5,0.6808921849990349,0.6808921849990349
6,0.4231147623846137,0.4231147623846137
7,-1.134132158234129,-1.134132158234129
8,0.25580691883590034,0.25580691883590034
