,theta_x,theta_y
0,-3.141592653589793,-3.141592653589793
1,3.1312489929366807,3.1312489929366807
2,-3.0228688325300546,-3.0228688325300546
3,-1.6588383925084693,-1.6588383925084693
4,0.9786170596044848,0.9786170596044848
