,theta_x,theta_y
0,2.7786253566529804,2.7786253566529804
1,1.9626030580413387,1.9626030580413387
2,-3.141592653589793,-3.141592653589793
