theta_x,theta_y
-3.141592653589793,-3.141592653589793
1.6795663795087141,1.6795663795087141
1.7976872627218425,1.7976872627218425
-3.141592653589793,-3.141592653589793
1.5222240977243913,1.5222240977243913
