theta_x,theta_y
1.08063596699964,1.08063596699964
1.7485671165507415,1.7485671165507415
1.3562675614201196,1.3562675614201196
-1.832378742451701,-1.832378742451701
