,theta_x,theta_y
0,2.015024141314294,2.015024141314294
1,1.9655452473286523,1.9655452473286523
2,1.9244549775595614,1.9244549775595614
3,-3.141592653589793,-3.141592653589793
4,1.8473742138433482,1.8473742138433482
5,1.8579936357975573,1.8579936357975573
6,1.864905672749512,1.864905672749512
7,-3.141592653589793,-3.141592653589793
8,1.8547587746420315,1.8547587746420315
