theta_x,theta_y
-1.210381794403793,-1.210381794403793
3.141592653589793,3.141592653589793
1.7768048196110116,1.7768048196110116
-0.7116312038292653,-0.7116312038292653
-1.6425377220198607,-1.6425377220198607
3.141592653589793,3.141592653589793
-2.6670853236232914,-2.6670853236232914
2.4050398339772614,2.4050398339772614
