,theta_x,theta_y
0,-2.3823010125240427,-2.3823010125240427
1,-3.141592653589793,-3.141592653589793
2,-3.141592653589793,-3.141592653589793
3,-3.141592653589793,-3.141592653589793
4,3.0990359213168577,3.0990359213168577
5,-2.9534424947764353,-2.9534424947764353
6,-1.9747161165820657,-1.9747161165820657
7,-0.6003549526462856,-0.6003549526462856
