,theta_x,theta_y
0,2.655109074196569,2.655109074196569
1,2.478962291832115,2.478962291832115
2,2.650208704348643,2.650208704348643
3,-3.141592653589793,-3.141592653589793
4,-3.141592653589793,-3.141592653589793
5,2.306511946108712,2.306511946108712
