theta_x,theta_y
2.655109074196569,2.655109074196569
2.478962291832115,2.478962291832115
2.650208704348643,2.650208704348643
-3.141592653589793,-3.141592653589793
-3.141592653589793,-3.141592653589793
2.306511946108712,2.306511946108712
