theta_x,theta_y
0.5160312261949587,0.5160312261949587
3.141592653589793,3.141592653589793
0.11159259861731279,0.11159259861731279
2.006850450207896,2.006850450207896
