theta_x,theta_y
-3.141592653589793,-3.141592653589793
1.4294402043511094,1.4294402043511094
-3.141592653589793,-3.141592653589793
-0.20339048089406025,-0.20339048089406025
0.4294346624386627,0.4294346624386627
