,theta_x,theta_y
0,-0.16460232235321898,-0.16460232235321898
1,2.1515981877951584,2.1515981877951584
2,2.8842615236027855,2.8842615236027855
3,-3.0517084928931495,-3.0517084928931495
4,2.867171955312592,2.867171955312592
