,theta_x,theta_y
0,3.0945103391557325,3.0945103391557325
1,2.257378574583371,2.257378574583371
2,1.4344493810895202,1.4344493810895202
3,-3.141592653589793,-3.141592653589793
4,-3.141592653589793,-3.141592653589793
5,-3.141592653589793,-3.141592653589793
6,-3.141592653589793,-3.141592653589793
7,-3.141592653589793,-3.141592653589793
8,-3.141592653589793,-3.141592653589793
9,2.206158345366703,2.206158345366703
