,theta_x,theta_y
0,-0.4931168414993265,-0.4931168414993265
1,-0.5059852937423396,-0.5059852937423396
2,-0.6187447227588875,-0.6187447227588875
3,-0.6222096971698894,-0.6222096971698894
4,-0.6514254004536788,-0.6514254004536788
5,-0.7658118349912199,-0.7658118349912199
6,-0.7820812549085082,-0.7820812549085082
7,-0.7907602418176195,-0.7907602418176195
