,theta_x,theta_y
0,-1.522221854359997,-1.522221854359997
1,2.9649437729598644,2.9649437729598644
2,-2.607676898777428,-2.607676898777428
3,2.9523821918541935,2.9523821918541935
4,2.777143081571395,2.777143081571395
5,-0.472606734535001,-0.472606734535001
6,-1.9223467859438073,-1.9223467859438073
