,theta_x,theta_y
0,1.1601341349959922,1.1601341349959922
1,-1.4004922695769149,-1.4004922695769149
2,-1.993970202769385,-1.993970202769385
3,-2.358973809359143,-2.358973809359143
4,2.7489193718540554,2.7489193718540554
5,3.001460360628569,3.001460360628569
6,1.401123332616799,1.401123332616799
7,1.7531489595096774,1.7531489595096774
8,0.5750218954321396,0.5750218954321396
