theta_x,theta_y
1.1601341349959922,1.1601341349959922
-1.4004922695769149,-1.4004922695769149
-1.993970202769385,-1.993970202769385
-2.358973809359143,-2.358973809359143
2.7489193718540554,2.7489193718540554
3.001460360628569,3.001460360628569
1.401123332616799,1.401123332616799
1.7531489595096774,1.7531489595096774
0.5750218954321396,0.5750218954321396
