,theta_x,theta_y
0,1.0336016374573387,1.0336016374573387
1,1.0132560303748952,1.0132560303748952
2,0.9927281954527769,0.9927281954527769
3,0.97222933161988,0.97222933161988
4,-3.141592653589793,-3.141592653589793
5,0.9706767370355547,0.9706767370355547
6,0.9661217693114003,0.9661217693114003
7,-3.141592653589793,-3.141592653589793
