theta_x,theta_y
-1.5719991689794037,-1.5719991689794037
3.141592653589793,3.141592653589793
2.3839725309268536,2.3839725309268536
-0.6159973254341495,-0.6159973254341495
-2.5918756435452166,-2.5918756435452166
2.7565977035233837,2.7565977035233837
