,theta_x,theta_y
0,0.22911782715906565,0.22911782715906565
1,3.083069542849045,3.083069542849045
2,0.8741641395802581,0.8741641395802581
3,-0.6581012767649387,-0.6581012767649387
4,-1.6527139619407771,-1.6527139619407771
