,theta_x,theta_y
0,-0.42361050925306676,-0.42361050925306676
1,-2.0339656524551284,-2.0339656524551284
2,-2.211406431332523,-2.211406431332523
3,-0.8612590035210729,-0.8612590035210729
4,2.434510878856409,2.434510878856409
5,0.62594213953135,0.62594213953135
6,2.754876067378564,2.754876067378564
7,-1.898480482364155,-1.898480482364155
