,theta_x,theta_y
0,2.1889933791307277,2.1889933791307277
1,0.22651019607971712,0.22651019607971712
2,2.522302073270544,2.522302073270544
3,-2.439433190019722,-2.439433190019722
4,0.46459646044260083,0.46459646044260083
5,-0.21314878051617206,-0.21314878051617206
6,1.2262940994928322,1.2262940994928322
7,-1.5062401875440128,-1.5062401875440128
8,1.6905656610647526,1.6905656610647526
