,theta_x,theta_y
0,-3.141592653589793,-3.141592653589793
1,-2.7311817117778987,-2.7311817117778987
2,3.141592653589793,3.141592653589793
