,theta_x,theta_y
0,0.04224859704117326,0.04224859704117326
1,1.2361436175217786,1.2361436175217786
2,0.9843366269141357,0.9843366269141357
3,-1.8338788552142864,-1.8338788552142864
4,-1.5588372784975286,-1.5588372784975286
5,1.1606269242930085,1.1606269242930085
