theta_x,theta_y
0.8509639722404116,0.8509639722404116
0.10302593068964051,0.10302593068964051
-3.0571915241911847,-3.0571915241911847
-3.141592653589793,-3.141592653589793
1.122758184974574,1.122758184974574
