,theta_x,theta_y
0,-3.141592653589793,-3.141592653589793
1,0.460477960300069,0.460477960300069
2,0.4689864028019922,0.4689864028019922
3,0.5481102786891362,0.5481102786891362
