theta_x,theta_y
-3.141592653589793,-3.141592653589793
0.460477960300069,0.460477960300069
0.4689864028019922,0.4689864028019922
0.5481102786891362,0.5481102786891362
