,theta_x,theta_y
0,2.5900489158020426,2.5900489158020426
1,-0.8967933329792921,-0.8967933329792921
2,0.31376885083914685,0.31376885083914685
3,1.6616332442249284,1.6616332442249284
4,0.5482130206692524,0.5482130206692524
