,theta_x,theta_y
0,0.5514690412331675,0.5514690412331675
1,2.6439466232467046,2.6439466232467046
2,1.3961155215061392,1.3961155215061392
3,-1.469909402223724,-1.469909402223724
4,-1.3916028493874333,-1.3916028493874333
5,2.4322847679756805,2.4322847679756805
6,-3.141592653589793,-3.141592653589793
