,theta_x,theta_y
0,0.9180555567295641,0.9180555567295641
1,0.9928947816994685,0.9928947816994685
2,0.9000740516471006,0.9000740516471006
