,theta_x,theta_y
0,2.750572983890034,2.750572983890034
1,2.717933454012309,2.717933454012309
2,-2.6514951312114907,-2.6514951312114907
3,-1.8174778631422515,-1.8174778631422515
