theta_x,theta_y
-0.6790302376484303,-0.6790302376484303
3.0804456755208496,3.0804456755208496
-1.120434534951137,-1.120434534951137
2.1740152821781846,2.1740152821781846
1.6891232136659318,1.6891232136659318
0.086843471865586,0.086843471865586
