,theta_x,theta_y
0,-0.37176276022840604,-0.37176276022840604
1,2.972263115787123,2.972263115787123
2,-1.8682857251733895,-1.8682857251733895
3,1.8048400474055286,1.8048400474055286
