theta_x,theta_y
-1.6946218836948703,-1.6946218836948703
1.88748191818251,1.88748191818251
-1.2684634351907071,-1.2684634351907071
3.141592653589793,3.141592653589793
2.825235459957295,2.825235459957295
0.8066998183629187,0.8066998183629187
1.4967217332418956,1.4967217332418956
