,theta_x,theta_y
0,1.299992048885716,1.299992048885716
