,theta_x,theta_y
0,1.9068485757253137,1.9068485757253137
1,0.6115797311285032,0.6115797311285032
2,2.1416722466389255,2.1416722466389255
3,-2.668401638155085,-2.668401638155085
4,0.23003962981087162,0.23003962981087162
