,theta_x,theta_y
0,-1.8485668752338853,-1.8485668752338853
1,-0.1942558818731618,-0.1942558818731618
2,3.141592653589793,3.141592653589793
