theta_x,theta_y
-1.3877193001729087,-1.3877193001729087
-1.5329592202023017,-1.5329592202023017
-1.0431696734055989,-1.0431696734055989
-0.9391782484020968,-0.9391782484020968
3.141592653589793,3.141592653589793
