theta_x,theta_y
1.0438621956183378,1.0438621956183378
0.9767193838843666,0.9767193838843666
1.011525549133397,1.011525549133397
-3.141592653589793,-3.141592653589793
