,theta_x,theta_y
0,2.5221032983959533,2.5221032983959533
1,-0.9074459067749157,-0.9074459067749157
2,0.0571829155983295,0.0571829155983295
3,2.3777140963340524,2.3777140963340524
