,theta_x,theta_y
0,0.14534565492182283,0.14534565492182283
1,-0.7752607315674084,-0.7752607315674084
2,-1.0197047183814898,-1.0197047183814898
3,-1.1680522230013792,-1.1680522230013792
4,3.141592653589793,3.141592653589793
