,theta_x,theta_y
0,-3.141592653589793,-3.141592653589793
1,1.110730307433673,1.110730307433673
2,-3.141592653589793,-3.141592653589793
3,2.9726519522053376,2.9726519522053376
4,2.4623616395883494,2.4623616395883494
5,-0.24908316888599014,-0.24908316888599014
6,1.5174366715387082,1.5174366715387082
7,-1.5160807610625628,-1.5160807610625628
8,-3.141592653589793,-3.141592653589793
9,2.322126750822717,2.322126750822717
