theta_x,theta_y
2.2188143396156854,2.2188143396156854
0.623273540055451,0.623273540055451
1.6021827156368902,1.6021827156368902
-1.5871551988610821,-1.5871551988610821
0.0864811694019047,0.0864811694019047
-0.35084141460095597,-0.35084141460095597
