,theta_x,theta_y
0,-0.10068881475997307,-0.10068881475997307
1,2.633167043535862,2.633167043535862
2,-3.141592653589793,-3.141592653589793
3,2.436587444664826,2.436587444664826
4,-3.141592653589793,-3.141592653589793
5,-0.03017863871767093,-0.03017863871767093
6,2.8635010811043826,2.8635010811043826
7,-0.09532936605514764,-0.09532936605514764
8,2.9728999884579994,2.9728999884579994
9,-3.141592653589793,-3.141592653589793
