,theta_x,theta_y
0,-1.192596055430837,-1.192596055430837
1,3.141592653589793,3.141592653589793
2,1.4238671564751286,1.4238671564751286
3,-1.580881227908002,-1.580881227908002
4,-2.065023680522235,-2.065023680522235
