theta_x,theta_y
0.555456213705785,0.555456213705785
1.2394097096654058,1.2394097096654058
-2.215235438912753,-2.215235438912753
-0.5033880705743047,-0.5033880705743047
1.1752113605294914,1.1752113605294914
-0.05113021839292935,-0.05113021839292935
-2.1261114685116254,-2.1261114685116254
