,theta_x,theta_y
0,3.141592653589793,3.141592653589793
1,-1.6981312598459597,-1.6981312598459597
2,-1.825114367770737,-1.825114367770737
3,-2.0514648219919542,-2.0514648219919542
4,3.141592653589793,3.141592653589793
5,3.141592653589793,3.141592653589793
6,0.6051885812953008,0.6051885812953008
7,3.141592653589793,3.141592653589793
8,-2.9741946312148637,-2.9741946312148637
