,theta_x,theta_y
0,0.01030875447561998,0.01030875447561998
1,3.1396897577654665,3.1396897577654665
2,-2.667297767178102,-2.667297767178102
3,2.874674801182764,2.874674801182764
4,-1.8271055728069974,-1.8271055728069974
5,-0.4659856435047246,-0.4659856435047246
6,2.238988982245794,2.238988982245794
7,-0.5109211294322262,-0.5109211294322262
8,0.9461192728517525,0.9461192728517525
