,theta_x,theta_y
0,0.898428122654343,0.898428122654343
1,-2.127028295147273,-2.127028295147273
2,-2.7352466564869142,-2.7352466564869142
3,-3.11244927584212,-3.11244927584212
4,2.2151562561878566,2.2151562561878566
5,1.8029174590394186,1.8029174590394186
6,0.8680329516409253,0.8680329516409253
7,0.6498996259902887,0.6498996259902887
