,theta_x,theta_y
0,2.6160478846198374,2.6160478846198374
1,-1.7112812163169304,-1.7112812163169304
2,0.4787747626757123,0.4787747626757123
3,1.814874216964719,1.814874216964719
4,0.8519358493334805,0.8519358493334805
5,2.6434791974820104,2.6434791974820104
6,1.6998407907013349,1.6998407907013349
7,2.2171441276350805,2.2171441276350805
8,-2.7518422035147534,-2.7518422035147534
