,theta_x,theta_y
0,-0.2972963175287771,-0.2972963175287771
1,2.916464611898559,2.916464611898559
2,1.3440435940594613,1.3440435940594613
3,-1.0303109449030243,-1.0303109449030243
4,-1.5672881373185157,-1.5672881373185157
5,2.7526572015651594,2.7526572015651594
6,-3.141592653589793,-3.141592653589793
7,1.6376083257625138,1.6376083257625138
8,1.2452559826545113,1.2452559826545113
