,theta_x,theta_y
0,-3.139604220941729,-3.139604220941729
1,1.0719120284865085,1.0719120284865085
2,0.47373433543718735,0.47373433543718735
3,0.9739291854660983,0.9739291854660983
4,-2.9742004692624295,-2.9742004692624295
5,1.0064631999221074,1.0064631999221074
6,0.8468512412253394,0.8468512412253394
7,-0.42084692650349786,-0.42084692650349786
8,0.18465509564348992,0.18465509564348992
9,-2.887795284492498,-2.887795284492498
