,theta_x,theta_y
0,-2.7391949797368764,-2.7391949797368764
1,2.3618010051273233,2.3618010051273233
2,2.779007072932287,2.779007072932287
3,-2.7802795794221464,-2.7802795794221464
