theta_x,theta_y
2.117653384950982,2.117653384950982
-0.878247749565274,-0.878247749565274
0.519510110806317,0.519510110806317
1.3749716966652876,1.3749716966652876
0.8983390130080091,0.8983390130080091
2.4626517372513828,2.4626517372513828
2.0709356481569,2.0709356481569
2.726805509315453,2.726805509315453
-2.550138594452961,-2.550138594452961
