,theta_x,theta_y
0,2.094470979854931,2.094470979854931
1,-0.5441832637357056,-0.5441832637357056
2,-0.20298855586350256,-0.20298855586350256
3,2.666800927652961,2.666800927652961
4,0.6687007088802545,0.6687007088802545
