theta_x,theta_y
-1.3833371120573008,-1.3833371120573008
3.0390716317155797,3.0390716317155797
-1.9613777115099622,-1.9613777115099622
2.4494559971984367,2.4494559971984367
2.685364624202442,2.685364624202442
-1.2161335915649465,-1.2161335915649465
-1.5684628922070967,-1.5684628922070967
-1.988843689874079,-1.988843689874079
-2.476364096451496,-2.476364096451496
