,theta_x,theta_y
0,-3.141592653589793,-3.141592653589793
1,3.141592653589793,3.141592653589793
2,-2.8874738847739176,-2.8874738847739176
