,theta_x,theta_y
0,-0.923973294061916,-0.923973294061916
1,-0.43078215202075026,-0.43078215202075026
2,0.07082058531300872,0.07082058531300872
3,-1.137950414762052,-1.137950414762052
4,-1.3982358130879744,-1.3982358130879744
5,-1.385887902261541,-1.385887902261541
6,-1.6492153365491742,-1.6492153365491742
7,-1.515071967254166,-1.515071967254166
8,-0.2821810146984384,-0.2821810146984384
