,theta_x,theta_y
0,-3.141592653589793,-3.141592653589793
1,1.1962246862462023,1.1962246862462023
2,0.9753528488703713,0.9753528488703713
3,-3.109029035056073,-3.109029035056073
