,theta_x,theta_y
0,-1.0842120491509535,-1.0842120491509535
1,3.131931286170345,3.131931286170345
2,-2.6736748938094648,-2.6736748938094648
3,2.842013709095173,2.842013709095173
4,-2.6005230761203264,-2.6005230761203264
5,-1.1442540865004251,-1.1442540865004251
6,2.8096892612128586,2.8096892612128586
