theta_x,theta_y
-0.40052789982001175,-0.40052789982001175
3.141592653589793,3.141592653589793
-2.854517443031886,-2.854517443031886
