theta_x,theta_y
1.6416742131783804,1.6416742131783804
1.0283284280230025,1.0283284280230025
-0.2663854577527186,-0.2663854577527186
-0.38653354705626436,-0.38653354705626436
-2.279176612708741,-2.279176612708741
