,theta_x,theta_y
0,-0.8853351509813947,-0.8853351509813947
1,2.2863153596922317,2.2863153596922317
2,1.1232606128841784,1.1232606128841784
3,1.0059047466737159,1.0059047466737159
4,0.19338982792969722,0.19338982792969722
5,1.0863447047147168,1.0863447047147168
6,0.4669625562511908,0.4669625562511908
7,0.41544203219557885,0.41544203219557885
