,theta_x,theta_y
0,-1.051646077717457,-1.051646077717457
1,-1.6560131592594498,-1.6560131592594498
2,-1.988661504661468,-1.988661504661468
3,-1.2535837214258412,-1.2535837214258412
4,3.141592653589793,3.141592653589793
5,-1.5153463521125032,-1.5153463521125032
6,-2.0187728145622192,-2.0187728145622192
