,theta_x,theta_y
0,0.8977425063590618,0.8977425063590618
1,-1.5148664121025355,-1.5148664121025355
2,-3.0057593909905007,-3.0057593909905007
3,-3.141592653589793,-3.141592653589793
4,1.9593893450992321,1.9593893450992321
5,2.374960981762981,2.374960981762981
6,0.8985159228690596,0.8985159228690596
