theta_x,theta_y
2.08661393431795,2.08661393431795
-1.4478135169532171,-1.4478135169532171
1.458907675667695,1.458907675667695
1.4774755703661577,1.4774755703661577
1.1138115250032266,1.1138115250032266
1.5743647919830763,1.5743647919830763
1.7536972671454483,1.7536972671454483
2.5268651732424217,2.5268651732424217
-2.9381401666969813,-2.9381401666969813
