,theta_x,theta_y
0,1.432839546945647,1.432839546945647
1,3.141592653589793,3.141592653589793
