theta_x,theta_y
-1.1441660549538946,-1.1441660549538946
-1.1251368331841056,-1.1251368331841056
2.377777995039126,2.377777995039126
-2.030659945179329,-2.030659945179329
0.5707964213501951,0.5707964213501951
1.4996630395264612,1.4996630395264612
-1.5003637285394016,-1.5003637285394016
-2.2319354823451896,-2.2319354823451896
-1.3095324969907423,-1.3095324969907423
