theta_x,theta_y
2.5229848692816375,2.5229848692816375
0.8064059874708067,0.8064059874708067
-1.3294627883697663,-1.3294627883697663
-2.228738842888637,-2.228738842888637
2.8194773196779,2.8194773196779
2.4451940083343007,2.4451940083343007
2.463662817723247,2.463662817723247
2.2247272512269425,2.2247272512269425
