,theta_x,theta_y
0,2.704333097894527,2.704333097894527
1,0.06320758581224721,0.06320758581224721
2,2.720477725666366,2.720477725666366
3,-3.073880057854689,-3.073880057854689
4,1.342422195968021,1.342422195968021
5,-1.1344690554546473,-1.1344690554546473
6,2.1304333869256538,2.1304333869256538
