,theta_x,theta_y
0,-0.3088814227383334,-0.3088814227383334
1,3.141592653589793,3.141592653589793
2,-2.8408683538029234,-2.8408683538029234
