theta_x,theta_y
-1.497835135494595,-1.497835135494595
-1.266117486966939,-1.266117486966939
1.9743385564396059,1.9743385564396059
