,theta_x,theta_y
0,0.8001429594541362,0.8001429594541362
1,1.911690413158653,1.911690413158653
2,1.178024168092653,1.178024168092653
3,-1.3555559554501164,-1.3555559554501164
4,-0.6545383481723087,-0.6545383481723087
5,1.7354317292056611,1.7354317292056611
6,-3.132226505055016,-3.132226505055016
