,theta_x,theta_y
0,-2.74211511723748,-2.74211511723748
1,-1.7506645121304605,-1.7506645121304605
2,1.453427651052758,1.453427651052758
3,0.6833103136681572,0.6833103136681572
4,-2.9456334637429067,-2.9456334637429067
