,theta_x,theta_y
0,0.47493814448485944,0.47493814448485944
1,0.03392647854768208,0.03392647854768208
2,1.45322599346999,1.45322599346999
3,-0.5891910728688454,-0.5891910728688454
4,-0.7099932676985656,-0.7099932676985656
5,-0.4920154549201179,-0.4920154549201179
6,-0.2696887761840685,-0.2696887761840685
7,-1.3366701741329228,-1.3366701741329228
8,-0.6304330292694404,-0.6304330292694404
