,theta_x,theta_y
0,-2.5469368358796385,-2.5469368358796385
1,-3.141592653589793,-3.141592653589793
2,2.9020036149639514,2.9020036149639514
3,-0.3916420008766802,-0.3916420008766802
4,-2.50193084537314,-2.50193084537314
5,-0.8802547881436114,-0.8802547881436114
