,theta_x,theta_y
0,0.5580617627079993,0.5580617627079993
1,2.308582368913719,2.308582368913719
2,0.28783824681033987,0.28783824681033987
3,-0.6829065740544324,-0.6829065740544324
4,-1.8180281032723993,-1.8180281032723993
