,theta_x,theta_y
0,2.457605084022409,2.457605084022409
1,-0.7187925922846778,-0.7187925922846778
2,0.9487198175405376,0.9487198175405376
3,1.8621519094001444,1.8621519094001444
4,0.02985597303426349,0.02985597303426349
5,2.4501107970216727,2.4501107970216727
6,0.18677575480168046,0.18677575480168046
7,2.548832107035757,2.548832107035757
