,theta_x,theta_y
0,1.5893397778320142,1.5893397778320142
1,0.25907792194285023,0.25907792194285023
2,2.200780713821567,2.200780713821567
3,-1.5532660388193906,-1.5532660388193906
