theta_x,theta_y
-0.5598114343282428,-0.5598114343282428
3.141592653589793,3.141592653589793
-0.5361786628103179,-0.5361786628103179
3.141592653589793,3.141592653589793
-0.5164409684030034,-0.5164409684030034
