,theta_x,theta_y
0,0.47308772860053966,0.47308772860053966
1,-0.7460571038351027,-0.7460571038351027
2,-2.6918594162039566,-2.6918594162039566
3,-3.141592653589793,-3.141592653589793
4,1.2741401716583876,1.2741401716583876
5,1.3205755799213978,1.3205755799213978
6,0.42353247252535714,0.42353247252535714
