,theta_x,theta_y
0,0.30361213345479404,0.30361213345479404
1,3.141592653589793,3.141592653589793
2,-1.921470584525681,-1.921470584525681
3,1.7268760797448786,1.7268760797448786
