,theta_x,theta_y
0,-1.3164486951663,-1.3164486951663
1,-2.001965101539814,-2.001965101539814
2,2.8478115582668413,2.8478115582668413
3,0.41667071062636885,0.41667071062636885
4,-2.119832336422261,-2.119832336422261
5,-1.283744337370067,-1.283744337370067
6,-2.258938356086288,-2.258938356086288
7,-1.5625507655829005,-1.5625507655829005
8,0.6899186667502129,0.6899186667502129
