,theta_x,theta_y
0,-1.1600406295737364,-1.1600406295737364
1,3.069342860307047,3.069342860307047
