,theta_x,theta_y
0,1.7671596423885019,1.7671596423885019
1,-1.6013876690630686,-1.6013876690630686
2,-0.07921372567483947,-0.07921372567483947
3,1.9256499017628572,1.9256499017628572
4,0.7370714087632413,0.7370714087632413
