,theta_x,theta_y
0,-2.7464875522054397,-2.7464875522054397
1,-2.278953246312767,-2.278953246312767
2,2.3726882825631863,2.3726882825631863
3,0.4811148656529233,0.4811148656529233
4,-2.573604296588704,-2.573604296588704
5,-1.0270739217337481,-1.0270739217337481
6,0.05490010561493566,0.05490010561493566
