theta_x,theta_y
2.5671039673375566,2.5671039673375566
2.5143827167030013,2.5143827167030013
2.463705286937941,2.463705286937941
-3.141592653589793,-3.141592653589793
-3.141592653589793,-3.141592653589793
-3.141592653589793,-3.141592653589793
2.295014761399901,2.295014761399901
-3.141592653589793,-3.141592653589793
-3.141592653589793,-3.141592653589793
2.2197177442086073,2.2197177442086073
