,theta_x,theta_y
0,-3.005392287139947,-3.005392287139947
1,-2.215892879115805,-2.215892879115805
2,2.8142668814688383,2.8142668814688383
