theta_x,theta_y
-2.1631802773633133,-2.1631802773633133
-2.0566081975481483,-2.0566081975481483
2.244889757908844,2.244889757908844
-2.4159604368833927,-2.4159604368833927
0.1757415183669115,0.1757415183669115
2.4262808322470817,2.4262808322470817
