,theta_x,theta_y
0,2.4977883939168137,2.4977883939168137
1,0.28190553686930414,0.28190553686930414
2,2.7994238803197025,2.7994238803197025
3,-2.300443749848621,-2.300443749848621
4,0.45443800152217684,0.45443800152217684
5,-0.43913297480081376,-0.43913297480081376
6,1.6274961914894122,1.6274961914894122
