,theta_x,theta_y
0,-1.6635685128597526,-1.6635685128597526
1,-0.15243918733544798,-0.15243918733544798
2,0.7953616684445322,0.7953616684445322
