,theta_x,theta_y
0,1.7579365442804133,1.7579365442804133
1,0.564570034025725,0.564570034025725
2,-3.0305427660462847,-3.0305427660462847
3,0.630420721995973,0.630420721995973
4,0.20746977738898956,0.20746977738898956
