theta_x,theta_y
1.9215078510267907,1.9215078510267907
0.46731353859401936,0.46731353859401936
2.0054497769494004,2.0054497769494004
-2.566234952035327,-2.566234952035327
0.3372941118189956,0.3372941118189956
0.0019478314309544636,0.0019478314309544636
0.6234036426892609,0.6234036426892609
-1.4388532782397587,-1.4388532782397587
