,theta_x,theta_y
0,-0.9155855034157167,-0.9155855034157167
1,-1.426128062091483,-1.426128062091483
2,-0.9447352338121916,-0.9447352338121916
3,-0.34492070989408785,-0.34492070989408785
4,2.522250283584812,2.522250283584812
