theta_x,theta_y
-3.141592653589793,-3.141592653589793
-3.141592653589793,-3.141592653589793
-3.141592653589793,-3.141592653589793
-1.0635657726184755,-1.0635657726184755
2.5365174948232427,2.5365174948232427
-1.8940115579761982,-1.8940115579761982
-0.7434692908860564,-0.7434692908860564
-0.2461426686030424,-0.2461426686030424
0.22654097475034016,0.22654097475034016
