theta_x,theta_y
-3.141592653589793,-3.141592653589793
3.099664598464257,3.099664598464257
-1.3869463233243435,-1.3869463233243435
