,theta_x,theta_y
0,-3.141592653589793,-3.141592653589793
1,3.099664598464257,3.099664598464257
2,-1.3869463233243435,-1.3869463233243435
