theta_x,theta_y
3.141592653589793,3.141592653589793
3.141592653589793,3.141592653589793
2.5176768927582573,2.5176768927582573
-3.141592653589793,-3.141592653589793
-3.141592653589793,-3.141592653589793
-3.141592653589793,-3.141592653589793
-3.141592653589793,-3.141592653589793
-3.141592653589793,-3.141592653589793
-3.141592653589793,-3.141592653589793
