,theta_x,theta_y
0,-1.6757861342757794,-1.6757861342757794
1,2.9664328492616026,2.9664328492616026
2,-1.4595183048605973,-1.4595183048605973
3,1.695277105283131,1.695277105283131
4,3.141592653589793,3.141592653589793
5,-1.5059624590001017,-1.5059624590001017
