,theta_x,theta_y
0,-1.5698536818540225,-1.5698536818540225
1,3.090652217405214,3.090652217405214
2,-1.5507675136444148,-1.5507675136444148
