,theta_x,theta_y
0,-0.39267614492898967,-0.39267614492898967
1,2.1014441353761972,2.1014441353761972
2,-3.141592653589793,-3.141592653589793
3,2.9703906953432826,2.9703906953432826
