,theta_x,theta_y
0,0.37101372215630063,0.37101372215630063
1,-1.416149173130401,-1.416149173130401
2,-1.1115830868676577,-1.1115830868676577
3,-0.5375959122444713,-0.5375959122444713
