theta_x,theta_y
0.7346059206973167,0.7346059206973167
2.5246753170894967,2.5246753170894967
1.6276487524286665,1.6276487524286665
-1.6166679295825725,-1.6166679295825725
