theta_x,theta_y
1.3430078442395743,1.3430078442395743
1.5768598742654873,1.5768598742654873
1.0427000655776792,1.0427000655776792
-3.141592653589793,-3.141592653589793
0.6078627647049811,0.6078627647049811
0.9959116479526199,0.9959116479526199
1.0398904853315976,1.0398904853315976
0.9280838142998054,0.9280838142998054
0.7035802441044849,0.7035802441044849
0.9867908023285582,0.9867908023285582
