theta_x,theta_y
0.6377656991619026,0.6377656991619026
-0.6200236407719071,-0.6200236407719071
-1.9239773738736836,-1.9239773738736836
-2.47901749729184,-2.47901749729184
2.06212082290968,2.06212082290968
2.4426201584733946,2.4426201584733946
0.8532771186523793,0.8532771186523793
0.8084285867217595,0.8084285867217595
0.1144302362149535,0.1144302362149535
2.218973733470487,2.218973733470487
