theta_x,theta_y
-0.27950829836064844,-0.27950829836064844
-0.28869686973013325,-0.28869686973013325
-0.29747633371694254,-0.29747633371694254
-0.30610144652474824,-0.30610144652474824
-0.31445035787225667,-0.31445035787225667
-0.32256299014100676,-0.32256299014100676
-0.33049401093409647,-0.33049401093409647
-0.3381158343564567,-0.3381158343564567
-0.34555031523633456,-0.34555031523633456
