,theta_x,theta_y
0,1.3765513368035827,1.3765513368035827
1,1.7307793307377606,1.7307793307377606
2,1.313074242249165,1.313074242249165
3,-2.2861705972619895,-2.2861705972619895
