,theta_x,theta_y
0,1.0164063643150012,1.0164063643150012
1,0.8190529399557124,0.8190529399557124
2,-3.141592653589793,-3.141592653589793
3,-3.141592653589793,-3.141592653589793
4,0.5418239316491956,0.5418239316491956
