,theta_x,theta_y
0,2.37937373951346,2.37937373951346
1,0.30284125866618,0.30284125866618
2,2.6080980628962407,2.6080980628962407
3,-2.4128542211603956,-2.4128542211603956
4,0.46470009354991215,0.46470009354991215
5,-0.2137150491394435,-0.2137150491394435
6,1.0661129262715876,1.0661129262715876
7,-1.4718787689417867,-1.4718787689417867
8,1.5746575349045977,1.5746575349045977
