,theta_x,theta_y
0,-2.3277378559477,-2.3277378559477
1,2.6850389819781926,2.6850389819781926
2,-3.141592653589793,-3.141592653589793
3,1.8737765202143608,1.8737765202143608
4,-3.1372931598758766,-3.1372931598758766
5,-0.5749021525508089,-0.5749021525508089
6,-3.141592653589793,-3.141592653589793
7,-2.7887946972960354,-2.7887946972960354
