theta_x,theta_y
-3.0517534590735074,-3.0517534590735074
-1.5087096807730243,-1.5087096807730243
1.5644726608955908,1.5644726608955908
0.9340350549702484,0.9340350549702484
-3.022407699376828,-3.022407699376828
0.1650347236086976,0.1650347236086976
0.4640122834117512,0.4640122834117512
