,theta_x,theta_y
0,1.0144256789891475,1.0144256789891475
1,0.9831423494035204,0.9831423494035204
2,0.9535010325872316,0.9535010325872316
3,-3.141592653589793,-3.141592653589793
