theta_x,theta_y
0.83863709291714,0.83863709291714
1.1989791655067488,1.1989791655067488
-0.024241948193178316,-0.024241948193178316
-0.8401066671025691,-0.8401066671025691
-0.9306675893949748,-0.9306675893949748
0.15097921483346236,0.15097921483346236
-1.8549027785182932,-1.8549027785182932
0.2679013702042735,0.2679013702042735
1.1888450318646395,1.1888450318646395
-1.4189190726855905,-1.4189190726855905
