,theta_x,theta_y
0,0.023300587853550728,0.023300587853550728
1,2.908885861943699,2.908885861943699
2,-0.156655418906603,-0.156655418906603
3,2.2086255471293064,2.2086255471293064
4,1.8817338129908259,1.8817338129908259
