theta_x,theta_y
0.6867808473148757,0.6867808473148757
0.5694567476466621,0.5694567476466621
0.6689270124823916,0.6689270124823916
-0.24096350267104746,-0.24096350267104746
0.21384293983746025,0.21384293983746025
