theta_x,theta_y
2.338223130724497,2.338223130724497
0.3719623404059958,0.3719623404059958
2.5616872155621913,2.5616872155621913
-2.3755753044331054,-2.3755753044331054
