theta_x,theta_y
2.7847603328439563,2.7847603328439563
0.3326526866436944,0.3326526866436944
2.9327444206107596,2.9327444206107596
-2.871477218750675,-2.871477218750675
0.8750249242463697,0.8750249242463697
-0.39230163290258246,-0.39230163290258246
