theta_x,theta_y
0.9534484198012204,0.9534484198012204
0.8325726231345377,0.8325726231345377
0.7218908497014198,0.7218908497014198
0.6905705367518089,0.6905705367518089
-3.019594437123915,-3.019594437123915
1.0131205541050816,1.0131205541050816
0.8890616210743482,0.8890616210743482
-3.0519329471778702,-3.0519329471778702
-3.0420103968041703,-3.0420103968041703
0.8709008881441052,0.8709008881441052
