,theta_x,theta_y
0,-1.482269597037186,-1.482269597037186
1,-1.803274937589057,-1.803274937589057
2,2.208518143250163,2.208518143250163
3,-3.1031431438961015,-3.1031431438961015
4,1.381831036885434,1.381831036885434
5,1.1830638593651204,1.1830638593651204
