,theta_x,theta_y
0,-0.31209004329184764,-0.31209004329184764
1,-0.37902419044707497,-0.37902419044707497
2,-0.3417415131532101,-0.3417415131532101
3,-0.4125174668624629,-0.4125174668624629
4,-0.5436898937790171,-0.5436898937790171
5,-0.6772538217054477,-0.6772538217054477
6,-0.5553794686249403,-0.5553794686249403
7,-0.5105518252787604,-0.5105518252787604
8,-0.5788753668019609,-0.5788753668019609
