theta_x,theta_y
0.21348722528541175,0.21348722528541175
-0.6968345430900356,-0.6968345430900356
-3.141592653589793,-3.141592653589793
