,theta_x,theta_y
0,-1.6324063613416506,-1.6324063613416506
1,2.2677549571668925,2.2677549571668925
2,-2.2109039162406905,-2.2109039162406905
3,2.4184418731061914,2.4184418731061914
4,2.2901110523508788,2.2901110523508788
5,-0.7457745880837805,-0.7457745880837805
6,0.8909430938163885,0.8909430938163885
7,-0.5407319851254188,-0.5407319851254188
