,theta_x,theta_y
0,0.037824894796861824,0.037824894796861824
1,1.9603019099084407,1.9603019099084407
2,3.141592653589793,3.141592653589793
