theta_x,theta_y
-3.0770318231629323,-3.0770318231629323
-1.629336730669615,-1.629336730669615
1.5980275296453201,1.5980275296453201
0.9024482678510015,0.9024482678510015
-3.0330947125204335,-3.0330947125204335
-0.11138898611281584,-0.11138898611281584
