theta_x,theta_y
1.7359125112503138,1.7359125112503138
1.3728753746251137,1.3728753746251137
-0.9813881586975491,-0.9813881586975491
-0.7061518676897321,-0.7061518676897321
-1.387659660948195,-1.387659660948195
-0.6463905151451761,-0.6463905151451761
-1.0304535631297358,-1.0304535631297358
