,theta_x,theta_y
0,-0.4112488640449453,-0.4112488640449453
1,2.891318703835902,2.891318703835902
2,-2.6755895233321265,-2.6755895233321265
3,2.1445474206947077,2.1445474206947077
4,-0.7232281900741047,-0.7232281900741047
5,-0.35674807043369566,-0.35674807043369566
