theta_x,theta_y
-3.115812084738407,-3.115812084738407
-2.352045611693609,-2.352045611693609
1.7651914463182174,1.7651914463182174
-3.141592653589793,-3.141592653589793
0.7605126228584327,0.7605126228584327
2.2367947584144643,2.2367947584144643
-3.141592653589793,-3.141592653589793
-2.8313008598633282,-2.8313008598633282
-1.9702548683142929,-1.9702548683142929
0.0019218657386309733,0.0019218657386309733
