,theta_x,theta_y
0,0.7317634194620358,0.7317634194620358
1,0.5388449416904342,0.5388449416904342
2,-1.1374513270962774,-1.1374513270962774
3,-2.627450794437356,-2.627450794437356
