,theta_x,theta_y
0,2.17617128640923,2.17617128640923
1,-2.518557059194804,-2.518557059194804
2,-3.141592653589793,-3.141592653589793
3,-3.141592653589793,-3.141592653589793
4,1.8232136919431323,1.8232136919431323
5,2.3217509204975992,2.3217509204975992
6,2.2142127395177855,2.2142127395177855
7,2.851030872854371,2.851030872854371
8,1.5415918984421684,1.5415918984421684
