theta_x,theta_y
0.3953947629643598,0.3953947629643598
3.141592653589793,3.141592653589793
1.773278794633432,1.773278794633432
-1.1520484474712247,-1.1520484474712247
-1.1260059468309989,-1.1260059468309989
3.047962068831212,3.047962068831212
-2.5693000504362162,-2.5693000504362162
2.25534913971743,2.25534913971743
1.7602690979307098,1.7602690979307098
0.17058035902753182,0.17058035902753182
