theta_x,theta_y
0.5872133776541633,0.5872133776541633
3.141592653589793,3.141592653589793
-2.7676033215185467,-2.7676033215185467
2.694057551753205,2.694057551753205
-1.9779373101672704,-1.9779373101672704
-0.15875964401204126,-0.15875964401204126
2.3806371298468676,2.3806371298468676
-0.2586179598744516,-0.2586179598744516
1.4446093414804124,1.4446093414804124
-3.141592653589793,-3.141592653589793
