,theta_x,theta_y
0,-1.54247736445156,-1.54247736445156
1,3.141592653589793,3.141592653589793
2,2.1255872457492293,2.1255872457492293
3,-0.6656185594728219,-0.6656185594728219
4,-2.1376367261671216,-2.1376367261671216
5,3.141592653589793,3.141592653589793
6,-3.141592653589793,-3.141592653589793
7,2.572990887663942,2.572990887663942
