theta_x,theta_y
-1.0270634437886206,-1.0270634437886206
-0.7630698268560195,-0.7630698268560195
-1.993761592435404,-1.993761592435404
-2.74306028559653,-2.74306028559653
