,theta_x,theta_y
0,-1.0270634437886206,-1.0270634437886206
1,-0.7630698268560195,-0.7630698268560195
2,-1.993761592435404,-1.993761592435404
3,-2.74306028559653,-2.74306028559653
