,theta_x,theta_y
0,3.141592653589793,3.141592653589793
1,-0.27552687757307814,-0.27552687757307814
2,0.5485612796561121,0.5485612796561121
3,2.4976858000151987,2.4976858000151987
4,0.6389403445864003,0.6389403445864003
5,3.141592653589793,3.141592653589793
6,3.134725583674792,3.134725583674792
7,3.1372917406207215,3.1372917406207215
8,-0.974193898044795,-0.974193898044795
