,theta_x,theta_y
0,-3.141592653589793,-3.141592653589793
1,1.2056283813158193,1.2056283813158193
2,-0.14507462391876663,-0.14507462391876663
3,2.8927908629268773,2.8927908629268773
