,theta_x,theta_y
0,3.141592653589793,3.141592653589793
1,0.062388285174987214,0.062388285174987214
2,3.003448160545883,3.003448160545883
3,-3.141592653589793,-3.141592653589793
4,1.650805776150421,1.650805776150421
5,-0.35496948508818205,-0.35496948508818205
