,theta_x,theta_y
0,-0.31529377978181167,-0.31529377978181167
1,3.0215850293199655,3.0215850293199655
2,-1.9822472263233832,-1.9822472263233832
3,2.4314118088098904,2.4314118088098904
4,-1.0138133344609788,-1.0138133344609788
5,-0.6849976917593423,-0.6849976917593423
6,2.143348621386559,2.143348621386559
7,-0.8382981526552936,-0.8382981526552936
