theta_x,theta_y
-0.16933301202793918,-0.16933301202793918
2.74013422536145,2.74013422536145
-0.5962432422778786,-0.5962432422778786
2.5411489514614156,2.5411489514614156
1.4254704035495946,1.4254704035495946
0.44054950806663845,0.44054950806663845
-0.22180775653157733,-0.22180775653157733
-0.7820727156310794,-0.7820727156310794
