,theta_x,theta_y
0,-0.16933301202793918,-0.16933301202793918
1,2.74013422536145,2.74013422536145
2,-0.5962432422778786,-0.5962432422778786
3,2.5411489514614156,2.5411489514614156
4,1.4254704035495946,1.4254704035495946
5,0.44054950806663845,0.44054950806663845
6,-0.22180775653157733,-0.22180775653157733
7,-0.7820727156310794,-0.7820727156310794
