theta_x,theta_y
0.2019578833717443,0.2019578833717443
-0.9105627894682298,-0.9105627894682298
-0.9325631226030161,-0.9325631226030161
-0.7674781936470264,-0.7674781936470264
