,theta_x,theta_y
0,0.04487360274597388,0.04487360274597388
1,1.8649786020285928,1.8649786020285928
