theta_x,theta_y
3.141592653589793,3.141592653589793
1.2386119215918083,1.2386119215918083
-2.213815337622274,-2.213815337622274
-3.141592653589793,-3.141592653589793
2.1270693480444613,2.1270693480444613
1.6507511133109551,1.6507511133109551
