,theta_x,theta_y
0,1.2133503105381072,1.2133503105381072
1,1.162984781641667,1.162984781641667
2,1.1145161422554137,1.1145161422554137
3,-3.141592653589793,-3.141592653589793
4,1.066789337221893,1.066789337221893
5,1.0336023074172147,1.0336023074172147
6,1.00158024755509,1.00158024755509
7,0.9706060323569453,0.9706060323569453
8,0.9407566733529659,0.9407566733529659
