theta_x,theta_y
-3.141592653589793,-3.141592653589793
-1.6605966887979118,-1.6605966887979118
1.3340020920247921,1.3340020920247921
1.3351568285800763,1.3351568285800763
-3.141592653589793,-3.141592653589793
