theta_x,theta_y
-1.4890732184093642,-1.4890732184093642
-1.5120132433273976,-1.5120132433273976
3.141592653589793,3.141592653589793
-1.4973078443705838,-1.4973078443705838
-1.5204095853115671,-1.5204095853115671
-1.55516617212027,-1.55516617212027
-1.5764339188939025,-1.5764339188939025
-1.561301303207182,-1.561301303207182
-1.5784732436192261,-1.5784732436192261
-1.6184922777602753,-1.6184922777602753
