theta_x,theta_y
-3.141592653589793,-3.141592653589793
1.5308204900461488,1.5308204900461488
-3.141592653589793,-3.141592653589793
1.5870971070223467,1.5870971070223467
-3.141592653589793,-3.141592653589793
