,theta_x,theta_y
0,-1.8806406517152308,-1.8806406517152308
1,3.1002203888653668,3.1002203888653668
2,-1.799369545991158,-1.799369545991158
3,2.4527714266902216,2.4527714266902216
4,2.8204147012239957,2.8204147012239957
