,theta_x,theta_y
0,1.1342335151723362,1.1342335151723362
1,1.8400828230666955,1.8400828230666955
2,1.2403789834066097,1.2403789834066097
3,-1.5310775835985437,-1.5310775835985437
4,-0.6056266882730362,-0.6056266882730362
5,1.6174143016199032,1.6174143016199032
6,-3.141592653589793,-3.141592653589793
7,1.5812818473309092,1.5812818473309092
