theta_x,theta_y
-3.141592653589793,-3.141592653589793
2.7509752560143994,2.7509752560143994
-3.1301284419311783,-3.1301284419311783
3.141592653589793,3.141592653589793
0.929118877635148,0.929118877635148
