theta_x,theta_y
2.2642690888520622,2.2642690888520622
-0.452867606341341,-0.452867606341341
-0.564053125842339,-0.564053125842339
2.1496443834852883,2.1496443834852883
1.4729596166584622,1.4729596166584622
3.141592653589793,3.141592653589793
1.3999786120581916,1.3999786120581916
