theta_x,theta_y
-3.141592653589793,-3.141592653589793
-3.141592653589793,-3.141592653589793
1.1021678374808082,1.1021678374808082
2.46463158865031,2.46463158865031
