theta_x,theta_y
-0.07671602753297718,-0.07671602753297718
-0.6179613868200078,-0.6179613868200078
-0.9456646546377153,-0.9456646546377153
-1.1651679224534028,-1.1651679224534028
3.141592653589793,3.141592653589793
-0.15997769754768296,-0.15997769754768296
