,theta_x,theta_y
0,0.981302565217638,0.981302565217638
1,0.9808915885233214,0.9808915885233214
2,0.973652003399069,0.973652003399069
3,0.9671849077172957,0.9671849077172957
4,0.9923174060545349,0.9923174060545349
5,0.9750088779682955,0.9750088779682955
6,0.9848921327855756,0.9848921327855756
7,0.9427450760796275,0.9427450760796275
8,0.9755755281812158,0.9755755281812158
9,-3.141592653589793,-3.141592653589793
