theta_x,theta_y
-0.47947096762011354,-0.47947096762011354
-2.026431530199462,-2.026431530199462
0.9394108458968613,0.9394108458968613
-1.118078130343525,-1.118078130343525
3.141592653589793,3.141592653589793
3.141592653589793,3.141592653589793
