,theta_x,theta_y
0,1.1402253382421652,1.1402253382421652
1,1.149519648393447,1.149519648393447
2,0.6648217156396375,0.6648217156396375
3,-0.7635561663846875,-0.7635561663846875
4,-0.5297259044804343,-0.5297259044804343
5,1.0391120463927952,1.0391120463927952
6,-3.11233146976437,-3.11233146976437
7,1.2783857608790057,1.2783857608790057
8,2.272744389577635,2.272744389577635
