theta_x,theta_y
-0.9118419057552689,-0.9118419057552689
3.141592653589793,3.141592653589793
-2.0909596043212457,-2.0909596043212457
2.030033763682904,2.030033763682904
-2.141436753640789,-2.141436753640789
1.3277007003379,1.3277007003379
2.395571545317726,2.395571545317726
1.1480085996051839,1.1480085996051839
0.7785719669876057,0.7785719669876057
