,theta_x,theta_y
0,-2.0052579287562198,-2.0052579287562198
1,-0.6327127509099812,-0.6327127509099812
2,1.2858221019121918,1.2858221019121918
