,theta_x,theta_y
0,-2.845278238976238,-2.845278238976238
1,1.441668829068816,1.441668829068816
2,-3.141592653589793,-3.141592653589793
3,3.1224559292257186,3.1224559292257186
