theta_x,theta_y
2.1628841283389137,2.1628841283389137
-0.06071510177126266,-0.06071510177126266
0.7267033327721953,0.7267033327721953
1.2363956017611246,1.2363956017611246
0.6345679659683692,0.6345679659683692
2.0186771436730853,2.0186771436730853
1.1290700575298818,1.1290700575298818
1.7560269501979417,1.7560269501979417
-2.2789413559026057,-2.2789413559026057
