,theta_x,theta_y
0,2.1628841283389137,2.1628841283389137
1,-0.06071510177126266,-0.06071510177126266
2,0.7267033327721953,0.7267033327721953
3,1.2363956017611246,1.2363956017611246
4,0.6345679659683692,0.6345679659683692
5,2.0186771436730853,2.0186771436730853
6,1.1290700575298818,1.1290700575298818
7,1.7560269501979417,1.7560269501979417
8,-2.2789413559026057,-2.2789413559026057
