,theta_x,theta_y
0,0.27002688290912685,0.27002688290912685
1,0.9097284729563444,0.9097284729563444
2,1.2473222911429886,1.2473222911429886
3,-2.8309441407686777,-2.8309441407686777
4,2.2020311150084337,2.2020311150084337
5,1.2989322903210172,1.2989322903210172
6,-1.6773017431974493,-1.6773017431974493
7,-2.8266467325992504,-2.8266467325992504
8,0.430662157241507,0.430662157241507
9,1.6739162406224328,1.6739162406224328
