,theta_x,theta_y
0,3.044459450182076,3.044459450182076
1,0.6392217771343273,0.6392217771343273
2,3.141592653589793,3.141592653589793
3,-2.9188364107209837,-2.9188364107209837
4,1.364483801424894,1.364483801424894
5,-0.40980327491182306,-0.40980327491182306
6,2.2462189841551443,2.2462189841551443
7,-2.2276364983913184,-2.2276364983913184
8,2.2762712374794885,2.2762712374794885
