theta_x,theta_y
0.480461374600668,0.480461374600668
-1.337632404816657,-1.337632404816657
-2.2901627419144686,-2.2901627419144686
