,theta_x,theta_y
0,-3.141592653589793,-3.141592653589793
1,1.2332979961007862,1.2332979961007862
2,-2.7768206758818703,-2.7768206758818703
3,2.414833927612031,2.414833927612031
