,theta_x,theta_y
0,1.8470604192903763,1.8470604192903763
1,1.9861914761330366,1.9861914761330366
2,-3.141592653589793,-3.141592653589793
3,1.821911939051496,1.821911939051496
