,theta_x,theta_y
0,1.1985683842671924,1.1985683842671924
1,1.196851493020175,1.196851493020175
2,-3.141592653589793,-3.141592653589793
3,-3.141592653589793,-3.141592653589793
4,1.1427762866794702,1.1427762866794702
5,1.161748049543711,1.161748049543711
6,1.1765901312045475,1.1765901312045475
7,1.1949627890899608,1.1949627890899608
8,1.209420699827453,1.209420699827453
