,theta_x,theta_y
0,2.6574949777489296,2.6574949777489296
1,0.7061920640393486,0.7061920640393486
2,3.0850044627626896,3.0850044627626896
3,-1.247767469600426,-1.247767469600426
