,theta_x,theta_y
0,-0.48448662648334995,-0.48448662648334995
