theta_x,theta_y
1.435077340959303,1.435077340959303
0.31662386783033336,0.31662386783033336
-3.141592653589793,-3.141592653589793
-3.141592653589793,-3.141592653589793
1.3318436068039783,1.3318436068039783
