theta_x,theta_y
1.1713646913135065,1.1713646913135065
1.270313945140502,1.270313945140502
1.0466443689078684,1.0466443689078684
1.2769338313596785,1.2769338313596785
1.0219074906717638,1.0219074906717638
