,theta_x,theta_y
0,1.1741787315400702,1.1741787315400702
1,1.804827706842478,1.804827706842478
2,-0.25397520945410207,-0.25397520945410207
3,-1.2635391492154506,-1.2635391492154506
4,-3.141592653589793,-3.141592653589793
