,theta_x,theta_y
0,-1.4434288004823683,-1.4434288004823683
