theta_x,theta_y
1.9687425319371699,1.9687425319371699
-0.40290725117300163,-0.40290725117300163
0.90527515836297,0.90527515836297
1.4997052066907388,1.4997052066907388
1.196053999829945,1.196053999829945
2.13654424515169,2.13654424515169
1.7030853781776034,1.7030853781776034
2.0317930002257856,2.0317930002257856
