,theta_x,theta_y
0,0.7995897700479777,0.7995897700479777
1,0.843616641480406,0.843616641480406
2,0.5580428331930496,0.5580428331930496
3,-2.504190149074995,-2.504190149074995
4,0.7691216041670439,0.7691216041670439
5,0.055025840936135134,0.055025840936135134
6,-0.14475488591435304,-0.14475488591435304
