,theta_x,theta_y
0,-1.6422788625209783,-1.6422788625209783
1,2.184754975216871,2.184754975216871
2,-1.8910937465560191,-1.8910937465560191
3,-0.11594978314459628,-0.11594978314459628
4,-1.0039676696595,-1.0039676696595
5,1.672343676381618,1.672343676381618
6,1.2555435669870578,1.2555435669870578
