theta_x,theta_y
-1.6422788625209783,-1.6422788625209783
2.184754975216871,2.184754975216871
-1.8910937465560191,-1.8910937465560191
-0.11594978314459628,-0.11594978314459628
-1.0039676696595,-1.0039676696595
1.672343676381618,1.672343676381618
1.2555435669870578,1.2555435669870578
