,theta_x,theta_y
0,0.6148467143021717,0.6148467143021717
1,2.218550879978633,2.218550879978633
2,1.626974620234602,1.626974620234602
3,-1.4285795313804275,-1.4285795313804275
4,-1.010759351955996,-1.010759351955996
5,2.0762307770933455,2.0762307770933455
6,-2.993183797821251,-2.993183797821251
