theta_x,theta_y
-0.45341088075558583,-0.45341088075558583
-1.333956474373779,-1.333956474373779
-1.0531265888877086,-1.0531265888877086
-0.4176815178122365,-0.4176815178122365
2.9117227304351676,2.9117227304351676
0.12596495375625544,0.12596495375625544
0.755116451598235,0.755116451598235
0.08012402416291843,0.08012402416291843
