,theta_x,theta_y
0,-0.36492711324400895,-0.36492711324400895
1,-0.9006926404337311,-0.9006926404337311
2,-0.6000896237685143,-0.6000896237685143
3,-0.6931853184125883,-0.6931853184125883
4,3.0285011939700532,3.0285011939700532
5,0.49294002067944237,0.49294002067944237
6,0.86644228828396,0.86644228828396
7,-0.40678523014221635,-0.40678523014221635
