theta_x,theta_y
0.23304202892986997,0.23304202892986997
-0.5256825040107075,-0.5256825040107075
-2.27705909855188,-2.27705909855188
-2.8810291023948844,-2.8810291023948844
1.0618153773283048,1.0618153773283048
1.503408693463198,1.503408693463198
0.1771678028506178,0.1771678028506178
0.6541507297194493,0.6541507297194493
0.44090394450587467,0.44090394450587467
1.83422801303285,1.83422801303285
