,theta_x,theta_y
0,-0.21966062710088313,-0.21966062710088313
1,-0.7319501931167456,-0.7319501931167456
2,-2.280975208106286,-2.280975208106286
3,-3.0147726468940625,-3.0147726468940625
4,0.4368480622435759,0.4368480622435759
5,1.4695246549469578,1.4695246549469578
6,-0.8078202751972091,-0.8078202751972091
7,-0.5345715562003218,-0.5345715562003218
8,-0.022629137508499736,-0.022629137508499736
