,theta_x,theta_y
0,-3.141592653589793,-3.141592653589793
1,-1.1158431001358153,-1.1158431001358153
2,1.78393318965114,1.78393318965114
3,1.0129706561686835,1.0129706561686835
