,theta_x,theta_y
0,-2.1696373109674854,-2.1696373109674854
1,-1.8590287648773005,-1.8590287648773005
2,2.135034878465216,2.135034878465216
3,0.9653692803607394,0.9653692803607394
4,-2.4840832006265146,-2.4840832006265146
5,0.10463078958312522,0.10463078958312522
6,-0.6642387384288115,-0.6642387384288115
7,-2.20628410426496,-2.20628410426496
