,theta_x,theta_y
0,3.141592653589793,3.141592653589793
1,1.9864472441559224,1.9864472441559224
2,1.3327005824030562,1.3327005824030562
3,-0.24112345212731634,-0.24112345212731634
4,0.5364095647370488,0.5364095647370488
