,theta_x,theta_y
0,-0.49113051918064327,-0.49113051918064327
1,-2.450377548090792,-2.450377548090792
2,-3.141592653589793,-3.141592653589793
3,-1.9766134587846265,-1.9766134587846265
4,3.141592653589793,3.141592653589793
