,theta_x,theta_y
0,0.4301284751429391,0.4301284751429391
1,-0.5611811942070397,-0.5611811942070397
2,-3.141592653589793,-3.141592653589793
3,-3.070334895842364,-3.070334895842364
4,2.5023206179355175,2.5023206179355175
