,theta_x,theta_y
0,2.757019581779582,2.757019581779582
1,-1.7513762706972267,-1.7513762706972267
2,2.4657788513113355,2.4657788513113355
3,-3.141592653589793,-3.141592653589793
4,1.3911504733651279,1.3911504733651279
5,-1.962420755731767,-1.962420755731767
6,1.5792277389606013,1.5792277389606013
7,-2.6125809468517778,-2.6125809468517778
