,theta_x,theta_y
0,3.141592653589793,3.141592653589793
1,-1.1381234066888672,-1.1381234066888672
2,3.141592653589793,3.141592653589793
3,-3.141592653589793,-3.141592653589793
4,2.1490389110628527,2.1490389110628527
5,-0.6531157625826587,-0.6531157625826587
6,2.499021269441008,2.499021269441008
7,-1.1816842807752788,-1.1816842807752788
