theta_x,theta_y
2.6203407836820873,2.6203407836820873
2.5361907799315966,2.5361907799315966
2.5875730235684062,2.5875730235684062
-3.141592653589793,-3.141592653589793
-3.141592653589793,-3.141592653589793
2.348681071714816,2.348681071714816
-3.141592653589793,-3.141592653589793
2.3326962355100704,2.3326962355100704
