theta_x,theta_y
0.4560323097927071,0.4560323097927071
3.141592653589793,3.141592653589793
-3.141592653589793,-3.141592653589793
2.3994955105237734,2.3994955105237734
-2.237191944443704,-2.237191944443704
-0.40290113777967573,-0.40290113777967573
