,theta_x,theta_y
0,-2.757957703143538,-2.757957703143538
1,3.137152141693666,3.137152141693666
2,-2.9854763373277953,-2.9854763373277953
3,2.993217871511688,2.993217871511688
4,-2.5924477596184308,-2.5924477596184308
