,theta_x,theta_y
0,2.701221178537191,2.701221178537191
1,0.21183926163363376,0.21183926163363376
2,2.8930664120312692,2.8930664120312692
3,-2.709719368451534,-2.709719368451534
4,0.6864482651071662,0.6864482651071662
5,-0.6009660680982972,-0.6009660680982972
