theta_x,theta_y
1.6109092341672193,1.6109092341672193
-3.141592653589793,-3.141592653589793
1.5174596311281885,1.5174596311281885
1.5302360782350568,1.5302360782350568
1.5384273591108852,1.5384273591108852
1.5477605756139483,1.5477605756139483
1.554987716169115,1.554987716169115
1.5625313722545924,1.5625313722545924
