,theta_x,theta_y
0,1.3350888926049562,1.3350888926049562
1,1.3917405677038805,1.3917405677038805
2,1.222223947018993,1.222223947018993
3,-3.141592653589793,-3.141592653589793
4,1.3733502775615964,1.3733502775615964
5,1.320478091897371,1.320478091897371
6,1.5217064062411148,1.5217064062411148
7,-3.141592653589793,-3.141592653589793
8,1.7668118213838857,1.7668118213838857
