theta_x,theta_y
1.0172819564786455,1.0172819564786455
-1.6942029689126028,-1.6942029689126028
-2.459442745451699,-2.459442745451699
-2.885858757489472,-2.885858757489472
2.324636435516587,2.324636435516587
2.2155067152383774,2.2155067152383774
1.1175385615204634,1.1175385615204634
1.1150525677870498,1.1150525677870498
