,theta_x,theta_y
0,0.18433997401134744,0.18433997401134744
1,-1.036707409742576,-1.036707409742576
2,-2.5183307440742313,-2.5183307440742313
3,-3.141592653589793,-3.141592653589793
4,1.3901868769836865,1.3901868769836865
5,1.8349136503372947,1.8349136503372947
6,0.4064376754479338,0.4064376754479338
7,0.6856685134728986,0.6856685134728986
8,0.2333489630221421,0.2333489630221421
9,2.1190532517554543,2.1190532517554543
