theta_x,theta_y
-1.0712667776450095,-1.0712667776450095
-0.3678213325052017,-0.3678213325052017
-0.17697453427650642,-0.17697453427650642
-1.8022827335128633,-1.8022827335128633
