,theta_x,theta_y
0,-1.0712667776450095,-1.0712667776450095
1,-0.3678213325052017,-0.3678213325052017
2,-0.17697453427650642,-0.17697453427650642
3,-1.8022827335128633,-1.8022827335128633
