,theta_x,theta_y
0,2.7472806085241377,2.7472806085241377
1,-0.6140611886371925,-0.6140611886371925
2,0.643124425552815,0.643124425552815
3,2.065126463398387,2.065126463398387
4,0.139326770260423,0.139326770260423
5,3.0762678516175295,3.0762678516175295
6,2.100987016481513,2.100987016481513
7,2.4972795669850187,2.4972795669850187
8,-1.9918210337619313,-1.9918210337619313
