,theta_x,theta_y
0,1.6368081598547377,1.6368081598547377
1,0.27793621689712544,0.27793621689712544
2,-0.14885048331099762,-0.14885048331099762
3,-0.7693249227812061,-0.7693249227812061
4,3.141592653589793,3.141592653589793
5,2.2450167946675834,2.2450167946675834
6,1.4402161049334627,1.4402161049334627
