,theta_x,theta_y
0,2.9290817751937954,2.9290817751937954
1,0.057950613941743806,0.057950613941743806
2,3.139659588120867,3.139659588120867
3,-2.6531335507197875,-2.6531335507197875
4,0.7704400056187641,0.7704400056187641
5,-0.5130107684549468,-0.5130107684549468
