,theta_x,theta_y
0,-1.7307790258745717,-1.7307790258745717
1,3.141592653589793,3.141592653589793
2,-1.8467855496926557,-1.8467855496926557
3,2.7698960451442507,2.7698960451442507
