,theta_x,theta_y
0,-2.123251354616126,-2.123251354616126
1,3.0151271534666035,3.0151271534666035
2,-2.1055003989122523,-2.1055003989122523
3,2.3309581062262104,2.3309581062262104
