,theta_x,theta_y
0,0.1909456873957913,0.1909456873957913
1,3.141592653589793,3.141592653589793
2,-2.5793383291507546,-2.5793383291507546
3,2.234776662839548,2.234776662839548
4,-0.9713879745327308,-0.9713879745327308
5,0.4714832130235973,0.4714832130235973
6,1.5335328351703512,1.5335328351703512
7,-0.17144904174706427,-0.17144904174706427
