,theta_x,theta_y
0,-1.8093624761482452,-1.8093624761482452
1,3.141592653589793,3.141592653589793
2,-1.6350423200327746,-1.6350423200327746
