,theta_x,theta_y
0,2.4101570461576465,2.4101570461576465
1,-3.141592653589793,-3.141592653589793
2,-3.141592653589793,-3.141592653589793
3,-3.141592653589793,-3.141592653589793
4,2.4618360314716328,2.4618360314716328
5,2.6738249235100926,2.6738249235100926
