,theta_x,theta_y
0,3.141592653589793,3.141592653589793
1,-1.6372869700879051,-1.6372869700879051
2,-2.3450518570452448,-2.3450518570452448
3,3.141592653589785,3.141592653589785
