,theta_x,theta_y
0,-0.7711598127667025,-0.7711598127667025
1,3.036801946709168,3.036801946709168
2,1.053924838133202,1.053924838133202
3,-1.1053764171288631,-1.1053764171288631
4,-1.6046081897260636,-1.6046081897260636
5,3.071909630480571,3.071909630480571
