,theta_x,theta_y
0,-0.24253947705199919,-0.24253947705199919
1,3.141592653589793,3.141592653589793
2,-2.3253912996245294,-2.3253912996245294
3,2.4730116829717437,2.4730116829717437
4,-1.6449290096485152,-1.6449290096485152
5,0.8459585252086069,0.8459585252086069
6,2.267034124211207,2.267034124211207
7,0.4879735251985013,0.4879735251985013
8,0.6494821224829432,0.6494821224829432
