,theta_x,theta_y
0,2.505548507923422,2.505548507923422
1,-0.1522590461235648,-0.1522590461235648
2,2.658020563641499,2.658020563641499
3,-2.9230056070111834,-2.9230056070111834
4,1.1424253889759775,1.1424253889759775
5,-0.6623785364346759,-0.6623785364346759
6,1.1168386046724437,1.1168386046724437
7,-1.6576567737771675,-1.6576567737771675
8,1.6654605006259064,1.6654605006259064
9,-0.37789624295024055,-0.37789624295024055
