,theta_x,theta_y
0,-0.37903838775011234,-0.37903838775011234
1,-1.829382019883912,-1.829382019883912
2,-1.4955362210752423,-1.4955362210752423
3,-0.8590838250655166,-0.8590838250655166
4,2.746807337026752,2.746807337026752
5,0.11172881078198682,0.11172881078198682
6,1.5352061877800747,1.5352061877800747
7,-1.5241933359792008,-1.5241933359792008
8,1.8217266980360365,1.8217266980360365
9,-2.962949074244599,-2.962949074244599
