theta_x,theta_y
1.9776572571354816,1.9776572571354816
0.7929328282774333,0.7929328282774333
2.1652335099959665,2.1652335099959665
-2.949759073780034,-2.949759073780034
0.5378461507060134,0.5378461507060134
