,theta_x,theta_y
0,1.5937631830788959,1.5937631830788959
1,1.294099229176349,1.294099229176349
2,0.12359848978476533,0.12359848978476533
3,-0.8436433582891639,-0.8436433582891639
4,-3.1329593364766226,-3.1329593364766226
5,-0.06744533986230467,-0.06744533986230467
