theta_x,theta_y
-1.848630675449508,-1.848630675449508
-1.217814493999325,-1.217814493999325
2.0976064297720876,2.0976064297720876
-3.141592653589793,-3.141592653589793
1.8465275070728222,1.8465275070728222
1.8828377011268285,1.8828377011268285
-3.141592653589793,-3.141592653589793
