,theta_x,theta_y
0,-0.2583415928690539,-0.2583415928690539
1,3.0239473755667707,3.0239473755667707
2,-3.1110061459273872,-3.1110061459273872
3,1.2963137609038107,1.2963137609038107
4,-1.3842131161350322,-1.3842131161350322
5,1.1427143994435602,1.1427143994435602
6,1.5570826312668977,1.5570826312668977
7,0.0304577866878177,0.0304577866878177
8,-0.3949950199653315,-0.3949950199653315
