,theta_x,theta_y
0,-3.141592653589793,-3.141592653589793
1,-1.6894627656573566,-1.6894627656573566
2,2.3355374056676164,2.3355374056676164
3,-1.067311745306333,-1.067311745306333
