,theta_x,theta_y
0,1.1981491621115292,1.1981491621115292
1,-0.5353663423807958,-0.5353663423807958
2,-1.1575435231324998,-1.1575435231324998
3,1.7544222675977414,1.7544222675977414
4,2.051484389540564,2.051484389540564
5,3.141592653589793,3.141592653589793
6,1.5334549647074895,1.5334549647074895
7,0.5695736864737142,0.5695736864737142
