,theta_x,theta_y
0,-2.9187880928012166,-2.9187880928012166
1,-3.0742995495170473,-3.0742995495170473
2,-3.141592653589793,-3.141592653589793
3,-2.9648162671997365,-2.9648162671997365
4,2.9431432619466316,2.9431432619466316
5,-1.3572307518019946,-1.3572307518019946
