theta_x,theta_y
0.5586083372248809,0.5586083372248809
0.2328141383801143,0.2328141383801143
0.05157619606854657,0.05157619606854657
-0.2325917690590941,-0.2325917690590941
3.141592653589793,3.141592653589793
0.3248285980259743,0.3248285980259743
0.04323590022111161,0.04323590022111161
-0.33185552577974475,-0.33185552577974475
-0.12110207223082534,-0.12110207223082534
