,theta_x,theta_y
0,-0.05173585474884218,-0.05173585474884218
1,-1.2430838895975822,-1.2430838895975822
2,-0.7004999580257336,-0.7004999580257336
