,theta_x,theta_y
0,0.616031180387755,0.616031180387755
1,2.621240162201151,2.621240162201151
2,0.5672477636652995,0.5672477636652995
3,-1.0703443650825135,-1.0703443650825135
4,-2.053252325553329,-2.053252325553329
5,2.242145188214024,2.242145188214024
6,-3.141592653589793,-3.141592653589793
