,theta_x,theta_y
0,2.8821609136103903,2.8821609136103903
1,2.5371432798631637,2.5371432798631637
2,2.0369182742101404,2.0369182742101404
