theta_x,theta_y
1.0834769086212364,1.0834769086212364
