theta_x,theta_y
0.8001508013222263,0.8001508013222263
0.7002917436432535,0.7002917436432535
