,theta_x,theta_y
0,2.5713000480441126,2.5713000480441126
1,0.5695978499806078,0.5695978499806078
2,2.530024527753758,2.530024527753758
3,-3.1365027038369395,-3.1365027038369395
4,0.8027969664028881,0.8027969664028881
5,-0.4646916252879671,-0.4646916252879671
6,1.7780856040752882,1.7780856040752882
7,-2.6131758955054134,-2.6131758955054134
8,2.117801497880462,2.117801497880462
