,theta_x,theta_y
0,2.5295377162709114,2.5295377162709114
1,1.478385667612078,1.478385667612078
2,0.32480523880268697,0.32480523880268697
3,-1.9776790295298798,-1.9776790295298798
4,0.7338834615834741,0.7338834615834741
