theta_x,theta_y
-1.3516380511657353,-1.3516380511657353
3.141592653589793,3.141592653589793
-2.118355159356363,-2.118355159356363
3.0978357311477303,3.0978357311477303
