,theta_x,theta_y
0,-0.3569562395785104,-0.3569562395785104
1,-0.811729456077936,-0.811729456077936
2,1.0886890530344255,1.0886890530344255
3,-0.5047984296022855,-0.5047984296022855
4,-1.809326356036409,-1.809326356036409
5,-0.9207917102619018,-0.9207917102619018
6,0.08660576985768878,0.08660576985768878
7,-0.5850766372339872,-0.5850766372339872
8,-0.5513346975145058,-0.5513346975145058
9,-1.039372094197239,-1.039372094197239
