,theta_x,theta_y
0,-0.7503539662532529,-0.7503539662532529
1,2.8770541657128246,2.8770541657128246
2,-0.370935784080203,-0.370935784080203
3,3.141592653589793,3.141592653589793
4,2.7434251992886556,2.7434251992886556
5,1.3694498859091142,1.3694498859091142
