theta_x,theta_y
-0.7503539662532529,-0.7503539662532529
2.8770541657128246,2.8770541657128246
-0.370935784080203,-0.370935784080203
3.141592653589793,3.141592653589793
2.7434251992886556,2.7434251992886556
1.3694498859091142,1.3694498859091142
