,theta_x,theta_y
0,-2.2059141482796463,-2.2059141482796463
1,-2.5688450358611634,-2.5688450358611634
2,1.5897636846507601,1.5897636846507601
3,0.5900102277933132,0.5900102277933132
4,-3.141592653589793,-3.141592653589793
5,-0.5898609998137556,-0.5898609998137556
6,-1.5109392819668026,-1.5109392819668026
