,theta_x,theta_y
0,-0.4440139114164135,-0.4440139114164135
1,-1.8064335754288416,-1.8064335754288416
2,-1.7075363325037567,-1.7075363325037567
3,-0.8646235596457348,-0.8646235596457348
