,theta_x,theta_y
0,1.3889833090075379,1.3889833090075379
1,-0.832747926476653,-0.832747926476653
2,-0.4227893117022295,-0.4227893117022295
3,2.225279365549861,2.225279365549861
4,0.8098296139657449,0.8098296139657449
