theta_x,theta_y
1.4177621839375822,1.4177621839375822
-0.48060064404421166,-0.48060064404421166
