theta_x,theta_y
1.860029434407575,1.860029434407575
2.7833609907768664,2.7833609907768664
1.374851914971371,1.374851914971371
0.5719537553783104,0.5719537553783104
0.018311825712082282,0.018311825712082282
2.6729853205355663,2.6729853205355663
-0.82850582959862,-0.82850582959862
1.3879274026759434,1.3879274026759434
0.1340118292377863,0.1340118292377863
-0.303734563295752,-0.303734563295752
