,theta_x,theta_y
0,1.1843235043871538,1.1843235043871538
1,0.07410583309109439,0.07410583309109439
2,-0.8513097716447715,-0.8513097716447715
3,-1.4108094192047531,-1.4108094192047531
4,3.141592653589793,3.141592653589793
5,1.3293325610370048,1.3293325610370048
6,0.9236446288122239,0.9236446288122239
7,-1.692982236910845,-1.692982236910845
8,0.5832800388567801,0.5832800388567801
9,-1.2323027114008689,-1.2323027114008689
