,theta_x,theta_y
0,2.282425300869397,2.282425300869397
1,-1.2939376306600652,-1.2939376306600652
