theta_x,theta_y
-0.049990901349220726,-0.049990901349220726
