theta_x,theta_y
3.141592653589793,3.141592653589793
-0.31219606844983766,-0.31219606844983766
3.141592653589793,3.141592653589793
-1.4740540462506329,-1.4740540462506329
0.421353202007147,0.421353202007147
-0.8265040341070662,-0.8265040341070662
2.3961347742621015,2.3961347742621015
-1.1810535427101254,-1.1810535427101254
3.134112528405371,3.134112528405371
0.0095238482944928,0.0095238482944928
