theta_x,theta_y
-2.298057232174642,-2.298057232174642
-1.8902698674521263,-1.8902698674521263
2.3194770526679456,2.3194770526679456
1.484107757281654,1.484107757281654
-3.141592653589793,-3.141592653589793
1.0541838116231563,1.0541838116231563
0.5952013786023932,0.5952013786023932
-1.591577945889638,-1.591577945889638
1.5983289446353957,1.5983289446353957
