theta_x,theta_y
2.2254625056213606,2.2254625056213606
-3.141592653589793,-3.141592653589793
-3.141592653589793,-3.141592653589793
-3.141592653589793,-3.141592653589793
-3.141592653589793,-3.141592653589793
2.257569828141674,2.257569828141674
2.4098238702776182,2.4098238702776182
-3.141592653589793,-3.141592653589793
2.4285427436844147,2.4285427436844147
