,theta_x,theta_y
0,-0.06461529024349015,-0.06461529024349015
1,-1.2216744257870489,-1.2216744257870489
2,-1.4183271489723288,-1.4183271489723288
3,-0.9240846640223705,-0.9240846640223705
4,3.141592653589793,3.141592653589793
5,0.2528386978756761,0.2528386978756761
