theta_x,theta_y
0.454056420307802,0.454056420307802
2.1407264893805733,2.1407264893805733
0.6011215855500586,0.6011215855500586
-1.2272240930171303,-1.2272240930171303
-0.8023755885552466,-0.8023755885552466
1.667481579367362,1.667481579367362
-2.1593800966774586,-2.1593800966774586
1.2055713881105607,1.2055713881105607
1.2409383766989246,1.2409383766989246
