,theta_x,theta_y
0,1.465903122361441,1.465903122361441
1,2.052820457503395,2.052820457503395
2,0.36835706108774696,0.36835706108774696
3,-1.7044471857374106,-1.7044471857374106
4,-2.2955396795900587,-2.2955396795900587
