,theta_x,theta_y
0,2.4113566031498124,2.4113566031498124
1,-2.095750746913343,-2.095750746913343
2,1.5362648691882987,1.5362648691882987
