,theta_x,theta_y
0,-3.141592653589793,-3.141592653589793
1,-3.141592653589793,-3.141592653589793
2,-3.141592653589793,-3.141592653589793
3,2.2779971509273946,2.2779971509273946
4,2.232411394295375,2.232411394295375
5,-3.141592653589793,-3.141592653589793
6,2.2188878989013423,2.2188878989013423
7,-3.141592653589793,-3.141592653589793
