,theta_x,theta_y
0,-0.02700647957173647,-0.02700647957173647
1,-0.8691968233542535,-0.8691968233542535
2,-1.0524933456497234,-1.0524933456497234
3,-1.204379464972539,-1.204379464972539
4,3.141592653589793,3.141592653589793
5,-0.31162648501643875,-0.31162648501643875
6,-0.2205708323782207,-0.2205708323782207
7,-1.3695469098258237,-1.3695469098258237
8,-0.1915509596753068,-0.1915509596753068
9,-2.0053226655892953,-2.0053226655892953
