theta_x,theta_y
1.0119006806782802,1.0119006806782802
0.9245508982936269,0.9245508982936269
0.9078084131248993,0.9078084131248993
-3.141592653589793,-3.141592653589793
0.8172891295645122,0.8172891295645122
0.8555153715588727,0.8555153715588727
