,theta_x,theta_y
0,-0.3242085881662118,-0.3242085881662118
1,-0.397953839564319,-0.397953839564319
2,-0.44125945307054537,-0.44125945307054537
3,-0.47560167525365626,-0.47560167525365626
4,-0.6230501650967557,-0.6230501650967557
5,-0.5787797757842432,-0.5787797757842432
6,-0.7440963155711773,-0.7440963155711773
7,-0.6999647627540403,-0.6999647627540403
8,-0.44592044926440283,-0.44592044926440283
