,theta_x,theta_y
0,0.03484194903017257,0.03484194903017257
1,-2.6618929271486573,-2.6618929271486573
2,1.624016659914337,1.624016659914337
3,-3.0297311072718776,-3.0297311072718776
4,2.1219955414572413,2.1219955414572413
