,theta_x,theta_y
0,-0.6042949493368066,-0.6042949493368066
1,3.064653011854518,3.064653011854518
2,-2.947912180783807,-2.947912180783807
3,2.839066442283818,2.839066442283818
4,-2.8114830775042448,-2.8114830775042448
5,-1.9429668910361682,-1.9429668910361682
6,2.7493035522190015,2.7493035522190015
7,-1.7511010390091757,-1.7511010390091757
