,theta_x,theta_y
0,2.0935348056193237,2.0935348056193237
1,-1.4687026252452133,-1.4687026252452133
2,0.9278186148249973,0.9278186148249973
3,1.3006230511501569,1.3006230511501569
4,0.8955982751070931,0.8955982751070931
5,2.373681314967532,2.373681314967532
6,2.594002802625164,2.594002802625164
7,3.141592653589793,3.141592653589793
