theta_x,theta_y
-0.44746860732479665,-0.44746860732479665
2.2080842264475087,2.2080842264475087
0.8756826606406983,0.8756826606406983
-2.075193039513329,-2.075193039513329
-1.3608799720318654,-1.3608799720318654
2.564866993326157,2.564866993326157
-1.2529346220387036,-1.2529346220387036
1.835545277507336,1.835545277507336
