,theta_x,theta_y
0,1.1342786827573095,1.1342786827573095
1,0.699071242534312,0.699071242534312
2,-1.650705890837617,-1.650705890837617
3,-2.848139911622619,-2.848139911622619
4,1.3532190327081774,1.3532190327081774
5,0.6822583022114421,0.6822583022114421
