theta_x,theta_y
2.2470455560181883,2.2470455560181883
0.5249563326960118,0.5249563326960118
2.459075845790266,2.459075845790266
