,theta_x,theta_y
0,0.41839884128711174,0.41839884128711174
1,-1.5777941703998182,-1.5777941703998182
2,3.064184971008961,3.064184971008961
