,theta_x,theta_y
0,-3.141592653589793,-3.141592653589793
1,1.181037925079973,1.181037925079973
2,-3.141592653589793,-3.141592653589793
