theta_x,theta_y
1.5390194018396848,1.5390194018396848
1.2869334004338102,1.2869334004338102
1.1526815736746507,1.1526815736746507
0.9682765439515697,0.9682765439515697
0.9556152915322501,0.9556152915322501
0.809640630753581,0.809640630753581
