theta_x,theta_y
-3.141592653589793,-3.141592653589793
-2.0950120542329422,-2.0950120542329422
1.7111322079252784,1.7111322079252784
-2.6543800716332364,-2.6543800716332364
0.05451678512700839,0.05451678512700839
2.243767268023144,2.243767268023144
-3.141592653589793,-3.141592653589793
-2.1274148572115714,-2.1274148572115714
-1.8440485961813602,-1.8440485961813602
0.1373075287554784,0.1373075287554784
