,theta_x,theta_y
0,-2.1672182693338935,-2.1672182693338935
1,-3.141592653589793,-3.141592653589793
2,2.167335533119449,2.167335533119449
3,0.23023164559780196,0.23023164559780196
4,-3.128778314273635,-3.128778314273635
5,-1.152989631571899,-1.152989631571899
