,theta_x,theta_y
0,2.4691409565589297,2.4691409565589297
1,0.04822115613687697,0.04822115613687697
2,0.5221302290469318,0.5221302290469318
3,1.7392499399283707,1.7392499399283707
4,-0.07542343337440588,-0.07542343337440588
5,3.0248540435567004,3.0248540435567004
6,2.821867540563774,2.821867540563774
7,3.134612504034829,3.134612504034829
