theta_x,theta_y
-3.141592653589793,-3.141592653589793
2.518095646901105,2.518095646901105
-2.0700143420104884,-2.0700143420104884
