,theta_x,theta_y
0,0.5299105229172262,0.5299105229172262
1,2.024057673097815,2.024057673097815
2,0.13236497947347517,0.13236497947347517
3,-1.134433959502963,-1.134433959502963
4,0.17700167061018687,0.17700167061018687
5,0.7391466242562543,0.7391466242562543
