,theta_x,theta_y
0,-2.978768882068847,-2.978768882068847
1,-0.6138984065013869,-0.6138984065013869
2,1.2680957493551626,1.2680957493551626
3,0.7901659642525746,0.7901659642525746
4,-2.9034289331293133,-2.9034289331293133
5,0.5216127690611692,0.5216127690611692
6,0.3358028775502123,0.3358028775502123
7,-1.4228325616113613,-1.4228325616113613
8,1.158784905949342,1.158784905949342
9,-2.15791339343866,-2.15791339343866
