theta_x,theta_y
-2.978768882068847,-2.978768882068847
-0.6138984065013869,-0.6138984065013869
1.2680957493551626,1.2680957493551626
0.7901659642525746,0.7901659642525746
-2.9034289331293133,-2.9034289331293133
0.5216127690611692,0.5216127690611692
0.3358028775502123,0.3358028775502123
-1.4228325616113613,-1.4228325616113613
1.158784905949342,1.158784905949342
-2.15791339343866,-2.15791339343866
