theta_x,theta_y
2.8659630282963877,2.8659630282963877
-0.817802364976537,-0.817802364976537
0.36618379248562144,0.36618379248562144
-0.7580423034071695,-0.7580423034071695
2.1959996995540316,2.1959996995540316
2.7521450098462616,2.7521450098462616
2.010987864064093,2.010987864064093
-3.141592653589793,-3.141592653589793
