,theta_x,theta_y
0,0.07427745862364377,0.07427745862364377
