,theta_x,theta_y
0,-2.7369095866694386,-2.7369095866694386
1,-3.141592653589793,-3.141592653589793
2,2.77988046823832,2.77988046823832
3,2.180372006243218,2.180372006243218
4,-3.141592653589793,-3.141592653589793
5,2.217614042448545,2.217614042448545
