,theta_x,theta_y
0,0.2943707186780089,0.2943707186780089
1,3.141592653589793,3.141592653589793
2,0.7971611955855892,0.7971611955855892
3,-1.8307387316395838,-1.8307387316395838
