,theta_x,theta_y
0,-1.7557168293382395,-1.7557168293382395
