theta_x,theta_y
1.400544179883006,1.400544179883006
1.3079823035953668,1.3079823035953668
0.4410651175709702,0.4410651175709702
-0.5761478918619102,-0.5761478918619102
-3.0584143955159258,-3.0584143955159258
0.02504505231832256,0.02504505231832256
0.07440774899380152,0.07440774899380152
-3.0081970513775516,-3.0081970513775516
-3.064476318035937,-3.064476318035937
2.5163681757555447,2.5163681757555447
