,theta_x,theta_y
0,0.26527150117515585,0.26527150117515585
1,1.8600300359830553,1.8600300359830553
2,2.1034932531790274,2.1034932531790274
3,-1.009971054671194,-1.009971054671194
