theta_x,theta_y
-0.2564360740753629,-0.2564360740753629
-0.2695864050984589,-0.2695864050984589
-0.2620213502831193,-0.2620213502831193
-0.31953876422981864,-0.31953876422981864
-0.34372198235563883,-0.34372198235563883
-0.3467483407741338,-0.3467483407741338
-0.3364163288452845,-0.3364163288452845
