theta_x,theta_y
0.46251519437523686,0.46251519437523686
3.1324358647492017,3.1324358647492017
-1.8326919895274572,-1.8326919895274572
2.0220203627150974,2.0220203627150974
0.13320967480022003,0.13320967480022003
-0.17961486098412632,-0.17961486098412632
0.28188683403551035,0.28188683403551035
-0.8327065774489246,-0.8327065774489246
-0.23003606965977974,-0.23003606965977974
-3.141592653589793,-3.141592653589793
