,theta_x,theta_y
0,-0.23975238572296056,-0.23975238572296056
1,3.141592653589793,3.141592653589793
2,1.7341681691882151,1.7341681691882151
3,-1.1154451357829136,-1.1154451357829136
4,-1.624387822814043,-1.624387822814043
5,3.1396982136395404,3.1396982136395404
6,-3.106778941967717,-3.106778941967717
7,2.0170050448698564,2.0170050448698564
8,1.5762522847766764,1.5762522847766764
