,theta_x,theta_y
0,-0.18448776685155288,-0.18448776685155288
1,-0.7007691664984355,-0.7007691664984355
2,3.141592653589793,3.141592653589793
3,-0.17871833364601544,-0.17871833364601544
4,-1.847876201696083,-1.847876201696083
5,-0.5608249606332111,-0.5608249606332111
6,-1.0867263234431384,-1.0867263234431384
7,-0.7029423846570562,-0.7029423846570562
8,-1.6739496800901608,-1.6739496800901608
