theta_x,theta_y
-2.40023912771875,-2.40023912771875
0.773323944763589,0.773323944763589
0.40525054580816317,0.40525054580816317
0.40095903771603475,0.40095903771603475
