,theta_x,theta_y
0,-2.40023912771875,-2.40023912771875
1,0.773323944763589,0.773323944763589
2,0.40525054580816317,0.40525054580816317
3,0.40095903771603475,0.40095903771603475
