,theta_x,theta_y
0,0.22941297889912876,0.22941297889912876
1,-1.1073529769483808,-1.1073529769483808
2,-1.161274160466216,-1.161274160466216
3,-1.103237488394542,-1.103237488394542
4,3.141592653589793,3.141592653589793
5,0.4341807313113182,0.4341807313113182
6,0.9218607855201589,0.9218607855201589
7,-1.3539002438110728,-1.3539002438110728
