,theta_x,theta_y
0,2.0544522950778976,2.0544522950778976
1,-0.7431292414813926,-0.7431292414813926
2,-1.690066768089644,-1.690066768089644
3,-2.376964416165951,-2.376964416165951
4,2.964619628639355,2.964619628639355
5,2.7150686337549796,2.7150686337549796
6,2.0315979590335576,2.0315979590335576
7,1.8416144811313335,1.8416144811313335
8,1.3779495593959332,1.3779495593959332
9,2.0537936802957626,2.0537936802957626
