,theta_x,theta_y
0,-2.06346443243928,-2.06346443243928
1,3.141592653589793,3.141592653589793
2,-2.6944601829468544,-2.6944601829468544
3,2.4795918498786222,2.4795918498786222
