,theta_x,theta_y
0,2.8145234404796735,2.8145234404796735
1,-0.298228535735695,-0.298228535735695
2,3.0401922753129966,3.0401922753129966
3,-2.837938934098964,-2.837938934098964
4,0.7711653313359134,0.7711653313359134
5,-0.8840876149198533,-0.8840876149198533
6,1.57038871462257,1.57038871462257
7,-1.8427829179289277,-1.8427829179289277
8,1.9665369229431116,1.9665369229431116
