,theta_x,theta_y
0,-2.8018943273643737,-2.8018943273643737
1,-2.4301886820151,-2.4301886820151
