,theta_x,theta_y
0,-0.937493787698741,-0.937493787698741
1,3.141592653589793,3.141592653589793
2,-0.9529059698316513,-0.9529059698316513
3,3.141592653589793,3.141592653589793
