,theta_x,theta_y
0,0.898562018732531,0.898562018732531
1,2.836509569916643,2.836509569916643
2,-2.309831030795052,-2.309831030795052
3,2.5339170257360655,2.5339170257360655
