,theta_x,theta_y
0,0.5795025664567028,0.5795025664567028
1,0.7634652848290392,0.7634652848290392
2,0.5415861526631738,0.5415861526631738
3,0.15129250933032745,0.15129250933032745
4,-3.141592653589793,-3.141592653589793
5,0.5109011911364719,0.5109011911364719
