,theta_x,theta_y
0,-3.141592653589793,-3.141592653589793
1,1.1840719766216932,1.1840719766216932
2,3.141592653589793,3.141592653589793
