,theta_x,theta_y
0,0.47423589474201294,0.47423589474201294
1,-1.4759576453248964,-1.4759576453248964
2,-2.8070597229726246,-2.8070597229726246
3,-3.0931975582083906,-3.0931975582083906
4,1.914224935839488,1.914224935839488
5,2.3120054448844054,2.3120054448844054
6,0.9595609929888851,0.9595609929888851
7,1.4135965290154358,1.4135965290154358
