,theta_x,theta_y
0,1.1394951822939483,1.1394951822939483
1,1.0158172803862755,1.0158172803862755
2,-3.141592653589793,-3.141592653589793
3,-3.141592653589793,-3.141592653589793
4,0.9296242689100428,0.9296242689100428
