,theta_x,theta_y
0,-1.5402949563952724,-1.5402949563952724
1,3.141592653589793,3.141592653589793
2,-2.214783341500812,-2.214783341500812
3,2.610823430394279,2.610823430394279
4,1.5757919232661024,1.5757919232661024
5,-0.8601709306766738,-0.8601709306766738
6,-2.130269385334103,-2.130269385334103
