theta_x,theta_y
-1.3193870662259914,-1.3193870662259914
3.0860179892457396,3.0860179892457396
-1.3952439406638129,-1.3952439406638129
