theta_x,theta_y
-1.698442124679089,-1.698442124679089
3.141592653589793,3.141592653589793
-2.243266775406728,-2.243266775406728
