theta_x,theta_y
1.2563722679277582,1.2563722679277582
2.168655259364242,2.168655259364242
-0.561913430827566,-0.561913430827566
-0.8941733320724693,-0.8941733320724693
