,theta_x,theta_y
0,0.3543250354743642,0.3543250354743642
1,-0.505053379213029,-0.505053379213029
2,-1.023279173450353,-1.023279173450353
3,-1.4616011635130843,-1.4616011635130843
4,3.141592653589793,3.141592653589793
5,0.055341115110298045,0.055341115110298045
6,-0.05828918834371058,-0.05828918834371058
7,-1.4720677686973442,-1.4720677686973442
8,-0.09180194808701073,-0.09180194808701073
