theta_x,theta_y
0.738069963694157,0.738069963694157
-1.9460983185654288,-1.9460983185654288
-1.6357222202672674,-1.6357222202672674
-2.190819251397547,-2.190819251397547
3.141592653589793,3.141592653589793
1.85010326281596,1.85010326281596
1.1099844945301922,1.1099844945301922
0.08938469780959124,0.08938469780959124
0.1631529514500973,0.1631529514500973
