,theta_x,theta_y
0,0.6163578009785906,0.6163578009785906
1,-0.18098614643200636,-0.18098614643200636
2,-0.4805106036855534,-0.4805106036855534
3,-0.9464285661537324,-0.9464285661537324
4,3.141592653589793,3.141592653589793
5,0.7149270950845641,0.7149270950845641
6,0.4545027118105764,0.4545027118105764
7,-1.0497507730767504,-1.0497507730767504
8,0.2351590501290925,0.2351590501290925
