,theta_x,theta_y
0,-0.12367009475139754,-0.12367009475139754
1,-0.8744087967051872,-0.8744087967051872
2,-0.6651859927784249,-0.6651859927784249
3,-0.8921054263370998,-0.8921054263370998
4,3.141256609316847,3.141256609316847
5,0.6009271833994994,0.6009271833994994
