,theta_x,theta_y
0,0.632532383829744,0.632532383829744
1,1.863677239818278,1.863677239818278
2,1.2759357219975032,1.2759357219975032
3,-1.0614615238853533,-1.0614615238853533
4,-0.6020230162936079,-0.6020230162936079
5,1.69078889432223,1.69078889432223
6,-3.141364433695027,-3.141364433695027
