theta_x,theta_y
-3.141592653589793,-3.141592653589793
3.141592653589793,3.141592653589793
-2.1256251046993566,-2.1256251046993566
