,theta_x,theta_y
0,0.45856804335794327,0.45856804335794327
1,3.141592653589793,3.141592653589793
2,0.29275862976970135,0.29275862976970135
3,3.141592653589793,3.141592653589793
4,1.9525750673874807,1.9525750673874807
5,0.5573584930126728,0.5573584930126728
