,theta_x,theta_y
0,2.994035192697154,2.994035192697154
1,2.57798538555823,2.57798538555823
2,1.8199233053528736,1.8199233053528736
3,-0.25417009343937114,-0.25417009343937114
4,-2.5811104106762173,-2.5811104106762173
5,0.6581329683976184,0.6581329683976184
6,0.5058754424551685,0.5058754424551685
7,-2.105235583870898,-2.105235583870898
