theta_x,theta_y
3.141592653589793,3.141592653589793
2.6419494724905155,2.6419494724905155
1.8958916285850775,1.8958916285850775
0.7218356105629926,0.7218356105629926
-3.124278250110805,-3.124278250110805
0.6127728673494264,0.6127728673494264
0.4195009487563871,0.4195009487563871
-0.812300364499955,-0.812300364499955
