,theta_x,theta_y
0,0.27862482183594595,0.27862482183594595
1,-0.8747977436611745,-0.8747977436611745
2,-0.659580646637397,-0.659580646637397
3,2.8015861752302156,2.8015861752302156
4,0.6493248899424825,0.6493248899424825
5,3.0868062842162107,3.0868062842162107
6,-0.38136660974151093,-0.38136660974151093
