,theta_x,theta_y
0,-2.9962511992432956,-2.9962511992432956
1,2.7821316509542857,2.7821316509542857
2,2.6048174019151795,2.6048174019151795
3,1.334350048341396,1.334350048341396
4,-3.141592653589793,-3.141592653589793
5,2.147602654646336,2.147602654646336
6,-3.141592653589793,-3.141592653589793
