,theta_x,theta_y
0,-0.6559968796693489,-0.6559968796693489
1,-0.5849611143541141,-0.5849611143541141
2,2.2189200162697325,2.2189200162697325
3,-3.112488555854302,-3.112488555854302
4,1.7151617366506098,1.7151617366506098
5,1.524396463859999,1.524396463859999
6,-1.67667817798638,-1.67667817798638
7,-3.141592653589793,-3.141592653589793
