,theta_x,theta_y
0,2.6200207230059283,2.6200207230059283
1,2.5458157033318165,2.5458157033318165
2,-3.141592653589793,-3.141592653589793
3,-3.141592653589793,-3.141592653589793
4,2.7023527004185097,2.7023527004185097
5,-3.141592653589793,-3.141592653589793
