,theta_x,theta_y
0,-0.027544556127835268,-0.027544556127835268
1,-0.5192234984523877,-0.5192234984523877
