,theta_x,theta_y
0,-3.141592653589793,-3.141592653589793
1,-3.141592653589793,-3.141592653589793
2,2.537394021632334,2.537394021632334
3,3.141592653589793,3.141592653589793
4,3.141592653589793,3.141592653589793
5,-2.904699971920349,-2.904699971920349
6,1.976095157402771,1.976095157402771
