,theta_x,theta_y
0,-0.7465950375367616,-0.7465950375367616
1,-0.6799373500455861,-0.6799373500455861
2,-0.6875436322748658,-0.6875436322748658
3,-0.6742093535081937,-0.6742093535081937
4,3.141592653589793,3.141592653589793
5,-0.7589981082109378,-0.7589981082109378
