theta_x,theta_y
-0.3908920578469821,-0.3908920578469821
-0.42477641153567436,-0.42477641153567436
-0.506743022554718,-0.506743022554718
-0.570937408188437,-0.570937408188437
-0.5874402789481807,-0.5874402789481807
-0.6040386083013525,-0.6040386083013525
-0.6147077785748252,-0.6147077785748252
-0.6208882486048948,-0.6208882486048948
-0.6350467454685239,-0.6350467454685239
-0.7468998027936036,-0.7468998027936036
