,theta_x,theta_y
0,-2.207256183799803,-2.207256183799803
1,-1.1166793084187552,-1.1166793084187552
2,2.282339365211444,2.282339365211444
3,-2.3588484979489746,-2.3588484979489746
