,theta_x,theta_y
0,0.7863747757824842,0.7863747757824842
1,0.7812715967169955,0.7812715967169955
2,0.7761421905230603,0.7761421905230603
3,0.7709853837000572,0.7709853837000572
4,0.7658143165619519,0.7658143165619519
5,0.7605854702482853,0.7605854702482853
6,0.7553069717305685,0.7553069717305685
