,theta_x,theta_y
0,2.353534296853958,2.353534296853958
1,-0.33250994461960237,-0.33250994461960237
2,-0.2588247201524334,-0.2588247201524334
3,2.0331915660840028,2.0331915660840028
4,0.5489046895679689,0.5489046895679689
5,3.141592653589793,3.141592653589793
6,2.4847403680233353,2.4847403680233353
7,1.3656873151902498,1.3656873151902498
