,theta_x,theta_y
0,-0.8787243113414593,-0.8787243113414593
1,2.8089106948950238,2.8089106948950238
2,-1.3414762926728467,-1.3414762926728467
3,1.4527129596394488,1.4527129596394488
4,1.2103391114247446,1.2103391114247446
5,-0.08254612539645613,-0.08254612539645613
6,-0.43903012693735616,-0.43903012693735616
