,theta_x,theta_y
0,-0.2798484071182486,-0.2798484071182486
1,2.855672483872327,2.855672483872327
2,1.2928682845502248,1.2928682845502248
