theta_x,theta_y
-3.141592653589793,-3.141592653589793
0.6209394305201204,0.6209394305201204
0.5046185726531136,0.5046185726531136
0.812148147286718,0.812148147286718
