theta_x,theta_y
1.3854289818291057,1.3854289818291057
1.2337120862861908,1.2337120862861908
1.102303813806879,1.102303813806879
0.9548794486936547,0.9548794486936547
-3.141592653589793,-3.141592653589793
0.866321251601625,0.866321251601625
0.8683833603276201,0.8683833603276201
-3.141592653589793,-3.141592653589793
-3.141592653589793,-3.141592653589793
