theta_x,theta_y
3.141592653589793,3.141592653589793
-3.141592653589793,-3.141592653589793
2.4871337545883545,2.4871337545883545
3.051875748853203,3.051875748853203
3.141592653589793,3.141592653589793
