,theta_x,theta_y
0,-0.9261215669445145,-0.9261215669445145
1,3.141592653589793,3.141592653589793
2,-1.1266362074230654,-1.1266362074230654
3,3.141592653589793,3.141592653589793
4,-1.6117677439506355,-1.6117677439506355
5,-2.305685412345628,-2.305685412345628
6,3.141592653589793,3.141592653589793
