,theta_x,theta_y
0,-2.5476131030315377,-2.5476131030315377
1,-1.758171389073118,-1.758171389073118
2,1.9485615377323213,1.9485615377323213
3,0.46789999958844297,0.46789999958844297
4,-2.551861768984429,-2.551861768984429
5,-0.5077075334645015,-0.5077075334645015
6,-0.3062919377013082,-0.3062919377013082
7,-2.1893301521605193,-2.1893301521605193
8,1.5958166866003942,1.5958166866003942
