theta_x,theta_y
1.8518195993024842,1.8518195993024842
-0.24175401647434794,-0.24175401647434794
-0.8983326558126782,-0.8983326558126782
-1.9518487385294325,-1.9518487385294325
3.141592653589793,3.141592653589793
1.9416693594325707,1.9416693594325707
