,theta_x,theta_y
0,-2.1470990648539074,-2.1470990648539074
1,2.4742961658462916,2.4742961658462916
2,-2.2910112514658048,-2.2910112514658048
3,3.141592653589793,3.141592653589793
4,-0.9908683967794147,-0.9908683967794147
