,theta_x,theta_y
0,-3.141592653589793,-3.141592653589793
1,0.9893661655311486,0.9893661655311486
2,1.062153228699588,1.062153228699588
3,1.2552017909172688,1.2552017909172688
4,-3.141592653589793,-3.141592653589793
5,1.0029188933801416,1.0029188933801416
6,0.9050028635453724,0.9050028635453724
