theta_x,theta_y
-3.141592653589793,-3.141592653589793
-3.141592653589793,-3.141592653589793
3.141592653589793,3.141592653589793
0.9710742159454221,0.9710742159454221
-2.9851053400914465,-2.9851053400914465
3.141592653589793,3.141592653589793
