,theta_x,theta_y
0,-0.5326332532248906,-0.5326332532248906
1,3.141592653589793,3.141592653589793
2,2.2566841805878695,2.2566841805878695
3,-0.2017867691159718,-0.2017867691159718
4,-1.8125328673590744,-1.8125328673590744
