,theta_x,theta_y
0,-0.7700058843480723,-0.7700058843480723
1,-1.7081622848227798,-1.7081622848227798
2,-2.0276676393964865,-2.0276676393964865
3,-1.656475856054557,-1.656475856054557
4,3.141592653589793,3.141592653589793
5,-0.8509706556432346,-0.8509706556432346
6,-0.27351436826764197,-0.27351436826764197
