theta_x,theta_y
1.6606931294640876,1.6606931294640876
-0.060635642599492855,-0.060635642599492855
-0.6662631938703695,-0.6662631938703695
-1.5430284440699655,-1.5430284440699655
2.9407563040593465,2.9407563040593465
2.6123305333418667,2.6123305333418667
1.959459538047645,1.959459538047645
-1.8517660087679821,-1.8517660087679821
