theta_x,theta_y
-3.141592653589793,-3.141592653589793
-3.141592653589793,-3.141592653589793
0.4490071219184447,0.4490071219184447
1.7374926906901995,1.7374926906901995
-3.141592653589793,-3.141592653589793
