,theta_x,theta_y
0,-3.141592653589793,-3.141592653589793
1,-3.141592653589793,-3.141592653589793
2,0.4490071219184447,0.4490071219184447
3,1.7374926906901995,1.7374926906901995
4,-3.141592653589793,-3.141592653589793
