theta_x,theta_y
2.8556733126884084,2.8556733126884084
0.11773698581450648,0.11773698581450648
3.029938846513936,3.029938846513936
