,theta_x,theta_y
0,1.5594534732079168,1.5594534732079168
1,1.3744175572340147,1.3744175572340147
2,0.515574556474953,0.515574556474953
3,-1.3557713607977053,-1.3557713607977053
4,-3.141592653589793,-3.141592653589793
5,-0.19373476093251843,-0.19373476093251843
6,-0.15610923795418546,-0.15610923795418546
7,-3.1312589663716395,-3.1312589663716395
