theta_x,theta_y
2.826195807231059,2.826195807231059
-0.4651126093884101,-0.4651126093884101
1.5344638994517632,1.5344638994517632
0.8103421362665497,0.8103421362665497
-0.5872859259454006,-0.5872859259454006
1.3920192364260233,1.3920192364260233
1.900252143098449,1.900252143098449
