theta_x,theta_y
0.6206409549148262,0.6206409549148262
-0.12309125064998139,-0.12309125064998139
1.6968509745653104,1.6968509745653104
-2.6267784450724303,-2.6267784450724303
-2.004767729090266,-2.004767729090266
-1.5196401877908348,-1.5196401877908348
-0.6424943972614197,-0.6424943972614197
