,theta_x,theta_y
0,0.11887908746278919,0.11887908746278919
1,3.0264395566668068,3.0264395566668068
2,0.49962917313450417,0.49962917313450417
3,-0.6544842402847788,-0.6544842402847788
