,theta_x,theta_y
0,1.2616003460664265,1.2616003460664265
1,1.7219195274966101,1.7219195274966101
2,0.7722993899878441,0.7722993899878441
3,-2.1126111418988143,-2.1126111418988143
4,-2.8546335457195164,-2.8546335457195164
5,-0.3457743315688035,-0.3457743315688035
