theta_x,theta_y
1.4590082246652787,1.4590082246652787
0.8412161416083515,0.8412161416083515
1.3800515294617446,1.3800515294617446
-3.1098747158496556,-3.1098747158496556
