,theta_x,theta_y
0,2.0427448341358465,2.0427448341358465
1,-1.1160987702433367,-1.1160987702433367
2,-0.5408153839250005,-0.5408153839250005
3,1.9911127072915829,1.9911127072915829
4,1.1503930449097846,1.1503930449097846
5,3.141592653589793,3.141592653589793
