,theta_x,theta_y
0,-1.175103611578045,-1.175103611578045
1,3.141592653589793,3.141592653589793
2,2.1916523078931984,2.1916523078931984
