,theta_x,theta_y
0,-2.1910329115995073,-2.1910329115995073
1,-1.4872673541886705,-1.4872673541886705
2,1.0221806952993384,1.0221806952993384
3,0.7450557765715614,0.7450557765715614
