,theta_x,theta_y
0,0.17790452066193083,0.17790452066193083
1,2.26483921389018,2.26483921389018
2,-1.9592041855526587,-1.9592041855526587
3,2.2524496879625655,2.2524496879625655
4,-0.5269285339118428,-0.5269285339118428
5,-0.33401562701707926,-0.33401562701707926
6,1.3458098913965915,1.3458098913965915
7,-0.37169546977925844,-0.37169546977925844
8,0.015175581935512321,0.015175581935512321
