,theta_x,theta_y
0,1.6906191409841294,1.6906191409841294
1,-2.513113467732046,-2.513113467732046
