theta_x,theta_y
0.4922466742297156,0.4922466742297156
-2.79156836994563,-2.79156836994563
-0.021076920618513184,-0.021076920618513184
-0.397363537757644,-0.397363537757644
-2.7482411036575503,-2.7482411036575503
1.0999132499471176,1.0999132499471176
2.4134213671788216,2.4134213671788216
3.115349244696734,3.115349244696734
-0.15545733725673527,-0.15545733725673527
2.6329579812273587,2.6329579812273587
