,theta_x,theta_y
0,-2.7818928347083522,-2.7818928347083522
1,2.7142511322460927,2.7142511322460927
2,0.9944847400225293,0.9944847400225293
3,2.8867926114693354,2.8867926114693354
4,-2.4330227134135325,-2.4330227134135325
5,-3.141592653589793,-3.141592653589793
6,2.217002946448483,2.217002946448483
7,-2.9256361953535364,-2.9256361953535364
