theta_x,theta_y
3.141592653589793,3.141592653589793
1.8721721707367471,1.8721721707367471
0.9833573075052893,0.9833573075052893
