,theta_x,theta_y
0,0.26226714521182526,0.26226714521182526
1,-1.089334109763145,-1.089334109763145
2,-2.3086523557106986,-2.3086523557106986
3,-3.0948959837753147,-3.0948959837753147
4,1.259939927298951,1.259939927298951
