,theta_x,theta_y
0,-0.24828199582828198,-0.24828199582828198
1,3.141592653589793,3.141592653589793
2,-2.5672257015026547,-2.5672257015026547
3,3.0674107406178126,3.0674107406178126
4,-1.8817939680762068,-1.8817939680762068
5,-0.6284198938277729,-0.6284198938277729
6,2.2047728916979783,2.2047728916979783
7,-0.6552403791804431,-0.6552403791804431
8,0.8979496208702379,0.8979496208702379
