theta_x,theta_y
-1.3199668144629986,-1.3199668144629986
-1.382274302117166,-1.382274302117166
2.8191761138019,2.8191761138019
-1.7762700601428565,-1.7762700601428565
0.1619674209528057,0.1619674209528057
1.6510391447174773,1.6510391447174773
-1.534959874725422,-1.534959874725422
-1.9171744572846618,-1.9171744572846618
-1.56592780099805,-1.56592780099805
0.9083404833313059,0.9083404833313059
