,theta_x,theta_y
0,0.541105039791698,0.541105039791698
1,-1.390547467827719,-1.390547467827719
2,-1.9370059182703416,-1.9370059182703416
3,-2.9134133503597317,-2.9134133503597317
4,2.531191910052756,2.531191910052756
5,1.5767144007499536,1.5767144007499536
