,theta_x,theta_y
0,-0.3906115414541737,-0.3906115414541737
1,-0.41925598020662325,-0.41925598020662325
2,-0.37466324503602144,-0.37466324503602144
