,theta_x,theta_y
0,-0.1831166102473683,-0.1831166102473683
1,3.141592653589793,3.141592653589793
