theta_x,theta_y
1.2713730225008655,1.2713730225008655
1.3777834932083088,1.3777834932083088
-3.102401503075731,-3.102401503075731
3.141592653589793,3.141592653589793
2.8611406577098344,2.8611406577098344
