,theta_x,theta_y
0,-1.8933560742821887,-1.8933560742821887
1,-2.8146189796510734,-2.8146189796510734
2,2.122955205264259,2.122955205264259
3,-0.057282214356135466,-0.057282214356135466
4,-2.8594814270853157,-2.8594814270853157
5,-1.7820272288881722,-1.7820272288881722
6,-1.2668103202223828,-1.2668103202223828
7,-2.031733523675856,-2.031733523675856
8,1.9217792471593536,1.9217792471593536
9,-2.0354684106013337,-2.0354684106013337
