theta_x,theta_y
0.45165328998041654,0.45165328998041654
2.845742599601015,2.845742599601015
0.11955442328795118,0.11955442328795118
2.9321176498545305,2.9321176498545305
1.9775808464260825,1.9775808464260825
0.9472727789949593,0.9472727789949593
0.4488825503228893,0.4488825503228893
-0.3406279831007529,-0.3406279831007529
-0.9843936553650114,-0.9843936553650114
-0.041111255370327726,-0.041111255370327726
