theta_x,theta_y
-2.356653538485597,-2.356653538485597
-1.0623887349585512,-1.0623887349585512
1.597326511193194,1.597326511193194
-2.693562255458943,-2.693562255458943
