,theta_x,theta_y
0,-0.30957866292726766,-0.30957866292726766
1,2.241331174892345,2.241331174892345
2,-1.219667951552027,-1.219667951552027
3,3.141592653589793,3.141592653589793
4,2.015659051749373,2.015659051749373
5,1.3819352271386096,1.3819352271386096
6,1.0632290246319005,1.0632290246319005
7,-0.5981664350748874,-0.5981664350748874
8,-1.7155373117894108,-1.7155373117894108
