theta_x,theta_y
-1.3343867128395424,-1.3343867128395424
-1.6524780160966477,-1.6524780160966477
2.7842343682263797,2.7842343682263797
0.3920543242664329,0.3920543242664329
-2.0308922046020546,-2.0308922046020546
-1.5492119681972725,-1.5492119681972725
-2.0905675131779504,-2.0905675131779504
-2.140172149050042,-2.140172149050042
