,theta_x,theta_y
0,-1.3343867128395424,-1.3343867128395424
1,-1.6524780160966477,-1.6524780160966477
2,2.7842343682263797,2.7842343682263797
3,0.3920543242664329,0.3920543242664329
4,-2.0308922046020546,-2.0308922046020546
5,-1.5492119681972725,-1.5492119681972725
6,-2.0905675131779504,-2.0905675131779504
7,-2.140172149050042,-2.140172149050042
