,theta_x,theta_y
0,3.141592653589793,3.141592653589793
1,3.141592653589793,3.141592653589793
2,-1.40654504340223,-1.40654504340223
3,-1.5890497800841574,-1.5890497800841574
