theta_x,theta_y
-2.2804038272012748,-2.2804038272012748
3.0441583828643495,3.0441583828643495
3.0023950882353443,3.0023950882353443
-0.38248136607031363,-0.38248136607031363
-3.141592653589793,-3.141592653589793
2.9698294219283023,2.9698294219283023
-3.1179172018989827,-3.1179172018989827
3.141592653589793,3.141592653589793
3.141592653589793,3.141592653589793
