,theta_x,theta_y
0,0.8210202963081488,0.8210202963081488
1,0.8089041241926969,0.8089041241926969
2,0.7649728825145501,0.7649728825145501
3,-0.0783555561425617,-0.0783555561425617
4,-2.4357510242499725,-2.4357510242499725
5,0.5973520801644421,0.5973520801644421
6,0.11757051484012168,0.11757051484012168
7,-1.7750653433641312,-1.7750653433641312
8,-2.19931069316259,-2.19931069316259
