theta_x,theta_y
-2.60386508033392,-2.60386508033392
-2.727871563057277,-2.727871563057277
2.4110026287249733,2.4110026287249733
1.8733244753475948,1.8733244753475948
