,theta_x,theta_y
0,2.007964802816167,2.007964802816167
1,0.6263293783658278,0.6263293783658278
2,1.445943762266896,1.445943762266896
3,-3.123332436819601,-3.123332436819601
4,0.7400846208880573,0.7400846208880573
5,0.017734788172225437,0.017734788172225437
6,1.1065880960442491,1.1065880960442491
7,-2.843318020041677,-2.843318020041677
8,1.770856209624721,1.770856209624721
