,theta_x,theta_y
0,0.5575862546217234,0.5575862546217234
1,-0.9719249186193695,-0.9719249186193695
2,-3.141592653589793,-3.141592653589793
3,-3.141592653589793,-3.141592653589793
4,1.9369049507931773,1.9369049507931773
5,2.9346229447933716,2.9346229447933716
