,theta_x,theta_y
0,-0.645777774775249,-0.645777774775249
1,-0.9732213670180698,-0.9732213670180698
2,0.2741484036863215,0.2741484036863215
3,-1.3723490696306309,-1.3723490696306309
4,-1.8924013595557565,-1.8924013595557565
