,theta_x,theta_y
0,-0.1890387169096419,-0.1890387169096419
