,theta_x,theta_y
0,0.9056389077943938,0.9056389077943938
1,-1.6540364295810281,-1.6540364295810281
2,0.7537797847594503,0.7537797847594503
3,-3.141592653589793,-3.141592653589793
4,1.5117295876942227,1.5117295876942227
5,0.021242305689513654,0.021242305689513654
6,-0.8340331563919208,-0.8340331563919208
