theta_x,theta_y
3.141592653589793,3.141592653589793
-0.7552608458884218,-0.7552608458884218
3.141592653589793,3.141592653589793
-2.8681800964886595,-2.8681800964886595
2.499040866376174,2.499040866376174
-3.0562986458915526,-3.0562986458915526
2.3720441210683867,2.3720441210683867
-3.141592653589793,-3.141592653589793
2.0385544063378176,2.0385544063378176
2.5546379450690107,2.5546379450690107
