,theta_x,theta_y
0,3.141592653589793,3.141592653589793
1,-0.7552608458884218,-0.7552608458884218
2,3.141592653589793,3.141592653589793
3,-2.8681800964886595,-2.8681800964886595
4,2.499040866376174,2.499040866376174
5,-3.0562986458915526,-3.0562986458915526
6,2.3720441210683867,2.3720441210683867
7,-3.141592653589793,-3.141592653589793
8,2.0385544063378176,2.0385544063378176
9,2.5546379450690107,2.5546379450690107
