,theta_x,theta_y
0,0.9289867843681701,0.9289867843681701
1,0.7207788659182195,0.7207788659182195
2,1.2369866287101507,1.2369866287101507
3,-1.8141943758598975,-1.8141943758598975
4,-2.629401416905667,-2.629401416905667
