,theta_x,theta_y
0,1.0292717554022703,1.0292717554022703
1,1.0232670816606868,1.0232670816606868
2,1.017548448788707,1.017548448788707
3,1.0119341324539017,1.0119341324539017
4,1.0064169688817537,1.0064169688817537
5,1.0011058998259887,1.0011058998259887
6,0.9958874616378176,0.9958874616378176
7,0.9907722530606872,0.9907722530606872
8,0.9858077740684379,0.9858077740684379
9,-3.141592653589793,-3.141592653589793
