theta_x,theta_y
2.5200787102387783,2.5200787102387783
0.18280986840685318,0.18280986840685318
0.30862759383512434,0.30862759383512434
0.861013095282957,0.861013095282957
-0.16742929540883678,-0.16742929540883678
3.141592653589793,3.141592653589793
2.72227041086183,2.72227041086183
3.141592653589793,3.141592653589793
