,theta_x,theta_y
0,2.302093791572447,2.302093791572447
1,-1.251387846401266,-1.251387846401266
2,0.8830429981819912,0.8830429981819912
