,theta_x,theta_y
0,1.6037222823926802,1.6037222823926802
1,-2.218282940223466,-2.218282940223466
2,-3.091604171524446,-3.091604171524446
3,-3.1399204450838503,-3.1399204450838503
4,2.3852473150266444,2.3852473150266444
5,2.622007877652195,2.622007877652195
6,1.356657783935941,1.356657783935941
7,1.8938553333864592,1.8938553333864592
8,0.6059185893554365,0.6059185893554365
