,theta_x,theta_y
0,-1.5624474159822743,-1.5624474159822743
1,-2.1756181663582153,-2.1756181663582153
2,2.582364944507814,2.582364944507814
3,0.9875019383927761,0.9875019383927761
4,-2.303807254733132,-2.303807254733132
5,-0.6089015621070375,-0.6089015621070375
