theta_x,theta_y
-0.022527502089592824,-0.022527502089592824
-1.0980484001398234,-1.0980484001398234
-1.484832108945299,-1.484832108945299
-1.6960756457528583,-1.6960756457528583
3.141592653589793,3.141592653589793
-0.8736696510189232,-0.8736696510189232
-0.8238515503587032,-0.8238515503587032
-1.651426974515605,-1.651426974515605
-0.36166815244364287,-0.36166815244364287
-1.9184277467649737,-1.9184277467649737
