,theta_x,theta_y
0,-0.022527502089592824,-0.022527502089592824
1,-1.0980484001398234,-1.0980484001398234
2,-1.484832108945299,-1.484832108945299
3,-1.6960756457528583,-1.6960756457528583
4,3.141592653589793,3.141592653589793
5,-0.8736696510189232,-0.8736696510189232
6,-0.8238515503587032,-0.8238515503587032
7,-1.651426974515605,-1.651426974515605
8,-0.36166815244364287,-0.36166815244364287
9,-1.9184277467649737,-1.9184277467649737
