theta_x,theta_y
0.8951737877992535,0.8951737877992535
0.17017314180073312,0.17017314180073312
-3.141592653589793,-3.141592653589793
