theta_x,theta_y
-2.6643190566230066,-2.6643190566230066
-1.9618725563156159,-1.9618725563156159
1.9868703107926695,1.9868703107926695
0.8684750139588706,0.8684750139588706
-2.7527875940188045,-2.7527875940188045
