,theta_x,theta_y
0,2.550486557309109,2.550486557309109
1,-0.20690906555313673,-0.20690906555313673
2,-0.34764586439685186,-0.34764586439685186
3,0.6254556905804686,0.6254556905804686
4,-0.6355861940366332,-0.6355861940366332
5,3.141592653589793,3.141592653589793
6,3.141592653589793,3.141592653589793
7,3.141592653589793,3.141592653589793
8,-1.2653425924559178,-1.2653425924559178
9,-1.3283769138782222,-1.3283769138782222
