theta_x,theta_y
2.550486557309109,2.550486557309109
-0.20690906555313673,-0.20690906555313673
-0.34764586439685186,-0.34764586439685186
0.6254556905804686,0.6254556905804686
-0.6355861940366332,-0.6355861940366332
3.141592653589793,3.141592653589793
3.141592653589793,3.141592653589793
3.141592653589793,3.141592653589793
-1.2653425924559178,-1.2653425924559178
-1.3283769138782222,-1.3283769138782222
