,theta_x,theta_y
0,-0.5135503630398572,-0.5135503630398572
1,3.141592653589793,3.141592653589793
2,-2.719249486176356,-2.719249486176356
3,3.0245036502373983,3.0245036502373983
4,-1.9466157336750969,-1.9466157336750969
