,theta_x,theta_y
0,-2.8655668596283936,-2.8655668596283936
1,-3.053457500686685,-3.053457500686685
