,theta_x,theta_y
0,-1.5090342827501502,-1.5090342827501502
1,-1.5309000352562723,-1.5309000352562723
2,3.141592653589793,3.141592653589793
3,-1.525657603371747,-1.525657603371747
4,-1.5677448103853522,-1.5677448103853522
5,-1.6081240678942528,-1.6081240678942528
6,-1.6471691299608102,-1.6471691299608102
