,theta_x,theta_y
0,-3.141592653589793,-3.141592653589793
1,-1.4522102426154286,-1.4522102426154286
