,theta_x,theta_y
0,2.416740080085228,2.416740080085228
1,1.997701772452303,1.997701772452303
2,1.8709889244542972,1.8709889244542972
3,-3.141592653589793,-3.141592653589793
4,-3.141592653589793,-3.141592653589793
5,1.6900666972965823,1.6900666972965823
6,-3.141592653589793,-3.141592653589793
