theta_x,theta_y
3.100201937262786,3.100201937262786
2.312114224696193,2.312114224696193
0.8225340468789937,0.8225340468789937
-1.1697336590809941,-1.1697336590809941
-2.931875180451522,-2.931875180451522
-2.143028319210481,-2.143028319210481
-2.4222368724810397,-2.4222368724810397
-3.141592653589793,-3.141592653589793
-3.141592653589793,-3.141592653589793
3.128040526093766,3.128040526093766
