theta_x,theta_y
-3.0644005727676493,-3.0644005727676493
-3.141592653589793,-3.141592653589793
3.1266418706588324,3.1266418706588324
