,theta_x,theta_y
0,2.4130906303754416,2.4130906303754416
1,0.2739582296552094,0.2739582296552094
