,theta_x,theta_y
0,-2.0067158633209874,-2.0067158633209874
1,1.1934136109917266,1.1934136109917266
2,-2.6139765156378636,-2.6139765156378636
3,2.551460126677381,2.551460126677381
4,2.1418817864260307,2.1418817864260307
5,-0.2299136575276423,-0.2299136575276423
6,1.918399708625191,1.918399708625191
7,0.2625963366071361,0.2625963366071361
8,-3.141592653589793,-3.141592653589793
