theta_x,theta_y
2.706049448300284,2.706049448300284
-3.141592653589793,-3.141592653589793
2.293161092939843,2.293161092939843
