,theta_x,theta_y
0,-2.274814640553491,-2.274814640553491
1,-2.2195439824323473,-2.2195439824323473
2,2.65537439717823,2.65537439717823
3,-3.141592653589793,-3.141592653589793
4,2.449705384671112,2.449705384671112
5,1.618045606684419,1.618045606684419
6,-3.141592653589793,-3.141592653589793
