,theta_x,theta_y
0,-3.141592653589793,-3.141592653589793
1,1.218838912137591,1.218838912137591
2,0.7634927644645868,0.7634927644645868
3,0.07662102517073915,0.07662102517073915
4,1.3708799693370963,1.3708799693370963
5,-2.934384373785331,-2.934384373785331
6,-0.4898484316144528,-0.4898484316144528
7,3.141592653589793,3.141592653589793
