,theta_x,theta_y
0,-0.9192141081051655,-0.9192141081051655
1,-1.7307281258057858,-1.7307281258057858
2,3.141592653589793,3.141592653589793
3,-2.064724168737416,-2.064724168737416
4,1.4879515184495753,1.4879515184495753
5,-0.12873673247122175,-0.12873673247122175
6,-1.0717076543160096,-1.0717076543160096
7,-1.4311353371258826,-1.4311353371258826
