,theta_x,theta_y
0,-3.141592653589793,-3.141592653589793
1,1.4901504734135673,1.4901504734135673
2,-3.141592653589793,-3.141592653589793
3,2.975515407340494,2.975515407340494
4,2.8836150258899416,2.8836150258899416
5,-1.3888801391859713,-1.3888801391859713
6,-0.028305791841301803,-0.028305791841301803
7,-0.5928064136724109,-0.5928064136724109
8,-3.141592653589793,-3.141592653589793
9,1.0920211130122282,1.0920211130122282
