,theta_x,theta_y
0,-0.2894572442396428,-0.2894572442396428
1,3.141592653589793,3.141592653589793
2,-1.1869451592423839,-1.1869451592423839
3,2.470609478702284,2.470609478702284
4,0.10735989570720778,0.10735989570720778
5,-0.7328912538345208,-0.7328912538345208
6,2.347241661624909,2.347241661624909
7,-1.2638313439515443,-1.2638313439515443
8,-1.3480461104402848,-1.3480461104402848
