,theta_x,theta_y
0,-0.1160079115285213,-0.1160079115285213
1,3.0670725970340094,3.0670725970340094
2,-2.799267076351443,-2.799267076351443
3,2.499464816130374,2.499464816130374
4,-1.5609704098233907,-1.5609704098233907
5,-0.13170175058039485,-0.13170175058039485
6,2.1856659505805873,2.1856659505805873
7,-0.3821924853002596,-0.3821924853002596
8,0.6572830365958956,0.6572830365958956
9,-3.1008223680742746,-3.1008223680742746
