,theta_x,theta_y
0,-0.801950351959419,-0.801950351959419
1,2.2480279865278034,2.2480279865278034
2,-0.9073475320132157,-0.9073475320132157
3,1.899040421473688,1.899040421473688
4,1.164000750563175,1.164000750563175
5,0.13044403109306066,0.13044403109306066
6,-0.5144585081056547,-0.5144585081056547
7,-1.1977713141739852,-1.1977713141739852
