theta_x,theta_y
2.2848420776530287,2.2848420776530287
