,theta_x,theta_y
0,2.2848420776530287,2.2848420776530287
