,theta_x,theta_y
0,1.5225523917135078,1.5225523917135078
1,1.4030687961209887,1.4030687961209887
2,1.2442717430417036,1.2442717430417036
3,0.15529178292131263,0.15529178292131263
4,-3.141592653589793,-3.141592653589793
