,theta_x,theta_y
0,-1.6922303155628864,-1.6922303155628864
1,3.141592653589793,3.141592653589793
