theta_x,theta_y
-2.555579376902243,-2.555579376902243
-3.0964839897833816,-3.0964839897833816
2.8675783571188695,2.8675783571188695
-1.518654462786257,-1.518654462786257
