,theta_x,theta_y
0,0.13680921301582538,0.13680921301582538
1,-0.6602667549640041,-0.6602667549640041
2,-0.38340901923655635,-0.38340901923655635
3,-0.015294687333394693,-0.015294687333394693
4,-1.0678747480726631,-1.0678747480726631
5,-0.7041657212529553,-0.7041657212529553
6,-1.5632957580572087,-1.5632957580572087
7,-1.1400553780799707,-1.1400553780799707
8,-1.7274549034989586,-1.7274549034989586
9,1.6959313982973132,1.6959313982973132
