,theta_x,theta_y
0,1.2149305400268628,1.2149305400268628
1,-1.550093176897111,-1.550093176897111
2,-3.141592653589793,-3.141592653589793
3,-3.141592653589793,-3.141592653589793
4,2.433623260260164,2.433623260260164
5,2.9682451649832164,2.9682451649832164
6,1.697837152604018,1.697837152604018
7,2.269173222592234,2.269173222592234
8,-0.6097734242962659,-0.6097734242962659
