,theta_x,theta_y
0,0.962167739975676,0.962167739975676
1,0.8725032658372416,0.8725032658372416
2,0.8577356472952986,0.8577356472952986
3,0.5493181107365592,0.5493181107365592
4,-3.141592653589793,-3.141592653589793
5,0.6953239935039528,0.6953239935039528
6,0.6691725428806832,0.6691725428806832
