,theta_x,theta_y
0,2.1988018474450826,2.1988018474450826
1,2.0550167675939117,2.0550167675939117
2,2.1436392162849636,2.1436392162849636
3,2.0719290861328905,2.0719290861328905
4,-3.141592653589793,-3.141592653589793
5,2.070955060869194,2.070955060869194
6,2.168612955752516,2.168612955752516
7,-3.141592653589793,-3.141592653589793
