,theta_x,theta_y
0,2.8198392700441737,2.8198392700441737
1,2.6721411434742306,2.6721411434742306
2,2.5442004079908576,2.5442004079908576
3,-3.141592653589793,-3.141592653589793
4,-3.141592653589793,-3.141592653589793
5,-3.141592653589793,-3.141592653589793
6,-3.141592653589793,-3.141592653589793
7,-3.141592653589793,-3.141592653589793
8,-3.141592653589793,-3.141592653589793
9,2.8058835963562054,2.8058835963562054
