,theta_x,theta_y
0,0.5619375512642678,0.5619375512642678
1,-0.3977851319042137,-0.3977851319042137
2,-1.7808189660056726,-1.7808189660056726
3,-2.608865147831328,-2.608865147831328
4,1.9955331192888126,1.9955331192888126
5,1.7868384570241678,1.7868384570241678
6,0.539906780057291,0.539906780057291
