,theta_x,theta_y
0,0.6404154775595915,0.6404154775595915
1,-0.5016708907241094,-0.5016708907241094
2,-2.176234720401161,-2.176234720401161
3,-2.7785021925480566,-2.7785021925480566
4,1.805811199131552,1.805811199131552
5,2.0523179526762503,2.0523179526762503
6,0.7340134048392349,0.7340134048392349
