theta_x,theta_y
2.7644287925335513,2.7644287925335513
2.0150947131837764,2.0150947131837764
1.1384312612454757,1.1384312612454757
-0.615997172525119,-0.615997172525119
-3.0913308325694406,-3.0913308325694406
