,theta_x,theta_y
0,2.4089828889685103,2.4089828889685103
1,-3.141592653589793,-3.141592653589793
2,-3.141592653589793,-3.141592653589793
3,-3.141592653589793,-3.141592653589793
4,2.284222924326171,2.284222924326171
5,2.3757280015971753,2.3757280015971753
6,2.4107249800007726,2.4107249800007726
