theta_x,theta_y
2.4089828889685103,2.4089828889685103
-3.141592653589793,-3.141592653589793
-3.141592653589793,-3.141592653589793
-3.141592653589793,-3.141592653589793
2.284222924326171,2.284222924326171
2.3757280015971753,2.3757280015971753
2.4107249800007726,2.4107249800007726
