theta_x,theta_y
2.0161295273567443,2.0161295273567443
0.8369103915609165,0.8369103915609165
1.4912575048037293,1.4912575048037293
-1.7825840898207945,-1.7825840898207945
0.34424598379749194,0.34424598379749194
0.2793328587209002,0.2793328587209002
0.035351123430557775,0.035351123430557775
-0.3663480972954478,-0.3663480972954478
