,theta_x,theta_y
0,-0.37368518173512955,-0.37368518173512955
1,-0.6531863673671476,-0.6531863673671476
