,theta_x,theta_y
0,-1.0731079703043163,-1.0731079703043163
1,3.141592653589793,3.141592653589793
2,-1.105132251666166,-1.105132251666166
3,2.053708249932296,2.053708249932296
4,3.141592653589793,3.141592653589793
5,-1.0859498849894096,-1.0859498849894096
6,-1.1545925043194403,-1.1545925043194403
7,-1.2304046984053008,-1.2304046984053008
8,-1.3117061103942256,-1.3117061103942256
9,-1.36019205207549,-1.36019205207549
