theta_x,theta_y
-0.9594938866700456,-0.9594938866700456
3.141592653589793,3.141592653589793
1.9408107033023685,1.9408107033023685
-0.9697642090230265,-0.9697642090230265
-1.0501652296642296,-1.0501652296642296
3.141592653589793,3.141592653589793
-1.036992204708797,-1.036992204708797
3.141592653589793,3.141592653589793
3.141592653589793,3.141592653589793
-1.0352075084893404,-1.0352075084893404
