,theta_x,theta_y
0,-0.7546479019865215,-0.7546479019865215
1,3.141592653589793,3.141592653589793
2,-3.141592653589793,-3.141592653589793
3,2.4077742965677755,2.4077742965677755
4,-2.473002003884038,-2.473002003884038
5,0.5080392880571695,0.5080392880571695
6,2.038666973407555,2.038666973407555
7,0.06006462557613598,0.06006462557613598
8,0.9161732337556107,0.9161732337556107
9,-3.141592653589793,-3.141592653589793
