,theta_x,theta_y
0,2.3642723417563545,2.3642723417563545
1,1.766179938312077,1.766179938312077
2,1.8818316444644285,1.8818316444644285
3,0.17277183226441042,0.17277183226441042
4,-3.141592653589793,-3.141592653589793
5,1.4006808475445305,1.4006808475445305
6,1.2234080150320457,1.2234080150320457
7,-3.141592653589793,-3.141592653589793
