theta_x,theta_y
-2.807728263007132,-2.807728263007132
-3.141592653589793,-3.141592653589793
1.4611306651552882,1.4611306651552882
1.5380406431321352,1.5380406431321352
-3.141592653589793,-3.141592653589793
-0.4113649081699624,-0.4113649081699624
1.1799531486673436,1.1799531486673436
