theta_x,theta_y
2.4712882757871073,2.4712882757871073
0.6782620724009553,0.6782620724009553
1.9327612929233369,1.9327612929233369
-1.9180674851300037,-1.9180674851300037
0.28557518646583113,0.28557518646583113
-0.1661860961253044,-0.1661860961253044
0.41640824346803706,0.41640824346803706
-0.7544950899948005,-0.7544950899948005
