,theta_x,theta_y
0,0.816938457060949,0.816938457060949
1,-0.6751172126845026,-0.6751172126845026
2,-0.9271906768397526,-0.9271906768397526
3,0.22663276290399592,0.22663276290399592
4,-3.052447678655833,-3.052447678655833
5,-0.3386982601323493,-0.3386982601323493
6,-2.9484168005401603,-2.9484168005401603
7,3.141592653589793,3.141592653589793
