,theta_x,theta_y
0,2.1467514254709457,2.1467514254709457
1,0.4880475069232238,0.4880475069232238
2,2.0069350256222496,2.0069350256222496
3,-0.5726116740889251,-0.5726116740889251
