,theta_x,theta_y
0,-0.26732064106448933,-0.26732064106448933
1,-0.4942870461406602,-0.4942870461406602
2,-0.7807733698048175,-0.7807733698048175
3,-0.8719540044772425,-0.8719540044772425
4,-0.35124102295590276,-0.35124102295590276
5,-1.0899846262447728,-1.0899846262447728
