,theta_x,theta_y
0,-0.21098690028036202,-0.21098690028036202
1,3.0171732739208608,3.0171732739208608
2,-3.141592653589793,-3.141592653589793
3,3.0303639294898335,3.0303639294898335
4,-1.426752871895142,-1.426752871895142
5,0.20073197168092802,0.20073197168092802
6,1.9624229353571325,1.9624229353571325
