,theta_x,theta_y
0,-3.141592653589793,-3.141592653589793
1,-1.9527215691350266,-1.9527215691350266
2,1.642917965934597,1.642917965934597
3,-3.141592653589793,-3.141592653589793
4,1.3913466949153113,1.3913466949153113
5,1.0273364463478107,1.0273364463478107
6,-3.141592653589793,-3.141592653589793
7,-3.141592653589793,-3.141592653589793
