theta_x,theta_y
0.4157210082425985,0.4157210082425985
2.703980248684954,2.703980248684954
