,theta_x,theta_y
0,-3.141592653589793,-3.141592653589793
1,1.2099112377963013,1.2099112377963013
2,0.577108990150173,0.577108990150173
