,theta_x,theta_y
0,-0.4024686637198256,-0.4024686637198256
1,2.9823749067670766,2.9823749067670766
2,-2.717854354408378,-2.717854354408378
3,2.232911936933366,2.232911936933366
4,-0.9294173823464655,-0.9294173823464655
5,-0.170102111343425,-0.170102111343425
6,1.9297802983910683,1.9297802983910683
