,theta_x,theta_y
0,-2.8290645974518482,-2.8290645974518482
1,-2.1633861953360713,-2.1633861953360713
2,2.618591937795582,2.618591937795582
3,0.43698782536045305,0.43698782536045305
4,-2.5482261874988246,-2.5482261874988246
5,-0.8289267876361773,-0.8289267876361773
6,0.367276314029056,0.367276314029056
