,theta_x,theta_y
0,1.0103722919009666,1.0103722919009666
1,1.7546390926315252,1.7546390926315252
2,1.2109360686324462,1.2109360686324462
3,-1.7530483109668025,-1.7530483109668025
4,-0.47439694434900936,-0.47439694434900936
5,1.3938786128834653,1.3938786128834653
