,theta_x,theta_y
0,-0.3095711541845697,-0.3095711541845697
1,1.628155590888604,1.628155590888604
2,-0.5202625908257331,-0.5202625908257331
3,-0.4541916873862623,-0.4541916873862623
4,-1.433605791681185,-1.433605791681185
