,theta_x,theta_y
0,0.23033924111582035,0.23033924111582035
1,2.7094316326058223,2.7094316326058223
2,1.6300608086393027,1.6300608086393027
3,-1.4823059726792955,-1.4823059726792955
4,-1.2756358231988845,-1.2756358231988845
5,2.685782639849121,2.685782639849121
6,-2.6829460496275743,-2.6829460496275743
7,1.8163288546104601,1.8163288546104601
8,1.3475181624232906,1.3475181624232906
9,0.04932187661507668,0.04932187661507668
