theta_x,theta_y
0.2744356720029749,0.2744356720029749
1.5455942206785371,1.5455942206785371
-1.8278212100791296,-1.8278212100791296
2.7637878589794047,2.7637878589794047
1.3292020115893288,1.3292020115893288
0.1701774868524685,0.1701774868524685
