,theta_x,theta_y
0,-3.141592653589793,-3.141592653589793
1,-1.6954115053709338,-1.6954115053709338
2,1.9551664283360335,1.9551664283360335
3,0.9679436092653843,0.9679436092653843
4,-3.1041706812650296,-3.1041706812650296
5,0.3207793633679138,0.3207793633679138
