theta_x,theta_y
2.702920414609433,2.702920414609433
0.18495369511067689,0.18495369511067689
2.9050706868394873,2.9050706868394873
-2.61771498578325,-2.61771498578325
0.6412587761575769,0.6412587761575769
-0.5348033108196824,-0.5348033108196824
1.7030255524306948,1.7030255524306948
-1.8230357807749145,-1.8230357807749145
