,theta_x,theta_y
0,2.65971227373966,2.65971227373966
1,0.1200111796525622,0.1200111796525622
2,2.9022700281296894,2.9022700281296894
3,-2.598909911428957,-2.598909911428957
4,0.6315645774253478,0.6315645774253478
5,-0.6295750969213076,-0.6295750969213076
6,1.7215801651589522,1.7215801651589522
7,-1.8990410630707255,-1.8990410630707255
