,theta_x,theta_y
0,2.5859993715126817,2.5859993715126817
1,0.3944959004724576,0.3944959004724576
