,theta_x,theta_y
0,-1.7712829810286848,-1.7712829810286848
1,3.141592653589793,3.141592653589793
