,theta_x,theta_y
0,-0.7427569376096845,-0.7427569376096845
1,-0.687677213912792,-0.687677213912792
2,-1.0729990797900026,-1.0729990797900026
