theta_x,theta_y
2.890531919544764,2.890531919544764
2.430077526381719,2.430077526381719
1.5628831655768425,1.5628831655768425
-3.141592653589793,-3.141592653589793
1.994379462532729,1.994379462532729
-2.773655956821548,-2.773655956821548
