,theta_x,theta_y
0,-1.4455903947623117,-1.4455903947623117
1,-1.5938788987719872,-1.5938788987719872
2,2.02356633057703,2.02356633057703
3,-3.141592653589793,-3.141592653589793
4,1.2852090683348434,1.2852090683348434
5,1.2918408272257882,1.2918408272257882
6,-2.3175017466117134,-2.3175017466117134
