,theta_x,theta_y
0,-2.4766729515662402,-2.4766729515662402
1,-0.6473851763269481,-0.6473851763269481
2,1.4764435093090778,1.4764435093090778
3,-2.933191631472359,-2.933191631472359
4,0.5647139346492596,0.5647139346492596
