,theta_x,theta_y
0,-1.5846001796554192,-1.5846001796554192
1,-1.6297488483494822,-1.6297488483494822
2,3.141592653589793,3.141592653589793
3,-1.6449034222038508,-1.6449034222038508
