,theta_x,theta_y
0,-0.7827346699763794,-0.7827346699763794
1,3.141592653589793,3.141592653589793
2,1.5639035390283584,1.5639035390283584
3,-1.0897348424503597,-1.0897348424503597
4,-2.4352770168601574,-2.4352770168601574
5,3.141592653589793,3.141592653589793
6,-3.125305220651996,-3.125305220651996
