,theta_x,theta_y
0,-1.3149979786269455,-1.3149979786269455
1,3.141592653589793,3.141592653589793
2,-1.4257677285262986,-1.4257677285262986
3,3.141592653589793,3.141592653589793
4,-1.7663496393523297,-1.7663496393523297
