,theta_x,theta_y
0,2.0264069276547416,2.0264069276547416
1,0.5816693998076559,0.5816693998076559
2,1.9190919487527571,1.9190919487527571
3,-3.1331920248056226,-3.1331920248056226
4,2.0143194246883205,2.0143194246883205
5,0.09760347802374088,0.09760347802374088
