,theta_x,theta_y
0,2.0614086582520383,2.0614086582520383
1,-3.141592653589793,-3.141592653589793
2,-3.141592653589793,-3.141592653589793
3,-3.141592653589793,-3.141592653589793
4,1.9948152721526595,1.9948152721526595
5,1.9922544392202841,1.9922544392202841
6,2.0523581590772264,2.0523581590772264
7,2.083128774779499,2.083128774779499
8,2.119952134016789,2.119952134016789
