,theta_x,theta_y
0,0.3705876118635593,0.3705876118635593
1,-1.3526646376244522,-1.3526646376244522
2,-2.461571757445735,-2.461571757445735
