theta_x,theta_y
-1.748338253271123,-1.748338253271123
-1.5070284238599683,-1.5070284238599683
1.9876671710509823,1.9876671710509823
