theta_x,theta_y
0.26260089380347806,0.26260089380347806
3.141592653589793,3.141592653589793
-3.141592653589793,-3.141592653589793
3.1189275637970555,3.1189275637970555
