theta_x,theta_y
1.2299895963750347,1.2299895963750347
2.758003304656291,2.758003304656291
-2.4198336058857812,-2.4198336058857812
2.4015102682722502,2.4015102682722502
-0.5157288870692398,-0.5157288870692398
0.5242568022694527,0.5242568022694527
2.1538834664027524,2.1538834664027524
0.28795829311404586,0.28795829311404586
1.0471070815663492,1.0471070815663492
