,theta_x,theta_y
0,0.6787001811059763,0.6787001811059763
1,-0.6723655694302909,-0.6723655694302909
2,-1.2194083815309062,-1.2194083815309062
3,-1.5238146643840942,-1.5238146643840942
4,3.141592653589793,3.141592653589793
5,0.38162510595177757,0.38162510595177757
6,0.23089199344400407,0.23089199344400407
7,-1.4447439504558448,-1.4447439504558448
8,0.1620708817570533,0.1620708817570533
