,theta_x,theta_y
0,0.10320858182251019,0.10320858182251019
1,1.1413972233885283,1.1413972233885283
2,1.9321778519223232,1.9321778519223232
3,-1.3364240627456125,-1.3364240627456125
4,-0.7776836607874593,-0.7776836607874593
5,1.6683743125708754,1.6683743125708754
6,-1.9556794342832595,-1.9556794342832595
7,2.7247798400096537,2.7247798400096537
8,2.238084280687289,2.238084280687289
