,theta_x,theta_y
0,2.242501982127356,2.242501982127356
1,-1.2355354916676513,-1.2355354916676513
2,1.0174422356082176,1.0174422356082176
3,1.3178400964969734,1.3178400964969734
4,0.9590437609541813,0.9590437609541813
5,2.6737615261889274,2.6737615261889274
