,theta_x,theta_y
0,1.7240179224953769,1.7240179224953769
