theta_x,theta_y
0.03226371668909356,0.03226371668909356
3.141592653589793,3.141592653589793
-1.09212335379222,-1.09212335379222
-1.253860987684908,-1.253860987684908
