theta_x,theta_y
3.141592653589793,3.141592653589793
-0.25234109596299403,-0.25234109596299403
1.250607508060139,1.250607508060139
3.0971572588826497,3.0971572588826497
0.5750966443650167,0.5750966443650167
