,theta_x,theta_y
0,1.8590846568221966,1.8590846568221966
1,0.0011853455737299498,0.0011853455737299498
2,-1.8223519785831197,-1.8223519785831197
3,-0.67922156156609,-0.67922156156609
4,-1.9163495408289708,-1.9163495408289708
5,3.141592653589793,3.141592653589793
