theta_x,theta_y
-2.1866769838315374,-2.1866769838315374
-2.198706516000081,-2.198706516000081
2.3906602792684346,2.3906602792684346
0.8593943768410417,0.8593943768410417
-2.5100432759217077,-2.5100432759217077
-0.5426954901187679,-0.5426954901187679
-0.556934453631618,-0.556934453631618
-2.493504972689158,-2.493504972689158
1.8184282726230823,1.8184282726230823
