,theta_x,theta_y
0,-1.7609743509471552,-1.7609743509471552
1,3.141592653589793,3.141592653589793
2,3.141592653589793,3.141592653589793
