,theta_x,theta_y
0,3.141592653589793,3.141592653589793
1,-1.6762317221070693,-1.6762317221070693
2,-1.650420797117236,-1.650420797117236
3,3.141592653589793,3.141592653589793
4,-1.7000192453113376,-1.7000192453113376
5,3.141592653589793,3.141592653589793
6,3.141592653589793,3.141592653589793
7,3.141592653589793,3.141592653589793
