,theta_x,theta_y
0,2.7773432434632395,2.7773432434632395
1,-1.183012106466955,-1.183012106466955
2,0.2723099391284156,0.2723099391284156
3,2.3114039538317366,2.3114039538317366
4,0.8339429057705439,0.8339429057705439
5,3.141592653589793,3.141592653589793
