,theta_x,theta_y
0,-3.141592653589793,-3.141592653589793
1,1.7172389368250833,1.7172389368250833
2,-1.2116213127581983,-1.2116213127581983
3,2.140066013544037,2.140066013544037
4,2.1566472549352933,2.1566472549352933
5,-2.470446037496349,-2.470446037496349
