,theta_x,theta_y
0,0.8366613908546262,0.8366613908546262
1,0.7748001450049736,0.7748001450049736
2,0.7106942674283315,0.7106942674283315
