,theta_x,theta_y
0,-3.1049943789743035,-3.1049943789743035
1,-1.599996051512229,-1.599996051512229
2,1.5790161914603045,1.5790161914603045
3,0.9062847440551877,0.9062847440551877
4,-3.0466872452587337,-3.0466872452587337
5,-0.060220271850289914,-0.060220271850289914
