,theta_x,theta_y
0,1.3078100035532616,1.3078100035532616
1,0.48321490895677055,0.48321490895677055
