,theta_x,theta_y
0,-1.3651063202175004,-1.3651063202175004
1,0.25211496015318513,0.25211496015318513
2,-1.354855001330935,-1.354855001330935
3,-1.5624262877337862,-1.5624262877337862
4,0.7292340101187743,0.7292340101187743
5,3.1323042208795653,3.1323042208795653
6,3.141592653589793,3.141592653589793
7,2.8995345923191875,2.8995345923191875
