,theta_x,theta_y
0,-3.141592653589793,-3.141592653589793
1,2.5366180913288474,2.5366180913288474
2,1.982402078615998,1.982402078615998
