theta_x,theta_y
-0.48706504400720707,-0.48706504400720707
2.9689961887250744,2.9689961887250744
-1.2504586497376367,-1.2504586497376367
2.5255893526248454,2.5255893526248454
1.952368664345696,1.952368664345696
0.6209276013506332,0.6209276013506332
