,theta_x,theta_y
0,-0.04003303963788729,-0.04003303963788729
1,-0.16620754314336672,-0.16620754314336672
2,1.3559144577217135,1.3559144577217135
3,-1.015572164563976,-1.015572164563976
