theta_x,theta_y
0.8972037956262373,0.8972037956262373
1.775601914386737,1.775601914386737
0.7156474444018857,0.7156474444018857
-1.5604639372163935,-1.5604639372163935
