,theta_x,theta_y
0,-0.08433415809595113,-0.08433415809595113
