,theta_x,theta_y
0,-2.09547658518421,-2.09547658518421
1,-1.9404107244277733,-1.9404107244277733
2,2.26295408400315,2.26295408400315
3,-2.621320191280063,-2.621320191280063
4,0.4062398860060772,0.4062398860060772
