theta_x,theta_y
0.15038967247713486,0.15038967247713486
3.084432236940147,3.084432236940147
