,theta_x,theta_y
0,-3.141592653589793,-3.141592653589793
1,-1.0453285886311159,-1.0453285886311159
