theta_x,theta_y
-3.141592653589793,-3.141592653589793
-0.1549208375425053,-0.1549208375425053
0.9577606199631602,0.9577606199631602
1.0409125388368565,1.0409125388368565
-3.0972222480831006,-3.0972222480831006
1.1152414812411153,1.1152414812411153
1.0281158188606787,1.0281158188606787
-1.6218493398486857,-1.6218493398486857
0.7297793332515858,0.7297793332515858
