,theta_x,theta_y
0,0.9219839344149858,0.9219839344149858
1,0.9201755111028074,0.9201755111028074
2,0.9092238211723032,0.9092238211723032
3,0.8967736915873556,0.8967736915873556
4,0.8916788080920346,0.8916788080920346
5,0.8835446742396763,0.8835446742396763
6,0.8765815542146184,0.8765815542146184
7,0.8698232517299122,0.8698232517299122
