,theta_x,theta_y
0,0.11143983793509091,0.11143983793509091
1,2.0218374217467763,2.0218374217467763
2,-1.7982197573727507,-1.7982197573727507
3,1.8193351256141597,1.8193351256141597
