,theta_x,theta_y
0,2.546965647757273,2.546965647757273
1,-3.141592653589793,-3.141592653589793
2,1.2038534539369004,1.2038534539369004
3,1.8152136532908838,1.8152136532908838
4,1.2232667907195967,1.2232667907195967
