theta_x,theta_y
0.9602363935389238,0.9602363935389238
