,theta_x,theta_y
0,0.29906904915995414,0.29906904915995414
1,3.141592653589793,3.141592653589793
2,-2.6791577580286523,-2.6791577580286523
3,2.749656670039132,2.749656670039132
4,-1.8983274521810363,-1.8983274521810363
5,-0.26840425805488394,-0.26840425805488394
6,2.345331177102029,2.345331177102029
7,-0.3670540944349971,-0.3670540944349971
8,1.2891067276285333,1.2891067276285333
