,theta_x,theta_y
0,-1.4057318388053714,-1.4057318388053714
1,-1.2949224220342208,-1.2949224220342208
2,1.9936867118792847,1.9936867118792847
3,-2.378101894616927,-2.378101894616927
4,0.4033455583749666,0.4033455583749666
5,1.2463825944381157,1.2463825944381157
6,-1.7820171478480435,-1.7820171478480435
7,-2.603064031765896,-2.603064031765896
8,-1.4599170878695495,-1.4599170878695495
9,0.8575863915094691,0.8575863915094691
