,theta_x,theta_y
0,0.3035817518076892,0.3035817518076892
1,-1.313361370606395,-1.313361370606395
2,-1.2581988138287235,-1.2581988138287235
3,-0.9397225419084391,-0.9397225419084391
4,3.055749256930019,3.055749256930019
5,0.5278188167983583,0.5278188167983583
