,theta_x,theta_y
0,-2.4990913276094164,-2.4990913276094164
1,2.8710169253943323,2.8710169253943323
2,-1.6045952794145746,-1.6045952794145746
