,theta_x,theta_y
0,-1.537163568849516,-1.537163568849516
1,2.8536026611698175,2.8536026611698175
2,-1.9936662774117444,-1.9936662774117444
3,2.2265146564057505,2.2265146564057505
4,1.7668977032735815,1.7668977032735815
5,-0.23064457951528775,-0.23064457951528775
6,-0.22244018324644238,-0.22244018324644238
7,-1.6118817237995644,-1.6118817237995644
8,-2.9589562559215943,-2.9589562559215943
9,0.2915665876371286,0.2915665876371286
