,theta_x,theta_y
0,0.07427745862364828,0.07427745862364828
1,2.8303468781729197,2.8303468781729197
