theta_x,theta_y
0.9885383367606384,0.9885383367606384
0.8604114295602376,0.8604114295602376
0.5813528139732866,0.5813528139732866
-3.141592653589793,-3.141592653589793
0.5808339617628326,0.5808339617628326
0.476026489072302,0.476026489072302
0.4376455670544875,0.4376455670544875
-3.141592653589793,-3.141592653589793
