,theta_x,theta_y
0,-0.08757569431258583,-0.08757569431258583
1,-0.4988089237216895,-0.4988089237216895
2,-0.7373850523060314,-0.7373850523060314
3,-1.2024169198947372,-1.2024169198947372
