theta_x,theta_y
-3.141592653589793,-3.141592653589793
1.7173274343921374,1.7173274343921374
1.42321985719355,1.42321985719355
1.220586329531861,1.220586329531861
1.2742215331128577,1.2742215331128577
0.8375560126289299,0.8375560126289299
