,theta_x,theta_y
0,0.1690928320928017,0.1690928320928017
1,2.7780966352168925,2.7780966352168925
2,-1.8277982523087968,-1.8277982523087968
3,2.2212863458619507,2.2212863458619507
