theta_x,theta_y
-1.3422341263177,-1.3422341263177
-1.7484602181294173,-1.7484602181294173
3.141592653589793,3.141592653589793
-1.8745044921891099,-1.8745044921891099
