,theta_x,theta_y
0,-2.0260388088574492,-2.0260388088574492
1,2.7277500762488938,2.7277500762488938
2,-2.6985714011199176,-2.6985714011199176
3,2.973544900121793,2.973544900121793
4,3.0840981022684577,3.0840981022684577
5,-1.469472549923928,-1.469472549923928
6,-1.7895391560136626,-1.7895391560136626
