,theta_x,theta_y
0,-2.6122417665856457,-2.6122417665856457
1,-3.141592653589793,-3.141592653589793
2,2.1064153810396267,2.1064153810396267
3,2.2448988943136468,2.2448988943136468
4,-3.141592653589793,-3.141592653589793
5,2.697094745428573,2.697094745428573
