,theta_x,theta_y
0,0.12690887963856792,0.12690887963856792
1,2.808387040369719,2.808387040369719
2,1.6525575017393919,1.6525575017393919
3,-1.4180623910485128,-1.4180623910485128
4,-1.2844883802704585,-1.2844883802704585
5,2.6508615169595515,2.6508615169595515
6,-2.8527736796970697,-2.8527736796970697
7,1.5708587226394106,1.5708587226394106
8,1.2368046489789328,1.2368046489789328
