,theta_x,theta_y
0,-0.48988536401023586,-0.48988536401023586
1,-0.5988064481210591,-0.5988064481210591
2,-3.141592653589793,-3.141592653589793
