,theta_x,theta_y
0,-2.7279198436817595,-2.7279198436817595
1,-2.86899487872023,-2.86899487872023
2,1.911587020276038,1.911587020276038
3,1.803065792084793,1.803065792084793
4,-3.141592653589793,-3.141592653589793
5,-0.18376809247814868,-0.18376809247814868
6,1.444334592866349,1.444334592866349
