,theta_x,theta_y
0,-0.931502861790974,-0.931502861790974
1,3.141592653589793,3.141592653589793
2,-0.9758012265842945,-0.9758012265842945
3,-0.9434942767847361,-0.9434942767847361
4,-1.0265139910352312,-1.0265139910352312
5,3.141592653589793,3.141592653589793
6,-1.0620766151442076,-1.0620766151442076
7,3.141592653589793,3.141592653589793
8,3.141592653589793,3.141592653589793
9,-1.0249523119167163,-1.0249523119167163
