,theta_x,theta_y
0,-3.0028177898247645,-3.0028177898247645
1,-1.9876065460735395,-1.9876065460735395
2,2.7220609169838914,2.7220609169838914
3,1.2337261541818352,1.2337261541818352
