,theta_x,theta_y
0,0.392937227949238,0.392937227949238
