theta_x,theta_y
-0.19768695959005142,-0.19768695959005142
3.141592653589793,3.141592653589793
-2.433269976053346,-2.433269976053346
2.5408697284323667,2.5408697284323667
-1.5688314859806518,-1.5688314859806518
0.22702275683626402,0.22702275683626402
2.222999660114991,2.222999660114991
0.11438725101610125,0.11438725101610125
0.7571090624257247,0.7571090624257247
-2.6602775280983972,-2.6602775280983972
