theta_x,theta_y
-1.474995082726571,-1.474995082726571
