,theta_x,theta_y
0,-1.474995082726571,-1.474995082726571
