,theta_x,theta_y
0,-0.22979244801075951,-0.22979244801075951
1,-0.2433296028597769,-0.2433296028597769
2,-0.31438314770944814,-0.31438314770944814
3,-0.3032046004507758,-0.3032046004507758
4,-0.3543347719225991,-0.3543347719225991
5,-0.3353105047116328,-0.3353105047116328
