,theta_x,theta_y
0,-2.1784074803059905,-2.1784074803059905
1,-2.315007280785673,-2.315007280785673
2,3.141592653589793,3.141592653589793
3,-3.141592653589793,-3.141592653589793
4,0.9483607509211323,0.9483607509211323
5,-0.115211811712991,-0.115211811712991
6,-1.1164497594698244,-1.1164497594698244
