,theta_x,theta_y
0,-1.4875207435265332,-1.4875207435265332
1,-1.732443630128739,-1.732443630128739
