theta_x,theta_y
2.2796438375537496,2.2796438375537496
-0.41429912368565863,-0.41429912368565863
1.0133407639453906,1.0133407639453906
1.4860919263336232,1.4860919263336232
-0.12173838619906743,-0.12173838619906743
1.555358831547626,1.555358831547626
0.06953617979924274,0.06953617979924274
0.9895960038707389,0.9895960038707389
-3.1005512918026747,-3.1005512918026747
-1.0833314719843388,-1.0833314719843388
