,theta_x,theta_y
0,2.2796438375537496,2.2796438375537496
1,-0.41429912368565863,-0.41429912368565863
2,1.0133407639453906,1.0133407639453906
3,1.4860919263336232,1.4860919263336232
4,-0.12173838619906743,-0.12173838619906743
5,1.555358831547626,1.555358831547626
6,0.06953617979924274,0.06953617979924274
7,0.9895960038707389,0.9895960038707389
8,-3.1005512918026747,-3.1005512918026747
9,-1.0833314719843388,-1.0833314719843388
