,theta_x,theta_y
0,2.892378400165023,2.892378400165023
1,-0.42508371045300464,-0.42508371045300464
2,-0.8472286376095742,-0.8472286376095742
3,1.4538552813667764,1.4538552813667764
4,0.22712887055581635,0.22712887055581635
5,3.141592653589793,3.141592653589793
6,2.9101049548317417,2.9101049548317417
7,3.0232408301795513,3.0232408301795513
