,theta_x,theta_y
0,0.5701845974305888,0.5701845974305888
1,0.5432496010601311,0.5432496010601311
2,0.51136887924326,0.51136887924326
