,theta_x,theta_y
0,-2.916321124312105,-2.916321124312105
1,-1.2937041348682665,-1.2937041348682665
2,1.8407249019845218,1.8407249019845218
3,1.2263751640423712,1.2263751640423712
4,-3.141592653589793,-3.141592653589793
5,0.9593583333244253,0.9593583333244253
6,0.46626575867785564,0.46626575867785564
7,-1.0922801827501978,-1.0922801827501978
8,1.2238480495743262,1.2238480495743262
9,-2.2643049587214374,-2.2643049587214374
