,theta_x,theta_y
0,1.4169639651078652,1.4169639651078652
