,theta_x,theta_y
0,1.15925418157967,1.15925418157967
1,1.123938938802013,1.123938938802013
2,1.087966077607421,1.087966077607421
3,1.0530437853681212,1.0530437853681212
4,1.0172143538303384,1.0172143538303384
5,0.9815588019508964,0.9815588019508964
6,-3.141592653589793,-3.141592653589793
7,0.971578190124238,0.971578190124238
8,0.9488914304862575,0.9488914304862575
