theta_x,theta_y
1.8781256600794443,1.8781256600794443
-0.415448826382059,-0.415448826382059
0.5602219592316089,0.5602219592316089
