,theta_x,theta_y
0,0.9230023580231081,0.9230023580231081
1,-1.4045783942571475,-1.4045783942571475
2,-2.216084512152527,-2.216084512152527
