theta_x,theta_y
1.8403013992200954,1.8403013992200954
1.550555813099332,1.550555813099332
0.38134777237037604,0.38134777237037604
