,theta_x,theta_y
0,-2.90665343345142,-2.90665343345142
1,-3.0043815688130477,-3.0043815688130477
2,3.0314536457458057,3.0314536457458057
3,-0.6751399501283069,-0.6751399501283069
