,theta_x,theta_y
0,-0.6752941635568135,-0.6752941635568135
1,3.0857091200094806,3.0857091200094806
2,-1.22673084446988,-1.22673084446988
3,1.9287313257154073,1.9287313257154073
4,-1.0334128264610776,-1.0334128264610776
5,-1.7018521942948714,-1.7018521942948714
6,2.422214904541187,2.422214904541187
7,-1.8749435316177843,-1.8749435316177843
