,theta_x,theta_y
0,-0.26977551370154484,-0.26977551370154484
1,3.141592653589793,3.141592653589793
2,-0.1884486644780501,-0.1884486644780501
3,-0.6172877710498371,-0.6172877710498371
4,-0.7457992466550432,-0.7457992466550432
5,-0.6320288412310251,-0.6320288412310251
6,-0.7624232596743672,-0.7624232596743672
