,theta_x,theta_y
0,0.774389061998934,0.774389061998934
1,-1.6443811857429687,-1.6443811857429687
2,-3.141592653589793,-3.141592653589793
3,-3.141592653589793,-3.141592653589793
4,2.5912759810882067,2.5912759810882067
5,2.3384061915266114,2.3384061915266114
