theta_x,theta_y
-0.24902349779190391,-0.24902349779190391
-1.1864444490955428,-1.1864444490955428
3.141592653589793,3.141592653589793
-2.20803454228074,-2.20803454228074
1.486211809286418,1.486211809286418
0.35161786022971675,0.35161786022971675
-0.6758690465535107,-0.6758690465535107
