,theta_x,theta_y
0,2.4963094365807192,2.4963094365807192
1,0.5991224493864536,0.5991224493864536
2,0.8114349081397564,0.8114349081397564
3,-1.036718991193447,-1.036718991193447
4,2.143941369623651,2.143941369623651
5,2.296290596359643,2.296290596359643
6,1.4551815839531939,1.4551815839531939
7,-1.3584292623828982,-1.3584292623828982
