,theta_x,theta_y
0,1.7008516755669383,1.7008516755669383
1,0.6088449164564474,0.6088449164564474
2,-2.4663984756077926,-2.4663984756077926
3,0.83362074466925,0.83362074466925
4,0.2992254728343775,0.2992254728343775
5,0.9201169742220987,0.9201169742220987
6,-0.07784329512952243,-0.07784329512952243
7,0.8375903204684814,0.8375903204684814
8,0.3914260878388535,0.3914260878388535
