,theta_x,theta_y
0,0.26685892195044386,0.26685892195044386
1,0.06635053785604224,0.06635053785604224
2,-0.25809852319268134,-0.25809852319268134
3,-1.0774383887741013,-1.0774383887741013
4,2.7390717640187163,2.7390717640187163
5,-0.28324814798297837,-0.28324814798297837
6,-0.9170617375309482,-0.9170617375309482
