,theta_x,theta_y
0,-2.923180853036976,-2.923180853036976
1,-3.141592653589793,-3.141592653589793
2,3.141592653589793,3.141592653589793
3,-0.1538126065551123,-0.1538126065551123
4,-2.3428026760366945,-2.3428026760366945
5,-0.5656853495403598,-0.5656853495403598
