,theta_x,theta_y
0,0.7168702661981744,0.7168702661981744
1,-1.332465134985877,-1.332465134985877
2,-2.452610478526527,-2.452610478526527
3,-3.141592653589793,-3.141592653589793
4,2.140701758032324,2.140701758032324
5,2.2067478093169726,2.2067478093169726
6,1.2495621429398929,1.2495621429398929
