,theta_x,theta_y
0,-1.732094645252415,-1.732094645252415
1,-3.0018377458461485,-3.0018377458461485
2,-3.141592653589793,-3.141592653589793
3,-3.141592653589793,-3.141592653589793
4,2.569116797713297,2.569116797713297
