theta_x,theta_y
-1.732094645252415,-1.732094645252415
-3.0018377458461485,-3.0018377458461485
-3.141592653589793,-3.141592653589793
-3.141592653589793,-3.141592653589793
2.569116797713297,2.569116797713297
