,theta_x,theta_y
0,1.8736327773536616,1.8736327773536616
1,0.4062844071249452,0.4062844071249452
2,2.007344985850408,2.007344985850408
3,-2.5648734959878654,-2.5648734959878654
4,0.30085447418405076,0.30085447418405076
5,-0.03769844386631219,-0.03769844386631219
