theta_x,theta_y
1.0142239551473122,1.0142239551473122
1.0080416449445915,1.0080416449445915
1.002480526210061,1.002480526210061
0.9969262746950852,0.9969262746950852
0.9914488220492779,0.9914488220492779
0.9860780385073326,0.9860780385073326
0.9808436481376673,0.9808436481376673
0.975766025640705,0.975766025640705
-3.141592653589793,-3.141592653589793
0.9542803338899314,0.9542803338899314
