theta_x,theta_y
0.9496927223933138,0.9496927223933138
0.9359884907419795,0.9359884907419795
0.9226151660745665,0.9226151660745665
0.9096501881238173,0.9096501881238173
0.8969739209826191,0.8969739209826191
0.8847577074544057,0.8847577074544057
0.8727931652283935,0.8727931652283935
0.8613134176152324,0.8613134176152324
0.8499819736724196,0.8499819736724196
