,theta_x,theta_y
0,2.0319310726041997,2.0319310726041997
1,1.5583264364714942,1.5583264364714942
2,-0.17738794016273718,-0.17738794016273718
3,-1.122481306880259,-1.122481306880259
4,-2.568065229882855,-2.568065229882855
5,-1.1454198398751643,-1.1454198398751643
6,-1.3275406796114237,-1.3275406796114237
7,-2.6889981939951833,-2.6889981939951833
8,-2.834465650203881,-2.834465650203881
9,3.1138501757957533,3.1138501757957533
