,theta_x,theta_y
0,1.8075306392124468,1.8075306392124468
1,1.8033454624484015,1.8033454624484015
2,1.798538643620275,1.798538643620275
3,1.7937045750781255,1.7937045750781255
4,1.7863997588724716,1.7863997588724716
5,1.7829521497780938,1.7829521497780938
6,1.7775256416743255,1.7775256416743255
7,1.7743606990550744,1.7743606990550744
