,theta_x,theta_y
0,-0.4298496161951873,-0.4298496161951873
1,-0.916472024760353,-0.916472024760353
