,theta_x,theta_y
0,-0.46847481240205663,-0.46847481240205663
