theta_x,theta_y
-0.7818460554202082,-0.7818460554202082
1.0058835082924253,1.0058835082924253
3.141592653589793,3.141592653589793
