,theta_x,theta_y
0,1.394143912599291,1.394143912599291
1,-1.9420832660485683,-1.9420832660485683
2,-1.3921470955856425,-1.3921470955856425
3,-1.5347988076792152,-1.5347988076792152
4,2.0862995769458967,2.0862995769458967
5,1.8053536101245633,1.8053536101245633
6,1.5599399000299303,1.5599399000299303
7,-3.065748543180582,-3.065748543180582
