theta_x,theta_y
2.91764806217734,2.91764806217734
0.19947178996832043,0.19947178996832043
3.1107416346218653,3.1107416346218653
-2.660527202679241,-2.660527202679241
0.8740684388894825,0.8740684388894825
-0.29565572302514886,-0.29565572302514886
1.6219262099372105,1.6219262099372105
-1.4055176532432188,-1.4055176532432188
2.192184704807113,2.192184704807113
0.15270851487074766,0.15270851487074766
