,theta_x,theta_y
0,1.293454885881456,1.293454885881456
1,0.5261381204526202,0.5261381204526202
2,0.5905130428701719,0.5905130428701719
3,2.486136405513523,2.486136405513523
4,1.4621890165939502,1.4621890165939502
5,2.799656729527887,2.799656729527887
