,theta_x,theta_y
0,2.489508764856315,2.489508764856315
1,-2.6964395418268374,-2.6964395418268374
2,-3.141592653589793,-3.141592653589793
3,-3.141592653589793,-3.141592653589793
4,2.5554988029127417,2.5554988029127417
5,2.4563902328091123,2.4563902328091123
6,1.728097447692251,1.728097447692251
7,2.356679396259909,2.356679396259909
