theta_x,theta_y
3.110059520422778,3.110059520422778
2.9590600787336743,2.9590600787336743
-3.141592653589793,-3.141592653589793
-3.141592653589793,-3.141592653589793
-3.141592653589793,-3.141592653589793
-3.141592653589793,-3.141592653589793
2.881477627787146,2.881477627787146
