,theta_x,theta_y
0,-0.2751001198955641,-0.2751001198955641
1,-0.2939736000883414,-0.2939736000883414
2,-0.2931473798690382,-0.2931473798690382
3,-0.28442282977604344,-0.28442282977604344
4,-0.2994491091687098,-0.2994491091687098
5,-0.30469767606959036,-0.30469767606959036
6,-0.31971165006044866,-0.31971165006044866
7,-0.3229968919279302,-0.3229968919279302
8,-0.334951930665065,-0.334951930665065
9,-0.33218671413575523,-0.33218671413575523
