,theta_x,theta_y
0,1.7869493228623297,1.7869493228623297
1,0.8604436205235131,0.8604436205235131
2,-0.009059077788430476,-0.009059077788430476
3,0.16928546381254145,0.16928546381254145
4,0.9087011842387684,0.9087011842387684
5,1.522282893082351,1.522282893082351
6,-3.141592653589793,-3.141592653589793
