,theta_x,theta_y
0,-3.054968494735276,-3.054968494735276
1,-2.5222374971430743,-2.5222374971430743
2,1.94581641054576,1.94581641054576
3,1.394923881037526,1.394923881037526
4,-3.141592653589793,-3.141592653589793
5,0.0792158740999706,0.0792158740999706
6,0.7754411822122466,0.7754411822122466
7,-2.9165136343891715,-2.9165136343891715
