theta_x,theta_y
-2.2970873291469767,-2.2970873291469767
