,theta_x,theta_y
0,-0.515566193714765,-0.515566193714765
1,0.10822921176225342,0.10822921176225342
