,theta_x,theta_y
0,-2.6409079823668695,-2.6409079823668695
1,-1.6980631090006102,-1.6980631090006102
2,1.9231462280367102,1.9231462280367102
3,0.5500409353072255,0.5500409353072255
4,-2.596152592187658,-2.596152592187658
5,-0.4151878922962723,-0.4151878922962723
6,-0.13112676698087405,-0.13112676698087405
7,-2.1846325788428023,-2.1846325788428023
