,theta_x,theta_y
0,-2.1502626037752632,-2.1502626037752632
1,-3.141592653589793,-3.141592653589793
2,2.872059087243479,2.872059087243479
3,2.7187464738215934,2.7187464738215934
4,-2.7400906177576014,-2.7400906177576014
5,2.1593569567626285,2.1593569567626285
