theta_x,theta_y
-2.1502626037752632,-2.1502626037752632
-3.141592653589793,-3.141592653589793
2.872059087243479,2.872059087243479
2.7187464738215934,2.7187464738215934
-2.7400906177576014,-2.7400906177576014
2.1593569567626285,2.1593569567626285
