,theta_x,theta_y
0,2.777051390409485,2.777051390409485
1,1.632381959340688,1.632381959340688
2,1.014867254156511,1.014867254156511
3,-2.8386029245477618,-2.8386029245477618
4,-2.614873356708133,-2.614873356708133
5,1.468907718257949,1.468907718257949
6,-3.141592653589793,-3.141592653589793
