theta_x,theta_y
-2.88221863292197,-2.88221863292197
0.39501728869647945,0.39501728869647945
1.0698425617219534,1.0698425617219534
-0.678945547841745,-0.678945547841745
-0.7873735425072075,-0.7873735425072075
-0.754997657386121,-0.754997657386121
-0.8051325163325599,-0.8051325163325599
-1.0359351517037967,-1.0359351517037967
