,theta_x,theta_y
0,-1.281435997962487,-1.281435997962487
1,-1.7747114797833479,-1.7747114797833479
2,2.582996579861277,2.582996579861277
3,-2.783091583632698,-2.783091583632698
