,theta_x,theta_y
0,1.8766558462783984,1.8766558462783984
1,-1.0427546090252129,-1.0427546090252129
2,0.9980007954149982,0.9980007954149982
3,1.1743437301415762,1.1743437301415762
4,1.006469497690903,1.006469497690903
5,2.2988248170895584,2.2988248170895584
6,2.673718741495906,2.673718741495906
