,theta_x,theta_y
0,-1.5614564568549505,-1.5614564568549505
1,3.141592653589793,3.141592653589793
2,3.141592653589793,3.141592653589793
3,-1.53027259946608,-1.53027259946608
4,-1.5611642146016989,-1.5611642146016989
5,3.141592653589793,3.141592653589793
6,-1.5718957127769386,-1.5718957127769386
7,3.141592653589793,3.141592653589793
8,3.141592653589793,3.141592653589793
9,-1.5760539150925215,-1.5760539150925215
