,theta_x,theta_y
0,-1.8488004995754372,-1.8488004995754372
1,-2.0755449485993207,-2.0755449485993207
2,2.4961805631066927,2.4961805631066927
3,-2.213789368706532,-2.213789368706532
