theta_x,theta_y
-3.141592653589793,-3.141592653589793
-2.597960948769376,-2.597960948769376
3.141592653589793,3.141592653589793
-1.6579756450243128,-1.6579756450243128
1.4001795396732089,1.4001795396732089
