,theta_x,theta_y
0,-3.141592653589793,-3.141592653589793
1,-2.597960948769376,-2.597960948769376
2,3.141592653589793,3.141592653589793
3,-1.6579756450243128,-1.6579756450243128
4,1.4001795396732089,1.4001795396732089
