,theta_x,theta_y
0,-2.127804446704093,-2.127804446704093
1,2.6809386350045266,2.6809386350045266
2,-3.141592653589793,-3.141592653589793
3,2.451385978828049,2.451385978828049
4,2.416941013122334,2.416941013122334
5,-0.8511266507010655,-0.8511266507010655
6,-2.5037491477558507,-2.5037491477558507
7,-1.4360295850237672,-1.4360295850237672
