,theta_x,theta_y
0,2.0079327011220056,2.0079327011220056
1,-0.4055318295985352,-0.4055318295985352
2,-0.5097699859384744,-0.5097699859384744
3,3.141592653589793,3.141592653589793
