,theta_x,theta_y
0,0.5888744619963089,0.5888744619963089
1,0.07562386014294543,0.07562386014294543
2,3.141592653589793,3.141592653589793
3,-2.707210096608349,-2.707210096608349
4,3.141592653589793,3.141592653589793
5,1.3129914592121505,1.3129914592121505
6,-3.141592653589793,-3.141592653589793
7,-3.141592653589793,-3.141592653589793
