theta_x,theta_y
0.5888744619963089,0.5888744619963089
0.07562386014294543,0.07562386014294543
3.141592653589793,3.141592653589793
-2.707210096608349,-2.707210096608349
3.141592653589793,3.141592653589793
1.3129914592121505,1.3129914592121505
-3.141592653589793,-3.141592653589793
-3.141592653589793,-3.141592653589793
