theta_x,theta_y
-1.5545093308885074,-1.5545093308885074
