,theta_x,theta_y
0,2.128045065277479,2.128045065277479
1,2.11136552837133,2.11136552837133
2,2.0164535790304443,2.0164535790304443
3,-3.141592653589793,-3.141592653589793
4,2.0624219164827773,2.0624219164827773
5,1.9213560743130158,1.9213560743130158
6,1.9997693896211712,1.9997693896211712
7,-3.141592653589793,-3.141592653589793
