,theta_x,theta_y
0,-0.5148278189062089,-0.5148278189062089
1,-0.5618154699328096,-0.5618154699328096
2,-0.49399606715789784,-0.49399606715789784
