theta_x,theta_y
-2.4992590203398097,-2.4992590203398097
-1.6007422276581666,-1.6007422276581666
1.9558191675956385,1.9558191675956385
0.9158747016370298,0.9158747016370298
-2.704501975509694,-2.704501975509694
0.25405861849339373,0.25405861849339373
-0.1297321831556308,-0.1297321831556308
-1.867660149916264,-1.867660149916264
1.780112018992501,1.780112018992501
-2.218252702889159,-2.218252702889159
