theta_x,theta_y
2.380210091802619,2.380210091802619
2.1772145129095177,2.1772145129095177
0.07652739249331278,0.07652739249331278
-1.2101287413694468,-1.2101287413694468
-2.4083650487812385,-2.4083650487812385
-0.905808268469916,-0.905808268469916
-0.9661206783756761,-0.9661206783756761
