,theta_x,theta_y
0,-3.141592653589793,-3.141592653589793
1,0.7296761581056794,0.7296761581056794
2,0.735122437502775,0.735122437502775
3,0.7453555006089736,0.7453555006089736
4,-3.141592653589793,-3.141592653589793
5,0.7698536836806775,0.7698536836806775
6,0.8322254408141347,0.8322254408141347
7,0.8993216985157966,0.8993216985157966
