,theta_x,theta_y
0,-2.5478153137575896,-2.5478153137575896
1,2.543794123601328,2.543794123601328
2,-0.8262382517251566,-0.8262382517251566
3,2.361722988522216,2.361722988522216
4,2.9940291574640323,2.9940291574640323
5,-1.7057880481037049,-1.7057880481037049
