,theta_x,theta_y
0,1.132238225771406,1.132238225771406
