,theta_x,theta_y
0,1.4718490948583731,1.4718490948583731
1,0.2052334924354164,0.2052334924354164
2,0.21770852203259863,0.21770852203259863
