theta_x,theta_y
-3.056173780256168,-3.056173780256168
-0.7943400815865085,-0.7943400815865085
1.6003382883866037,1.6003382883866037
1.1693956501412126,1.1693956501412126
-3.0762714806075144,-3.0762714806075144
0.8729088058149324,0.8729088058149324
0.8145192746097598,0.8145192746097598
