,theta_x,theta_y
0,2.6460956177607193,2.6460956177607193
1,-3.141592653589793,-3.141592653589793
2,-3.141592653589793,-3.141592653589793
3,-3.141592653589793,-3.141592653589793
4,3.0054372844214616,3.0054372844214616
