,theta_x,theta_y
0,1.2302670375654743,1.2302670375654743
1,0.36119789573772243,0.36119789573772243
2,-1.227091173359329,-1.227091173359329
