,theta_x,theta_y
0,3.0012237911799162,3.0012237911799162
1,2.0774090921539647,2.0774090921539647
2,-1.5907458566505461,-1.5907458566505461
3,-2.6866794682050927,-2.6866794682050927
4,-3.141592653589793,-3.141592653589793
5,-3.141592653589793,-3.141592653589793
6,-3.141592653589793,-3.141592653589793
7,-3.141592653589793,-3.141592653589793
8,-3.1163237199117475,-3.1163237199117475
