theta_x,theta_y
-0.13777661357423707,-0.13777661357423707
3.141592653589793,3.141592653589793
-0.9345264267258395,-0.9345264267258395
3.0454231094244704,3.0454231094244704
-0.6362784286613469,-0.6362784286613469
-0.9333691757645082,-0.9333691757645082
2.930025839103096,2.930025839103096
-1.1704354504951417,-1.1704354504951417
-0.3705736704299008,-0.3705736704299008
