,theta_x,theta_y
0,-1.4737989722027793,-1.4737989722027793
