,theta_x,theta_y
0,-0.3272191993677475,-0.3272191993677475
1,3.141592653589793,3.141592653589793
2,-0.32485321257426214,-0.32485321257426214
3,-0.30498742450577476,-0.30498742450577476
4,-0.40346792297670814,-0.40346792297670814
