,theta_x,theta_y
0,-3.141592653589793,-3.141592653589793
1,1.6381806902361882,1.6381806902361882
2,-3.141592653589793,-3.141592653589793
