theta_x,theta_y
-3.141592653589793,-3.141592653589793
1.5696731730695663,1.5696731730695663
-3.141592653589793,-3.141592653589793
