,theta_x,theta_y
0,-0.6487448501338224,-0.6487448501338224
1,3.0186283232476705,3.0186283232476705
2,-3.141592653589793,-3.141592653589793
3,1.6415443439417319,1.6415443439417319
4,-1.5594415525711776,-1.5594415525711776
5,1.1175122312321963,1.1175122312321963
6,1.4449746162339818,1.4449746162339818
7,0.2274404413145713,0.2274404413145713
8,-0.11909587134896034,-0.11909587134896034
