theta_x,theta_y
-1.731005832797647,-1.731005832797647
-1.3606037395171764,-1.3606037395171764
1.8885305964638965,1.8885305964638965
-2.596778782153828,-2.596778782153828
0.5299735331475167,0.5299735331475167
