,theta_x,theta_y
0,-3.141592653589793,-3.141592653589793
1,1.156396120936787,1.156396120936787
2,0.9782490185735521,0.9782490185735521
