theta_x,theta_y
-0.49650278216575344,-0.49650278216575344
-0.5800327463572408,-0.5800327463572408
