,theta_x,theta_y
0,1.3980499297651163,1.3980499297651163
1,1.0866952624276784,1.0866952624276784
2,0.16437049879987248,0.16437049879987248
3,-0.7417308542697132,-0.7417308542697132
4,-3.137990287359805,-3.137990287359805
5,-0.24508406325224497,-0.24508406325224497
6,-0.4427184518427712,-0.4427184518427712
7,-2.7983470522087623,-2.7983470522087623
8,-3.141592653589793,-3.141592653589793
