,theta_x,theta_y
0,3.073624367277208,3.073624367277208
1,2.320656198272209,2.320656198272209
2,1.4059568376919713,1.4059568376919713
3,-2.2718939486794505,-2.2718939486794505
4,-3.141592653589793,-3.141592653589793
5,1.1336146798319304,1.1336146798319304
6,-0.21494978440420826,-0.21494978440420826
7,-3.141592653589793,-3.141592653589793
8,-3.141592653589793,-3.141592653589793
9,0.32781432457031834,0.32781432457031834
