,theta_x,theta_y
0,1.7576804217125501,1.7576804217125501
1,1.031736980519263,1.031736980519263
2,-0.1453165710896484,-0.1453165710896484
3,-0.3863361603191475,-0.3863361603191475
4,-1.5541372052411684,-1.5541372052411684
5,-0.4365546415207631,-0.4365546415207631
6,-1.1951225921087882,-1.1951225921087882
7,-2.025569180557916,-2.025569180557916
8,-2.328325392216143,-2.328325392216143
9,3.141592653589793,3.141592653589793
