,theta_x,theta_y
0,1.1141095962091176,1.1141095962091176
1,0.7979076029515548,0.7979076029515548
2,0.7633890193416043,0.7633890193416043
