,theta_x,theta_y
0,0.9710382402281407,0.9710382402281407
1,0.8776472665978683,0.8776472665978683
2,0.7846730388394136,0.7846730388394136
3,0.6861559531273462,0.6861559531273462
4,0.5992237962589845,0.5992237962589845
5,0.48408952604936417,0.48408952604936417
6,-3.141592653589793,-3.141592653589793
7,0.48503811377849854,0.48503811377849854
