,theta_x,theta_y
0,0.09419487645354781,0.09419487645354781
1,3.141592653589793,3.141592653589793
2,1.4330817136943501,1.4330817136943501
