,theta_x,theta_y
0,-3.141592653589793,-3.141592653589793
1,-1.444264958087518,-1.444264958087518
2,1.5361271345018,1.5361271345018
3,-3.141592653589793,-3.141592653589793
4,1.8766867444466713,1.8766867444466713
