,theta_x,theta_y
0,0.4636582699549404,0.4636582699549404
1,2.2091467461174394,2.2091467461174394
