,theta_x,theta_y
0,-1.3999940007539586,-1.3999940007539586
1,3.141592653589793,3.141592653589793
2,-1.9439267492436914,-1.9439267492436914
3,1.9522600158590921,1.9522600158590921
4,1.5220134224878885,1.5220134224878885
