,theta_x,theta_y
0,0.043265174591004735,0.043265174591004735
1,-1.6635363468504176,-1.6635363468504176
2,-0.17888917562929807,-0.17888917562929807
