,theta_x,theta_y
0,3.141592653589793,3.141592653589793
1,-0.895532347621099,-0.895532347621099
