,theta_x,theta_y
0,1.2295007202066173,1.2295007202066173
1,-0.6823066372583002,-0.6823066372583002
2,0.34777786830175744,0.34777786830175744
3,1.6774842329843196,1.6774842329843196
4,-0.6258099333895115,-0.6258099333895115
