,theta_x,theta_y
0,-3.141592653589793,-3.141592653589793
1,-2.0458464733463533,-2.0458464733463533
2,3.141592653589793,3.141592653589793
3,-0.20280626842014293,-0.20280626842014293
4,-0.32950460041275365,-0.32950460041275365
