,theta_x,theta_y
0,0.34746407444333677,0.34746407444333677
1,2.612134748366209,2.612134748366209
