,theta_x,theta_y
0,1.8039058095902503,1.8039058095902503
1,-0.09252649253382747,-0.09252649253382747
2,-0.365462267410027,-0.365462267410027
3,-1.4850689450234653,-1.4850689450234653
4,2.3639062232495913,2.3639062232495913
5,1.990111562605438,1.990111562605438
6,1.4232383469229313,1.4232383469229313
7,-1.3675394135608374,-1.3675394135608374
8,1.4598191227225465,1.4598191227225465
9,-3.141592653589793,-3.141592653589793
