,theta_x,theta_y
0,0.6432489163997999,0.6432489163997999
1,2.9311427017730995,2.9311427017730995
2,1.229640522220161,1.229640522220161
3,-1.0445370168569759,-1.0445370168569759
4,-1.242362618738391,-1.242362618738391
5,2.6210717634369547,2.6210717634369547
