theta_x,theta_y
1.645608959105958,1.645608959105958
-0.747487607248666,-0.747487607248666
-0.08479745889267168,-0.08479745889267168
