,theta_x,theta_y
0,-0.8729097903498351,-0.8729097903498351
1,0.8877608789195749,0.8877608789195749
2,0.5468962168623077,0.5468962168623077
3,-1.553445265446739,-1.553445265446739
4,1.0605497788546734,1.0605497788546734
5,-0.7597952402549963,-0.7597952402549963
