,theta_x,theta_y
0,1.5318668949464729,1.5318668949464729
1,1.9461733949976026,1.9461733949976026
2,0.39874335590416776,0.39874335590416776
3,-1.572044933538364,-1.572044933538364
4,-2.6346958917508085,-2.6346958917508085
