,theta_x,theta_y
0,-0.041258249087583354,-0.041258249087583354
1,-0.6256319033088403,-0.6256319033088403
2,-0.8630432240068426,-0.8630432240068426
3,-1.0917797783207406,-1.0917797783207406
4,3.141592653589793,3.141592653589793
