,theta_x,theta_y
0,-2.7431901242318646,-2.7431901242318646
1,1.2078771808050843,1.2078771808050843
2,0.43135380508341736,0.43135380508341736
