,theta_x,theta_y
0,-1.8359764833265744,-1.8359764833265744
1,3.081302939903349,3.081302939903349
