theta_x,theta_y
-2.6510819796662948,-2.6510819796662948
-2.5596571847034295,-2.5596571847034295
2.653230815426632,2.653230815426632
0.37839789209465424,0.37839789209465424
-2.5165155004185906,-2.5165155004185906
-1.339034111113211,-1.339034111113211
