,theta_x,theta_y
0,-1.8529297525972521,-1.8529297525972521
