,theta_x,theta_y
0,-2.952330119603042,-2.952330119603042
1,1.8366019974875312,1.8366019974875312
2,-3.141592653589793,-3.141592653589793
3,2.802951505224432,2.802951505224432
4,2.2406107405605717,2.2406107405605717
5,0.30128565079432057,0.30128565079432057
