,theta_x,theta_y
0,1.6498292325629473,1.6498292325629473
1,1.6112856882195101,1.6112856882195101
2,1.5753473395489086,1.5753473395489086
