theta_x,theta_y
3.141592653589793,3.141592653589793
-0.4258954692921295,-0.4258954692921295
3.141592653589793,3.141592653589793
-1.463467053953481,-1.463467053953481
0.5149634597775644,0.5149634597775644
-1.1337597954200167,-1.1337597954200167
