,theta_x,theta_y
0,3.141592653589793,3.141592653589793
1,-0.4258954692921295,-0.4258954692921295
2,3.141592653589793,3.141592653589793
3,-1.463467053953481,-1.463467053953481
4,0.5149634597775644,0.5149634597775644
5,-1.1337597954200167,-1.1337597954200167
