,theta_x,theta_y
0,-1.1226732434603681,-1.1226732434603681
1,-2.5698040616955513,-2.5698040616955513
2,-2.9815075875092427,-2.9815075875092427
3,-2.484810555708076,-2.484810555708076
4,2.768139778094646,2.768139778094646
5,0.06000758966197567,0.06000758966197567
