theta_x,theta_y
-1.5521583197559936,-1.5521583197559936
-2.0333821452495684,-2.0333821452495684
2.6456114284443357,2.6456114284443357
-2.6424027344742105,-2.6424027344742105
0.9036442928392492,0.9036442928392492
1.8895572957200293,1.8895572957200293
-1.9470550062824112,-1.9470550062824112
-2.8608751216852752,-2.8608751216852752
-2.209228234404142,-2.209228234404142
1.6228671978155464,1.6228671978155464
