,theta_x,theta_y
0,0.29376822965046967,0.29376822965046967
1,2.170792659469851,2.170792659469851
2,1.1697180355143062,1.1697180355143062
3,-0.628798172759986,-0.628798172759986
