,theta_x,theta_y
0,-0.7337196817482823,-0.7337196817482823
1,3.133653755998984,3.133653755998984
2,-0.8174628889529761,-0.8174628889529761
3,-0.6630535571856107,-0.6630535571856107
4,3.1175844919281985,3.1175844919281985
5,-1.1811351342228034,-1.1811351342228034
6,-1.715336460595995,-1.715336460595995
7,-1.838482626404329,-1.838482626404329
8,-1.2862331755758758,-1.2862331755758758
