,theta_x,theta_y
0,0.9766317077068979,0.9766317077068979
1,0.8319870419526096,0.8319870419526096
2,-0.1908636291759078,-0.1908636291759078
3,-0.5939830480380182,-0.5939830480380182
4,-2.6467984186260316,-2.6467984186260316
5,0.0028826816633221314,0.0028826816633221314
6,-0.1688813365448978,-0.1688813365448978
7,-2.6514151903204404,-2.6514151903204404
