,theta_x,theta_y
0,1.650802523371233,1.650802523371233
1,-0.13782913622473986,-0.13782913622473986
2,-1.2250504330670295,-1.2250504330670295
3,-2.7052530691174805,-2.7052530691174805
4,2.4153862969694795,2.4153862969694795
