,theta_x,theta_y
0,2.62476393897427,2.62476393897427
1,0.21148523092167043,0.21148523092167043
