,theta_x,theta_y
0,-1.315354956650098,-1.315354956650098
1,-3.141592653589793,-3.141592653589793
2,3.087218800640427,3.087218800640427
3,1.9437117971127367,1.9437117971127367
4,-2.612758757773114,-2.612758757773114
5,-0.7492775856094956,-0.7492775856094956
6,-1.9377105686115543,-1.9377105686115543
7,-3.0235197848565574,-3.0235197848565574
