theta_x,theta_y
2.0519495964839924,2.0519495964839924
-3.141592653589793,-3.141592653589793
