,theta_x,theta_y
0,-2.2946979912144134,-2.2946979912144134
1,-1.8491081799550106,-1.8491081799550106
2,2.5324828815574367,2.5324828815574367
3,2.112103580246897,2.112103580246897
4,-3.141592653589793,-3.141592653589793
5,1.3153028354123442,1.3153028354123442
6,1.4156902621365222,1.4156902621365222
7,-3.094401847106431,-3.094401847106431
