theta_x,theta_y
-0.6848302588715302,-0.6848302588715302
-1.830323323805271,-1.830323323805271
-0.3644643875987333,-0.3644643875987333
-0.07120853360737517,-0.07120853360737517
