theta_x,theta_y
0.06439194544136466,0.06439194544136466
-1.1717671604039863,-1.1717671604039863
-1.40389343523259,-1.40389343523259
-1.3611322174689624,-1.3611322174689624
3.141592653589793,3.141592653589793
-0.28335698798055753,-0.28335698798055753
0.16415876972269122,0.16415876972269122
-1.1626939737654511,-1.1626939737654511
0.6056005964354779,0.6056005964354779
-2.4031755303656603,-2.4031755303656603
