,theta_x,theta_y
0,0.06439194544136466,0.06439194544136466
1,-1.1717671604039863,-1.1717671604039863
2,-1.40389343523259,-1.40389343523259
3,-1.3611322174689624,-1.3611322174689624
4,3.141592653589793,3.141592653589793
5,-0.28335698798055753,-0.28335698798055753
6,0.16415876972269122,0.16415876972269122
7,-1.1626939737654511,-1.1626939737654511
8,0.6056005964354779,0.6056005964354779
9,-2.4031755303656603,-2.4031755303656603
