,theta_x,theta_y
0,-0.15438898334830886,-0.15438898334830886
1,-0.33343256729843435,-0.33343256729843435
