,theta_x,theta_y
0,-1.0830645698032928,-1.0830645698032928
1,3.141592653589793,3.141592653589793
2,-3.141592653589793,-3.141592653589793
3,1.9609011970160921,1.9609011970160921
4,-1.0433063781766792,-1.0433063781766792
5,0.36384754683862897,0.36384754683862897
6,1.9865252851093917,1.9865252851093917
