theta_x,theta_y
1.7194169660915282,1.7194169660915282
1.638882259962997,1.638882259962997
0.24751944937414413,0.24751944937414413
-1.149099784420196,-1.149099784420196
-3.041973369437433,-3.041973369437433
-0.4435233673736869,-0.4435233673736869
