,theta_x,theta_y
0,0.35501894546112434,0.35501894546112434
1,2.584327862411047,2.584327862411047
2,1.617937822207828,1.617937822207828
3,-1.4312368882730286,-1.4312368882730286
4,-1.139116839428688,-1.139116839428688
5,2.4132483033044574,2.4132483033044574
6,-2.9136553122782556,-2.9136553122782556
7,1.643301911360067,1.643301911360067
8,1.4845905035042786,1.4845905035042786
9,0.0025830132871312167,0.0025830132871312167
