,theta_x,theta_y
0,-3.141592653589793,-3.141592653589793
1,0.6373427329545217,0.6373427329545217
2,0.657217297984914,0.657217297984914
3,0.6891939130214714,0.6891939130214714
