,theta_x,theta_y
0,1.733371609400191,1.733371609400191
1,2.3753412250009345,2.3753412250009345
2,0.844697720487228,0.844697720487228
3,0.8530722266797868,0.8530722266797868
4,-0.5277336345475875,-0.5277336345475875
5,2.0815476363452308,2.0815476363452308
6,-3.141592653589793,-3.141592653589793
