,theta_x,theta_y
0,-0.7744091625257585,-0.7744091625257585
1,2.660242113795571,2.660242113795571
2,-1.0296151013127839,-1.0296151013127839
3,1.4115258943922444,1.4115258943922444
4,1.4890112811377743,1.4890112811377743
5,-0.16359692491550248,-0.16359692491550248
6,-0.3061071365322945,-0.3061071365322945
7,-0.9319397208085842,-0.9319397208085842
8,-2.4440876375965237,-2.4440876375965237
