,theta_x,theta_y
0,1.7615001725690624,1.7615001725690624
1,-0.7163950951610473,-0.7163950951610473
2,0.0360559653985324,0.0360559653985324
