,theta_x,theta_y
0,1.3749442142561301,1.3749442142561301
1,2.010611789714448,2.010611789714448
2,0.46547504669966006,0.46547504669966006
3,-0.2991861625169445,-0.2991861625169445
4,-0.22036730725585602,-0.22036730725585602
5,1.694336931837367,1.694336931837367
6,-3.0203699251520035,-3.0203699251520035
7,0.5572374532482964,0.5572374532482964
8,0.4681223343933688,0.4681223343933688
