,theta_x,theta_y
0,-1.2740293899030337,-1.2740293899030337
1,3.141592653589793,3.141592653589793
2,-2.292270500908269,-2.292270500908269
3,2.536840969658685,2.536840969658685
4,2.81409928095043,2.81409928095043
5,-0.5797370960816868,-0.5797370960816868
6,-1.8830514341096076,-1.8830514341096076
7,-1.3354479573357632,-1.3354479573357632
