,theta_x,theta_y
0,3.141592653589793,3.141592653589793
1,1.1110751356907225,1.1110751356907225
2,0.4977436631746872,0.4977436631746872
3,-1.1972081709327558,-1.1972081709327558
4,2.8518144666348877,2.8518144666348877
5,3.141592653589793,3.141592653589793
