theta_x,theta_y
3.141592653589793,3.141592653589793
0.25097340469729457,0.25097340469729457
3.141592653589793,3.141592653589793
-1.4606218029628963,-1.4606218029628963
0.9026464056900572,0.9026464056900572
