,theta_x,theta_y
0,2.1278586557462957,2.1278586557462957
1,1.882488130993155,1.882488130993155
2,0.04141881769152869,0.04141881769152869
3,-0.6666617442753093,-0.6666617442753093
4,-1.8328517223277931,-1.8328517223277931
5,-0.6238921521862094,-0.6238921521862094
6,-0.8450333174072309,-0.8450333174072309
7,-2.1296844926637295,-2.1296844926637295
8,-2.2716653692443862,-2.2716653692443862
9,3.141592653589793,3.141592653589793
