,theta_x,theta_y
0,-3.141592653589793,-3.141592653589793
1,0.9091442174495908,0.9091442174495908
2,0.9103304842666607,0.9103304842666607
3,0.9114710719654829,0.9114710719654829
4,-3.141592653589793,-3.141592653589793
5,0.9241018502012155,0.9241018502012155
