,theta_x,theta_y
0,0.496668343380402,0.496668343380402
1,2.6734189438739318,2.6734189438739318
2,-2.2695470881315063,-2.2695470881315063
3,2.096344422608434,2.096344422608434
4,-0.6606944524859218,-0.6606944524859218
