,theta_x,theta_y
0,-0.4685075900638129,-0.4685075900638129
1,2.7818350251627866,2.7818350251627866
2,-3.141592653589793,-3.141592653589793
3,3.08157610528093,3.08157610528093
4,-1.4281930288079376,-1.4281930288079376
5,0.46938120334025524,0.46938120334025524
6,2.529589759696839,2.529589759696839
