theta_x,theta_y
1.7573328415930287,1.7573328415930287
0.6944078397910065,0.6944078397910065
-0.7635670077554362,-0.7635670077554362
