,theta_x,theta_y
0,0.9320171040781451,0.9320171040781451
1,-0.14643230609352698,-0.14643230609352698
2,1.0301873218598605,1.0301873218598605
3,0.24327542630217913,0.24327542630217913
4,0.2725360339385635,0.2725360339385635
