,theta_x,theta_y
0,-1.0226585635222587,-1.0226585635222587
1,-1.0775731404114026,-1.0775731404114026
2,-1.2481975810554942,-1.2481975810554942
3,-1.4095582367220192,-1.4095582367220192
4,-1.5953148117548837,-1.5953148117548837
