,theta_x,theta_y
0,-0.33889064212092085,-0.33889064212092085
1,-0.448367514362037,-0.448367514362037
