,theta_x,theta_y
0,2.135428916718571,2.135428916718571
1,2.350950110117133,2.350950110117133
2,2.0277776353295565,2.0277776353295565
3,-3.141592653589793,-3.141592653589793
4,-3.141592653589793,-3.141592653589793
5,2.330850721843173,2.330850721843173
