,theta_x,theta_y
0,-0.11709037846649759,-0.11709037846649759
1,3.141592653589793,3.141592653589793
2,-3.141592653589793,-3.141592653589793
3,2.3293883078599222,2.3293883078599222
4,-2.9593523962113233,-2.9593523962113233
5,-0.7948554797034662,-0.7948554797034662
6,1.2813363335196606,1.2813363335196606
7,-0.5682198351581871,-0.5682198351581871
8,1.799169053208877,1.799169053208877
9,-3.141592653589793,-3.141592653589793
