,theta_x,theta_y
0,-0.34151826273623465,-0.34151826273623465
1,2.6891228210995988,2.6891228210995988
2,-3.141592653589793,-3.141592653589793
3,2.2901338780891534,2.2901338780891534
4,-1.664627522040531,-1.664627522040531
5,0.42142789799953984,0.42142789799953984
6,1.9568093742751667,1.9568093742751667
7,0.49169126961445286,0.49169126961445286
8,1.3578632033520974,1.3578632033520974
9,-3.106779609959295,-3.106779609959295
