theta_x,theta_y
2.4064843284983986,2.4064843284983986
-0.8619574259931156,-0.8619574259931156
-0.5092789176495587,-0.5092789176495587
0.9295911752330834,0.9295911752330834
0.4929695993088427,0.4929695993088427
3.141592653589793,3.141592653589793
3.141592653589793,3.141592653589793
3.141592653589793,3.141592653589793
