,theta_x,theta_y
0,0.5027417596417688,0.5027417596417688
1,-0.44424245009862795,-0.44424245009862795
2,1.4521920160985997,1.4521920160985997
3,0.19223128824966393,0.19223128824966393
4,0.3410095337519161,0.3410095337519161
5,0.054764438982183805,0.054764438982183805
