,theta_x,theta_y
0,-0.8726215029080939,-0.8726215029080939
1,2.086317382617515,2.086317382617515
2,-1.218232058228034,-1.218232058228034
3,1.5352960556957758,1.5352960556957758
4,0.683616050271037,0.683616050271037
