theta_x,theta_y
2.3159691001602187,2.3159691001602187
1.6212782476861856,1.6212782476861856
0.07035319894481365,0.07035319894481365
-0.7765247293327282,-0.7765247293327282
