theta_x,theta_y
-0.2524468048966585,-0.2524468048966585
-0.48986727984180195,-0.48986727984180195
-1.0070009488753093,-1.0070009488753093
-1.3362040048042136,-1.3362040048042136
3.141592653589793,3.141592653589793
2.5430527327772876,2.5430527327772876
3.141592653589793,3.141592653589793
-1.0384831355349156,-1.0384831355349156
3.141592653589793,3.141592653589793
