,theta_x,theta_y
0,2.884652240946449,2.884652240946449
1,1.8665551801931604,1.8665551801931604
2,-0.07238737053255506,-0.07238737053255506
