,theta_x,theta_y
0,3.141592653589793,3.141592653589793
1,3.141592653589793,3.141592653589793
2,-1.4988323886644157,-1.4988323886644157
3,-1.5289601105632429,-1.5289601105632429
4,-1.559226866959234,-1.559226866959234
5,-1.589819760808839,-1.589819760808839
6,-1.620397719790374,-1.620397719790374
7,-1.6510367680580575,-1.6510367680580575
8,-1.6818351423899032,-1.6818351423899032
9,3.141592653589793,3.141592653589793
