,theta_x,theta_y
0,0.09840944672009863,0.09840944672009863
1,-0.8692265659528305,-0.8692265659528305
2,-0.8308304287126459,-0.8308304287126459
3,-0.8940185281085508,-0.8940185281085508
