theta_x,theta_y
-2.5069156172719733,-2.5069156172719733
-1.8502469099661867,-1.8502469099661867
2.1934272709475757,2.1934272709475757
1.1700356080377095,1.1700356080377095
-2.8694811639436106,-2.8694811639436106
0.4026059370346057,0.4026059370346057
0.15648811941490903,0.15648811941490903
-1.8228967087152894,-1.8228967087152894
