theta_x,theta_y
-1.4954494818728665,-1.4954494818728665
1.138490047021624,1.138490047021624
