,theta_x,theta_y
0,1.9586432136583527,1.9586432136583527
1,-1.0118750231898994,-1.0118750231898994
2,1.0036720975809803,1.0036720975809803
3,0.9052889096424419,0.9052889096424419
4,-0.06521148028379674,-0.06521148028379674
5,1.2892314004263645,1.2892314004263645
