,theta_x,theta_y
0,0.41282938347997494,0.41282938347997494
1,-0.8116688168966418,-0.8116688168966418
2,-1.363405012533345,-1.363405012533345
3,-1.54859152155183,-1.54859152155183
4,3.141592653589793,3.141592653589793
5,-0.35762261641657395,-0.35762261641657395
6,-0.23312935292619355,-0.23312935292619355
7,-1.3668662075448506,-1.3668662075448506
8,0.25438552477243837,0.25438552477243837
