theta_x,theta_y
3.0714373921408833,3.0714373921408833
2.022200072195912,2.022200072195912
2.3972828691847257,2.3972828691847257
-3.141592653589793,-3.141592653589793
2.0103137754460105,2.0103137754460105
-1.9037460270268431,-1.9037460270268431
0.8672412951331382,0.8672412951331382
-3.090769264402508,-3.090769264402508
