,theta_x,theta_y
0,0.7931656729594414,0.7931656729594414
