,theta_x,theta_y
0,-0.2081035365149593,-0.2081035365149593
1,-0.6103344919706662,-0.6103344919706662
