,theta_x,theta_y
0,1.4798585670548352,1.4798585670548352
1,-0.960454861386674,-0.960454861386674
2,-3.0777913402826678,-3.0777913402826678
3,-3.141592653589793,-3.141592653589793
4,2.2049326244676513,2.2049326244676513
5,2.725082816723626,2.725082816723626
6,1.7777912072088684,1.7777912072088684
