,theta_x,theta_y
0,-1.478109349492049,-1.478109349492049
1,-1.8498650405390547,-1.8498650405390547
2,2.6762537548740886,2.6762537548740886
3,-2.7741166748036368,-2.7741166748036368
4,1.2155078815077256,1.2155078815077256
5,1.6428627175365242,1.6428627175365242
6,-1.7053062351342314,-1.7053062351342314
