theta_x,theta_y
-1.478109349492049,-1.478109349492049
-1.8498650405390547,-1.8498650405390547
2.6762537548740886,2.6762537548740886
-2.7741166748036368,-2.7741166748036368
1.2155078815077256,1.2155078815077256
1.6428627175365242,1.6428627175365242
-1.7053062351342314,-1.7053062351342314
