,theta_x,theta_y
0,-2.1447433075398505,-2.1447433075398505
1,3.141592653589793,3.141592653589793
2,2.7634874784977086,2.7634874784977086
3,-3.141592653589793,-3.141592653589793
