,theta_x,theta_y
0,-2.8353419562382154,-2.8353419562382154
1,-0.5924833332276047,-0.5924833332276047
2,1.7914355822842283,1.7914355822842283
