theta_x,theta_y
0.7236504220393573,0.7236504220393573
3.141592653589793,3.141592653589793
-3.141592653589793,-3.141592653589793
1.5390748190482717,1.5390748190482717
-0.3416052882422522,-0.3416052882422522
