,theta_x,theta_y
0,1.4168223510451814,1.4168223510451814
1,3.141592653589793,3.141592653589793
