theta_x,theta_y
2.5857253030894776,2.5857253030894776
-3.141592653589793,-3.141592653589793
-3.141592653589793,-3.141592653589793
-3.141592653589793,-3.141592653589793
2.921319693956196,2.921319693956196
