,theta_x,theta_y
0,0.7398468120791423,0.7398468120791423
1,1.9514540477719797,1.9514540477719797
2,-2.4232713770743666,-2.4232713770743666
3,1.4626033161295704,1.4626033161295704
4,-0.7075014867761629,-0.7075014867761629
