,theta_x,theta_y
0,-0.9740613330177453,-0.9740613330177453
1,-2.069109257131374,-2.069109257131374
2,-1.5877255736736704,-1.5877255736736704
3,-0.10123811036592625,-0.10123811036592625
4,3.109749253041237,3.109749253041237
5,1.5828266874873531,1.5828266874873531
6,2.423647027753298,2.423647027753298
