,theta_x,theta_y
0,-1.8297160550283333,-1.8297160550283333
1,-2.3435181793977,-2.3435181793977
2,3.105184430730101,3.105184430730101
3,-3.1255376409693634,-3.1255376409693634
4,0.6665569406020021,0.6665569406020021
5,1.559439041335911,1.559439041335911
