theta_x,theta_y
2.411819486162873,2.411819486162873
0.9256618550910578,0.9256618550910578
-0.16313434333892637,-0.16313434333892637
-1.4668719931800485,-1.4668719931800485
3.141592653589793,3.141592653589793
2.531211228160369,2.531211228160369
