theta_x,theta_y
3.141592653589793,3.141592653589793
2.0328280696170493,2.0328280696170493
-0.16340478679810339,-0.16340478679810339
-0.7293074210911413,-0.7293074210911413
-2.156465824420624,-2.156465824420624
-1.1204647486732588,-1.1204647486732588
-1.7592948008106752,-1.7592948008106752
