,theta_x,theta_y
0,3.141592653589793,3.141592653589793
1,2.0328280696170493,2.0328280696170493
2,-0.16340478679810339,-0.16340478679810339
3,-0.7293074210911413,-0.7293074210911413
4,-2.156465824420624,-2.156465824420624
5,-1.1204647486732588,-1.1204647486732588
6,-1.7592948008106752,-1.7592948008106752
