,theta_x,theta_y
0,2.9634849141904334,2.9634849141904334
1,1.1501893265926197,1.1501893265926197
2,-1.2876746093354445,-1.2876746093354445
3,-1.8732374192221986,-1.8732374192221986
4,-2.7228519865782674,-2.7228519865782674
5,-2.594822843695905,-2.594822843695905
