theta_x,theta_y
2.5404935171120666,2.5404935171120666
0.1885196152224629,0.1885196152224629
-0.748880513807798,-0.748880513807798
0.6955849854189656,0.6955849854189656
-0.2548970232711296,-0.2548970232711296
3.141592653589793,3.141592653589793
3.141592653589793,3.141592653589793
3.0426018773909274,3.0426018773909274
-3.141592653589793,-3.141592653589793
