,theta_x,theta_y
0,-1.2985187776178422,-1.2985187776178422
1,-0.29467956534355244,-0.29467956534355244
2,3.141592653589793,3.141592653589793
3,3.087208749067359,3.087208749067359
