,theta_x,theta_y
0,-0.0705727463449834,-0.0705727463449834
1,2.7151566205806303,2.7151566205806303
2,-2.236097469925514,-2.236097469925514
3,2.4598724271423738,2.4598724271423738
4,-0.836397827002875,-0.836397827002875
5,-0.46375838409092446,-0.46375838409092446
6,1.8210023673498705,1.8210023673498705
