,theta_x,theta_y
0,1.0737307660528759,1.0737307660528759
1,-0.49945899714987985,-0.49945899714987985
2,-2.022462364182468,-2.022462364182468
3,-2.6550419696254903,-2.6550419696254903
4,2.177544534590957,2.177544534590957
5,2.371103622407318,2.371103622407318
