theta_x,theta_y
1.7144842543562526,1.7144842543562526
2.1449807203948303,2.1449807203948303
-0.09651020569741975,-0.09651020569741975
