,theta_x,theta_y
0,1.7144842543562526,1.7144842543562526
1,2.1449807203948303,2.1449807203948303
2,-0.09651020569741975,-0.09651020569741975
