theta_x,theta_y
3.141592653589793,3.141592653589793
1.2222154873113114,1.2222154873113114
0.5738979126338493,0.5738979126338493
0.09189111077117226,0.09189111077117226
3.141592653589793,3.141592653589793
1.8451569375620105,1.8451569375620105
0.13442226087995823,0.13442226087995823
0.020065152983713128,0.020065152983713128
