theta_x,theta_y
0.7476244212456964,0.7476244212456964
-1.736644746521073,-1.736644746521073
-2.040384118381638,-2.040384118381638
-2.5563862145996468,-2.5563862145996468
