,theta_x,theta_y
0,2.333697769823704,2.333697769823704
1,-1.2958510509948993,-1.2958510509948993
2,0.6510369185801388,0.6510369185801388
3,1.7254899355959201,1.7254899355959201
4,1.292211904047568,1.292211904047568
5,2.6079449019550096,2.6079449019550096
6,2.247185534695247,2.247185534695247
