theta_x,theta_y
0.4901546135669528,0.4901546135669528
2.9986897385680797,2.9986897385680797
1.4865377626903173,1.4865377626903173
-1.2795444120383745,-1.2795444120383745
-1.565472061109782,-1.565472061109782
