,theta_x,theta_y
0,-0.4997086655344275,-0.4997086655344275
