,theta_x,theta_y
0,1.509618989479171,1.509618989479171
1,1.7888473084972376,1.7888473084972376
2,0.45020214149822463,0.45020214149822463
3,-1.780677615281805,-1.780677615281805
4,-2.944690270810619,-2.944690270810619
