,theta_x,theta_y
0,0.9905305382685011,0.9905305382685011
1,2.8946082618975995,2.8946082618975995
2,1.97397676844099,1.97397676844099
3,-1.9955369702840877,-1.9955369702840877
4,-1.7826688570908051,-1.7826688570908051
5,2.5690688370993584,2.5690688370993584
6,-3.141592653589793,-3.141592653589793
7,2.055601892069913,2.055601892069913
8,1.7947418458973212,1.7947418458973212
