,theta_x,theta_y
0,1.0846481732108095,1.0846481732108095
1,0.9459345792544951,0.9459345792544951
2,0.817802847789006,0.817802847789006
3,0.6984233587461752,0.6984233587461752
4,0.5897075566250517,0.5897075566250517
5,0.4902548640522532,0.4902548640522532
6,0.39550790029641675,0.39550790029641675
7,0.30278027442195515,0.30278027442195515
8,0.22518872300348522,0.22518872300348522
9,0.14652881592393902,0.14652881592393902
