,theta_x,theta_y
0,1.8116682693755288,1.8116682693755288
1,0.7951453750071531,0.7951453750071531
2,1.568214004008497,1.568214004008497
3,-2.0513910688328525,-2.0513910688328525
4,0.16851883488120123,0.16851883488120123
5,0.16390182188540953,0.16390182188540953
