theta_x,theta_y
-0.6808075419213493,-0.6808075419213493
3.141592653589793,3.141592653589793
-0.6809537650683464,-0.6809537650683464
3.141592653589793,3.141592653589793
3.141592653589793,3.141592653589793
