theta_x,theta_y
0.7663956412192413,0.7663956412192413
0.635661630587397,0.635661630587397
-0.6079825519687417,-0.6079825519687417
-0.6984323072012386,-0.6984323072012386
-1.9106318580914934,-1.9106318580914934
-0.28264341741283777,-0.28264341741283777
-0.567343605939871,-0.567343605939871
-1.7957592895155463,-1.7957592895155463
-2.2801050436900394,-2.2801050436900394
2.0604688203227366,2.0604688203227366
