theta_x,theta_y
-3.141592653589793,-3.141592653589793
-2.344296788580631,-2.344296788580631
-2.600822123004464,-2.600822123004464
