,theta_x,theta_y
0,-0.47756969310352687,-0.47756969310352687
1,-1.6934025834912927,-1.6934025834912927
2,-1.090215439846914,-1.090215439846914
3,-0.48432016165585284,-0.48432016165585284
4,2.696162910714028,2.696162910714028
