,theta_x,theta_y
0,-0.32445673542675824,-0.32445673542675824
1,-0.6250340521581627,-0.6250340521581627
2,-0.9244633832951613,-0.9244633832951613
3,-1.2166426319876948,-1.2166426319876948
4,3.141592653589793,3.141592653589793
5,-0.040112556034474896,-0.040112556034474896
