,theta_x,theta_y
0,-1.1064418446796105,-1.1064418446796105
1,3.141592653589793,3.141592653589793
2,3.141592653589793,3.141592653589793
3,-1.3003460521568808,-1.3003460521568808
4,-1.7008866011954624,-1.7008866011954624
5,3.141592653589793,3.141592653589793
6,-1.918232811978662,-1.918232811978662
