theta_x,theta_y
0.36378475470772975,0.36378475470772975
0.10779503274492712,0.10779503274492712
-1.7584582946826977,-1.7584582946826977
-2.813315221249994,-2.813315221249994
0.7924491019829827,0.7924491019829827
0.5749242668272897,0.5749242668272897
-0.15169003216312013,-0.15169003216312013
-0.25343521688779225,-0.25343521688779225
0.08785397785541604,0.08785397785541604
