,theta_x,theta_y
0,0.36378475470772975,0.36378475470772975
1,0.10779503274492712,0.10779503274492712
2,-1.7584582946826977,-1.7584582946826977
3,-2.813315221249994,-2.813315221249994
4,0.7924491019829827,0.7924491019829827
5,0.5749242668272897,0.5749242668272897
6,-0.15169003216312013,-0.15169003216312013
7,-0.25343521688779225,-0.25343521688779225
8,0.08785397785541604,0.08785397785541604
