,theta_x,theta_y
0,-3.116312179404544,-3.116312179404544
1,-1.6829633112054094,-1.6829633112054094
2,1.6730557405653392,1.6730557405653392
3,0.8090088107205347,0.8090088107205347
4,-3.105030712500269,-3.105030712500269
5,0.240696124973274,0.240696124973274
6,0.01988116287532402,0.01988116287532402
7,-2.1798527388540254,-2.1798527388540254
8,1.0940176552332626,1.0940176552332626
9,-2.7168403445030074,-2.7168403445030074
