,theta_x,theta_y
0,0.5025327092786607,0.5025327092786607
1,3.141592653589793,3.141592653589793
2,-3.0114728523862406,-3.0114728523862406
3,1.762679319130057,1.762679319130057
4,-0.6833106364250892,-0.6833106364250892
