,theta_x,theta_y
0,0.0742774586236464,0.0742774586236464
