,theta_x,theta_y
0,-1.5262159467476508,-1.5262159467476508
1,2.5953457673314047,2.5953457673314047
2,-1.8910191391501778,-1.8910191391501778
3,2.2223605855437043,2.2223605855437043
4,2.1670952930356924,2.1670952930356924
5,-0.4544719510592833,-0.4544719510592833
6,-0.3609160228198949,-0.3609160228198949
7,-1.5328413214079435,-1.5328413214079435
