,theta_x,theta_y
0,-0.12259977961115794,-0.12259977961115794
1,3.141592653589793,3.141592653589793
2,-2.895149441965871,-2.895149441965871
