theta_x,theta_y
3.0379069052418863,3.0379069052418863
-2.9660172541422725,-2.9660172541422725
0.7159809687582447,0.7159809687582447
-0.4499590788502438,-0.4499590788502438
2.926254682508952,2.926254682508952
2.5967179119442636,2.5967179119442636
2.3067687170805433,2.3067687170805433
-3.141592653589793,-3.141592653589793
1.8983466729160041,1.8983466729160041
-3.141592653589793,-3.141592653589793
