theta_x,theta_y
-2.7204934553898172,-2.7204934553898172
2.6247752075287085,2.6247752075287085
-2.5381890378251244,-2.5381890378251244
2.4303134844223067,2.4303134844223067
-3.0786651306737634,-3.0786651306737634
-3.141592653589793,-3.141592653589793
2.861683419588045,2.861683419588045
-3.141592653589793,-3.141592653589793
-3.141592653589793,-3.141592653589793
-3.141592653589793,-3.141592653589793
