,theta_x,theta_y
0,-2.0738260508875963,-2.0738260508875963
1,1.6556182373279877,1.6556182373279877
2,-3.141592653589793,-3.141592653589793
3,1.1381267327940743,1.1381267327940743
4,1.0299587644483326,1.0299587644483326
5,0.04727917484216997,0.04727917484216997
6,0.15397767209295055,0.15397767209295055
