,theta_x,theta_y
0,-2.2679383149613175,-2.2679383149613175
1,2.496103027678686,2.496103027678686
2,-3.095314706447287,-3.095314706447287
3,2.479152844276906,2.479152844276906
4,0.5900415232563012,0.5900415232563012
5,-0.819222881418693,-0.819222881418693
6,-2.6614258695799435,-2.6614258695799435
7,-1.8272334269355275,-1.8272334269355275
