theta_x,theta_y
2.7669254472565363,2.7669254472565363
2.651944407793231,2.651944407793231
2.560292293376845,2.560292293376845
-3.141592653589793,-3.141592653589793
2.388676561089795,2.388676561089795
-3.141592653589793,-3.141592653589793
2.275226528327074,2.275226528327074
