,theta_x,theta_y
0,3.141592653589793,3.141592653589793
1,3.141592653589793,3.141592653589793
2,-1.4481978930788941,-1.4481978930788941
3,-1.7677689476974845,-1.7677689476974845
