,theta_x,theta_y
0,3.130623551783421,3.130623551783421
1,-3.031886341252515,-3.031886341252515
2,1.1613666233131306,1.1613666233131306
3,1.8779457147918666,1.8779457147918666
4,0.7881213891049511,0.7881213891049511
