,theta_x,theta_y
0,2.0203668558238115,2.0203668558238115
1,0.8663714984372253,0.8663714984372253
2,0.5716424216713075,0.5716424216713075
3,-3.0293902695297605,-3.0293902695297605
4,0.6961601002542154,0.6961601002542154
5,0.545978306979731,0.545978306979731
6,0.5545374108920406,0.5545374108920406
7,-3.1364293238882928,-3.1364293238882928
