,theta_x,theta_y
0,0.9155279442026567,0.9155279442026567
1,0.038687455485671395,0.038687455485671395
2,-0.8214673394351486,-0.8214673394351486
3,-2.2381697154370506,-2.2381697154370506
4,2.566792397694974,2.566792397694974
