,theta_x,theta_y
0,-1.0672537976121572,-1.0672537976121572
1,3.141592653589793,3.141592653589793
2,3.141592653589793,3.141592653589793
3,-0.8864535799478475,-0.8864535799478475
4,-1.4602305451364286,-1.4602305451364286
5,3.141592653589793,3.141592653589793
6,-1.9495096425705438,-1.9495096425705438
7,3.141592653589793,3.141592653589793
