,theta_x,theta_y
0,-0.09199914856663013,-0.09199914856663013
1,1.7991442700976794,1.7991442700976794
2,-0.6091657874777586,-0.6091657874777586
3,2.0119446893600923,2.0119446893600923
4,0.9380517676013851,0.9380517676013851
5,0.16031663364982973,0.16031663364982973
6,-0.5438607487801492,-0.5438607487801492
7,-1.3420105421197273,-1.3420105421197273
8,-1.6053438290763755,-1.6053438290763755
