,theta_x,theta_y
0,3.141592653589793,3.141592653589793
1,-0.42793778684786404,-0.42793778684786404
2,3.141592653589793,3.141592653589793
3,-0.533447672159064,-0.533447672159064
