theta_x,theta_y
0.11044360952301169,0.11044360952301169
3.141592653589793,3.141592653589793
