,theta_x,theta_y
0,-1.3679454151861237,-1.3679454151861237
1,-1.385786602230748,-1.385786602230748
2,3.141592653589793,3.141592653589793
3,-1.4189394650759635,-1.4189394650759635
4,-1.7879550176728956,-1.7879550176728956
5,-1.7304218370254947,-1.7304218370254947
6,-1.7882377634866442,-1.7882377634866442
7,-2.164627676312519,-2.164627676312519
8,3.141592653589793,3.141592653589793
