,theta_x,theta_y
0,1.2326877937026093,1.2326877937026093
1,0.4876506148452941,0.4876506148452941
2,0.23324386635629624,0.23324386635629624
3,-0.24426668357427322,-0.24426668357427322
4,1.4562431687910773,1.4562431687910773
5,-0.3491560536377881,-0.3491560536377881
6,-2.599306541910275,-2.599306541910275
7,-0.38233232138839285,-0.38233232138839285
8,-0.18115372685241643,-0.18115372685241643
