,theta_x,theta_y
0,-2.6294627461013858,-2.6294627461013858
1,-1.6955785103331729,-1.6955785103331729
2,1.9145630461627134,1.9145630461627134
3,0.5820164109214022,0.5820164109214022
4,-2.5935494302428097,-2.5935494302428097
5,-0.3928515479941856,-0.3928515479941856
6,-0.10687747404238988,-0.10687747404238988
7,-2.192201315745345,-2.192201315745345
8,1.5421877591563196,1.5421877591563196
