theta_x,theta_y
-2.6294627461013858,-2.6294627461013858
-1.6955785103331729,-1.6955785103331729
1.9145630461627134,1.9145630461627134
0.5820164109214022,0.5820164109214022
-2.5935494302428097,-2.5935494302428097
-0.3928515479941856,-0.3928515479941856
-0.10687747404238988,-0.10687747404238988
-2.192201315745345,-2.192201315745345
1.5421877591563196,1.5421877591563196
