,theta_x,theta_y
0,-2.2753530425312145,-2.2753530425312145
1,2.8429489539937456,2.8429489539937456
2,-3.141592653589793,-3.141592653589793
3,1.4297859033825373,1.4297859033825373
4,1.7228840866430644,1.7228840866430644
5,-3.141592653589793,-3.141592653589793
6,-3.141592653589793,-3.141592653589793
7,-3.141592653589793,-3.141592653589793
8,-2.6586698996937703,-2.6586698996937703
9,-2.931717305238136,-2.931717305238136
