theta_x,theta_y
-2.2753530425312145,-2.2753530425312145
2.8429489539937456,2.8429489539937456
-3.141592653589793,-3.141592653589793
1.4297859033825373,1.4297859033825373
1.7228840866430644,1.7228840866430644
-3.141592653589793,-3.141592653589793
-3.141592653589793,-3.141592653589793
-3.141592653589793,-3.141592653589793
-2.6586698996937703,-2.6586698996937703
-2.931717305238136,-2.931717305238136
