,theta_x,theta_y
0,-2.750154012280077,-2.750154012280077
1,-1.487233380321928,-1.487233380321928
2,1.5466191416684925,1.5466191416684925
3,0.8081963037709389,0.8081963037709389
