theta_x,theta_y
0.7947838118508304,0.7947838118508304
0.6101165284476767,0.6101165284476767
-2.8202514015215785,-2.8202514015215785
-3.1314847192489985,-3.1314847192489985
0.9147606741864462,0.9147606741864462
0.8063275874746404,0.8063275874746404
0.7554845299513245,0.7554845299513245
0.960064658142094,0.960064658142094
