,theta_x,theta_y
0,-2.8097741978994035,-2.8097741978994035
