,theta_x,theta_y
0,-0.4862435776786533,-0.4862435776786533
1,2.8437832353689725,2.8437832353689725
2,-0.5863040313936977,-0.5863040313936977
3,0.8650083945856633,0.8650083945856633
4,1.3345838472893037,1.3345838472893037
5,-0.34099485661495266,-0.34099485661495266
6,-0.24121000664572262,-0.24121000664572262
7,-0.42109577988904073,-0.42109577988904073
8,-1.7996418556595646,-1.7996418556595646
9,-0.35529817398533353,-0.35529817398533353
