,theta_x,theta_y
0,1.4790519532938786,1.4790519532938786
1,-0.8105354471097386,-0.8105354471097386
2,-1.5904394043377774,-1.5904394043377774
3,0.6750651817504894,0.6750651817504894
4,1.1926120845689483,1.1926120845689483
5,3.141592653589793,3.141592653589793
6,3.141592653589793,3.141592653589793
7,2.7669035960127486,2.7669035960127486
8,-3.141592653589793,-3.141592653589793
9,0.3950354906037218,0.3950354906037218
