,theta_x,theta_y
0,1.4733955245791432,1.4733955245791432
1,3.141592653589793,3.141592653589793
