,theta_x,theta_y
0,2.8572306581389992,2.8572306581389992
1,0.4296766750931185,0.4296766750931185
2,2.959731963511661,2.959731963511661
3,-3.0564631252292616,-3.0564631252292616
4,1.311725369300925,1.311725369300925
5,-1.0454964217242297,-1.0454964217242297
6,2.2311091380231205,2.2311091380231205
7,-2.7161650295035957,-2.7161650295035957
8,2.4323639986170527,2.4323639986170527
