,theta_x,theta_y
0,2.4589934425296516,2.4589934425296516
1,2.6401706826500266,2.6401706826500266
2,-3.141592653589793,-3.141592653589793
3,2.5330827934838687,2.5330827934838687
4,-3.141592653589793,-3.141592653589793
5,2.270971868812716,2.270971868812716
6,2.302738902578813,2.302738902578813
