,theta_x,theta_y
0,-1.8263605073423035,-1.8263605073423035
1,-2.0409725646073857,-2.0409725646073857
2,1.9238025144817859,1.9238025144817859
3,-0.006231087407633673,-0.006231087407633673
4,-2.4290452378144383,-2.4290452378144383
5,-1.785460236754254,-1.785460236754254
6,-1.7975237468234526,-1.7975237468234526
7,-2.575980432729903,-2.575980432729903
8,2.0597772285964013,2.0597772285964013
