theta_x,theta_y
3.141592653589793,3.141592653589793
2.432567048108476,2.432567048108476
2.9998426770407702,2.9998426770407702
-3.012951109706026,-3.012951109706026
-3.141592653589793,-3.141592653589793
1.1386978177917229,1.1386978177917229
1.0373396827017896,1.0373396827017896
-3.141592653589793,-3.141592653589793
-3.141592653589793,-3.141592653589793
0.8563242220653634,0.8563242220653634
