theta_x,theta_y
-0.21072288620110263,-0.21072288620110263
-0.7254202393109163,-0.7254202393109163
-0.6611991004751616,-0.6611991004751616
