theta_x,theta_y
2.046280509423702,2.046280509423702
0.5534418951002587,0.5534418951002587
-0.17458174004693283,-0.17458174004693283
-0.7838208209592776,-0.7838208209592776
3.141592653589793,3.141592653589793
2.294385932109159,2.294385932109159
