theta_x,theta_y
-0.28208010050594556,-0.28208010050594556
3.141592653589793,3.141592653589793
-0.3135743109846244,-0.3135743109846244
3.141592653589793,3.141592653589793
-0.28527535245830493,-0.28527535245830493
-0.2913590494171639,-0.2913590494171639
-0.2848506912931926,-0.2848506912931926
-0.3180738819468221,-0.3180738819468221
