,theta_x,theta_y
0,2.912631882038151,2.912631882038151
1,-1.384858678288857,-1.384858678288857
2,2.408789523153013,2.408789523153013
3,-3.141592653589793,-3.141592653589793
4,1.9657455210007106,1.9657455210007106
5,-3.141592653589793,-3.141592653589793
6,1.344153821564135,1.344153821564135
7,-3.141592653589793,-3.141592653589793
8,3.0637203482306488,3.0637203482306488
