theta_x,theta_y
-2.8203124167040916,-2.8203124167040916
0.7360340051063313,0.7360340051063313
-3.141592653589793,-3.141592653589793
