,theta_x,theta_y
0,1.5836798021003893,1.5836798021003893
1,0.6142456462539566,0.6142456462539566
2,1.423319649637776,1.423319649637776
3,-2.017435617867933,-2.017435617867933
4,-0.2941622295065185,-0.2941622295065185
5,0.03881396720823309,0.03881396720823309
6,-0.5447366344660461,-0.5447366344660461
7,-1.3379083489259194,-1.3379083489259194
8,-0.10806177073374428,-0.10806177073374428
9,-0.08542020012383389,-0.08542020012383389
