,theta_x,theta_y
0,-1.4258105066237547,-1.4258105066237547
