,theta_x,theta_y
0,0.8622265062417958,0.8622265062417958
1,3.141592653589793,3.141592653589793
2,3.141592653589793,3.141592653589793
