theta_x,theta_y
-1.4875768829149634,-1.4875768829149634
-1.9242458568358698,-1.9242458568358698
-2.264008981980485,-2.264008981980485
-2.4999723876200353,-2.4999723876200353
3.141592653589793,3.141592653589793
-2.5478935337719273,-2.5478935337719273
2.057405279935438,2.057405279935438
-2.769558856110848,-2.769558856110848
2.53784932319744,2.53784932319744
-2.754606087842059,-2.754606087842059
