theta_x,theta_y
-0.881704880716909,-0.881704880716909
-1.1798785955959827,-1.1798785955959827
-2.1430079929380597,-2.1430079929380597
-1.8210405226272628,-1.8210405226272628
1.4193213059540257,1.4193213059540257
2.6663317151123636,2.6663317151123636
3.0051306759576555,3.0051306759576555
