theta_x,theta_y
3.141592653589793,3.141592653589793
-0.39552433339171483,-0.39552433339171483
3.141592653589793,3.141592653589793
-3.141592653589793,-3.141592653589793
