,theta_x,theta_y
0,3.141592653589793,3.141592653589793
1,-0.39552433339171483,-0.39552433339171483
2,3.141592653589793,3.141592653589793
3,-3.141592653589793,-3.141592653589793
