,theta_x,theta_y
0,1.6688535336303671,1.6688535336303671
1,-0.8211181228588685,-0.8211181228588685
2,1.1264177629015484,1.1264177629015484
