,theta_x,theta_y
0,-1.1715231530165786,-1.1715231530165786
1,3.0449369805070097,3.0449369805070097
2,-1.5841526428268318,-1.5841526428268318
3,2.5360377018143514,2.5360377018143514
4,2.5458811359173965,2.5458811359173965
5,-0.3278089139469501,-0.3278089139469501
6,0.07644991035216495,0.07644991035216495
7,-1.1321309466555634,-1.1321309466555634
