,theta_x,theta_y
0,0.22939833539949533,0.22939833539949533
1,-1.2263677368217578,-1.2263677368217578
2,-2.2273577510641966,-2.2273577510641966
3,-2.7738281959227744,-2.7738281959227744
4,1.4234469369268936,1.4234469369268936
5,2.102140481558225,2.102140481558225
6,0.29209375655510905,0.29209375655510905
7,1.1481471020911747,1.1481471020911747
8,0.5357998401361314,0.5357998401361314
