,theta_x,theta_y
0,2.052061350415755,2.052061350415755
1,0.21579849458490777,0.21579849458490777
2,2.250937175487344,2.250937175487344
3,-2.0983941851896963,-2.0983941851896963
4,0.15256390024832134,0.15256390024832134
5,-0.5816837130716008,-0.5816837130716008
6,0.6588711053367472,0.6588711053367472
7,-1.4625734312334124,-1.4625734312334124
8,2.073161517844058,2.073161517844058
9,-0.09437346202685598,-0.09437346202685598
