theta_x,theta_y
0.61775827183733,0.61775827183733
2.7519875968418184,2.7519875968418184
-2.7583070328022736,-2.7583070328022736
2.185192387246241,2.185192387246241
-1.1398899087352685,-1.1398899087352685
0.25571177312717774,0.25571177312717774
