,theta_x,theta_y
0,2.1755411207869475,2.1755411207869475
1,-1.368364772136223,-1.368364772136223
2,0.9204277100240481,0.9204277100240481
3,1.2556956079675878,1.2556956079675878
4,0.4077425266851846,0.4077425266851846
5,1.576191354345101,1.576191354345101
6,0.9922924804898912,0.9922924804898912
7,1.9265728192977747,1.9265728192977747
