,theta_x,theta_y
0,-1.5008258172456626,-1.5008258172456626
1,-1.8137131761339516,-1.8137131761339516
2,-2.081295496147777,-2.081295496147777
3,-2.3201765714427847,-2.3201765714427847
4,3.141592653589793,3.141592653589793
