,theta_x,theta_y
0,3.141592653589793,3.141592653589793
1,-0.31495459180197183,-0.31495459180197183
2,1.1886524175933302,1.1886524175933302
3,3.141592653589793,3.141592653589793
4,0.4669358931188274,0.4669358931188274
