,theta_x,theta_y
0,0.638254540238509,0.638254540238509
1,2.7983332379372485,2.7983332379372485
2,1.4491116099381407,1.4491116099381407
3,-1.583918062339177,-1.583918062339177
4,-1.7973356342955082,-1.7973356342955082
5,2.4459983947189254,2.4459983947189254
6,-3.141592653589793,-3.141592653589793
7,1.7641383352923246,1.7641383352923246
