,theta_x,theta_y
0,-3.141592653589793,-3.141592653589793
1,0.8297621330657587,0.8297621330657587
2,1.112131744657078,1.112131744657078
3,0.29123181675518833,0.29123181675518833
4,-3.0948673986978714,-3.0948673986978714
5,0.26814904413411067,0.26814904413411067
6,-0.36087028350017947,-0.36087028350017947
7,-0.6289738461185658,-0.6289738461185658
