,theta_x,theta_y
0,-0.7220324013017587,-0.7220324013017587
1,-1.9506485907274258,-1.9506485907274258
2,-2.0126309999113605,-2.0126309999113605
3,-1.7697659758225641,-1.7697659758225641
4,3.141592653589793,3.141592653589793
5,-0.5685641263374555,-0.5685641263374555
6,0.900455772051239,0.900455772051239
