,theta_x,theta_y
0,-0.7256239116581774,-0.7256239116581774
1,-0.21461800451074547,-0.21461800451074547
2,1.229076559193504,1.229076559193504
3,-2.085494000454905,-2.085494000454905
4,-1.252421370903285,-1.252421370903285
