theta_x,theta_y
-0.7256239116581774,-0.7256239116581774
-0.21461800451074547,-0.21461800451074547
1.229076559193504,1.229076559193504
-2.085494000454905,-2.085494000454905
-1.252421370903285,-1.252421370903285
