,theta_x,theta_y
0,2.585659419692068,2.585659419692068
1,2.608734760189129,2.608734760189129
2,2.685437666170651,2.685437666170651
3,-3.141592653589793,-3.141592653589793
4,-3.141592653589793,-3.141592653589793
5,2.4788891946396387,2.4788891946396387
6,-3.141592653589793,-3.141592653589793
7,2.4751722969581924,2.4751722969581924
8,2.469955329827288,2.469955329827288
9,2.271557853356357,2.271557853356357
