theta_x,theta_y
1.0578395828061598,1.0578395828061598
0.9257822857574083,0.9257822857574083
0.7000243699549464,0.7000243699549464
0.5397557246326048,0.5397557246326048
1.2157130657055963,1.2157130657055963
0.2591204632188432,0.2591204632188432
0.256889601139745,0.256889601139745
0.43126300217970304,0.43126300217970304
0.22435855419438086,0.22435855419438086
