theta_x,theta_y
3.141592653589793,3.141592653589793
-1.7336570270559948,-1.7336570270559948
2.112223186209552,2.112223186209552
1.626539875737156,1.626539875737156
0.9176839610311112,0.9176839610311112
