,theta_x,theta_y
0,-1.4915891928938807,-1.4915891928938807
