theta_x,theta_y
-0.5955910580494366,-0.5955910580494366
1.1816343622256005,1.1816343622256005
-1.4102757706222324,-1.4102757706222324
-1.654766084198264,-1.654766084198264
-1.7521386445170934,-1.7521386445170934
0.0784361638236098,0.0784361638236098
-1.6179835556629836,-1.6179835556629836
