,theta_x,theta_y
0,2.3252659893874923,2.3252659893874923
1,-0.6944689121075341,-0.6944689121075341
2,-0.9076285751454622,-0.9076285751454622
3,1.0154473676980418,1.0154473676980418
4,1.3365701647441666,1.3365701647441666
5,3.141592653589793,3.141592653589793
6,3.141592653589793,3.141592653589793
