,theta_x,theta_y
0,1.1024665802366185,1.1024665802366185
1,0.5615365379129366,0.5615365379129366
2,-1.1472293894615997,-1.1472293894615997
