,theta_x,theta_y
0,0.02654299691369333,0.02654299691369333
1,-1.1126500395591548,-1.1126500395591548
2,-1.3794797089973037,-1.3794797089973037
3,-1.4134598880744529,-1.4134598880744529
4,3.141592653589793,3.141592653589793
5,0.3280755937501051,0.3280755937501051
6,0.9037950793792171,0.9037950793792171
