,theta_x,theta_y
0,0.8626910220230399,0.8626910220230399
1,3.141592653589793,3.141592653589793
2,-2.4377115049806055,-2.4377115049806055
3,2.804113270261952,2.804113270261952
4,-1.1320125670890828,-1.1320125670890828
5,0.24585524496480365,0.24585524496480365
6,2.886214201745704,2.886214201745704
7,0.09119498192981002,0.09119498192981002
8,1.5677810125265494,1.5677810125265494
9,-2.83191384571391,-2.83191384571391
