,theta_x,theta_y
0,0.341724403159992,0.341724403159992
1,0.8505125868248018,0.8505125868248018
2,-0.3628742949077248,-0.3628742949077248
3,-0.926984720257256,-0.926984720257256
4,-2.7981212051603914,-2.7981212051603914
5,-0.0026869457585996796,-0.0026869457585996796
6,0.44554420331478584,0.44554420331478584
7,-2.885377103830355,-2.885377103830355
8,-2.861193954203206,-2.861193954203206
