,theta_x,theta_y
0,-0.008577526783881191,-0.008577526783881191
1,-2.3306173809514132,-2.3306173809514132
2,-0.725036458275442,-0.725036458275442
3,1.5144525636755244,1.5144525636755244
4,0.7271333168218667,0.7271333168218667
5,-2.0392629159222193,-2.0392629159222193
6,-3.141592653589793,-3.141592653589793
7,-1.3980291221528642,-1.3980291221528642
8,-2.632992851441501,-2.632992851441501
9,2.038434804884866,2.038434804884866
