,theta_x,theta_y
0,-2.774088117363305,-2.774088117363305
1,-3.141592653589793,-3.141592653589793
2,0.5321107031375834,0.5321107031375834
3,-2.231191335595905,-2.231191335595905
4,-3.141592653589793,-3.141592653589793
5,-0.19373267114048326,-0.19373267114048326
6,-3.1149287376250654,-3.1149287376250654
