,theta_x,theta_y
0,-0.2079218404063507,-0.2079218404063507
1,-1.8982438532487942,-1.8982438532487942
2,-2.3056111045211165,-2.3056111045211165
3,-2.9128061818108,-2.9128061818108
4,1.6750217608455484,1.6750217608455484
