,theta_x,theta_y
0,2.107482095259534,2.107482095259534
1,-0.27116543700917295,-0.27116543700917295
2,-0.26421049667300067,-0.26421049667300067
3,2.0672533092601175,2.0672533092601175
4,1.0357138148442822,1.0357138148442822
