,theta_x,theta_y
0,-2.6572020965718055,-2.6572020965718055
1,-2.7518293649511176,-2.7518293649511176
2,2.6409292866589826,2.6409292866589826
3,1.9327077784939204,1.9327077784939204
4,-3.141592653589793,-3.141592653589793
5,0.030174218441119536,0.030174218441119536
6,0.5534773113189029,0.5534773113189029
7,-3.141592653589793,-3.141592653589793
8,1.9776074525771448,1.9776074525771448
