,theta_x,theta_y
0,1.3663306321362787,1.3663306321362787
1,-0.47418436701871663,-0.47418436701871663
2,1.2135222096866904,1.2135222096866904
3,-0.854733998418413,-0.854733998418413
4,-0.02301806973220752,-0.02301806973220752
5,-0.5071294200615013,-0.5071294200615013
