,theta_x,theta_y
0,-0.04974903661444385,-0.04974903661444385
1,-0.9109923579864081,-0.9109923579864081
