,theta_x,theta_y
0,-2.95721680791566,-2.95721680791566
1,-2.0055996596376042,-2.0055996596376042
2,1.922753603330188,1.922753603330188
3,1.1311770772177046,1.1311770772177046
4,-2.948985404075519,-2.948985404075519
5,0.031004760863926017,0.031004760863926017
6,0.43339814181961894,0.43339814181961894
7,-2.691238311220891,-2.691238311220891
8,1.7161819724852725,1.7161819724852725
9,-2.874460113869349,-2.874460113869349
