,theta_x,theta_y
0,1.1138705073759276,1.1138705073759276
1,0.28550908653583423,0.28550908653583423
2,-0.28692407101535294,-0.28692407101535294
3,-1.160702638829553,-1.160702638829553
4,2.5298262711308923,2.5298262711308923
5,0.8108817875810161,0.8108817875810161
6,0.09059408350634118,0.09059408350634118
7,-0.9117547128401423,-0.9117547128401423
8,-0.25417982026784214,-0.25417982026784214
