,theta_x,theta_y
0,0.05662643635017362,0.05662643635017362
1,3.141592653589793,3.141592653589793
2,1.0184945795567788,1.0184945795567788
3,-0.4637359318915166,-0.4637359318915166
4,-1.0352596479400036,-1.0352596479400036
5,3.141592653589793,3.141592653589793
6,-2.271981853700017,-2.271981853700017
7,2.252899249535419,2.252899249535419
