,theta_x,theta_y
0,2.833269456994172,2.833269456994172
1,-3.141592653589793,-3.141592653589793
2,2.407379621466948,2.407379621466948
3,2.62502034725776,2.62502034725776
4,2.5173376188454237,2.5173376188454237
5,2.3747304272748293,2.3747304272748293
