,theta_x,theta_y
0,2.401367793431107,2.401367793431107
1,-3.141592653589793,-3.141592653589793
2,-3.141592653589793,-3.141592653589793
3,-3.141592653589793,-3.141592653589793
4,2.9999545984287574,2.9999545984287574
5,3.107823367581403,3.107823367581403
