,theta_x,theta_y
0,-0.2972988474459469,-0.2972988474459469
1,-0.40196087529323127,-0.40196087529323127
2,-0.2333957889726975,-0.2333957889726975
3,-0.43612865135915807,-0.43612865135915807
4,-0.595854916717316,-0.595854916717316
5,-0.5309386517037857,-0.5309386517037857
6,-0.3195010958606691,-0.3195010958606691
