,theta_x,theta_y
0,1.967834929758,1.967834929758
1,1.1042002932135921,1.1042002932135921
