,theta_x,theta_y
0,0.6881470963075317,0.6881470963075317
1,1.2457085309526914,1.2457085309526914
2,0.3001270804663721,0.3001270804663721
3,0.21126943903600964,0.21126943903600964
4,0.2242759507668755,0.2242759507668755
5,0.2640469209843099,0.2640469209843099
6,0.17741148323420322,0.17741148323420322
