,theta_x,theta_y
0,0.34732226753862183,0.34732226753862183
1,-3.141592653589793,-3.141592653589793
2,-3.141592653589793,-3.141592653589793
