,theta_x,theta_y
0,1.7616666458616745,1.7616666458616745
