,theta_x,theta_y
0,1.5475115012565372,1.5475115012565372
1,-0.3990010496136793,-0.3990010496136793
2,-1.6711971605091915,-1.6711971605091915
3,0.43707995444203623,0.43707995444203623
4,-1.0755998446496262,-1.0755998446496262
5,3.141592653589793,3.141592653589793
6,2.9476057703725425,2.9476057703725425
7,1.7442134551711863,1.7442134551711863
8,-2.8602740864460374,-2.8602740864460374
