theta_x,theta_y
0.8590648938717591,0.8590648938717591
0.7475915953170297,0.7475915953170297
0.7878200853493305,0.7878200853493305
-3.1397037228666798,-3.1397037228666798
0.6287839440045524,0.6287839440045524
0.17750693827415231,0.17750693827415231
-0.20403046603465907,-0.20403046603465907
-3.141592653589793,-3.141592653589793
