,theta_x,theta_y
0,-0.47107014613808773,-0.47107014613808773
