,theta_x,theta_y
0,0.4657278985269879,0.4657278985269879
1,-1.7473750144398623,-1.7473750144398623
2,-3.0974220244407706,-3.0974220244407706
3,-3.141592653589793,-3.141592653589793
4,2.2160080875731656,2.2160080875731656
5,1.7516477616364,1.7516477616364
6,1.9243848851755503,1.9243848851755503
7,1.6544351652643834,1.6544351652643834
8,0.4860466783213293,0.4860466783213293
9,1.857882023320323,1.857882023320323
