,theta_x,theta_y
0,-3.141592653589793,-3.141592653589793
1,-3.141592653589793,-3.141592653589793
2,-0.5659983973670876,-0.5659983973670876
3,1.3494296978070381,1.3494296978070381
