,theta_x,theta_y
0,1.345059910566451,1.345059910566451
1,3.141592653589793,3.141592653589793
