,theta_x,theta_y
0,3.141592653589793,3.141592653589793
1,-0.22702271852749428,-0.22702271852749428
2,3.141592653589793,3.141592653589793
3,-1.6185814943668226,-1.6185814943668226
4,1.0642268645763258,1.0642268645763258
5,-0.7812154775736665,-0.7812154775736665
