,theta_x,theta_y
0,2.3744650613891576,2.3744650613891576
1,0.48184858313992085,0.48184858313992085
2,2.6723061099689067,2.6723061099689067
3,-2.1316757469104557,-2.1316757469104557
