,theta_x,theta_y
0,0.6818441896602607,0.6818441896602607
1,-1.3052837801266253,-1.3052837801266253
2,-2.9493182654489205,-2.9493182654489205
3,-3.06624616283997,-3.06624616283997
4,2.136940627101342,2.136940627101342
