,theta_x,theta_y
0,0.321243199735537,0.321243199735537
1,1.323867495523482,1.323867495523482
2,-0.5016711635896025,-0.5016711635896025
3,-0.3619374180853407,-0.3619374180853407
4,-1.6787317968673119,-1.6787317968673119
5,-0.22165228620389377,-0.22165228620389377
6,-0.317596068902912,-0.317596068902912
7,-2.2654894095526514,-2.2654894095526514
8,-2.8458887934431476,-2.8458887934431476
