,theta_x,theta_y
0,1.9709174805573193,1.9709174805573193
1,-0.8012893909723253,-0.8012893909723253
2,2.8789158737425047,2.8789158737425047
3,-2.9346333638967304,-2.9346333638967304
4,0.050051584320961746,0.050051584320961746
