,theta_x,theta_y
0,2.345999985014075,2.345999985014075
1,0.42770378658758323,0.42770378658758323
2,2.5337670817845774,2.5337670817845774
3,-2.653557550577134,-2.653557550577134
4,0.613770881909484,0.613770881909484
5,-0.12573254123628919,-0.12573254123628919
6,1.2056198619527878,1.2056198619527878
7,-1.578800991389667,-1.578800991389667
