theta_x,theta_y
-2.9922301850034407,-2.9922301850034407
1.6838824446263334,1.6838824446263334
-2.998680413249806,-2.998680413249806
3.141592653589793,3.141592653589793
2.7680813711216303,2.7680813711216303
1.100499180622782,1.100499180622782
2.2468639144987574,2.2468639144987574
-0.8800382932771728,-0.8800382932771728
