,theta_x,theta_y
0,0.5648140455322664,0.5648140455322664
1,-0.4396995488907677,-0.4396995488907677
2,-1.7428948216637397,-1.7428948216637397
3,-2.89667321690329,-2.89667321690329
4,0.6639935028705193,0.6639935028705193
5,0.9426573234398495,0.9426573234398495
