,theta_x,theta_y
0,0.07235332086889656,0.07235332086889656
1,-0.963822919699658,-0.963822919699658
2,-0.8064012557182011,-0.8064012557182011
3,-0.7805804722556904,-0.7805804722556904
