,theta_x,theta_y
0,1.0331846025296438,1.0331846025296438
1,1.0573257470929878,1.0573257470929878
2,0.4265160088472386,0.4265160088472386
3,-2.547253963041194,-2.547253963041194
