,theta_x,theta_y
0,-3.141592653589793,-3.141592653589793
1,-2.790022167746523,-2.790022167746523
2,0.543468410783496,0.543468410783496
3,1.4004531715513588,1.4004531715513588
