theta_x,theta_y
2.4436253343656613,2.4436253343656613
0.07774853008157337,0.07774853008157337
0.41157619859403194,0.41157619859403194
0.14281179178977654,0.14281179178977654
2.6185371242853983,2.6185371242853983
2.6084448713732042,2.6084448713732042
2.2525350897343084,2.2525350897343084
-0.36286850280924965,-0.36286850280924965
2.265954594850489,2.265954594850489
