theta_x,theta_y
3.141592653589793,3.141592653589793
2.194761032454811,2.194761032454811
0.44829642105310624,0.44829642105310624
-0.8031534954103159,-0.8031534954103159
