,theta_x,theta_y
0,3.141592653589793,3.141592653589793
1,2.194761032454811,2.194761032454811
2,0.44829642105310624,0.44829642105310624
3,-0.8031534954103159,-0.8031534954103159
