theta_x,theta_y
-1.8823577122225987,-1.8823577122225987
2.786329774629932,2.786329774629932
-1.9434430057848946,-1.9434430057848946
2.420153971437555,2.420153971437555
2.941556402229917,2.941556402229917
-1.0410647309613605,-1.0410647309613605
-1.3731165309613094,-1.3731165309613094
