,theta_x,theta_y
0,2.579590348371811,2.579590348371811
1,0.6763378577545915,0.6763378577545915
2,-2.979950541389589,-2.979950541389589
3,-3.0511717615330416,-3.0511717615330416
