,theta_x,theta_y
0,1.9169321644672477,1.9169321644672477
1,3.141592653589793,3.141592653589793
