,theta_x,theta_y
0,1.880340897136724,1.880340897136724
1,1.871942763079977,1.871942763079977
2,-3.141592653589793,-3.141592653589793
3,1.8421906836108581,1.8421906836108581
4,1.8465741523886352,1.8465741523886352
5,1.8508460848161847,1.8508460848161847
6,1.854983220187886,1.854983220187886
7,1.8590188086730437,1.8590188086730437
8,1.862931562319087,1.862931562319087
