theta_x,theta_y
1.880340897136724,1.880340897136724
1.871942763079977,1.871942763079977
-3.141592653589793,-3.141592653589793
1.8421906836108581,1.8421906836108581
1.8465741523886352,1.8465741523886352
1.8508460848161847,1.8508460848161847
1.854983220187886,1.854983220187886
1.8590188086730437,1.8590188086730437
1.862931562319087,1.862931562319087
