,theta_x,theta_y
0,3.141592653589793,3.141592653589793
1,2.1779434623793925,2.1779434623793925
