,theta_x,theta_y
0,-2.898611173809416,-2.898611173809416
1,-0.12012283411743645,-0.12012283411743645
2,2.1414217750546993,2.1414217750546993
3,0.8623210133342513,0.8623210133342513
4,-2.334194490754382,-2.334194490754382
5,0.6461581785576268,0.6461581785576268
