,theta_x,theta_y
0,0.6690150855837244,0.6690150855837244
1,0.472705129909242,0.472705129909242
2,0.510495563414793,0.510495563414793
3,0.32088879769745315,0.32088879769745315
