theta_x,theta_y
1.2727274640122117,1.2727274640122117
-1.7825119370425186,-1.7825119370425186
-2.5016410497679176,-2.5016410497679176
-3.0520799434152837,-3.0520799434152837
2.5229864564562208,2.5229864564562208
2.076674297148846,2.076674297148846
