,theta_x,theta_y
0,-0.7691022297455983,-0.7691022297455983
1,3.141592653589793,3.141592653589793
