theta_x,theta_y
-0.7691022297455983,-0.7691022297455983
3.141592653589793,3.141592653589793
