theta_x,theta_y
2.612519405604117,2.612519405604117
0.2857403898088024,0.2857403898088024
2.7314481869270035,2.7314481869270035
-2.112625105713958,-2.112625105713958
