,theta_x,theta_y
0,-1.4346346353497272,-1.4346346353497272
1,-2.045251353059234,-2.045251353059234
2,3.141592653589793,3.141592653589793
3,-3.141592653589793,-3.141592653589793
4,-0.47405257198500866,-0.47405257198500866
