,theta_x,theta_y
0,-0.2929291372996774,-0.2929291372996774
1,3.141592653589793,3.141592653589793
2,-2.4052400599388526,-2.4052400599388526
3,2.9073413282763605,2.9073413282763605
4,-1.5467937197438222,-1.5467937197438222
5,-0.24859102712598014,-0.24859102712598014
