,theta_x,theta_y
0,0.11933098120992189,0.11933098120992189
1,-0.5970184149245673,-0.5970184149245673
2,-1.3293668885732997,-1.3293668885732997
3,-1.915786258751458,-1.915786258751458
4,3.141592653589793,3.141592653589793
5,0.34933730516012196,0.34933730516012196
6,0.19769930039492614,0.19769930039492614
7,-1.662805245177683,-1.662805245177683
8,0.2567589916648386,0.2567589916648386
