,theta_x,theta_y
0,-3.141592653589793,-3.141592653589793
1,1.8522027741070668,1.8522027741070668
2,2.5423769346699805,2.5423769346699805
3,1.6435871535916087,1.6435871535916087
4,-3.141592653589793,-3.141592653589793
