,theta_x,theta_y
0,0.4861342273174316,0.4861342273174316
1,-1.8111134278934427,-1.8111134278934427
2,-2.2551798927768396,-2.2551798927768396
3,-3.022044476515708,-3.022044476515708
