,theta_x,theta_y
0,1.863143580809953,1.863143580809953
1,0.8771232613238662,0.8771232613238662
2,-0.7775777811286705,-0.7775777811286705
3,-0.9405717726825742,-0.9405717726825742
4,-1.4037968142311767,-1.4037968142311767
5,-1.6324930824382873,-1.6324930824382873
6,-1.2510378890194847,-1.2510378890194847
