,theta_x,theta_y
0,-0.2064626372309902,-0.2064626372309902
1,-0.9814900757451991,-0.9814900757451991
2,-0.8694068160747841,-0.8694068160747841
3,-0.7936806275664776,-0.7936806275664776
4,3.141592653589793,3.141592653589793
5,0.2532251424536101,0.2532251424536101
