,theta_x,theta_y
0,-0.7087227423955595,-0.7087227423955595
1,-2.30737050444751,-2.30737050444751
2,-2.065212813563182,-2.065212813563182
3,-1.198249994367431,-1.198249994367431
4,1.8727119116442883,1.8727119116442883
5,0.40209107310852826,0.40209107310852826
