,theta_x,theta_y
0,0.2353215938513866,0.2353215938513866
1,-1.4998974408665773,-1.4998974408665773
2,-0.7281908001473891,-0.7281908001473891
3,-0.21776678296259272,-0.21776678296259272
4,2.5534429161289545,2.5534429161289545
