theta_x,theta_y
1.6213342113913403,1.6213342113913403
1.9423090767456201,1.9423090767456201
