,theta_x,theta_y
0,1.331230555520287,1.331230555520287
1,0.4870822494213614,0.4870822494213614
2,-0.9591175577082829,-0.9591175577082829
3,0.07138878667204912,0.07138878667204912
4,-0.5416433546310048,-0.5416433546310048
5,-0.5505193791102098,-0.5505193791102098
6,-0.731121669044072,-0.731121669044072
