,theta_x,theta_y
0,-1.755411224393528,-1.755411224393528
1,2.2280447362352556,2.2280447362352556
2,-2.2372929687998964,-2.2372929687998964
3,1.7136282230008766,1.7136282230008766
4,2.7683878962489943,2.7683878962489943
5,-2.058998569485445,-2.058998569485445
6,-0.25682702587052125,-0.25682702587052125
7,0.18756027773381195,0.18756027773381195
