,theta_x,theta_y
0,-3.141592653589793,-3.141592653589793
1,-2.898485433316397,-2.898485433316397
2,3.141592653589793,3.141592653589793
