,theta_x,theta_y
0,0.23893661038699043,0.23893661038699043
1,0.29729137928300614,0.29729137928300614
2,-0.4414108840497522,-0.4414108840497522
3,-1.3290517799159227,-1.3290517799159227
4,3.141592653589793,3.141592653589793
5,0.2762519953286738,0.2762519953286738
6,-0.31439391762488356,-0.31439391762488356
7,-0.8658636956354081,-0.8658636956354081
8,-0.3022674698007264,-0.3022674698007264
