theta_x,theta_y
0.23893661038699043,0.23893661038699043
0.29729137928300614,0.29729137928300614
-0.4414108840497522,-0.4414108840497522
-1.3290517799159227,-1.3290517799159227
3.141592653589793,3.141592653589793
0.2762519953286738,0.2762519953286738
-0.31439391762488356,-0.31439391762488356
-0.8658636956354081,-0.8658636956354081
-0.3022674698007264,-0.3022674698007264
