,theta_x,theta_y
0,-0.6089050116661265,-0.6089050116661265
1,1.4740342044498251,1.4740342044498251
2,-2.989655000420612,-2.989655000420612
3,-3.141592653589793,-3.141592653589793
4,0.26837361827359996,0.26837361827359996
5,0.9715063422234798,0.9715063422234798
6,0.5821392953977815,0.5821392953977815
7,0.5668485421378487,0.5668485421378487
8,1.4258755639844565,1.4258755639844565
9,0.9027364790929507,0.9027364790929507
