theta_x,theta_y
-0.9866866785002155,-0.9866866785002155
-2.1981058194434717,-2.1981058194434717
2.887682246696677,2.887682246696677
-2.6859973198874845,-2.6859973198874845
1.7557377972387496,1.7557377972387496
1.1095245508616849,1.1095245508616849
-0.941404371086824,-0.941404371086824
-2.50609552721164,-2.50609552721164
