,theta_x,theta_y
0,1.4792491283894231,1.4792491283894231
1,1.4987206659225685,1.4987206659225685
2,0.416284752892787,0.416284752892787
3,-1.0892291140033714,-1.0892291140033714
4,-3.141592653589793,-3.141592653589793
5,-0.24250625838951556,-0.24250625838951556
6,-0.05457461057359529,-0.05457461057359529
