theta_x,theta_y
1.6332658645894924,1.6332658645894924
1.8680460081632957,1.8680460081632957
1.2251048263353899,1.2251048263353899
-0.28125760409557554,-0.28125760409557554
0.2367177099393505,0.2367177099393505
1.2638389120312743,1.2638389120312743
-2.4923748098383456,-2.4923748098383456
0.7886945889676058,0.7886945889676058
