theta_x,theta_y
2.4773552325626182,2.4773552325626182
1.6342598241438175,1.6342598241438175
0.057442048507936855,0.057442048507936855
-0.027884689528428052,-0.027884689528428052
-1.635453371879784,-1.635453371879784
-1.5334243160651946,-1.5334243160651946
-2.4320660700648187,-2.4320660700648187
-2.055560349389464,-2.055560349389464
