,theta_x,theta_y
0,1.533856271198881,1.533856271198881
1,1.4475398736874405,1.4475398736874405
2,1.3679752357122377,1.3679752357122377
3,1.2946608547909615,1.2946608547909615
4,1.2269894428805403,1.2269894428805403
5,1.1644083516417243,1.1644083516417243
6,1.106697742574349,1.106697742574349
