theta_x,theta_y
1.8733636305906198,1.8733636305906198
1.801574829399447,1.801574829399447
1.876051371533668,1.876051371533668
