,theta_x,theta_y
0,1.1356635432127395,1.1356635432127395
1,2.1284586417633586,2.1284586417633586
2,1.268891249707287,1.268891249707287
3,-1.5979967372697101,-1.5979967372697101
4,-0.6843285800740753,-0.6843285800740753
5,1.8492489445660105,1.8492489445660105
