,theta_x,theta_y
0,0.47752516906205394,0.47752516906205394
1,0.6305579852359097,0.6305579852359097
2,0.18259385881563137,0.18259385881563137
3,-1.248584562048135,-1.248584562048135
4,-1.2680300028055673,-1.2680300028055673
5,0.7543357285909692,0.7543357285909692
