,theta_x,theta_y
0,-0.7489556173555516,-0.7489556173555516
1,-0.9324245014669306,-0.9324245014669306
2,-1.1926932783744895,-1.1926932783744895
