theta_x,theta_y
-1.2102957264697085,-1.2102957264697085
1.8207385132940415,1.8207385132940415
1.64280340237242,1.64280340237242
-3.141592653589793,-3.141592653589793
1.1779875100035229,1.1779875100035229
1.393516017468082,1.393516017468082
-3.141592653589793,-3.141592653589793
-3.141592653589793,-3.141592653589793
