theta_x,theta_y
1.5477509524299364,1.5477509524299364
-0.07320885365558412,-0.07320885365558412
-0.5495530899155687,-0.5495530899155687
3.141592653589793,3.141592653589793
