theta_x,theta_y
-0.36116416090692255,-0.36116416090692255
3.141592653589793,3.141592653589793
-2.3524914272631654,-2.3524914272631654
2.5418741192779137,2.5418741192779137
-0.5605479827963823,-0.5605479827963823
0.3227882863337297,0.3227882863337297
