theta_x,theta_y
0.749335709619906,0.749335709619906
2.1435502237012134,2.1435502237012134
1.2608678193252332,1.2608678193252332
-1.2561720250435302,-1.2561720250435302
-0.7419416735113138,-0.7419416735113138
1.9687138139318263,1.9687138139318263
-3.058891438733157,-3.058891438733157
