theta_x,theta_y
-0.44451219112387735,-0.44451219112387735
-1.2998616399386889,-1.2998616399386889
2.7577793337115577,2.7577793337115577
-2.8610390613187717,-2.8610390613187717
2.45149801680633,2.45149801680633
1.1596704266335764,1.1596704266335764
-1.3473412858140723,-1.3473412858140723
-3.141592653589793,-3.141592653589793
0.7799800438936954,0.7799800438936954
0.9289477041949072,0.9289477041949072
