,theta_x,theta_y
0,0.6401404130554984,0.6401404130554984
1,0.2759612532351024,0.2759612532351024
2,0.13235026223946433,0.13235026223946433
3,-3.141592653589793,-3.141592653589793
4,0.394416673296494,0.394416673296494
5,-0.1700833045581505,-0.1700833045581505
6,-0.6390942930805742,-0.6390942930805742
