,theta_x,theta_y
0,2.737383907294004,2.737383907294004
