theta_x,theta_y
2.5104388112048865,2.5104388112048865
