theta_x,theta_y
2.3113350438038305,2.3113350438038305
-1.503097181863627,-1.503097181863627
1.2822172936907383,1.2822172936907383
1.6719695845353433,1.6719695845353433
1.0647521224395222,1.0647521224395222
1.9444742086379123,1.9444742086379123
1.9817290096551774,1.9817290096551774
