theta_x,theta_y
2.1034775978478932,2.1034775978478932
0.4352816618054964,0.4352816618054964
2.186188840469942,2.186188840469942
-2.1169841774596625,-2.1169841774596625
-0.1026749295218774,-0.1026749295218774
