theta_x,theta_y
0.694672981307114,0.694672981307114
-1.1794705145052102,-1.1794705145052102
-1.345727456858132,-1.345727456858132
-2.747013409098625,-2.747013409098625
