,theta_x,theta_y
0,0.17785023969634572,0.17785023969634572
1,-0.701217107425593,-0.701217107425593
2,-0.9020861457293079,-0.9020861457293079
3,-1.1361368655138233,-1.1361368655138233
4,3.141592653589793,3.141592653589793
5,0.28564577551459425,0.28564577551459425
6,0.42841953390737963,0.42841953390737963
7,-1.1578525617226754,-1.1578525617226754
8,0.576966571760756,0.576966571760756
9,-2.1284791975061097,-2.1284791975061097
