,theta_x,theta_y
0,1.955805001278722,1.955805001278722
1,1.9601184865684556,1.9601184865684556
2,1.9384676719452882,1.9384676719452882
3,1.9291787337661221,1.9291787337661221
4,1.9573760568884233,1.9573760568884233
5,1.9316719706310606,1.9316719706310606
6,1.927069754398294,1.927069754398294
7,1.9218338275414797,1.9218338275414797
8,1.9121840424676004,1.9121840424676004
9,-3.141592653589793,-3.141592653589793
