,theta_x,theta_y
0,1.328529356924816,1.328529356924816
1,1.8494941222883223,1.8494941222883223
2,0.745429890662287,0.745429890662287
3,-1.9735991141578242,-1.9735991141578242
