,theta_x,theta_y
0,1.9322459364312587,1.9322459364312587
1,0.7210608336833124,0.7210608336833124
2,1.2344984400194023,1.2344984400194023
3,-1.4999726404765985,-1.4999726404765985
4,0.23700621562113583,0.23700621562113583
5,-0.1505640562440677,-0.1505640562440677
6,-0.3761526397732888,-0.3761526397732888
7,-0.8710783413619066,-0.8710783413619066
