,theta_x,theta_y
0,-2.175577176136812,-2.175577176136812
1,-1.8476650769105503,-1.8476650769105503
2,2.753656469491976,2.753656469491976
3,-3.141592653589793,-3.141592653589793
