theta_x,theta_y
0.9110926587605354,0.9110926587605354
0.7453320656727492,0.7453320656727492
-0.32708558241729346,-0.32708558241729346
-0.22886761629580166,-0.22886761629580166
-2.254587157079243,-2.254587157079243
0.27805621259743685,0.27805621259743685
