,theta_x,theta_y
0,1.0644879825858695,1.0644879825858695
1,2.420283491131804,2.420283491131804
2,0.003037312336132568,0.003037312336132568
3,2.303205948384867,2.303205948384867
4,1.2497449857563945,1.2497449857563945
