,theta_x,theta_y
0,-0.3119740816093659,-0.3119740816093659
1,2.2915696647003205,2.2915696647003205
2,-2.541906463358681,-2.541906463358681
3,1.3975732901171323,1.3975732901171323
4,0.05462911498364388,0.05462911498364388
5,-0.6484241451471962,-0.6484241451471962
6,0.32546991015942167,0.32546991015942167
7,-0.9170158394186408,-0.9170158394186408
