,theta_x,theta_y
0,-0.8928993386595956,-0.8928993386595956
1,2.748039804744556,2.748039804744556
2,-2.8245231703130007,-2.8245231703130007
3,1.7181537886878417,1.7181537886878417
4,1.0922078510335127,1.0922078510335127
5,-2.5349153565987863,-2.5349153565987863
6,1.0936618190498721,1.0936618190498721
