theta_x,theta_y
-0.8928993386595956,-0.8928993386595956
2.748039804744556,2.748039804744556
-2.8245231703130007,-2.8245231703130007
1.7181537886878417,1.7181537886878417
1.0922078510335127,1.0922078510335127
-2.5349153565987863,-2.5349153565987863
1.0936618190498721,1.0936618190498721
