theta_x,theta_y
1.2880095961904368,1.2880095961904368
-1.849458614531125,-1.849458614531125
-2.4886059065433437,-2.4886059065433437
-2.976824871126878,-2.976824871126878
2.590285547327409,2.590285547327409
2.0609343490785066,2.0609343490785066
1.2134345740432273,1.2134345740432273
