,theta_x,theta_y
0,0.8087886913956424,0.8087886913956424
