,theta_x,theta_y
0,-1.473681510006245,-1.473681510006245
1,2.1644220586275233,2.1644220586275233
2,-1.7216639736924657,-1.7216639736924657
3,2.4878546813890456,2.4878546813890456
4,1.6256422809862012,1.6256422809862012
5,0.9147539045447989,0.9147539045447989
6,0.47221854976437755,0.47221854976437755
