,theta_x,theta_y
0,2.0859744352806753,2.0859744352806753
1,-1.556932722567206,-1.556932722567206
2,0.8187469239811811,0.8187469239811811
3,1.2086111104321913,1.2086111104321913
4,0.33551131276551005,0.33551131276551005
5,1.6794043658631588,1.6794043658631588
6,0.9800675615911629,0.9800675615911629
7,2.154500454875739,2.154500454875739
8,-2.002018346113718,-2.002018346113718
9,-0.5389150323165249,-0.5389150323165249
