,theta_x,theta_y
0,0.10018769807165728,0.10018769807165728
1,2.021882578820156,2.021882578820156
2,2.179066409018791,2.179066409018791
3,-0.9928897396814759,-0.9928897396814759
