theta_x,theta_y
1.3708673003793783,1.3708673003793783
1.5969442497265414,1.5969442497265414
0.40199011678522834,0.40199011678522834
-1.9551404358926494,-1.9551404358926494
