,theta_x,theta_y
0,1.2419119713220605,1.2419119713220605
1,3.141592653589793,3.141592653589793
2,-2.008714616107475,-2.008714616107475
3,2.4098729929010294,2.4098729929010294
4,-0.21515929103584017,-0.21515929103584017
5,0.6141995649665063,0.6141995649665063
6,2.1221351401068667,2.1221351401068667
7,0.059352110685426604,0.059352110685426604
