,theta_x,theta_y
0,1.8535590891390448,1.8535590891390448
1,0.2996327381023472,0.2996327381023472
2,2.1664446479737527,2.1664446479737527
3,-2.4084768465572672,-2.4084768465572672
4,0.29383261936829436,0.29383261936829436
