,theta_x,theta_y
0,-1.2116653695590753,-1.2116653695590753
1,3.141592653589793,3.141592653589793
2,-1.4540615645390875,-1.4540615645390875
3,2.3104769648515027,2.3104769648515027
4,2.3420490078772853,2.3420490078772853
5,-0.3477203929659207,-0.3477203929659207
6,-0.8394140562949408,-0.8394140562949408
7,-1.36373327270198,-1.36373327270198
8,-1.9604523062212476,-1.9604523062212476
