,theta_x,theta_y
0,-0.019032985532650277,-0.019032985532650277
1,-1.816444254412623,-1.816444254412623
2,2.2203969347860175,2.2203969347860175
3,-3.141592653589793,-3.141592653589793
4,0.8006057386417433,0.8006057386417433
5,-0.07862531482985101,-0.07862531482985101
6,-3.113682563090781,-3.113682563090781
7,-3.141592653589793,-3.141592653589793
