,theta_x,theta_y
0,-0.27560058858305986,-0.27560058858305986
1,-0.4478721748240636,-0.4478721748240636
2,-0.4302175869648633,-0.4302175869648633
3,-0.4211904382584335,-0.4211904382584335
4,-0.7185684751589079,-0.7185684751589079
