,theta_x,theta_y
0,1.1436568531086833,1.1436568531086833
1,1.139471182283507,1.139471182283507
2,1.1363717923125807,1.1363717923125807
3,-3.141592653589793,-3.141592653589793
4,1.1448092276930324,1.1448092276930324
5,1.1645300684239197,1.1645300684239197
6,1.1821454547809076,1.1821454547809076
