,theta_x,theta_y
0,2.5700796731135203,2.5700796731135203
1,0.3394958181843795,0.3394958181843795
