theta_x,theta_y
2.5700796731135203,2.5700796731135203
0.3394958181843795,0.3394958181843795
