,theta_x,theta_y
0,1.867591684312824,1.867591684312824
