theta_x,theta_y
2.931968047600609,2.931968047600609
0.3067963383807981,0.3067963383807981
3.141592653589793,3.141592653589793
-2.308669036639532,-2.308669036639532
0.8810365010012463,0.8810365010012463
-0.23083315514723937,-0.23083315514723937
1.2326915370507407,1.2326915370507407
-1.1503674175796832,-1.1503674175796832
2.065283725822901,2.065283725822901
