,theta_x,theta_y
0,1.0362877334825125,1.0362877334825125
1,1.592186570378904,1.592186570378904
2,1.4645974310750298,1.4645974310750298
3,-1.9403641116716162,-1.9403641116716162
