,theta_x,theta_y
0,-0.6056398204556981,-0.6056398204556981
1,3.141592653589793,3.141592653589793
2,-1.0108680045636067,-1.0108680045636067
3,3.141592653589793,3.141592653589793
4,-0.9827460415415665,-0.9827460415415665
5,-1.1953154618324644,-1.1953154618324644
6,3.141592653589793,3.141592653589793
7,-1.4080603841818646,-1.4080603841818646
8,-1.0813201351551678,-1.0813201351551678
9,-2.4080489258033886,-2.4080489258033886
