,theta_x,theta_y
0,0.1350031156105584,0.1350031156105584
1,3.132942702335956,3.132942702335956
2,2.713684988335334,2.713684988335334
