,theta_x,theta_y
0,-2.4881452185893234,-2.4881452185893234
