,theta_x,theta_y
0,-0.7874689006975458,-0.7874689006975458
1,2.834239099886998,2.834239099886998
