,theta_x,theta_y
0,2.711909598664251,2.711909598664251
