,theta_x,theta_y
0,1.0872920474543275,1.0872920474543275
1,1.0815808001246805,1.0815808001246805
2,1.0319059835526665,1.0319059835526665
3,-3.141592653589793,-3.141592653589793
4,0.9267544194247413,0.9267544194247413
