theta_x,theta_y
0.10808279206591333,0.10808279206591333
3.141592653589793,3.141592653589793
-3.141592653589793,-3.141592653589793
2.652022362708592,2.652022362708592
-1.866065566569448,-1.866065566569448
-0.16121826147000493,-0.16121826147000493
1.4344994332320937,1.4344994332320937
