,theta_x,theta_y
0,-1.2974395848922486,-1.2974395848922486
1,-1.5555860683882632,-1.5555860683882632
2,2.356722156500365,2.356722156500365
3,-2.218839017734138,-2.218839017734138
4,-0.05715684900257523,-0.05715684900257523
5,1.1629862665023314,1.1629862665023314
6,-1.8141260686919196,-1.8141260686919196
