,theta_x,theta_y
0,-0.9545747118860474,-0.9545747118860474
1,2.6136177763620005,2.6136177763620005
2,1.6587766710290865,1.6587766710290865
3,-0.666934273069848,-0.666934273069848
4,-0.47755169115088114,-0.47755169115088114
5,0.5108624204480379,0.5108624204480379
6,-2.8700598442249543,-2.8700598442249543
7,2.9511436664774044,2.9511436664774044
8,1.7507710418193672,1.7507710418193672
