theta_x,theta_y
-3.141592653589793,-3.141592653589793
-0.9751999814566733,-0.9751999814566733
1.24922164149698,1.24922164149698
