,theta_x,theta_y
0,1.9200759728312211,1.9200759728312211
1,-1.3587524929071952,-1.3587524929071952
2,0.8007755678599221,0.8007755678599221
3,1.045858411068339,1.045858411068339
4,1.1358932732913634,1.1358932732913634
5,2.930593238915484,2.930593238915484
