,theta_x,theta_y
0,1.0531453827582025,1.0531453827582025
1,1.1899051532823228,1.1899051532823228
2,0.13314148129614728,0.13314148129614728
3,-0.626950516165897,-0.626950516165897
4,-2.763933698825093,-2.763933698825093
5,-0.14024570096043903,-0.14024570096043903
6,-0.1247339730498342,-0.1247339730498342
7,-2.757387613205362,-2.757387613205362
