,theta_x,theta_y
0,-1.4036186929976278,-1.4036186929976278
1,3.141592653589793,3.141592653589793
2,1.4660953798483605,1.4660953798483605
3,-1.9377273385248623,-1.9377273385248623
