,theta_x,theta_y
0,-2.7278398658511502,-2.7278398658511502
1,-2.9207271050702786,-2.9207271050702786
2,2.513787697166692,2.513787697166692
3,2.0171003356427804,2.0171003356427804
4,-3.141592653589793,-3.141592653589793
5,0.4749740567330277,0.4749740567330277
6,0.5489939475733131,0.5489939475733131
7,-3.141592653589793,-3.141592653589793
8,1.6170402568906013,1.6170402568906013
9,-3.141592653589793,-3.141592653589793
