,theta_x,theta_y
0,1.4310922101186927,1.4310922101186927
1,1.6208961255807783,1.6208961255807783
2,0.4967414380865305,0.4967414380865305
3,-1.0691084810831344,-1.0691084810831344
4,-3.120313737823271,-3.120313737823271
5,-0.19429198800796182,-0.19429198800796182
6,-0.13931369368867322,-0.13931369368867322
