,theta_x,theta_y
0,2.834871423061496,2.834871423061496
1,-1.0472523895713883,-1.0472523895713883
2,0.8325776495270587,0.8325776495270587
3,2.0080636531016904,2.0080636531016904
4,0.6817905482525187,0.6817905482525187
5,2.941921999435158,2.941921999435158
6,1.52419131330539,1.52419131330539
7,2.222333090888826,2.222333090888826
8,-2.199355153514662,-2.199355153514662
9,-0.5817164529221565,-0.5817164529221565
