,theta_x,theta_y
0,-0.014022375114803975,-0.014022375114803975
1,1.4180910233596542,1.4180910233596542
2,-1.0903479913103413,-1.0903479913103413
3,2.355910537609363,2.355910537609363
4,-0.7712592296157217,-0.7712592296157217
