,theta_x,theta_y
0,0.7386036339166862,0.7386036339166862
1,0.6950890760811793,0.6950890760811793
2,1.2317919987611714,1.2317919987611714
3,-2.25072242287063,-2.25072242287063
4,-0.3115935581937472,-0.3115935581937472
