theta_x,theta_y
-0.8948553708940536,-0.8948553708940536
-1.1981884688373396,-1.1981884688373396
2.4843412205968223,2.4843412205968223
-3.0301310773779226,-3.0301310773779226
1.537538798790709,1.537538798790709
1.3508774380356643,1.3508774380356643
