,theta_x,theta_y
0,-0.21664465699042904,-0.21664465699042904
1,3.054791712992577,3.054791712992577
2,-1.6799120142905932,-1.6799120142905932
3,2.5967253315372356,2.5967253315372356
4,-0.6199765328525209,-0.6199765328525209
5,-0.5926881691214568,-0.5926881691214568
