theta_x,theta_y
0.7755488364887213,0.7755488364887213
-1.5704334386203551,-1.5704334386203551
-2.121379209530255,-2.121379209530255
-2.419043692904274,-2.419043692904274
2.6787960972672664,2.6787960972672664
2.8363297048538856,2.8363297048538856
1.0019412548710867,1.0019412548710867
1.267239213159289,1.267239213159289
0.08541366588676297,0.08541366588676297
3.0065401257710964,3.0065401257710964
