theta_x,theta_y
1.5875840218999422,1.5875840218999422
