,theta_x,theta_y
0,1.8647691315578232,1.8647691315578232
