theta_x,theta_y
2.2122664010656963,2.2122664010656963
-1.6592017790472648,-1.6592017790472648
-2.823855374948821,-2.823855374948821
-3.141592653589793,-3.141592653589793
2.401483658779074,2.401483658779074
2.2658244907451035,2.2658244907451035
