,theta_x,theta_y
0,-2.6646692955463878,-2.6646692955463878
1,-0.4144640234919417,-0.4144640234919417
2,-3.141592653589793,-3.141592653589793
