theta_x,theta_y
-1.6212622352133823,-1.6212622352133823
3.141592653589793,3.141592653589793
-1.6282894620524313,-1.6282894620524313
3.141592653589793,3.141592653589793
