,theta_x,theta_y
0,-1.8937263568978875,-1.8937263568978875
1,1.9493209592578682,1.9493209592578682
2,-1.4410877949216403,-1.4410877949216403
3,2.597494449104956,2.597494449104956
4,2.8045933829507947,2.8045933829507947
5,-0.7602791689942987,-0.7602791689942987
6,0.5008263476337483,0.5008263476337483
7,-0.6120396392021559,-0.6120396392021559
