theta_x,theta_y
1.6910131661869445,1.6910131661869445
0.03379527583285335,0.03379527583285335
-0.6974899300299748,-0.6974899300299748
-1.4610013539527082,-1.4610013539527082
3.141592653589793,3.141592653589793
3.018464904867743,3.018464904867743
2.3030506241827458,2.3030506241827458
