theta_x,theta_y
-0.6747029901010441,-0.6747029901010441
2.9741405415830457,2.9741405415830457
-1.13316650609403,-1.13316650609403
2.09133175010165,2.09133175010165
1.817731650142178,1.817731650142178
-0.03535222828966647,-0.03535222828966647
