,theta_x,theta_y
0,1.6043058248954036,1.6043058248954036
1,-0.5720188556512986,-0.5720188556512986
2,-1.2060968534357066,-1.2060968534357066
3,1.861560449016267,1.861560449016267
4,0.002147315275473821,0.002147315275473821
5,3.141592653589793,3.141592653589793
6,1.3990826186152552,1.3990826186152552
7,1.0277342782559342,1.0277342782559342
8,-2.2769170268376886,-2.2769170268376886
9,-0.2834811827908029,-0.2834811827908029
