,theta_x,theta_y
0,0.1259348162822361,0.1259348162822361
1,-0.13781396128860976,-0.13781396128860976
2,-0.09042548497455885,-0.09042548497455885
3,-0.2401311678666429,-0.2401311678666429
4,-0.6609304225719811,-0.6609304225719811
5,-0.22100916365269319,-0.22100916365269319
6,-0.544491667052069,-0.544491667052069
