,theta_x,theta_y
0,0.5248873574836143,0.5248873574836143
1,-0.5027569749479002,-0.5027569749479002
2,-1.3476657847632132,-1.3476657847632132
