theta_x,theta_y
-3.141592653589793,-3.141592653589793
-3.141592653589793,-3.141592653589793
2.0101356335467995,2.0101356335467995
2.080048605374884,2.080048605374884
-3.141592653589793,-3.141592653589793
2.161666963914268,2.161666963914268
2.2797603278532064,2.2797603278532064
-3.141592653589793,-3.141592653589793
