,theta_x,theta_y
0,0.8493745003179909,0.8493745003179909
