,theta_x,theta_y
0,2.1071370099560793,2.1071370099560793
1,-1.3048006880693221,-1.3048006880693221
2,0.20931141088083158,0.20931141088083158
3,0.818534934555404,0.818534934555404
4,-0.994226967484432,-0.994226967484432
5,3.141592653589793,3.141592653589793
6,1.2951413848207638,1.2951413848207638
7,2.238028296440803,2.238028296440803
