theta_x,theta_y
0.7926228568857969,0.7926228568857969
2.2047800628756664,2.2047800628756664
1.4147448795608337,1.4147448795608337
-1.5540304523976305,-1.5540304523976305
-0.8894546668386349,-0.8894546668386349
2.063304273883816,2.063304273883816
