,theta_x,theta_y
0,1.9464151968239862,1.9464151968239862
1,1.4063001891786375,1.4063001891786375
2,0.9465249389630307,0.9465249389630307
3,0.2145535093136808,0.2145535093136808
4,-2.594621069883433,-2.594621069883433
5,0.6861746232866625,0.6861746232866625
6,0.3277355888882818,0.3277355888882818
7,-2.379364356523208,-2.379364356523208
8,-2.508674370178392,-2.508674370178392
