,theta_x,theta_y
0,-0.3046853030695183,-0.3046853030695183
1,3.141592653589793,3.141592653589793
2,0.17440366453156947,0.17440366453156947
3,-0.7147619876128504,-0.7147619876128504
4,-1.0578633608803145,-1.0578633608803145
5,3.141592653589793,3.141592653589793
6,-1.2944453135951617,-1.2944453135951617
7,3.141592653589793,3.141592653589793
8,3.141592653589793,3.141592653589793
9,-1.0279757516821142,-1.0279757516821142
