theta_x,theta_y
-0.3046853030695183,-0.3046853030695183
3.141592653589793,3.141592653589793
0.17440366453156947,0.17440366453156947
-0.7147619876128504,-0.7147619876128504
-1.0578633608803145,-1.0578633608803145
3.141592653589793,3.141592653589793
-1.2944453135951617,-1.2944453135951617
3.141592653589793,3.141592653589793
3.141592653589793,3.141592653589793
-1.0279757516821142,-1.0279757516821142
