theta_x,theta_y
-2.9544584254897663,-2.9544584254897663
3.141592653589793,3.141592653589793
-3.141592653589793,-3.141592653589793
