,theta_x,theta_y
0,-0.08358828274023301,-0.08358828274023301
1,3.141592653589793,3.141592653589793
2,-1.238413978559958,-1.238413978559958
3,2.994112976886081,2.994112976886081
4,-0.7894338925670141,-0.7894338925670141
5,-0.8256011302301234,-0.8256011302301234
6,2.897764912512534,2.897764912512534
7,-1.0870317436370611,-1.0870317436370611
8,0.15129733305222573,0.15129733305222573
9,-2.8888908346583424,-2.8888908346583424
