,theta_x,theta_y
0,1.6921377996533398,1.6921377996533398
1,1.7957029808000737,1.7957029808000737
2,0.44936356263691857,0.44936356263691857
3,-1.3026230317241418,-1.3026230317241418
4,-3.131068803357857,-3.131068803357857
5,-0.46011569435601735,-0.46011569435601735
6,-0.31437310207534186,-0.31437310207534186
7,-3.141592653589793,-3.141592653589793
8,-3.11089421339371,-3.11089421339371
