theta_x,theta_y
1.3871660513387427,1.3871660513387427
-0.4622416543276151,-0.4622416543276151
-1.6814465006418537,-1.6814465006418537
0.1481494324596126,0.1481494324596126
3.141592653589793,3.141592653589793
2.6740807463110468,2.6740807463110468
