theta_x,theta_y
0.4506452696601387,0.4506452696601387
-1.8002277728379714,-1.8002277728379714
-0.7436448987682776,-0.7436448987682776
0.29982194457446426,0.29982194457446426
3.141592653589793,3.141592653589793
-1.3111474341852403,-1.3111474341852403
-2.9181774028079084,-2.9181774028079084
0.17897500808063388,0.17897500808063388
