,theta_x,theta_y
0,1.4344713996101388,1.4344713996101388
1,-0.4279584132290214,-0.4279584132290214
2,-1.407856868805329,-1.407856868805329
3,-2.044361706478449,-2.044361706478449
4,3.0654931731231887,3.0654931731231887
5,1.7460322773319197,1.7460322773319197
6,1.249119879129666,1.249119879129666
7,-2.226502562522296,-2.226502562522296
