theta_x,theta_y
2.5938379714422686,2.5938379714422686
3.141592653589793,3.141592653589793
-2.8785585037275716,-2.8785585037275716
-3.141592653589793,-3.141592653589793
