,theta_x,theta_y
0,0.40083336229045013,0.40083336229045013
1,-1.5537538549976528,-1.5537538549976528
2,2.985686018377172,2.985686018377172
3,-3.1393545839050283,-3.1393545839050283
4,2.1488864586860137,2.1488864586860137
5,1.3293364945573742,1.3293364945573742
6,-0.4715893111911225,-0.4715893111911225
