,theta_x,theta_y
0,2.248684552997675,2.248684552997675
1,1.7562790502536714,1.7562790502536714
2,2.0320909820228104,2.0320909820228104
3,-0.1043071751282677,-0.1043071751282677
4,1.2352247009765371,1.2352247009765371
5,0.1448304996326657,0.1448304996326657
6,1.712047708838032,1.712047708838032
7,1.873778280315844,1.873778280315844
8,1.4853657877629414,1.4853657877629414
