theta_x,theta_y
3.141592653589793,3.141592653589793
1.1555022854755381,1.1555022854755381
