theta_x,theta_y
-1.9906038869827538,-1.9906038869827538
1.7678577034858096,1.7678577034858096
-3.141592653589793,-3.141592653589793
-0.09435654968899823,-0.09435654968899823
