,theta_x,theta_y
0,0.062004052925339476,0.062004052925339476
1,-0.9229590968037651,-0.9229590968037651
2,-0.9568887429567767,-0.9568887429567767
3,-0.6118351097344182,-0.6118351097344182
