,theta_x,theta_y
0,1.135778843747067,1.135778843747067
1,1.132270353638898,1.132270353638898
2,1.1292010076680796,1.1292010076680796
3,1.1278717984848878,1.1278717984848878
4,1.1235501703292055,1.1235501703292055
5,1.1212524466015532,1.1212524466015532
6,1.1190922611526999,1.1190922611526999
7,1.1158225651552325,1.1158225651552325
8,-3.141592653589793,-3.141592653589793
