,theta_x,theta_y
0,3.141592653589793,3.141592653589793
1,0.7641140723038264,0.7641140723038264
2,3.141592653589793,3.141592653589793
3,-2.9980901221936906,-2.9980901221936906
4,1.5898358166215156,1.5898358166215156
5,-0.40274071514574117,-0.40274071514574117
