theta_x,theta_y
3.141592653589793,3.141592653589793
0.7641140723038264,0.7641140723038264
3.141592653589793,3.141592653589793
-2.9980901221936906,-2.9980901221936906
1.5898358166215156,1.5898358166215156
-0.40274071514574117,-0.40274071514574117
