,theta_x,theta_y
0,-0.36670741901081666,-0.36670741901081666
1,-0.5473509645567985,-0.5473509645567985
2,-0.8372032796081088,-0.8372032796081088
3,-0.6078479514242077,-0.6078479514242077
4,-0.6171801991665808,-0.6171801991665808
