,theta_x,theta_y
0,1.2719798577449435,1.2719798577449435
1,-1.9703339408033407,-1.9703339408033407
2,-0.7619649623613944,-0.7619649623613944
3,2.1122028501193277,2.1122028501193277
