,theta_x,theta_y
0,-0.2709412923665239,-0.2709412923665239
1,3.141592653589793,3.141592653589793
2,-1.1020019175960465,-1.1020019175960465
3,3.141592653589793,3.141592653589793
4,-0.8074781193921761,-0.8074781193921761
5,-1.1052220125691177,-1.1052220125691177
