,theta_x,theta_y
0,3.141592653589793,3.141592653589793
1,-3.141592653589793,-3.141592653589793
2,-3.141592653589793,-3.141592653589793
3,2.9232911376443997,2.9232911376443997
4,2.9655246281582976,2.9655246281582976
5,-3.141592653589793,-3.141592653589793
6,-3.141592653589793,-3.141592653589793
7,-3.141592653589793,-3.141592653589793
8,-3.141592653589793,-3.141592653589793
