,theta_x,theta_y
0,1.263267794313241,1.263267794313241
1,1.0916468952666718,1.0916468952666718
2,0.648100166642197,0.648100166642197
3,-0.01504481961646884,-0.01504481961646884
4,-3.0023407720649797,-3.0023407720649797
5,0.5346442283251263,0.5346442283251263
6,0.44065666347958116,0.44065666347958116
7,-2.99015730775769,-2.99015730775769
8,-3.0241891827895486,-3.0241891827895486
