,theta_x,theta_y
0,3.141592653589793,3.141592653589793
1,3.141592653589793,3.141592653589793
2,-0.25190398178027584,-0.25190398178027584
3,-0.6841794673831035,-0.6841794673831035
