,theta_x,theta_y
0,1.5460214079277812,1.5460214079277812
1,-2.6065496122752987,-2.6065496122752987
