,theta_x,theta_y
0,1.9340025714064404,1.9340025714064404
1,-0.6565786090212421,-0.6565786090212421
2,0.05304703123163529,0.05304703123163529
3,1.9252130392506996,1.9252130392506996
4,1.9777768716773456,1.9777768716773456
5,2.6688735809356543,2.6688735809356543
