,theta_x,theta_y
0,-3.141592653589793,-3.141592653589793
1,-2.4387574956948948,-2.4387574956948948
2,3.141592653589793,3.141592653589793
3,-2.6495615180533414,-2.6495615180533414
4,0.08347555360719117,0.08347555360719117
5,-0.14818522755795685,-0.14818522755795685
