theta_x,theta_y
-0.7161714655742347,-0.7161714655742347
-1.1371268088695077,-1.1371268088695077
-1.7809148621417248,-1.7809148621417248
-1.349180294609991,-1.349180294609991
