theta_x,theta_y
2.887617731390303,2.887617731390303
3.0242312492503047,3.0242312492503047
1.5550074919267864,1.5550074919267864
-3.141592653589793,-3.141592653589793
2.1063708293536356,2.1063708293536356
0.7966785220909074,0.7966785220909074
-1.989777437344955,-1.989777437344955
-3.141592653589793,-3.141592653589793
-3.141592653589793,-3.141592653589793
-3.141592653589793,-3.141592653589793
