,theta_x,theta_y
0,-1.6819610033026726,-1.6819610033026726
1,0.669516484518937,0.669516484518937
2,3.141592653589793,3.141592653589793
3,1.5897642737044277,1.5897642737044277
4,-3.141592653589793,-3.141592653589793
