,theta_x,theta_y
0,-3.141592653589793,-3.141592653589793
1,-1.5053830108609112,-1.5053830108609112
2,1.7766158332814714,1.7766158332814714
3,1.3371034535903172,1.3371034535903172
