,theta_x,theta_y
0,1.260745509851656,1.260745509851656
1,2.6039768636233522,2.6039768636233522
2,-0.47875806649214014,-0.47875806649214014
