,theta_x,theta_y
0,2.0928988353337377,2.0928988353337377
1,2.1297151778465944,2.1297151778465944
2,2.0514407852785617,2.0514407852785617
3,-3.141592653589793,-3.141592653589793
4,-3.141592653589793,-3.141592653589793
5,2.0857872381654827,2.0857872381654827
6,-3.141592653589793,-3.141592653589793
7,2.061543891047272,2.061543891047272
8,2.0541860814042887,2.0541860814042887
9,2.1761122475267576,2.1761122475267576
