,theta_x,theta_y
0,0.800581290369409,0.800581290369409
1,0.7551722601166464,0.7551722601166464
2,-3.141592653589793,-3.141592653589793
3,-3.141592653589793,-3.141592653589793
4,0.6817057784418853,0.6817057784418853
5,0.7268933693785934,0.7268933693785934
6,0.7327670952819804,0.7327670952819804
7,0.7942832595469326,0.7942832595469326
