,theta_x,theta_y
0,0.32093942977014256,0.32093942977014256
1,0.28820247488586,0.28820247488586
2,0.25286184185220695,0.25286184185220695
3,0.21231063847875875,0.21231063847875875
4,0.18011152023026347,0.18011152023026347
5,0.15155801961846788,0.15155801961846788
6,0.1282429769840192,0.1282429769840192
7,0.066236513944396,0.066236513944396
8,0.05937382555646564,0.05937382555646564
9,0.01765514962706315,0.01765514962706315
