,theta_x,theta_y
0,3.141592653589793,3.141592653589793
1,-0.9816435204819794,-0.9816435204819794
2,3.141592653589793,3.141592653589793
3,-1.0743617056260262,-1.0743617056260262
4,-1.5187498734790938,-1.5187498734790938
5,-2.4062838345590283,-2.4062838345590283
6,3.038851187066972,3.038851187066972
7,-3.019821977087341,-3.019821977087341
