,theta_x,theta_y
0,3.141592653589793,3.141592653589793
1,-1.1765319989087015,-1.1765319989087015
2,3.141592653589793,3.141592653589793
3,-1.2069697178899186,-1.2069697178899186
4,-1.3441500888050215,-1.3441500888050215
5,-1.4717198751900162,-1.4717198751900162
6,3.141592653589793,3.141592653589793
7,-1.563218327746352,-1.563218327746352
8,3.141592653589793,3.141592653589793
9,-1.732986559120638,-1.732986559120638
