,theta_x,theta_y
0,-0.30318381002889644,-0.30318381002889644
1,3.141592653589793,3.141592653589793
2,-3.141592653589793,-3.141592653589793
3,3.141592653589793,3.141592653589793
