,theta_x,theta_y
0,-0.3207960340417299,-0.3207960340417299
1,2.6247368468930334,2.6247368468930334
2,1.0853788078339572,1.0853788078339572
3,-1.1455486462008708,-1.1455486462008708
4,-0.9545718994791048,-0.9545718994791048
5,2.5549566959061143,2.5549566959061143
6,-2.2277365196589467,-2.2277365196589467
7,1.7937935890775143,1.7937935890775143
8,1.195731005067838,1.195731005067838
