theta_x,theta_y
-0.3207960340417299,-0.3207960340417299
2.6247368468930334,2.6247368468930334
1.0853788078339572,1.0853788078339572
-1.1455486462008708,-1.1455486462008708
-0.9545718994791048,-0.9545718994791048
2.5549566959061143,2.5549566959061143
-2.2277365196589467,-2.2277365196589467
1.7937935890775143,1.7937935890775143
1.195731005067838,1.195731005067838
