,theta_x,theta_y
0,-3.141592653589793,-3.141592653589793
1,-0.8720674709492687,-0.8720674709492687
2,2.906014369787282,2.906014369787282
3,-1.1074662501277348,-1.1074662501277348
4,-3.141592653589793,-3.141592653589793
