,theta_x,theta_y
0,2.309109156900657,2.309109156900657
1,-1.171626890746194,-1.171626890746194
2,-3.141592653589793,-3.141592653589793
3,-3.141592653589793,-3.141592653589793
