,theta_x,theta_y
0,-0.9487909614451634,-0.9487909614451634
1,3.141592653589793,3.141592653589793
2,-1.3028177067497269,-1.3028177067497269
