,theta_x,theta_y
0,-0.39877156756406035,-0.39877156756406035
1,-0.4429077237024884,-0.4429077237024884
2,-0.4837812167142569,-0.4837812167142569
