,theta_x,theta_y
0,0.6631278465222481,0.6631278465222481
1,-2.115444268023993,-2.115444268023993
2,-1.6630828672598077,-1.6630828672598077
3,-1.7356209650229315,-1.7356209650229315
4,3.141592653589793,3.141592653589793
5,3.141592653589793,3.141592653589793
6,0.8058215293141049,0.8058215293141049
7,1.0326919102391272,1.0326919102391272
