theta_x,theta_y
0.6631278465222481,0.6631278465222481
-2.115444268023993,-2.115444268023993
-1.6630828672598077,-1.6630828672598077
-1.7356209650229315,-1.7356209650229315
3.141592653589793,3.141592653589793
3.141592653589793,3.141592653589793
0.8058215293141049,0.8058215293141049
1.0326919102391272,1.0326919102391272
