,theta_x,theta_y
0,0.9243530772736078,0.9243530772736078
