,theta_x,theta_y
0,0.43229966319312885,0.43229966319312885
1,3.141592653589793,3.141592653589793
2,-2.2689558769011575,-2.2689558769011575
3,2.5633755156151294,2.5633755156151294
4,-0.8550597923059414,-0.8550597923059414
5,0.26835640493350976,0.26835640493350976
6,2.4515701949721205,2.4515701949721205
