theta_x,theta_y
2.656530848735613,2.656530848735613
-0.16709268960491,-0.16709268960491
0.7761998724349003,0.7761998724349003
1.643874633571862,1.643874633571862
0.15214227385508652,0.15214227385508652
3.141592653589793,3.141592653589793
