,theta_x,theta_y
0,2.656530848735613,2.656530848735613
1,-0.16709268960491,-0.16709268960491
2,0.7761998724349003,0.7761998724349003
3,1.643874633571862,1.643874633571862
4,0.15214227385508652,0.15214227385508652
5,3.141592653589793,3.141592653589793
