,theta_x,theta_y
0,-3.0512809282721296,-3.0512809282721296
1,2.56455360940506,2.56455360940506
2,1.9766437868207565,1.9766437868207565
