theta_x,theta_y
1.7561643899728432,1.7561643899728432
3.141592653589793,3.141592653589793
-3.141592653589793,-3.141592653589793
