theta_x,theta_y
-1.943485281249359,-1.943485281249359
-3.019315489499518,-3.019315489499518
3.0242706728858963,3.0242706728858963
0.25976569549877304,0.25976569549877304
-2.6013738841788467,-2.6013738841788467
-2.186353719357405,-2.186353719357405
