,theta_x,theta_y
0,2.6707436424428175,2.6707436424428175
1,1.7214569832992308,1.7214569832992308
2,-0.6339100401390235,-0.6339100401390235
3,-0.3911166506725961,-0.3911166506725961
4,-1.4407402016776492,-1.4407402016776492
5,-1.3894724737571207,-1.3894724737571207
6,-1.931609731245322,-1.931609731245322
7,-1.4157302265617788,-1.4157302265617788
