theta_x,theta_y
1.384635758888579,1.384635758888579
1.920198622879653,1.920198622879653
