,theta_x,theta_y
0,1.2763850135500854,1.2763850135500854
1,1.2292411190636228,1.2292411190636228
2,1.1845416917062053,1.1845416917062053
3,1.1413046523051729,1.1413046523051729
4,1.0990009544885968,1.0990009544885968
5,1.0595981342403578,1.0595981342403578
6,1.0203998442634337,1.0203998442634337
7,0.9825362364049146,0.9825362364049146
8,0.9464054786181012,0.9464054786181012
9,-3.141592653589793,-3.141592653589793
