,theta_x,theta_y
0,1.201449029683934,1.201449029683934
1,-1.3082073359892956,-1.3082073359892956
2,-2.8070131300042855,-2.8070131300042855
3,-3.1170913459564082,-3.1170913459564082
4,2.1168016018660194,2.1168016018660194
5,2.3261152433092,2.3261152433092
6,1.1106390048131751,1.1106390048131751
