,theta_x,theta_y
0,2.260924935217441,2.260924935217441
