,theta_x,theta_y
0,2.6776796013117146,2.6776796013117146
1,0.18814181639993635,0.18814181639993635
2,2.8833906828624842,2.8833906828624842
3,-2.585230180383068,-2.585230180383068
