,theta_x,theta_y
0,-2.3882044045827464,-2.3882044045827464
1,-2.5173097278710967,-2.5173097278710967
