theta_x,theta_y
-1.617012001221831,-1.617012001221831
3.141592653589793,3.141592653589793
-1.6199946308683209,-1.6199946308683209
