,theta_x,theta_y
0,-1.5664636418867628,-1.5664636418867628
1,-1.6263446006703788,-1.6263446006703788
2,-1.676922484771753,-1.676922484771753
3,-1.7307423741006238,-1.7307423741006238
