,theta_x,theta_y
0,3.134064813757052,3.134064813757052
1,-0.5785295408916107,-0.5785295408916107
2,3.0156367074558026,3.0156367074558026
3,-3.141592653589793,-3.141592653589793
4,1.954495205252841,1.954495205252841
5,-3.141592653589793,-3.141592653589793
6,2.17610391850894,2.17610391850894
