theta_x,theta_y
2.483094715941471,2.483094715941471
2.4296079749962507,2.4296079749962507
2.2833152632610645,2.2833152632610645
-3.141592653589793,-3.141592653589793
-3.141592653589793,-3.141592653589793
2.362218018362742,2.362218018362742
2.37108578947025,2.37108578947025
-3.141592653589793,-3.141592653589793
-3.141592653589793,-3.141592653589793
