,theta_x,theta_y
0,0.8181161456267132,0.8181161456267132
1,2.949308087360003,2.949308087360003
2,-1.9030424540516095,-1.9030424540516095
3,2.420838068866632,2.420838068866632
4,-0.1298309272688677,-0.1298309272688677
5,0.37373963583957914,0.37373963583957914
6,1.8906119657609066,1.8906119657609066
