theta_x,theta_y
0.2716696217893806,0.2716696217893806
-0.7086091950706684,-0.7086091950706684
-3.057498030012564,-3.057498030012564
-3.141592653589793,-3.141592653589793
1.6839468296335962,1.6839468296335962
