,theta_x,theta_y
0,0.2716696217893806,0.2716696217893806
1,-0.7086091950706684,-0.7086091950706684
2,-3.057498030012564,-3.057498030012564
3,-3.141592653589793,-3.141592653589793
4,1.6839468296335962,1.6839468296335962
