theta_x,theta_y
-0.8194416815134297,-0.8194416815134297
-2.4299932467233614,-2.4299932467233614
3.141592653589793,3.141592653589793
-2.063496831482569,-2.063496831482569
-0.8355860488689658,-0.8355860488689658
-1.4189278817545634,-1.4189278817545634
-2.5248222963257865,-2.5248222963257865
