,theta_x,theta_y
0,2.6629826929170157,2.6629826929170157
1,-3.141592653589793,-3.141592653589793
2,-3.141592653589793,-3.141592653589793
3,-3.141592653589793,-3.141592653589793
