,theta_x,theta_y
0,1.6373390353821742,1.6373390353821742
1,1.292874638905933,1.292874638905933
2,1.0989195587447638,1.0989195587447638
3,-2.999132816456145,-2.999132816456145
4,-3.013913645706744,-3.013913645706744
5,-0.3573687332060524,-0.3573687332060524
