,theta_x,theta_y
0,2.4256541459948298,2.4256541459948298
1,-3.141592653589793,-3.141592653589793
