theta_x,theta_y
-2.788470278402813,-2.788470278402813
-1.5412896406963017,-1.5412896406963017
1.791317424268859,1.791317424268859
