,theta_x,theta_y
0,1.8844092899664795,1.8844092899664795
1,-0.9865243674816845,-0.9865243674816845
2,0.6900783790479701,0.6900783790479701
3,1.257516572827864,1.257516572827864
