,theta_x,theta_y
0,2.2756372964820137,2.2756372964820137
1,1.602943891160802,1.602943891160802
2,0.25058428213052125,0.25058428213052125
3,-0.9516709199207947,-0.9516709199207947
4,-3.0306418255130536,-3.0306418255130536
