,theta_x,theta_y
0,0.367852468321568,0.367852468321568
1,1.7448874947663382,1.7448874947663382
2,-1.6493659484816106,-1.6493659484816106
3,1.8274562098323375,1.8274562098323375
