,theta_x,theta_y
0,-2.8426621719758627,-2.8426621719758627
1,-3.141592653589793,-3.141592653589793
