theta_x,theta_y
-0.41105910370868626,-0.41105910370868626
-0.38932712261515645,-0.38932712261515645
-0.5857804012894341,-0.5857804012894341
-0.7147361576390061,-0.7147361576390061
-0.7969969821144846,-0.7969969821144846
