theta_x,theta_y
2.8872259003527825,2.8872259003527825
1.2054652232712757,1.2054652232712757
0.8079432489695335,0.8079432489695335
-3.141592653589793,-3.141592653589793
0.5477985136796087,0.5477985136796087
0.7663624639785,0.7663624639785
0.9006781569428993,0.9006781569428993
-3.141592653589793,-3.141592653589793
