theta_x,theta_y
2.0844844908478755,2.0844844908478755
0.2399954465388091,0.2399954465388091
2.2233586633056373,2.2233586633056373
-1.8248385450287468,-1.8248385450287468
-0.2598599342458192,-0.2598599342458192
-0.4771908822220011,-0.4771908822220011
