theta_x,theta_y
-0.6338801667049969,-0.6338801667049969
3.0259482922663095,3.0259482922663095
-0.9977841735837762,-0.9977841735837762
2.0415084648994712,2.0415084648994712
1.7412974287562337,1.7412974287562337
-0.006808804185743228,-0.006808804185743228
