theta_x,theta_y
0.8084566621971291,0.8084566621971291
0.9464110670393637,0.9464110670393637
-0.11853453502880457,-0.11853453502880457
