theta_x,theta_y
0.47628338133647774,0.47628338133647774
0.9174929230787184,0.9174929230787184
