theta_x,theta_y
1.8992556272592478,1.8992556272592478
