,theta_x,theta_y
0,-0.63730791094778,-0.63730791094778
1,2.6591882231273525,2.6591882231273525
2,-1.2795551826472968,-1.2795551826472968
3,2.3833570144545404,2.3833570144545404
4,2.6744370028103868,2.6744370028103868
5,-1.4304695534578857,-1.4304695534578857
6,0.7536656665652347,0.7536656665652347
