theta_x,theta_y
-0.16217116931463993,-0.16217116931463993
3.141592653589793,3.141592653589793
-3.141592653589793,-3.141592653589793
2.9305050984760515,2.9305050984760515
-2.650006036615343,-2.650006036615343
-0.9174420608145654,-0.9174420608145654
2.23299085853834,2.23299085853834
-0.8927544678326804,-0.8927544678326804
1.3091392980481433,1.3091392980481433
-3.141592653589793,-3.141592653589793
