theta_x,theta_y
-2.8612319530167873,-2.8612319530167873
-1.5263948798214295,-1.5263948798214295
1.6133927786530082,1.6133927786530082
0.9313939052286107,0.9313939052286107
