theta_x,theta_y
2.3732216573399576,2.3732216573399576
1.270962854325193,1.270962854325193
1.6989821886407033,1.6989821886407033
1.076483328902067,1.076483328902067
-3.141592653589793,-3.141592653589793
-0.9843380845326994,-0.9843380845326994
-0.03883931289418277,-0.03883931289418277
-3.141592653589793,-3.141592653589793
-3.141592653589793,-3.141592653589793
