,theta_x,theta_y
0,-0.2718257593187756,-0.2718257593187756
1,3.141592653589793,3.141592653589793
2,-0.2742841858332872,-0.2742841858332872
3,-0.42262419874345375,-0.42262419874345375
4,-0.3074345361411189,-0.3074345361411189
5,-0.37661654737766687,-0.37661654737766687
6,-0.36534293795552925,-0.36534293795552925
7,-0.4208765417267137,-0.4208765417267137
8,-0.5585199389295135,-0.5585199389295135
