,theta_x,theta_y
0,0.8897257077035693,0.8897257077035693
1,0.9171368153219731,0.9171368153219731
2,-0.21019342840137223,-0.21019342840137223
3,-0.8425869693922357,-0.8425869693922357
4,-2.7476623280933445,-2.7476623280933445
5,-0.06806063682447644,-0.06806063682447644
6,0.1066196526961252,0.1066196526961252
7,-2.816746348564535,-2.816746348564535
