,theta_x,theta_y
0,0.5270206546468666,0.5270206546468666
1,-2.4600529181264568,-2.4600529181264568
2,-1.6682161234819164,-1.6682161234819164
3,-2.231413463617202,-2.231413463617202
4,2.899894525787369,2.899894525787369
5,2.614221810851887,2.614221810851887
6,0.45595115980022854,0.45595115980022854
7,-0.1611372731737434,-0.1611372731737434
