,theta_x,theta_y
0,-0.2264352807066664,-0.2264352807066664
1,1.9185660385852756,1.9185660385852756
2,-2.20675610417641,-2.20675610417641
3,2.2186183921779343,2.2186183921779343
4,0.8252268364072787,0.8252268364072787
5,1.0780152019869669,1.0780152019869669
6,-0.23629719769577437,-0.23629719769577437
