,theta_x,theta_y
0,-2.312688230944733,-2.312688230944733
1,2.512810567298341,2.512810567298341
2,-3.141592653589793,-3.141592653589793
3,3.141592653589793,3.141592653589793
4,0.13473782409605822,0.13473782409605822
5,1.2631251928647664,1.2631251928647664
