theta_x,theta_y
0.08203328157357263,0.08203328157357263
2.8351690888513277,2.8351690888513277
-1.7498014250850007,-1.7498014250850007
2.215700376795535,2.215700376795535
