theta_x,theta_y
-0.7767115439629537,-0.7767115439629537
3.141592653589793,3.141592653589793
1.5602123394024177,1.5602123394024177
-0.5818784634015924,-0.5818784634015924
-1.571435827771082,-1.571435827771082
3.0619092177524565,3.0619092177524565
