theta_x,theta_y
1.3749440461015474,1.3749440461015474
-0.5330772284048557,-0.5330772284048557
