,theta_x,theta_y
0,0.012108735038619978,0.012108735038619978
1,0.3111314238737042,0.3111314238737042
2,-0.4594974808591374,-0.4594974808591374
