,theta_x,theta_y
0,-2.8106944928480395,-2.8106944928480395
1,-3.0563257666986736,-3.0563257666986736
2,-3.059356632766861,-3.059356632766861
3,-2.2097558987960837,-2.2097558987960837
4,2.502232657987149,2.502232657987149
5,-1.7828614800354865,-1.7828614800354865
6,-0.567776943774744,-0.567776943774744
7,0.1213045178102114,0.1213045178102114
8,0.6195816416699883,0.6195816416699883
