theta_x,theta_y
0.8123470474563659,0.8123470474563659
-0.18664873360281278,-0.18664873360281278
-0.9831482206757943,-0.9831482206757943
-1.6527573507389437,-1.6527573507389437
3.141592653589793,3.141592653589793
0.8512285853189445,0.8512285853189445
0.3809281361277785,0.3809281361277785
