,theta_x,theta_y
0,0.8781218787024458,0.8781218787024458
1,0.8403248729374009,0.8403248729374009
2,0.7988162931157239,0.7988162931157239
3,-3.141592653589793,-3.141592653589793
4,0.8046987762569083,0.8046987762569083
5,0.7976498802200961,0.7976498802200961
6,0.7947313866563169,0.7947313866563169
7,-3.141592653589793,-3.141592653589793
8,0.8050326258940164,0.8050326258940164
9,0.8384187194257272,0.8384187194257272
