,theta_x,theta_y
0,-1.2723966820856434,-1.2723966820856434
1,-3.1394189490021263,-3.1394189490021263
2,1.4479793789925053,1.4479793789925053
3,-3.141592653589793,-3.141592653589793
4,1.1680659284572577,1.1680659284572577
5,0.6183431492514124,0.6183431492514124
6,0.0069653865121075045,0.0069653865121075045
