,theta_x,theta_y
0,-0.5735898817059085,-0.5735898817059085
1,2.288356135585892,2.288356135585892
2,1.3701902395363155,1.3701902395363155
3,-1.380716885079187,-1.380716885079187
4,-1.1865308285616871,-1.1865308285616871
5,2.480690742297193,2.480690742297193
6,-1.7342884326611987,-1.7342884326611987
7,2.0048251554222105,2.0048251554222105
8,1.1209232843036432,1.1209232843036432
