,theta_x,theta_y
0,-1.3243949432488755,-1.3243949432488755
1,3.141592653589793,3.141592653589793
