,theta_x,theta_y
0,-1.0448630719173846,-1.0448630719173846
1,3.141592653589793,3.141592653589793
2,-1.3557229156171482,-1.3557229156171482
3,3.0305902198759447,3.0305902198759447
4,-0.650988640862562,-0.650988640862562
5,-2.687658398314977,-2.687658398314977
