,theta_x,theta_y
0,-2.1104589389316972,-2.1104589389316972
1,3.141592653589793,3.141592653589793
2,3.141592653589793,3.141592653589793
3,-2.637796865813741,-2.637796865813741
4,-3.141592653589793,-3.141592653589793
5,2.7374876979583247,2.7374876979583247
6,-3.141592653589793,-3.141592653589793
7,1.913069850475098,1.913069850475098
