,theta_x,theta_y
0,-3.0750245870139454,-3.0750245870139454
1,-1.7120255609733317,-1.7120255609733317
2,1.6852388830144298,1.6852388830144298
3,0.8186237909315925,0.8186237909315925
4,-3.058846208408679,-3.058846208408679
5,0.20210963350457756,0.20210963350457756
6,0.06673735170879568,0.06673735170879568
7,-2.2166233488536835,-2.2166233488536835
8,1.15129428831954,1.15129428831954
9,-2.739151812708189,-2.739151812708189
