theta_x,theta_y
-2.175210852250356,-2.175210852250356
