,theta_x,theta_y
0,3.0946545499644755,3.0946545499644755
1,-2.048344014904456,-2.048344014904456
2,2.2088942432427587,2.2088942432427587
3,-3.141592653589793,-3.141592653589793
4,1.7055272979687859,1.7055272979687859
5,-3.141592653589793,-3.141592653589793
6,1.892764416468227,1.892764416468227
7,-3.141592653589793,-3.141592653589793
8,3.0873566334514746,3.0873566334514746
