,theta_x,theta_y
0,0.06802024723471087,0.06802024723471087
1,0.6799636089658871,0.6799636089658871
2,-0.8990271241599747,-0.8990271241599747
3,-0.7511820752639948,-0.7511820752639948
4,-2.587987753074109,-2.587987753074109
5,0.13539828812813903,0.13539828812813903
