,theta_x,theta_y
0,-0.22016854792721804,-0.22016854792721804
1,3.141592653589793,3.141592653589793
2,-0.1854075090476902,-0.1854075090476902
3,-0.8759526774505136,-0.8759526774505136
4,-0.36979026516794167,-0.36979026516794167
5,-0.6506247972304072,-0.6506247972304072
6,-0.8110516814982686,-0.8110516814982686
7,-0.6490557322481113,-0.6490557322481113
8,-1.2036290233145546,-1.2036290233145546
