theta_x,theta_y
2.248758806115511,2.248758806115511
-1.1771483351808347,-1.1771483351808347
0.6332194749845769,0.6332194749845769
1.6055949504976592,1.6055949504976592
1.2013004359793453,1.2013004359793453
2.6919398228551294,2.6919398228551294
2.4342894619578046,2.4342894619578046
2.7302524328967857,2.7302524328967857
-3.034034468174712,-3.034034468174712
