,theta_x,theta_y
0,1.1732058144939477,1.1732058144939477
1,-2.711456944402747,-2.711456944402747
2,-3.141592653589793,-3.141592653589793
3,-3.141592653589793,-3.141592653589793
4,2.184265372503105,2.184265372503105
5,1.7881420837155133,1.7881420837155133
6,2.8432947052055106,2.8432947052055106
7,-2.263985412512554,-2.263985412512554
8,-1.8857876675139347,-1.8857876675139347
