theta_x,theta_y
3.141592653589793,3.141592653589793
0.2972213543504565,0.2972213543504565
3.141592653589793,3.141592653589793
-3.141592653589793,-3.141592653589793
1.8190248477555406,1.8190248477555406
-1.2352549315548986,-1.2352549315548986
2.305487357410967,2.305487357410967
