,theta_x,theta_y
0,-2.1459845033785996,-2.1459845033785996
1,-2.1087302719649297,-2.1087302719649297
