,theta_x,theta_y
0,-1.7789603241499277,-1.7789603241499277
1,1.4186377195807816,1.4186377195807816
2,-3.141592653589793,-3.141592653589793
