,theta_x,theta_y
0,-0.49467983840104557,-0.49467983840104557
1,-0.49937928389754016,-0.49937928389754016
