theta_x,theta_y
0.9421912195490525,0.9421912195490525
0.9303791030725816,0.9303791030725816
0.9163474394616704,0.9163474394616704
0.9006398871071923,0.9006398871071923
0.8857503032752738,0.8857503032752738
0.8705289908593032,0.8705289908593032
0.8595100156926418,0.8595100156926418
0.8417849643112472,0.8417849643112472
