,theta_x,theta_y
0,0.7675990164149347,0.7675990164149347
1,-1.3971119078542842,-1.3971119078542842
2,-2.9262734215374304,-2.9262734215374304
3,-3.063767133333228,-3.063767133333228
4,2.0219547663864845,2.0219547663864845
5,2.615027616849435,2.615027616849435
6,0.7166878411297708,0.7166878411297708
