,theta_x,theta_y
0,0.6990363021094526,0.6990363021094526
1,0.22943550164382384,0.22943550164382384
2,-1.8798590911777704,-1.8798590911777704
3,-2.4735468933816454,-2.4735468933816454
4,0.8010431804868016,0.8010431804868016
5,0.17032034257544862,0.17032034257544862
6,-0.7858781402071935,-0.7858781402071935
7,-0.8954074145909198,-0.8954074145909198
8,-0.45751333960065854,-0.45751333960065854
9,0.7274398715198227,0.7274398715198227
