theta_x,theta_y
2.0899616917198585,2.0899616917198585
0.4419830625661445,0.4419830625661445
1.6255095460338378,1.6255095460338378
-1.223418893535809,-1.223418893535809
-0.19229994640300224,-0.19229994640300224
-0.42642611957985266,-0.42642611957985266
-0.7381785857691382,-0.7381785857691382
-0.997172117122499,-0.997172117122499
-0.19624658833382258,-0.19624658833382258
-0.7747688142918945,-0.7747688142918945
