,theta_x,theta_y
0,-0.9762801714156142,-0.9762801714156142
1,1.5937194364991378,1.5937194364991378
2,-3.141592653589793,-3.141592653589793
3,3.141592653589793,3.141592653589793
