,theta_x,theta_y
0,1.1571698567884738,1.1571698567884738
1,-1.0151639108145836,-1.0151639108145836
2,-1.481736412344851,-1.481736412344851
3,-1.4374947438875998,-1.4374947438875998
4,-0.6077375294336337,-0.6077375294336337
5,-0.5160234532977415,-0.5160234532977415
6,-3.141592653589793,-3.141592653589793
7,0.16889015630948084,0.16889015630948084
8,2.300462941579658,2.300462941579658
9,-2.1296642635214376,-2.1296642635214376
