theta_x,theta_y
3.141592653589793,3.141592653589793
-1.558482294052697,-1.558482294052697
-1.6075552814667784,-1.6075552814667784
3.141592653589793,3.141592653589793
-1.6316575679659098,-1.6316575679659098
3.141592653589793,3.141592653589793
