theta_x,theta_y
1.4705346185491281,1.4705346185491281
3.141592653589793,3.141592653589793
-3.141592653589793,-3.141592653589793
1.5092228074554381,1.5092228074554381
-3.141592653589793,-3.141592653589793
-1.5643953113723776,-1.5643953113723776
0.4636689340801017,0.4636689340801017
