,theta_x,theta_y
0,-0.4079634285573646,-0.4079634285573646
1,-1.476038955896341,-1.476038955896341
2,-0.8700778232282476,-0.8700778232282476
3,-0.11321417131674953,-0.11321417131674953
4,2.662573414423511,2.662573414423511
5,1.2715489487283824,1.2715489487283824
6,1.9078947493684515,1.9078947493684515
7,-1.3688200024640795,-1.3688200024640795
8,1.7040295743813483,1.7040295743813483
