theta_x,theta_y
2.4210629100370085,2.4210629100370085
-0.7073653462218881,-0.7073653462218881
1.0217235853763862,1.0217235853763862
1.3236937466121268,1.3236937466121268
0.21656641700981494,0.21656641700981494
2.071837043148379,2.071837043148379
