,theta_x,theta_y
0,-1.5482932474956939,-1.5482932474956939
1,-2.600292503940092,-2.600292503940092
2,1.065602193690374,1.065602193690374
3,0.06229974215233608,0.06229974215233608
4,-2.945452811675565,-2.945452811675565
