,theta_x,theta_y
0,2.92128300911525,2.92128300911525
1,2.4111518621481034,2.4111518621481034
2,1.6880464505888417,1.6880464505888417
3,-1.0741986955377685,-1.0741986955377685
4,-3.141592653589793,-3.141592653589793
5,-0.5470074232658891,-0.5470074232658891
6,1.1067756743764374,1.1067756743764374
7,-3.141592653589793,-3.141592653589793
8,-3.141592653589793,-3.141592653589793
