theta_x,theta_y
2.92128300911525,2.92128300911525
2.4111518621481034,2.4111518621481034
1.6880464505888417,1.6880464505888417
-1.0741986955377685,-1.0741986955377685
-3.141592653589793,-3.141592653589793
-0.5470074232658891,-0.5470074232658891
1.1067756743764374,1.1067756743764374
-3.141592653589793,-3.141592653589793
-3.141592653589793,-3.141592653589793
