,theta_x,theta_y
0,0.31388290316500045,0.31388290316500045
1,3.141592653589793,3.141592653589793
2,2.7303011400486503,2.7303011400486503
