theta_x,theta_y
-0.8916079612158606,-0.8916079612158606
-0.7151873498092256,-0.7151873498092256
-0.9872408677282315,-0.9872408677282315
-2.693327402270084,-2.693327402270084
-0.7832488904536751,-0.7832488904536751
