theta_x,theta_y
2.325496315769247,2.325496315769247
2.3012992679711077,2.3012992679711077
2.2777201852068725,2.2777201852068725
-3.141592653589793,-3.141592653589793
-3.141592653589793,-3.141592653589793
2.2230840221178623,2.2230840221178623
2.266668044391574,2.266668044391574
-3.141592653589793,-3.141592653589793
-3.141592653589793,-3.141592653589793
2.3632961199367317,2.3632961199367317
