,theta_x,theta_y
0,1.7226214964909639,1.7226214964909639
1,0.1834848392849654,0.1834848392849654
2,0.30734145432875115,0.30734145432875115
3,0.04581388647914218,0.04581388647914218
4,-0.48577997485874297,-0.48577997485874297
5,-0.17921053490118383,-0.17921053490118383
