theta_x,theta_y
3.141592653589793,3.141592653589793
3.141592653589793,3.141592653589793
-1.3936552520766032,-1.3936552520766032
-1.436624870643696,-1.436624870643696
-1.4735826002010648,-1.4735826002010648
-1.5146106033828575,-1.5146106033828575
-1.5512050632055305,-1.5512050632055305
-1.5845638188813795,-1.5845638188813795
-1.6194189368111098,-1.6194189368111098
