,theta_x,theta_y
0,0.6482791244404874,0.6482791244404874
1,-1.479061093848401,-1.479061093848401
2,-2.8163693192132797,-2.8163693192132797
3,-3.0917323351712738,-3.0917323351712738
4,1.9133838562040932,1.9133838562040932
5,2.331677990780166,2.331677990780166
6,0.8733480825642015,0.8733480825642015
7,1.3822551698312355,1.3822551698312355
