theta_x,theta_y
0.28846125778845244,0.28846125778845244
-1.4362626067256705,-1.4362626067256705
-2.1266011411060814,-2.1266011411060814
-2.481754779860557,-2.481754779860557
1.9966048692605212,1.9966048692605212
2.21842956106356,2.21842956106356
