,theta_x,theta_y
0,-3.141592653589793,-3.141592653589793
1,2.4639078712725957,2.4639078712725957
2,3.141592653589793,3.141592653589793
3,-3.141592653589793,-3.141592653589793
