theta_x,theta_y
-3.141592653589793,-3.141592653589793
2.4639078712725957,2.4639078712725957
3.141592653589793,3.141592653589793
-3.141592653589793,-3.141592653589793
