,theta_x,theta_y
0,-0.2732299140437119,-0.2732299140437119
1,-1.7141268374136143,-1.7141268374136143
2,3.141592653589793,3.141592653589793
3,-3.101419467314279,-3.101419467314279
4,2.5457661206081403,2.5457661206081403
5,0.8720850640777146,0.8720850640777146
6,0.3190155239278087,0.3190155239278087
7,-2.9200245088059336,-2.9200245088059336
