,theta_x,theta_y
0,2.3079285084299612,2.3079285084299612
1,2.2970868525582566,2.2970868525582566
2,2.255866009551421,2.255866009551421
3,2.2582385004887806,2.2582385004887806
4,2.286827610908972,2.286827610908972
5,-3.141592653589793,-3.141592653589793
6,-3.141592653589793,-3.141592653589793
7,2.4880708294793963,2.4880708294793963
