,theta_x,theta_y
0,-3.141592653589793,-3.141592653589793
1,-0.7078534423581571,-0.7078534423581571
2,1.8963099923570148,1.8963099923570148
3,-3.141592653589793,-3.141592653589793
