theta_x,theta_y
-3.141592653589793,-3.141592653589793
-0.7078534423581571,-0.7078534423581571
1.8963099923570148,1.8963099923570148
-3.141592653589793,-3.141592653589793
