,theta_x,theta_y
0,1.3988120988591728,1.3988120988591728
1,1.8181638565785478,1.8181638565785478
2,0.7326686116771397,0.7326686116771397
