,theta_x,theta_y
0,1.9755146970165653,1.9755146970165653
1,0.4326728054560957,0.4326728054560957
2,2.064089121132534,2.064089121132534
3,-2.190012915088329,-2.190012915088329
4,-0.13237676077016627,-0.13237676077016627
