theta_x,theta_y
1.7399860956194688,1.7399860956194688
-0.8199762997991954,-0.8199762997991954
0.23908967130351183,0.23908967130351183
