,theta_x,theta_y
0,2.7292692927242923,2.7292692927242923
1,2.213172754601087,2.213172754601087
2,-0.151760448539641,-0.151760448539641
3,-0.8350490645531312,-0.8350490645531312
4,-1.6533134897501196,-1.6533134897501196
5,-1.2483382257686328,-1.2483382257686328
6,-1.6857829258105221,-1.6857829258105221
7,-2.414434518298645,-2.414434518298645
