,theta_x,theta_y
0,-3.141592653589793,-3.141592653589793
1,-3.141592653589793,-3.141592653589793
2,1.5863898244121546,1.5863898244121546
3,-3.141592653589793,-3.141592653589793
4,2.454616438623238,2.454616438623238
5,3.0262594162743475,3.0262594162743475
6,-2.6127624971142382,-2.6127624971142382
