,theta_x,theta_y
0,-2.0069881889377372,-2.0069881889377372
