,theta_x,theta_y
0,1.8814677687257708,1.8814677687257708
1,1.172335579080925,1.172335579080925
2,-3.141592653589793,-3.141592653589793
3,-3.141592653589793,-3.141592653589793
4,1.213800082609759,1.213800082609759
5,1.2325720656695676,1.2325720656695676
6,1.6600516460751165,1.6600516460751165
7,1.709764634075661,1.709764634075661
