,theta_x,theta_y
0,1.313420267207733,1.313420267207733
1,2.6395372793343324,2.6395372793343324
2,-0.1586343218327628,-0.1586343218327628
