,theta_x,theta_y
0,0.24744259417110356,0.24744259417110356
1,3.141592653589793,3.141592653589793
2,0.7690650874231525,0.7690650874231525
3,-1.3957013820787607,-1.3957013820787607
4,-2.443662699504662,-2.443662699504662
5,2.7660687896570693,2.7660687896570693
6,-3.141592653589793,-3.141592653589793
7,2.182923543157731,2.182923543157731
