,theta_x,theta_y
0,-2.5526682592176426,-2.5526682592176426
1,-2.493649604978494,-2.493649604978494
2,2.443196292665722,2.443196292665722
3,-2.616195496427307,-2.616195496427307
4,-0.06646760809209182,-0.06646760809209182
5,2.202313543373765,2.202313543373765
6,-2.7179027351532326,-2.7179027351532326
7,-2.418361878804407,-2.418361878804407
8,-2.091203121703497,-2.091203121703497
9,0.5448624810153125,0.5448624810153125
