,theta_x,theta_y
0,-1.1931712690636018,-1.1931712690636018
1,3.05617845784406,3.05617845784406
2,-1.3040586367006664,-1.3040586367006664
3,1.9273098628502383,1.9273098628502383
4,2.2286629822120707,2.2286629822120707
5,-0.6359118789051542,-0.6359118789051542
