theta_x,theta_y
0.8529768307052489,0.8529768307052489
-1.4309905381179973,-1.4309905381179973
-2.75684940018103,-2.75684940018103
-3.0565926689155583,-3.0565926689155583
2.0104844775366284,2.0104844775366284
2.432722731844593,2.432722731844593
0.831507118620672,0.831507118620672
1.4276187443898312,1.4276187443898312
0.39681136915666854,0.39681136915666854
