,theta_x,theta_y
0,-2.661339863668175,-2.661339863668175
1,-1.7815561156479212,-1.7815561156479212
2,2.073300929043909,2.073300929043909
3,1.112321726525726,1.112321726525726
4,-3.011491984930809,-3.011491984930809
5,0.09343944472017794,0.09343944472017794
6,0.4081106801831321,0.4081106801831321
7,-2.1686705136558113,-2.1686705136558113
8,1.7170835543649323,1.7170835543649323
