,theta_x,theta_y
0,0.2788443621857233,0.2788443621857233
1,3.141592653589793,3.141592653589793
2,0.3424221447607334,0.3424221447607334
3,-0.5227276605052694,-0.5227276605052694
4,0.22231264657846322,0.22231264657846322
5,-0.32183715384126244,-0.32183715384126244
6,-0.5049061171483877,-0.5049061171483877
7,-0.06690953130912697,-0.06690953130912697
