,theta_x,theta_y
0,-2.9797646805462836,-2.9797646805462836
1,-2.5149310482504945,-2.5149310482504945
2,2.217226599345534,2.217226599345534
3,1.4824728619981005,1.4824728619981005
4,-3.1333603069594447,-3.1333603069594447
5,-0.09726399357276358,-0.09726399357276358
6,0.406804857596672,0.406804857596672
