,theta_x,theta_y
0,2.0902939035898,2.0902939035898
1,-3.141592653589793,-3.141592653589793
2,-3.141592653589793,-3.141592653589793
3,-3.141592653589793,-3.141592653589793
4,2.1326234999090925,2.1326234999090925
5,2.163445751313101,2.163445751313101
6,2.1934213509522045,2.1934213509522045
7,2.224673052664996,2.224673052664996
8,2.254046974725127,2.254046974725127
9,2.285555080805736,2.285555080805736
