,theta_x,theta_y
0,-3.141592653589793,-3.141592653589793
1,0.6630184232922072,0.6630184232922072
2,0.611658195456378,0.611658195456378
