theta_x,theta_y
2.9879779151139942,2.9879779151139942
0.29067337434188634,0.29067337434188634
3.141592653589793,3.141592653589793
-2.9859375294214723,-2.9859375294214723
1.046161294914034,1.046161294914034
-0.41952592436753705,-0.41952592436753705
1.9332107618880865,1.9332107618880865
