,theta_x,theta_y
0,2.9879779151139942,2.9879779151139942
1,0.29067337434188634,0.29067337434188634
2,3.141592653589793,3.141592653589793
3,-2.9859375294214723,-2.9859375294214723
4,1.046161294914034,1.046161294914034
5,-0.41952592436753705,-0.41952592436753705
6,1.9332107618880865,1.9332107618880865
