,theta_x,theta_y
0,-0.8112460531844043,-0.8112460531844043
1,3.141592653589793,3.141592653589793
2,-1.9232610316020244,-1.9232610316020244
3,2.122418211211319,2.122418211211319
4,-1.4440763881581498,-1.4440763881581498
