,theta_x,theta_y
0,2.2043510848938084,2.2043510848938084
1,0.6477520725499255,0.6477520725499255
2,1.8840499161304722,1.8840499161304722
3,-3.092279288775604,-3.092279288775604
4,0.8685547491392391,0.8685547491392391
5,0.014218372610051797,0.014218372610051797
6,1.2016582673727734,1.2016582673727734
7,-2.49845581116628,-2.49845581116628
8,1.4980688798560255,1.4980688798560255
