theta_x,theta_y
2.4355397819589224,2.4355397819589224
2.9014574019345645,2.9014574019345645
-2.8180263828268175,-2.8180263828268175
2.296827739347502,2.296827739347502
-0.8628898032395639,-0.8628898032395639
1.0539565968887008,1.0539565968887008
2.915820509025999,2.915820509025999
