,theta_x,theta_y
0,-2.65705917158081,-2.65705917158081
1,0.4992912363324765,0.4992912363324765
2,-2.0962037891611893,-2.0962037891611893
3,2.496155473972436,2.496155473972436
4,1.8793277837198532,1.8793277837198532
5,1.3325013680618947,1.3325013680618947
