,theta_x,theta_y
0,0.9692366232461994,0.9692366232461994
1,0.979246933889089,0.979246933889089
2,-3.141592653589793,-3.141592653589793
3,0.9063115636477218,0.9063115636477218
