,theta_x,theta_y
0,-1.577746538915893,-1.577746538915893
1,2.4853554956235806,2.4853554956235806
2,-2.3395928396215235,-2.3395928396215235
3,1.9627601277966165,1.9627601277966165
4,2.1582995746768043,2.1582995746768043
5,-2.2459549904222187,-2.2459549904222187
6,0.4326679161570915,0.4326679161570915
7,1.013818053456576,1.013818053456576
