,theta_x,theta_y
0,-1.785141645008924,-1.785141645008924
1,-0.667270606097672,-0.667270606097672
2,1.8124434622094048,1.8124434622094048
3,-3.1104652990326054,-3.1104652990326054
4,1.8015481569075251,1.8015481569075251
5,1.482670251530115,1.482670251530115
6,-3.141592653589793,-3.141592653589793
7,-3.141592653589793,-3.141592653589793
8,-0.37077575560700815,-0.37077575560700815
