,theta_x,theta_y
0,-0.30728583773993745,-0.30728583773993745
1,3.141592653589793,3.141592653589793
2,-1.1612229941332202,-1.1612229941332202
3,2.7224103608390156,2.7224103608390156
4,-1.307355454998925,-1.307355454998925
5,-1.2017780674435607,-1.2017780674435607
6,2.6104532280578026,2.6104532280578026
