theta_x,theta_y
-0.30728583773993745,-0.30728583773993745
3.141592653589793,3.141592653589793
-1.1612229941332202,-1.1612229941332202
2.7224103608390156,2.7224103608390156
-1.307355454998925,-1.307355454998925
-1.2017780674435607,-1.2017780674435607
2.6104532280578026,2.6104532280578026
