,theta_x,theta_y
0,0.11896533702885577,0.11896533702885577
1,0.17092984976573297,0.17092984976573297
2,1.9035893218008593,1.9035893218008593
3,-3.141592653589793,-3.141592653589793
4,1.759563382713028,1.759563382713028
5,0.6178966785780908,0.6178966785780908
