theta_x,theta_y
2.2592546549494177,2.2592546549494177
1.3993797840181303,1.3993797840181303
0.8468622405997226,0.8468622405997226
-0.012951247224050541,-0.012951247224050541
-2.6377686519420442,-2.6377686519420442
0.4585863467147551,0.4585863467147551
-0.02762407367528221,-0.02762407367528221
-1.8320093528487844,-1.8320093528487844
