,theta_x,theta_y
0,0.8028251438405178,0.8028251438405178
1,-0.07749916495612463,-0.07749916495612463
2,-2.936393382745695,-2.936393382745695
3,-3.141592653589793,-3.141592653589793
4,1.1811369986230287,1.1811369986230287
5,1.4479106767979815,1.4479106767979815
6,0.7356254788235801,0.7356254788235801
7,0.9338081158141329,0.9338081158141329
8,0.5855579390281989,0.5855579390281989
