,theta_x,theta_y
0,0.2960079235457407,0.2960079235457407
1,0.6918122602076454,0.6918122602076454
2,-0.6583955395652685,-0.6583955395652685
3,-0.7387891310809828,-0.7387891310809828
4,-1.8810193642296107,-1.8810193642296107
5,-0.5754668153369201,-0.5754668153369201
6,-0.29139818080320334,-0.29139818080320334
7,-2.235242007216283,-2.235242007216283
8,-2.304851024000979,-2.304851024000979
9,2.714532861679349,2.714532861679349
