theta_x,theta_y
-0.7612584664548406,-0.7612584664548406
-0.6726373651661339,-0.6726373651661339
-1.0366842617075103,-1.0366842617075103
