,theta_x,theta_y
0,1.9247033842474603,1.9247033842474603
1,-0.9463418361880924,-0.9463418361880924
2,0.6419598748783077,0.6419598748783077
3,1.3189122078349371,1.3189122078349371
4,1.1476243017463486,1.1476243017463486
