,theta_x,theta_y
0,0.7022485923062621,0.7022485923062621
1,2.8354578584911105,2.8354578584911105
2,1.9281568662834938,1.9281568662834938
3,-1.8014434175559517,-1.8014434175559517
4,-1.50074320800237,-1.50074320800237
5,2.638115884618332,2.638115884618332
6,-2.982165629146038,-2.982165629146038
7,2.2107129843172344,2.2107129843172344
8,1.9874807864645916,1.9874807864645916
