,theta_x,theta_y
0,-3.141592653589793,-3.141592653589793
1,2.3831890626450436,2.3831890626450436
