,theta_x,theta_y
0,1.5432981728045578,1.5432981728045578
1,0.8747147769530446,0.8747147769530446
2,1.278636251411825,1.278636251411825
3,-1.0891496593539547,-1.0891496593539547
4,-3.141592653589793,-3.141592653589793
