,theta_x,theta_y
0,-0.7661937299490833,-0.7661937299490833
1,0.7546981484221769,0.7546981484221769
2,0.6023219186126879,0.6023219186126879
3,-0.6301046553970303,-0.6301046553970303
4,0.5329389474508793,0.5329389474508793
