,theta_x,theta_y
0,-3.141592653589793,-3.141592653589793
1,1.5058379518364962,1.5058379518364962
2,-2.5200589035900784,-2.5200589035900784
3,1.7408459356092958,1.7408459356092958
4,2.5896069349660973,2.5896069349660973
5,-2.0358563658352296,-2.0358563658352296
