,theta_x,theta_y
0,0.0725602421837922,0.0725602421837922
1,-1.5685935377166547,-1.5685935377166547
2,-1.5542869619776287,-1.5542869619776287
3,-1.5176399888197591,-1.5176399888197591
4,3.141592653589793,3.141592653589793
5,0.9227626790536533,0.9227626790536533
6,1.8430775697638448,1.8430775697638448
7,-1.6500927568385266,-1.6500927568385266
8,1.9904984965810844,1.9904984965810844
9,-2.4571404530702923,-2.4571404530702923
