,theta_x,theta_y
0,3.141592653589793,3.141592653589793
1,0.1691815728292213,0.1691815728292213
2,3.141592653589793,3.141592653589793
