,theta_x,theta_y
0,2.349136005213274,2.349136005213274
1,-0.864720979441884,-0.864720979441884
2,0.17555315791728565,0.17555315791728565
3,1.4602390719267455,1.4602390719267455
4,0.8274632603238099,0.8274632603238099
5,3.000335981386094,3.000335981386094
6,2.790897071729619,2.790897071729619
