,theta_x,theta_y
0,-0.4166199104344036,-0.4166199104344036
1,-0.6853454410050923,-0.6853454410050923
2,-0.78866371554882,-0.78866371554882
3,-0.740728004977606,-0.740728004977606
4,-0.8819566339169389,-0.8819566339169389
5,-0.9623562604280828,-0.9623562604280828
