theta_x,theta_y
-1.3039097570741585,-1.3039097570741585
3.141592653589793,3.141592653589793
-1.4929896397974256,-1.4929896397974256
