,theta_x,theta_y
0,1.0993158196917807,1.0993158196917807
1,1.083806479543822,1.083806479543822
2,1.0159056158818167,1.0159056158818167
3,-3.141592653589793,-3.141592653589793
4,0.9978282900998188,0.9978282900998188
5,0.9749667561997203,0.9749667561997203
6,0.963613910381806,0.963613910381806
7,-3.141592653589793,-3.141592653589793
