,theta_x,theta_y
0,-0.7978089129247741,-0.7978089129247741
1,-1.5790954690147823,-1.5790954690147823
2,-1.221701857982151,-1.221701857982151
3,-1.9138951584350943,-1.9138951584350943
