theta_x,theta_y
0.08334005625824796,0.08334005625824796
2.900762062916538,2.900762062916538
-1.7895342615734653,-1.7895342615734653
2.245595491652181,2.245595491652181
-0.5646185947414369,-0.5646185947414369
