,theta_x,theta_y
0,0.3850036743122813,0.3850036743122813
1,0.6116874703566133,0.6116874703566133
2,0.36009495193891117,0.36009495193891117
3,0.08134808216989899,0.08134808216989899
4,0.45198973842227186,0.45198973842227186
5,0.2765172293289043,0.2765172293289043
6,-3.141592653589793,-3.141592653589793
7,0.1751469298715193,0.1751469298715193
8,0.13373205019753198,0.13373205019753198
9,-0.0031150238201839934,-0.0031150238201839934
