theta_x,theta_y
3.141592653589793,3.141592653589793
1.7661956628562676,1.7661956628562676
0.7815716412451111,0.7815716412451111
0.12651133148624327,0.12651133148624327
