,theta_x,theta_y
0,3.141592653589793,3.141592653589793
1,1.7661956628562676,1.7661956628562676
2,0.7815716412451111,0.7815716412451111
3,0.12651133148624327,0.12651133148624327
