,theta_x,theta_y
0,-0.4313724276037358,-0.4313724276037358
1,2.8378293362748366,2.8378293362748366
2,-1.70322035619433,-1.70322035619433
3,2.208784262098623,2.208784262098623
4,-0.6927641487895182,-0.6927641487895182
