,theta_x,theta_y
0,3.0373008435487967,3.0373008435487967
1,-0.5778266679141012,-0.5778266679141012
2,0.28314344677237197,0.28314344677237197
3,2.0400943802038376,2.0400943802038376
4,0.9542805150181952,0.9542805150181952
5,3.141592653589793,3.141592653589793
6,2.8010141461004947,2.8010141461004947
7,3.100075585097906,3.100075585097906
8,-1.755725147615681,-1.755725147615681
