theta_x,theta_y
3.0373008435487967,3.0373008435487967
-0.5778266679141012,-0.5778266679141012
0.28314344677237197,0.28314344677237197
2.0400943802038376,2.0400943802038376
0.9542805150181952,0.9542805150181952
3.141592653589793,3.141592653589793
2.8010141461004947,2.8010141461004947
3.100075585097906,3.100075585097906
-1.755725147615681,-1.755725147615681
