,theta_x,theta_y
0,-1.0689718271350788,-1.0689718271350788
1,2.8502850314192343,2.8502850314192343
2,-3.141592653589793,-3.141592653589793
3,1.6953434761080919,1.6953434761080919
4,-1.4580839004307848,-1.4580839004307848
5,1.6652290026737606,1.6652290026737606
6,0.9556938674384603,0.9556938674384603
7,0.40116674653209083,0.40116674653209083
