,theta_x,theta_y
0,0.08129478356978762,0.08129478356978762
1,3.081681910797352,3.081681910797352
2,1.0048715551742482,1.0048715551742482
3,-0.8498984817775455,-0.8498984817775455
