theta_x,theta_y
2.4426804766326446,2.4426804766326446
0.019933279773244772,0.019933279773244772
0.28104905193292495,0.28104905193292495
1.0479285099021196,1.0479285099021196
-0.2722425190431423,-0.2722425190431423
3.141592653589793,3.141592653589793
3.1329126923695902,3.1329126923695902
2.8204143081370496,2.8204143081370496
