,theta_x,theta_y
0,0.20677036924741685,0.20677036924741685
1,-1.3850543336827725,-1.3850543336827725
2,-2.2060779744760657,-2.2060779744760657
3,-2.5604662143148085,-2.5604662143148085
4,1.6747361724604857,1.6747361724604857
5,2.1819656187884373,2.1819656187884373
6,0.3393125255355379,0.3393125255355379
7,1.001024742634229,1.001024742634229
8,0.6018401788473695,0.6018401788473695
9,2.242096555945454,2.242096555945454
