,theta_x,theta_y
0,0.38417813874791795,0.38417813874791795
1,-0.46994812226184157,-0.46994812226184157
2,-1.3806987691913912,-1.3806987691913912
3,-2.7420841428621796,-2.7420841428621796
4,3.1383645999138867,3.1383645999138867
