,theta_x,theta_y
0,-0.7177516365317349,-0.7177516365317349
1,3.0861079087821004,3.0861079087821004
2,-3.141592653589793,-3.141592653589793
3,2.3655279806440346,2.3655279806440346
4,-2.0288139852529103,-2.0288139852529103
5,0.8412452626623756,0.8412452626623756
6,1.8442152600325423,1.8442152600325423
7,0.3964156772597337,0.3964156772597337
8,0.6652198714203927,0.6652198714203927
