,theta_x,theta_y
0,1.5811239349967083,1.5811239349967083
1,0.7187615124094398,0.7187615124094398
2,1.8892727663954518,1.8892727663954518
