,theta_x,theta_y
0,3.141592653589793,3.141592653589793
1,-0.42312246133679354,-0.42312246133679354
2,3.141592653589793,3.141592653589793
3,-0.3270816041279086,-0.3270816041279086
4,-0.6694450227514344,-0.6694450227514344
5,-0.8601322710772418,-0.8601322710772418
