,theta_x,theta_y
0,-1.4747251083005224,-1.4747251083005224
