,theta_x,theta_y
0,-3.141592653589793,-3.141592653589793
1,-3.141592653589793,-3.141592653589793
2,1.336420062086422,1.336420062086422
3,1.573555752692256,1.573555752692256
4,-3.141592653589793,-3.141592653589793
5,2.05872153128977,2.05872153128977
6,2.4899014830001116,2.4899014830001116
7,-3.141592653589793,-3.141592653589793
8,2.653084627945889,2.653084627945889
