,theta_x,theta_y
0,-1.545082577146897,-1.545082577146897
1,3.1327594724229457,3.1327594724229457
2,-1.6018199730944922,-1.6018199730944922
3,2.1841312276819784,2.1841312276819784
