theta_x,theta_y
-1.545082577146897,-1.545082577146897
3.1327594724229457,3.1327594724229457
-1.6018199730944922,-1.6018199730944922
2.1841312276819784,2.1841312276819784
