,theta_x,theta_y
0,2.174162045851481,2.174162045851481
1,1.6325465434446378,1.6325465434446378
2,1.6204762820756242,1.6204762820756242
3,0.9480290431591798,0.9480290431591798
4,-3.141592653589793,-3.141592653589793
