theta_x,theta_y
2.8134080409934126,2.8134080409934126
0.3328486258055025,0.3328486258055025
2.991248516129935,2.991248516129935
-3.1338431118049366,-3.1338431118049366
