,theta_x,theta_y
0,2.8134080409934126,2.8134080409934126
1,0.3328486258055025,0.3328486258055025
2,2.991248516129935,2.991248516129935
3,-3.1338431118049366,-3.1338431118049366
