theta_x,theta_y
3.141592653589793,3.141592653589793
2.798035468779644,2.798035468779644
-0.8083058951174583,-0.8083058951174583
-0.8355106857703822,-0.8355106857703822
-1.19188231648786,-1.19188231648786
-1.441205305310197,-1.441205305310197
-1.8886961158562883,-1.8886961158562883
