theta_x,theta_y
2.2381150915443024,2.2381150915443024
0.3494884496462591,0.3494884496462591
2.279930460758345,2.279930460758345
-2.289459859012687,-2.289459859012687
0.26784076704078524,0.26784076704078524
-0.25833528918649595,-0.25833528918649595
