theta_x,theta_y
2.1162076159456125,2.1162076159456125
1.5465083813593246,1.5465083813593246
1.1477291854406828,1.1477291854406828
-0.35478088841264954,-0.35478088841264954
-3.141592653589793,-3.141592653589793
0.2864985670202539,0.2864985670202539
0.047341689959121115,0.047341689959121115
