,theta_x,theta_y
0,-1.9331084923763782,-1.9331084923763782
1,-2.319114433505366,-2.319114433505366
2,2.635556808730524,2.635556808730524
3,-2.809167532888688,-2.809167532888688
4,0.9724731414057286,0.9724731414057286
5,2.354384369003706,2.354384369003706
6,-2.5541252451784753,-2.5541252451784753
7,-2.9591992905445967,-2.9591992905445967
8,-2.2573187706932165,-2.2573187706932165
