,theta_x,theta_y
0,0.4560358868044139,0.4560358868044139
1,-1.010712222193707,-1.010712222193707
2,-1.3760880608623578,-1.3760880608623578
3,-1.286082786723676,-1.286082786723676
4,3.141592653589793,3.141592653589793
5,0.0334227571643712,0.0334227571643712
6,0.7993228872947297,0.7993228872947297
7,-1.5623802518289949,-1.5623802518289949
