,theta_x,theta_y
0,3.141592653589793,3.141592653589793
1,3.141592653589793,3.141592653589793
2,3.141592653589793,3.141592653589793
3,3.141592653589793,3.141592653589793
4,0.04455825047888928,0.04455825047888928
5,2.2545604547908877,2.2545604547908877
6,2.1748340626694223,2.1748340626694223
7,-0.12371475911045857,-0.12371475911045857
8,-3.1355639594498568,-3.1355639594498568
9,2.0233855077323284,2.0233855077323284
