theta_x,theta_y
-4.222224931675622e-05,-4.222224931675622e-05
3.141592653589793,3.141592653589793
-3.141592653589793,-3.141592653589793
2.825523668948629,2.825523668948629
-1.8003852455301677,-1.8003852455301677
-0.3450016121126941,-0.3450016121126941
1.4729365790178104,1.4729365790178104
