theta_x,theta_y
0.36749173054442363,0.36749173054442363
-0.8021918013234535,-0.8021918013234535
-3.141592653589793,-3.141592653589793
-3.0696584413607364,-3.0696584413607364
2.1032118443347567,2.1032118443347567
