,theta_x,theta_y
0,-3.141592653589793,-3.141592653589793
1,-2.9485060110122845,-2.9485060110122845
2,3.141592653589793,3.141592653589793
3,-3.141592653589793,-3.141592653589793
4,2.8645666179731193,2.8645666179731193
