theta_x,theta_y
-0.9061987884009348,-0.9061987884009348
3.141592653589793,3.141592653589793
-1.0525393567586618,-1.0525393567586618
1.9375140947120473,1.9375140947120473
2.1628766953339804,2.1628766953339804
-0.3640536649201659,-0.3640536649201659
-0.41825787330917846,-0.41825787330917846
-1.0072587852922292,-1.0072587852922292
