,theta_x,theta_y
0,1.7864760197115992,1.7864760197115992
1,-0.9071310680320347,-0.9071310680320347
2,0.1936904381917445,0.1936904381917445
3,1.732377456083752,1.732377456083752
