,theta_x,theta_y
0,1.8760020771696755,1.8760020771696755
