,theta_x,theta_y
0,-1.172479610658037,-1.172479610658037
1,-1.3546949199817044,-1.3546949199817044
2,3.141592653589793,3.141592653589793
3,-1.6311994429416798,-1.6311994429416798
4,-2.0633789853328985,-2.0633789853328985
5,-1.608590650430149,-1.608590650430149
6,-2.3410993629500627,-2.3410993629500627
7,-2.6638151119468048,-2.6638151119468048
