theta_x,theta_y
3.141592653589793,3.141592653589793
-0.6507769187644541,-0.6507769187644541
3.141592653589793,3.141592653589793
-0.8561699181750414,-0.8561699181750414
-1.4929435394327584,-1.4929435394327584
-2.464837652702325,-2.464837652702325
3.141592653589793,3.141592653589793
-2.9195384279530825,-2.9195384279530825
3.0029296149920786,3.0029296149920786
