theta_x,theta_y
1.859783382594778,1.859783382594778
-0.824224371835972,-0.824224371835972
-1.9378427861986254,-1.9378427861986254
-2.870906464186023,-2.870906464186023
2.7036902355486263,2.7036902355486263
2.1076025293302787,2.1076025293302787
1.811962171442835,1.811962171442835
1.6306462944502456,1.6306462944502456
