,theta_x,theta_y
0,0.08461272340467482,0.08461272340467482
1,-1.3030455378417574,-1.3030455378417574
2,-0.8087733763816324,-0.8087733763816324
3,-0.4487893589632821,-0.4487893589632821
