,theta_x,theta_y
0,-0.3126999737428977,-0.3126999737428977
1,3.141592653589793,3.141592653589793
