,theta_x,theta_y
0,-1.4022258071176434,-1.4022258071176434
1,-1.3889118509000344,-1.3889118509000344
2,3.141592653589793,3.141592653589793
3,-0.40487264001663215,-0.40487264001663215
4,-1.5760955356839257,-1.5760955356839257
5,-1.2129282706484006,-1.2129282706484006
