,theta_x,theta_y
0,2.462619961992248,2.462619961992248
1,-3.141592653589793,-3.141592653589793
