theta_x,theta_y
0.8367972983382184,0.8367972983382184
0.741236076495286,0.741236076495286
-3.141592653589793,-3.141592653589793
0.6774681505945966,0.6774681505945966
0.6422420928289985,0.6422420928289985
