,theta_x,theta_y
0,0.721344149099305,0.721344149099305
1,0.7211491980972025,0.7211491980972025
2,0.6846319781796839,0.6846319781796839
3,0.6911090169942089,0.6911090169942089
4,0.6448768877080372,0.6448768877080372
