theta_x,theta_y
3.141592653589793,3.141592653589793
3.141592653589793,3.141592653589793
2.573399922466979,2.573399922466979
0.14010498013551692,0.14010498013551692
-3.141592653589793,-3.141592653589793
1.3449148263748985,1.3449148263748985
1.122365801765886,1.122365801765886
-2.0828511363133906,-2.0828511363133906
-3.141592653589793,-3.141592653589793
1.143368904506794,1.143368904506794
