,theta_x,theta_y
0,2.3081168280005717,2.3081168280005717
1,0.4200666910932562,0.4200666910932562
2,0.9355741872131045,0.9355741872131045
3,0.9139877154419778,0.9139877154419778
4,1.5795774509622318,1.5795774509622318
5,1.9971936290469852,1.9971936290469852
6,1.8184614216095376,1.8184614216095376
7,-0.1007883030782143,-0.1007883030782143
8,1.7804528735733487,1.7804528735733487
9,-3.141592653589793,-3.141592653589793
