theta_x,theta_y
-0.6425680367492936,-0.6425680367492936
