theta_x,theta_y
-0.173841469390562,-0.173841469390562
