theta_x,theta_y
0.20971675032701026,0.20971675032701026
3.141592653589793,3.141592653589793
3.141592653589793,3.141592653589793
-3.141592653589793,-3.141592653589793
-0.3996406033830378,-0.3996406033830378
