,theta_x,theta_y
0,0.20971675032701026,0.20971675032701026
1,3.141592653589793,3.141592653589793
2,3.141592653589793,3.141592653589793
3,-3.141592653589793,-3.141592653589793
4,-0.3996406033830378,-0.3996406033830378
