,theta_x,theta_y
0,-2.9414059411976115,-2.9414059411976115
1,-0.6748340476283547,-0.6748340476283547
2,1.4759290419226962,1.4759290419226962
