,theta_x,theta_y
0,0.1782184855661464,0.1782184855661464
1,-1.31037160758459,-1.31037160758459
2,-0.7446919113762852,-0.7446919113762852
3,-0.43732280982021965,-0.43732280982021965
4,2.7843073241605487,2.7843073241605487
