,theta_x,theta_y
0,0.4470377500940034,0.4470377500940034
1,2.5128996400341235,2.5128996400341235
2,1.2192909554889846,1.2192909554889846
