theta_x,theta_y
0.10213896382787828,0.10213896382787828
2.4283120515683057,2.4283120515683057
1.0119951931601454,1.0119951931601454
-1.1398491450082244,-1.1398491450082244
-0.9031940971222169,-0.9031940971222169
2.289228550074081,2.289228550074081
-2.3125082823957843,-2.3125082823957843
1.632580253607311,1.632580253607311
1.1482300858153804,1.1482300858153804
-0.5841732749372732,-0.5841732749372732
