,theta_x,theta_y
0,1.5923684949153434,1.5923684949153434
1,1.125998802041514,1.125998802041514
2,-3.141592653589793,-3.141592653589793
3,1.0127190835648059,1.0127190835648059
4,1.103672166660044,1.103672166660044
5,1.269744897910507,1.269744897910507
6,0.9161868080926303,0.9161868080926303
7,1.0852242735450068,1.0852242735450068
8,0.9515773084957017,0.9515773084957017
