,theta_x,theta_y
0,-0.8736217770351642,-0.8736217770351642
1,-1.3359386305114105,-1.3359386305114105
2,2.606203912797416,2.606203912797416
3,-2.522602802719717,-2.522602802719717
4,1.2140481606120592,1.2140481606120592
5,1.2697522204538565,1.2697522204538565
6,-1.2625392081747076,-1.2625392081747076
7,-2.7782732881744923,-2.7782732881744923
8,-1.418167245242374,-1.418167245242374
9,1.7544530229973276,1.7544530229973276
