,theta_x,theta_y
0,0.46216761814797275,0.46216761814797275
1,2.886854662847564,2.886854662847564
2,-1.9395085142754251,-1.9395085142754251
