theta_x,theta_y
-1.1008348757474873,-1.1008348757474873
-1.1402443373555102,-1.1402443373555102
2.261232011364844,2.261232011364844
-2.1489795149233797,-2.1489795149233797
0.6154533145532106,0.6154533145532106
1.3656027856790802,1.3656027856790802
-1.493748371601694,-1.493748371601694
-2.366245184886246,-2.366245184886246
