,theta_x,theta_y
0,1.825009520983584,1.825009520983584
1,0.723731151770561,0.723731151770561
2,1.3404861920858424,1.3404861920858424
3,-2.612654092458707,-2.612654092458707
4,0.34855997039123304,0.34855997039123304
5,0.024043956646431504,0.024043956646431504
