theta_x,theta_y
0.802488025271848,0.802488025271848
0.042568147023241215,0.042568147023241215
-0.6403041679113577,-0.6403041679113577
-0.944736673162584,-0.944736673162584
3.141592653589793,3.141592653589793
