,theta_x,theta_y
0,1.6817503947614982,1.6817503947614982
1,2.97757330181905,2.97757330181905
2,1.6607304538312793,1.6607304538312793
3,-2.2594601685126903,-2.2594601685126903
4,-2.1342741039630138,-2.1342741039630138
5,1.9733467221003411,1.9733467221003411
