,theta_x,theta_y
0,2.6692682344820002,2.6692682344820002
1,2.1502613817908203,2.1502613817908203
2,1.6826124191563054,1.6826124191563054
3,-3.141592653589793,-3.141592653589793
4,-3.141592653589793,-3.141592653589793
5,1.1534915760840296,1.1534915760840296
6,-3.141592653589793,-3.141592653589793
