,theta_x,theta_y
0,-0.5473253524395999,-0.5473253524395999
1,-0.598767365730178,-0.598767365730178
2,-0.6454637059658387,-0.6454637059658387
3,-0.6966854531984026,-0.6966854531984026
4,-0.7469513908749688,-0.7469513908749688
5,-0.7986890188867637,-0.7986890188867637
6,-0.8513781352065956,-0.8513781352065956
7,-0.902536005707086,-0.902536005707086
8,-0.9530216636418318,-0.9530216636418318
9,-1.0103038001397362,-1.0103038001397362
