,theta_x,theta_y
0,-0.8943917372085894,-0.8943917372085894
1,-1.4045457604166804,-1.4045457604166804
2,3.141592653589793,3.141592653589793
3,-1.3580301653620592,-1.3580301653620592
4,-2.182700734446128,-2.182700734446128
5,0.050312537280808624,0.050312537280808624
6,-1.9424414081472055,-1.9424414081472055
7,-1.9041114418510108,-1.9041114418510108
8,-2.26848436313683,-2.26848436313683
