theta_x,theta_y
0.04592482549766741,0.04592482549766741
-0.6634711090948073,-0.6634711090948073
-3.141592653589793,-3.141592653589793
-3.141592653589793,-3.141592653589793
1.8464176424497492,1.8464176424497492
