theta_x,theta_y
0.973175785296098,0.973175785296098
3.108446414965973,3.108446414965973
-2.9758283783710775,-2.9758283783710775
1.5506963851654008,1.5506963851654008
-3.141592653589793,-3.141592653589793
-3.141592653589793,-3.141592653589793
2.1596245751087317,2.1596245751087317
-3.141592653589793,-3.141592653589793
