theta_x,theta_y
-1.0884274464855992,-1.0884274464855992
3.141592653589793,3.141592653589793
-1.1038483869014557,-1.1038483869014557
3.141592653589793,3.141592653589793
-2.153133648716643,-2.153133648716643
