theta_x,theta_y
-0.5986924207736221,-0.5986924207736221
-1.7466057200337355,-1.7466057200337355
2.9043045539462056,2.9043045539462056
1.8190301048818236,1.8190301048818236
-1.7210599551831596,-1.7210599551831596
