theta_x,theta_y
1.4659849014060269,1.4659849014060269
1.8567675041620855,1.8567675041620855
0.8562542301083267,0.8562542301083267
-0.43642346252100717,-0.43642346252100717
-0.3463585514945162,-0.3463585514945162
1.292464788938836,1.292464788938836
-2.372007897588209,-2.372007897588209
