,theta_x,theta_y
0,1.4659849014060269,1.4659849014060269
1,1.8567675041620855,1.8567675041620855
2,0.8562542301083267,0.8562542301083267
3,-0.43642346252100717,-0.43642346252100717
4,-0.3463585514945162,-0.3463585514945162
5,1.292464788938836,1.292464788938836
6,-2.372007897588209,-2.372007897588209
