,theta_x,theta_y
0,0.9928996109755472,0.9928996109755472
1,0.9822143574772351,0.9822143574772351
2,0.9712318057830109,0.9712318057830109
3,0.9607131238758472,0.9607131238758472
4,-3.141592653589793,-3.141592653589793
5,0.96059758223301,0.96059758223301
6,0.9599599258542678,0.9599599258542678
7,-3.141592653589793,-3.141592653589793
8,-3.141592653589793,-3.141592653589793
9,0.9638101491357459,0.9638101491357459
