,theta_x,theta_y
0,1.8529017536257526,1.8529017536257526
1,1.4412645609309083,1.4412645609309083
2,0.7490834333293471,0.7490834333293471
3,-1.2652003145725637,-1.2652003145725637
4,-3.141592653589793,-3.141592653589793
5,-0.6352085562826021,-0.6352085562826021
6,-0.09071768707136457,-0.09071768707136457
