,theta_x,theta_y
0,2.30664180929793,2.30664180929793
1,0.8803479691122196,0.8803479691122196
2,-0.3834447346696259,-0.3834447346696259
3,-0.5611253514258576,-0.5611253514258576
4,3.141592653589793,3.141592653589793
5,1.1037273410003159,1.1037273410003159
