theta_x,theta_y
3.141592653589793,3.141592653589793
2.0022773202226327,2.0022773202226327
1.811121212687511,1.811121212687511
-1.04276163067021,-1.04276163067021
-3.141592653589793,-3.141592653589793
0.6761706079358185,0.6761706079358185
0.9914611599189226,0.9914611599189226
