,theta_x,theta_y
0,2.334339385735592,2.334339385735592
1,0.3306765292666345,0.3306765292666345
2,1.2057108105225027,1.2057108105225027
3,-0.7822044342703132,-0.7822044342703132
4,-0.259539587684856,-0.259539587684856
5,-0.4160413477319368,-0.4160413477319368
6,-0.4998027596074523,-0.4998027596074523
