,theta_x,theta_y
0,0.9361558669544509,0.9361558669544509
1,-1.4317580814031001,-1.4317580814031001
2,1.3894738901914454,1.3894738901914454
3,0.7788383343777692,0.7788383343777692
4,0.6694677499129635,0.6694677499129635
5,0.8204176738437876,0.8204176738437876
6,1.2749027047835273,1.2749027047835273
7,1.7037857319366807,1.7037857319366807
8,-3.025885393971697,-3.025885393971697
