,theta_x,theta_y
0,2.7051568016636773,2.7051568016636773
1,3.141592653589793,3.141592653589793
2,3.141592653589793,3.141592653589793
