,theta_x,theta_y
0,-0.4027233920023006,-0.4027233920023006
1,3.141592653589793,3.141592653589793
2,-2.2987215542367387,-2.2987215542367387
3,2.1868841212174375,2.1868841212174375
4,0.756904531089679,0.756904531089679
5,-0.6787397987746018,-0.6787397987746018
6,3.1015811110481737,3.1015811110481737
7,-1.751615736914167,-1.751615736914167
