,theta_x,theta_y
0,-1.787829422912508,-1.787829422912508
1,-0.7815868707961162,-0.7815868707961162
2,0.9129922867996251,0.9129922867996251
