,theta_x,theta_y
0,-0.7318619871419776,-0.7318619871419776
1,-2.1258514029477755,-2.1258514029477755
2,-2.005493925199473,-2.005493925199473
3,-1.8971555297573452,-1.8971555297573452
4,3.141592653589793,3.141592653589793
5,-0.2694214612268999,-0.2694214612268999
