theta_x,theta_y
-0.3872001854691271,-0.3872001854691271
3.141592653589793,3.141592653589793
2.4899583288291582,2.4899583288291582
-0.6689476653163832,-0.6689476653163832
-2.722962070652304,-2.722962070652304
3.022544665595478,3.022544665595478
-3.141592653589793,-3.141592653589793
2.7886163470278347,2.7886163470278347
2.0877019803453876,2.0877019803453876
1.8444773882143295,1.8444773882143295
