,theta_x,theta_y
0,0.4369086018852356,0.4369086018852356
1,3.141592653589793,3.141592653589793
2,-2.7070939828143743,-2.7070939828143743
3,2.305312395681852,2.305312395681852
4,-1.2449315130108727,-1.2449315130108727
5,0.37346951869641576,0.37346951869641576
