theta_x,theta_y
1.148369940911443,1.148369940911443
2.1429936133711345,2.1429936133711345
-2.6179878374952876,-2.6179878374952876
1.1221901535990115,1.1221901535990115
