theta_x,theta_y
-0.35950979029011554,-0.35950979029011554
3.141592653589793,3.141592653589793
-0.25329331582472653,-0.25329331582472653
3.141592653589793,3.141592653589793
-0.293249289865498,-0.293249289865498
-0.43634819454654916,-0.43634819454654916
-0.4528371986052576,-0.4528371986052576
-0.6645387437277903,-0.6645387437277903
-0.778833428204226,-0.778833428204226
-0.8430569918176986,-0.8430569918176986
