,theta_x,theta_y
0,3.141592653589793,3.141592653589793
1,-0.8166507066171942,-0.8166507066171942
2,3.141592653589793,3.141592653589793
3,-0.9607419751311814,-0.9607419751311814
4,-1.1220034162133832,-1.1220034162133832
