,theta_x,theta_y
0,1.5358050642573502,1.5358050642573502
1,0.3367790787616555,0.3367790787616555
2,1.896347364120621,1.896347364120621
3,-1.6744224002307908,-1.6744224002307908
4,0.39255365700808365,0.39255365700808365
