,theta_x,theta_y
0,-2.711752487822559,-2.711752487822559
1,-1.7309778605122559,-1.7309778605122559
2,1.9688423236417256,1.9688423236417256
