,theta_x,theta_y
0,0.6351411778927059,0.6351411778927059
1,2.381398145881545,2.381398145881545
2,1.605188437362044,1.605188437362044
3,-1.506527383826571,-1.506527383826571
4,-1.1314082480935919,-1.1314082480935919
5,2.2218515993318793,2.2218515993318793
