,theta_x,theta_y
0,2.144235891094428,2.144235891094428
1,2.0244446348903886,2.0244446348903886
2,2.1678518276777288,2.1678518276777288
3,1.9813248340434957,1.9813248340434957
4,-3.141592653589793,-3.141592653589793
