,theta_x,theta_y
0,-0.0935692986283616,-0.0935692986283616
1,2.8997628426894138,2.8997628426894138
2,-1.6258139083453795,-1.6258139083453795
3,2.1770296604416637,2.1770296604416637
