,theta_x,theta_y
0,-2.0546579174489947,-2.0546579174489947
1,-1.6281210564014528,-1.6281210564014528
