,theta_x,theta_y
0,-3.141592653589793,-3.141592653589793
1,0.8950766748639606,0.8950766748639606
2,0.7513077294577677,0.7513077294577677
3,0.6609562326232299,0.6609562326232299
4,-3.141592653589793,-3.141592653589793
5,0.6242535485745061,0.6242535485745061
6,0.5418604286643081,0.5418604286643081
7,-3.141592653589793,-3.141592653589793
8,0.5270816404838757,0.5270816404838757
