theta_x,theta_y
1.0461225410693547,1.0461225410693547
-0.7199816689951514,-0.7199816689951514
-1.0850405327182697,-1.0850405327182697
-1.3439709570841312,-1.3439709570841312
3.141592653589793,3.141592653589793
2.7940591968565296,2.7940591968565296
