,theta_x,theta_y
0,-0.7764229581779314,-0.7764229581779314
1,3.141592653589793,3.141592653589793
