,theta_x,theta_y
0,0.7524806375636899,0.7524806375636899
1,-1.3083470411181222,-1.3083470411181222
2,-2.944844142080227,-2.944844142080227
3,-3.141592653589793,-3.141592653589793
4,1.8494999076651644,1.8494999076651644
5,2.492763766029122,2.492763766029122
6,0.8118798293801824,0.8118798293801824
7,1.5514579579653227,1.5514579579653227
8,0.43537121199363144,0.43537121199363144
