,theta_x,theta_y
0,0.46217841234809653,0.46217841234809653
1,2.6164082936317055,2.6164082936317055
2,1.3930112155014305,1.3930112155014305
3,-1.2654128281662254,-1.2654128281662254
4,-0.9896289874378504,-0.9896289874378504
5,2.4608784798476275,2.4608784798476275
6,-2.78138293989245,-2.78138293989245
