,theta_x,theta_y
0,-1.517602127060761,-1.517602127060761
1,-1.9936359628533737,-1.9936359628533737
