theta_x,theta_y
1.928506364219019,1.928506364219019
1.8234011209536125,1.8234011209536125
0.3367413471761349,0.3367413471761349
-1.2195799928764743,-1.2195799928764743
-2.9533212719729036,-2.9533212719729036
-0.6001784826190657,-0.6001784826190657
