,theta_x,theta_y
0,2.1726234747398987,2.1726234747398987
1,3.141592653589793,3.141592653589793
2,-2.1616455483830785,-2.1616455483830785
3,-3.141592653589793,-3.141592653589793
