theta_x,theta_y
-0.03263938118929208,-0.03263938118929208
3.141592653589793,3.141592653589793
-3.141592653589793,-3.141592653589793
2.838544954354582,2.838544954354582
