,theta_x,theta_y
0,-3.037141826713004,-3.037141826713004
1,-0.7167310967752639,-0.7167310967752639
2,0.9908946532232017,0.9908946532232017
