,theta_x,theta_y
0,-1.4726583758611136,-1.4726583758611136
