,theta_x,theta_y
0,-2.685251483983916,-2.685251483983916
1,-1.6770939653295163,-1.6770939653295163
2,2.1692923408632874,2.1692923408632874
3,1.3913124698723494,1.3913124698723494
4,-3.141592653589793,-3.141592653589793
5,0.679740805398541,0.679740805398541
6,0.6963866255740699,0.6963866255740699
7,-2.1374520008994247,-2.1374520008994247
