,theta_x,theta_y
0,0.5186996653236422,0.5186996653236422
1,2.1949548537876544,2.1949548537876544
2,-2.6320794410197816,-2.6320794410197816
3,2.1413482667103034,2.1413482667103034
4,-0.45038232873530304,-0.45038232873530304
5,0.21670170417629409,0.21670170417629409
6,1.7257100626279458,1.7257100626279458
7,0.06285102639936355,0.06285102639936355
