,theta_x,theta_y
0,-2.927646072991864,-2.927646072991864
1,-1.0976147972404482,-1.0976147972404482
