theta_x,theta_y
-0.3260228973426869,-0.3260228973426869
-0.3465997673291797,-0.3465997673291797
-0.36613238382675456,-0.36613238382675456
-0.38473476250902816,-0.38473476250902816
-0.40250300713548887,-0.40250300713548887
