theta_x,theta_y
-2.2724733529497168,-2.2724733529497168
-2.3254934760714283,-2.3254934760714283
2.259690898932735,2.259690898932735
1.180917813589197,1.180917813589197
-2.682356771759883,-2.682356771759883
