,theta_x,theta_y
0,0.8020997218976613,0.8020997218976613
1,1.7680703969855411,1.7680703969855411
2,0.5671272126322746,0.5671272126322746
3,-3.0642599554305607,-3.0642599554305607
4,2.036058625618841,2.036058625618841
5,0.8546963524128998,0.8546963524128998
