theta_x,theta_y
-1.6865611696490446,-1.6865611696490446
3.141592653589793,3.141592653589793
-1.7346264779525418,-1.7346264779525418
2.783828139971637,2.783828139971637
