,theta_x,theta_y
0,-1.7681257518110942,-1.7681257518110942
1,3.141592653589793,3.141592653589793
