,theta_x,theta_y
0,0.5435975305335176,0.5435975305335176
1,-1.4176914559533091,-1.4176914559533091
2,-2.103476266149891,-2.103476266149891
3,-2.5801922272809272,-2.5801922272809272
4,2.545433702885462,2.545433702885462
5,2.427901377402864,2.427901377402864
6,1.0205245535349592,1.0205245535349592
7,0.8106262906683832,0.8106262906683832
