,theta_x,theta_y
0,3.0304357297221713,-2.468402272501227
