theta_x,theta_y
-2.808364305758493,-2.808364305758493
-3.141592653589793,-3.141592653589793
2.208107003424803,2.208107003424803
2.247401127568669,2.247401127568669
-3.141592653589793,-3.141592653589793
1.0183647638682842,1.0183647638682842
1.4976181507024415,1.4976181507024415
-3.141592653589793,-3.141592653589793
