,theta_x,theta_y
0,2.930002436727936,2.930002436727936
1,-0.49928133482206194,-0.49928133482206194
2,3.141592653589793,3.141592653589793
3,-3.141592653589793,-3.141592653589793
4,0.7894774310660966,0.7894774310660966
5,-1.1438403206686532,-1.1438403206686532
