,theta_x,theta_y
0,3.141592653589793,3.141592653589793
1,-1.613382352744629,-1.613382352744629
2,-1.8120988151454065,-1.8120988151454065
3,3.141592653589793,3.141592653589793
4,3.141592653589793,3.141592653589793
5,3.141592653589793,3.141592653589793
