,theta_x,theta_y
0,3.141592653589793,3.141592653589793
1,-0.8627614528210328,-0.8627614528210328
2,-0.9272560314280227,-0.9272560314280227
3,-0.978306783881727,-0.978306783881727
4,-1.0262772927149666,-1.0262772927149666
5,3.141592653589793,3.141592653589793
6,3.141592653589793,3.141592653589793
7,3.141592653589793,3.141592653589793
