theta_x,theta_y
3.141592653589793,3.141592653589793
-0.8627614528210328,-0.8627614528210328
-0.9272560314280227,-0.9272560314280227
-0.978306783881727,-0.978306783881727
-1.0262772927149666,-1.0262772927149666
3.141592653589793,3.141592653589793
3.141592653589793,3.141592653589793
3.141592653589793,3.141592653589793
