,theta_x,theta_y
0,-0.8317360912909213,-0.8317360912909213
1,-2.6518411872659913,-2.6518411872659913
2,-2.240339326565926,-2.240339326565926
3,-0.11982526962244269,-0.11982526962244269
4,3.141592653589793,3.141592653589793
