theta_x,theta_y
-3.141592653589793,-3.141592653589793
2.2885197093130265,2.2885197093130265
1.9425555383742659,1.9425555383742659
-3.141592653589793,-3.141592653589793
-3.141592653589793,-3.141592653589793
-3.141592653589793,-3.141592653589793
-3.141592653589793,-3.141592653589793
