,theta_x,theta_y
0,-3.141592653589793,-3.141592653589793
1,2.2885197093130265,2.2885197093130265
2,1.9425555383742659,1.9425555383742659
3,-3.141592653589793,-3.141592653589793
4,-3.141592653589793,-3.141592653589793
5,-3.141592653589793,-3.141592653589793
6,-3.141592653589793,-3.141592653589793
