,theta_x,theta_y
0,-2.4982279493269086,-2.4982279493269086
1,1.0185900300393143,1.0185900300393143
2,-1.168979725747486,-1.168979725747486
3,2.7401111537227276,2.7401111537227276
4,2.3028594085636773,2.3028594085636773
5,1.2034938146010277,1.2034938146010277
