,theta_x,theta_y
0,0.18118324822896087,0.18118324822896087
1,0.026219234123885993,0.026219234123885993
2,-0.10810394841632263,-0.10810394841632263
3,-0.2236954526455489,-0.2236954526455489
4,-0.23848920677222205,-0.23848920677222205
5,-0.3184840193236875,-0.3184840193236875
6,-0.33387405270966497,-0.33387405270966497
7,-0.35523381383349867,-0.35523381383349867
8,-0.3946293623704292,-0.3946293623704292
9,-0.3495369683381206,-0.3495369683381206
