,theta_x,theta_y
0,2.6360262937946164,2.6360262937946164
1,1.169071374345064,1.169071374345064
2,0.766615236026291,0.766615236026291
