,theta_x,theta_y
0,0.5457654138294958,0.5457654138294958
1,0.5706710146299013,0.5706710146299013
2,0.5210621123574263,0.5210621123574263
3,0.48475447823136664,0.48475447823136664
4,0.5214825088477232,0.5214825088477232
5,0.44347401148294874,0.44347401148294874
6,0.4330207452247163,0.4330207452247163
7,0.3855830130311425,0.3855830130311425
8,0.43353004131346445,0.43353004131346445
