,theta_x,theta_y
0,2.986931458329401,2.986931458329401
1,-0.3560304867996438,-0.3560304867996438
2,3.034875184689403,3.034875184689403
3,-3.141592653589793,-3.141592653589793
4,1.1921544427207993,1.1921544427207993
5,-0.8966846684061296,-0.8966846684061296
6,1.7562659862155272,1.7562659862155272
7,-2.731368375433413,-2.731368375433413
8,1.5460779297168676,1.5460779297168676
9,0.7978626446033317,0.7978626446033317
