,theta_x,theta_y
0,2.3244291433281443,2.3244291433281443
1,1.8887595654703337,1.8887595654703337
2,1.6116626138212362,1.6116626138212362
3,-3.141592653589793,-3.141592653589793
4,-1.4792755295480633,-1.4792755295480633
5,1.4574737986855055,1.4574737986855055
6,-3.141592653589793,-3.141592653589793
