,theta_x,theta_y
0,0.8107224467646729,0.8107224467646729
1,-0.37652268177623105,-0.37652268177623105
2,2.571592203617841,2.571592203617841
3,-1.1065800667549104,-1.1065800667549104
