,theta_x,theta_y
0,3.1129186754025677,3.1129186754025677
1,-0.43152544495359885,-0.43152544495359885
2,3.0640768245721413,3.0640768245721413
3,-3.0976753344714334,-3.0976753344714334
4,1.172772069306996,1.172772069306996
5,-1.641839654221331,-1.641839654221331
6,2.4038336728623593,2.4038336728623593
7,-2.8401756717638023,-2.8401756717638023
8,2.488937760868594,2.488937760868594
9,0.5174454825844756,0.5174454825844756
