,theta_x,theta_y
0,-0.48728573521993157,-0.48728573521993157
