theta_x,theta_y
1.1627957715614061,1.1627957715614061
0.9699812447420202,0.9699812447420202
0.8798154781756323,0.8798154781756323
0.3427505788825938,0.3427505788825938
-3.0701758114946385,-3.0701758114946385
0.8229670587373963,0.8229670587373963
0.6671303297163534,0.6671303297163534
-3.083589934942634,-3.083589934942634
-3.1027323287203084,-3.1027323287203084
0.8922970180553903,0.8922970180553903
