theta_x,theta_y
3.1327379413105585,3.1327379413105585
-0.04459552153352925,-0.04459552153352925
3.1333405483270935,3.1333405483270935
-1.0680583208972456,-1.0680583208972456
0.750065074350052,0.750065074350052
-0.8457928231606482,-0.8457928231606482
2.458771772868796,2.458771772868796
-0.8799365906375851,-0.8799365906375851
3.141592653589793,3.141592653589793
