theta_x,theta_y
0.4435425239428412,0.4435425239428412
0.40635475958525863,0.40635475958525863
0.3703085554386025,0.3703085554386025
0.33959975656142366,0.33959975656142366
0.2934411800776647,0.2934411800776647
0.2752591558162166,0.2752591558162166
0.24329082184722556,0.24329082184722556
0.24328379027340918,0.24328379027340918
0.2144915218922202,0.2144915218922202
0.1862588317703096,0.1862588317703096
