theta_x,theta_y
2.8163749395984707,2.8163749395984707
2.2775561116817293,2.2775561116817293
