,theta_x,theta_y
0,2.8333139598096504,2.8333139598096504
1,1.188675919077062,1.188675919077062
2,2.6622891925356256,2.6622891925356256
3,-3.141592653589793,-3.141592653589793
4,1.534489681665881,1.534489681665881
5,-0.9329961915206597,-0.9329961915206597
6,1.8758406225233655,1.8758406225233655
7,-3.141592653589793,-3.141592653589793
