theta_x,theta_y
-0.5851395825385224,-0.5851395825385224
3.141592653589793,3.141592653589793
-2.8980809593349175,-2.8980809593349175
