theta_x,theta_y
0.05673731192776396,0.05673731192776396
-0.7278362219474721,-0.7278362219474721
2.4935318177459296,2.4935318177459296
-0.1833049858074118,-0.1833049858074118
-1.2754616299121926,-1.2754616299121926
-0.628166140956792,-0.628166140956792
-0.2680520086457849,-0.2680520086457849
