,theta_x,theta_y
0,3.141592653589793,3.141592653589793
1,3.141592653589793,3.141592653589793
2,-0.9013910394853708,-0.9013910394853708
3,-0.9300067599463299,-0.9300067599463299
4,-1.0054419658014793,-1.0054419658014793
5,-1.1018462053289582,-1.1018462053289582
6,-1.2429384603759632,-1.2429384603759632
7,-1.311056455234114,-1.311056455234114
8,-1.4200754985300519,-1.4200754985300519
