theta_x,theta_y
-2.6042453688004694,-2.6042453688004694
-2.1645653853959024,-2.1645653853959024
2.2991288947401816,2.2991288947401816
0.45687336816174967,0.45687336816174967
-2.473496676442677,-2.473496676442677
-0.8688084044075034,-0.8688084044075034
-0.021624453265706667,-0.021624453265706667
