,theta_x,theta_y
0,-2.925243182759794,-2.925243182759794
1,-2.3238045852156075,-2.3238045852156075
2,2.584524658359924,2.584524658359924
3,0.5089720218161145,0.5089720218161145
4,-2.6090318391495875,-2.6090318391495875
5,-0.6961817595097323,-0.6961817595097323
6,0.40889954848668575,0.40889954848668575
