theta_x,theta_y
2.9286995591400107,2.9286995591400107
2.9505278157036896,2.9505278157036896
-2.9863121790341314,-2.9863121790341314
1.513257162795574,1.513257162795574
-1.9964656121164872,-1.9964656121164872
1.4299914761590882,1.4299914761590882
1.812739789365688,1.812739789365688
