,theta_x,theta_y
0,3.096151769430988,3.096151769430988
1,-1.352983597242202,-1.352983597242202
2,-2.192761962965165,-2.192761962965165
3,0.6429168308140298,0.6429168308140298
4,-0.4976814034033862,-0.4976814034033862
