theta_x,theta_y
1.9489981339883293,1.9489981339883293
-0.9865409039703473,-0.9865409039703473
0.6742895228534345,0.6742895228534345
1.3029444210018137,1.3029444210018137
1.3512335381363112,1.3512335381363112
2.812490099336042,2.812490099336042
