,theta_x,theta_y
0,2.444985557166966,2.444985557166966
1,-1.5534341792685782,-1.5534341792685782
2,1.2669482674495676,1.2669482674495676
3,1.5525779648934093,1.5525779648934093
4,0.9010986818604262,0.9010986818604262
5,2.1334544048094837,2.1334544048094837
6,2.471113887512543,2.471113887512543
