theta_x,theta_y
0.4917139751636498,0.4917139751636498
2.1835608178202155,2.1835608178202155
-1.681359383953933,-1.681359383953933
1.9868944693759887,1.9868944693759887
