,theta_x,theta_y
0,-2.0610742301201634,-2.0610742301201634
1,-1.345538021786677,-1.345538021786677
2,2.0703470259878913,2.0703470259878913
3,-3.1128064789396137,-3.1128064789396137
4,1.505510168929475,1.505510168929475
5,2.0376770651675224,2.0376770651675224
