theta_x,theta_y
0.9611679664403864,0.9611679664403864
-1.6620571222570524,-1.6620571222570524
-2.4446947225302553,-2.4446947225302553
-2.7752982578801286,-2.7752982578801286
2.3968044545094873,2.3968044545094873
2.4291421388599477,2.4291421388599477
0.9979788824196196,0.9979788824196196
1.1356392852734665,1.1356392852734665
