,theta_x,theta_y
0,-3.0360820605826997,-3.0360820605826997
1,-2.1463964365897326,-2.1463964365897326
2,1.9420772210541275,1.9420772210541275
3,1.0211053730446753,1.0211053730446753
4,-3.03619324150427,-3.03619324150427
5,-0.29216306818864357,-0.29216306818864357
6,0.4165683443304841,0.4165683443304841
7,-2.75719733312878,-2.75719733312878
8,1.7404462051807565,1.7404462051807565
