,theta_x,theta_y
0,0.13279206676452973,0.13279206676452973
1,3.0178933650281663,3.0178933650281663
2,0.577680070035678,0.577680070035678
3,-0.8859000085474541,-0.8859000085474541
