theta_x,theta_y
-1.5538716386168168,-1.5538716386168168
3.141592653589793,3.141592653589793
-3.141592653589793,-3.141592653589793
2.0668242772060896,2.0668242772060896
1.9005663233705794,1.9005663233705794
-3.141592653589793,-3.141592653589793
-3.141592653589793,-3.141592653589793
-3.141592653589793,-3.141592653589793
-0.7543144392730765,-0.7543144392730765
-2.470112155749604,-2.470112155749604
