theta_x,theta_y
2.478549321730383,2.478549321730383
1.024160846975153,1.024160846975153
0.0015653260636790817,0.0015653260636790817
-0.8183700142995661,-0.8183700142995661
3.141592653589793,3.141592653589793
2.0397771970765994,2.0397771970765994
0.1314994722640489,0.1314994722640489
-0.14327047905910345,-0.14327047905910345
