,theta_x,theta_y
0,-0.6158971719269338,-0.6158971719269338
1,-1.7784137203364652,-1.7784137203364652
2,3.141592653589793,3.141592653589793
3,-3.120194375106879,-3.120194375106879
4,1.9968424305190666,1.9968424305190666
5,0.9599618459705791,0.9599618459705791
6,0.0802825986666372,0.0802825986666372
