,theta_x,theta_y
0,-3.141592653589793,-3.141592653589793
1,-2.6987578073153755,-2.6987578073153755
2,1.8717993715299373,1.8717993715299373
3,0.04633725623618003,0.04633725623618003
4,-2.1248399073481883,-2.1248399073481883
