theta_x,theta_y
-3.0547215411605184,-3.0547215411605184
-2.5139942609307733,-2.5139942609307733
1.7396326576426924,1.7396326576426924
1.2862463951928509,1.2862463951928509
-3.141592653589793,-3.141592653589793
-0.928428155753899,-0.928428155753899
0.9491074467925199,0.9491074467925199
