,theta_x,theta_y
0,-3.0547215411605184,-3.0547215411605184
1,-2.5139942609307733,-2.5139942609307733
2,1.7396326576426924,1.7396326576426924
3,1.2862463951928509,1.2862463951928509
4,-3.141592653589793,-3.141592653589793
5,-0.928428155753899,-0.928428155753899
6,0.9491074467925199,0.9491074467925199
