,theta_x,theta_y
0,-3.141592653589793,-3.141592653589793
1,-3.141592653589793,-3.141592653589793
2,2.9111836445230104,2.9111836445230104
3,-3.141592653589793,-3.141592653589793
4,-3.141592653589793,-3.141592653589793
