theta_x,theta_y
0.6525906793099521,0.6525906793099521
-0.6587339824524721,-0.6587339824524721
2.8401118071836544,2.8401118071836544
-0.810569822129543,-0.810569822129543
0.33468070861995197,0.33468070861995197
-0.9909356811952166,-0.9909356811952166
-1.0913353027068806,-1.0913353027068806
