,theta_x,theta_y
0,0.03727450317767769,0.03727450317767769
1,3.141592653589793,3.141592653589793
2,-3.141592653589793,-3.141592653589793
3,3.141592653589793,3.141592653589793
