theta_x,theta_y
2.1212265107260704,2.1212265107260704
-0.9699526371555993,-0.9699526371555993
0.5798991463226532,0.5798991463226532
1.2547832564905246,1.2547832564905246
1.10305825757421,1.10305825757421
3.03144696277668,3.03144696277668
2.782060587607501,2.782060587607501
2.4581012222455554,2.4581012222455554
