theta_x,theta_y
3.141592653589793,3.141592653589793
-0.28821035672697576,-0.28821035672697576
3.141592653589793,3.141592653589793
-1.238167332730426,-1.238167332730426
0.33817817887432366,0.33817817887432366
-0.8850850729270734,-0.8850850729270734
2.7169750465278764,2.7169750465278764
-1.1832645719124,-1.1832645719124
3.141592653589793,3.141592653589793
-0.16490390097466368,-0.16490390097466368
