,theta_x,theta_y
0,3.141592653589793,3.141592653589793
1,-0.28821035672697576,-0.28821035672697576
2,3.141592653589793,3.141592653589793
3,-1.238167332730426,-1.238167332730426
4,0.33817817887432366,0.33817817887432366
5,-0.8850850729270734,-0.8850850729270734
6,2.7169750465278764,2.7169750465278764
7,-1.1832645719124,-1.1832645719124
8,3.141592653589793,3.141592653589793
9,-0.16490390097466368,-0.16490390097466368
