,theta_x,theta_y
0,-2.400619632803896,-2.400619632803896
1,2.2705645488105257,2.2705645488105257
2,-2.1090679591413672,-2.1090679591413672
3,2.148199844112764,2.148199844112764
4,3.141592653589793,3.141592653589793
5,-1.6707974099579956,-1.6707974099579956
