,theta_x,theta_y
0,-1.149638145644345,-1.149638145644345
1,0.0470947396848156,0.0470947396848156
2,-2.1558478798950422,-2.1558478798950422
3,-2.4657617107313325,-2.4657617107313325
4,-1.3533812069239137,-1.3533812069239137
5,1.0038398084087596,1.0038398084087596
6,-1.1384149359757443,-1.1384149359757443
