theta_x,theta_y
2.5707456333877574,2.5707456333877574
1.216074995462408,1.216074995462408
-0.2247722166046265,-0.2247722166046265
