,theta_x,theta_y
0,1.7641523500928484,1.7641523500928484
1,1.5448384817206484,1.5448384817206484
2,0.01912651894352003,0.01912651894352003
3,-1.0424487502110706,-1.0424487502110706
4,-2.7179104738378395,-2.7179104738378395
5,-0.718524214339307,-0.718524214339307
6,-0.851252147305297,-0.851252147305297
7,-2.7441090076196653,-2.7441090076196653
