,theta_x,theta_y
0,-3.141592653589793,-3.141592653589793
1,0.8549275901114853,0.8549275901114853
2,0.9554444083793341,0.9554444083793341
