,theta_x,theta_y
0,-0.5328059975903023,-0.5328059975903023
1,3.141592653589793,3.141592653589793
2,-1.6805401014362564,-1.6805401014362564
3,2.772934777470059,2.772934777470059
4,-1.0727855003543967,-1.0727855003543967
