,theta_x,theta_y
0,-0.6482019888281176,-0.6482019888281176
1,2.3215872460312186,2.3215872460312186
2,-2.8031280543186083,-2.8031280543186083
