,theta_x,theta_y
0,-2.227255662825992,-2.227255662825992
1,-2.9174826308573745,-2.9174826308573745
2,2.055812736040518,2.055812736040518
3,0.5236039602122101,0.5236039602122101
4,-3.0608308893049134,-3.0608308893049134
5,-1.052863114261892,-1.052863114261892
6,-1.445754859970317,-1.445754859970317
7,-2.4048191795433747,-2.4048191795433747
