,theta_x,theta_y
0,0.6633485819153727,0.6633485819153727
1,3.141592653589793,3.141592653589793
2,-2.2962351763553506,-2.2962351763553506
3,2.6450399352312837,2.6450399352312837
4,-0.8763387580891503,-0.8763387580891503
5,0.3347501354212573,0.3347501354212573
6,2.5327136586390275,2.5327136586390275
