theta_x,theta_y
-0.034920269961452165,-0.034920269961452165
2.6726330427437723,2.6726330427437723
1.2610465479937234,1.2610465479937234
-1.1037645564642762,-1.1037645564642762
-1.1131583452933154,-1.1131583452933154
2.8918701769308157,2.8918701769308157
-2.4018456856713675,-2.4018456856713675
1.8645374622666295,1.8645374622666295
1.14537098716895,1.14537098716895
0.11014222756966861,0.11014222756966861
