,theta_x,theta_y
0,-1.097642679526367,-1.097642679526367
1,-0.6610332384422649,-0.6610332384422649
2,1.8821854117520473,1.8821854117520473
3,0.007332819486904986,0.007332819486904986
4,-1.3237197882394094,-1.3237197882394094
5,-0.8214909232351367,-0.8214909232351367
6,-1.348740851187443,-1.348740851187443
7,-1.7471938187369185,-1.7471938187369185
8,0.8985536476678265,0.8985536476678265
