,theta_x,theta_y
0,-0.8647311519590666,-0.8647311519590666
1,2.054266529393651,2.054266529393651
2,-1.1548789051813115,-1.1548789051813115
3,1.90109396090333,1.90109396090333
