theta_x,theta_y
-0.23728184423791132,-0.23728184423791132
-0.29978243354201006,-0.29978243354201006
-0.1982187614021576,-0.1982187614021576
-0.5710789859979521,-0.5710789859979521
-0.34115905185813566,-0.34115905185813566
-0.4617283737490357,-0.4617283737490357
-0.5193477237408566,-0.5193477237408566
-0.371541106761652,-0.371541106761652
-0.5457800854940978,-0.5457800854940978
-0.430200902239482,-0.430200902239482
