theta_x,theta_y
-0.4749366470598589,-0.4749366470598589
3.141592653589793,3.141592653589793
-2.6071103300376888,-2.6071103300376888
3.0927344537871955,3.0927344537871955
-2.0364761548834367,-2.0364761548834367
