,theta_x,theta_y
0,1.6897574618557458,1.6897574618557458
1,1.4923645334299396,1.4923645334299396
2,1.0182378679815351,1.0182378679815351
3,-0.27286375827832604,-0.27286375827832604
4,-2.9122933371365245,-2.9122933371365245
5,0.566107684557682,0.566107684557682
6,0.5382604289683706,0.5382604289683706
