,theta_x,theta_y
0,3.141592653589793,3.141592653589793
1,-0.925612022590967,-0.925612022590967
2,3.077077420528277,3.077077420528277
3,-3.092768218035987,-3.092768218035987
4,0.4753294998173449,0.4753294998173449
5,-1.4999447785169133,-1.4999447785169133
6,1.546866498876604,1.546866498876604
7,-2.061515065780993,-2.061515065780993
8,1.4975536682365949,1.4975536682365949
9,0.03557076301046135,0.03557076301046135
