,theta_x,theta_y
0,1.3417204177712647,1.3417204177712647
1,0.7510464622392589,0.7510464622392589
