,theta_x,theta_y
0,0.9285407641045031,0.9285407641045031
1,0.8509256793264983,0.8509256793264983
2,0.7757989540631288,0.7757989540631288
3,-3.141592653589793,-3.141592653589793
4,0.7251864792110233,0.7251864792110233
5,0.6857273110205008,0.6857273110205008
6,0.6486218667033157,0.6486218667033157
7,0.617293698594069,0.617293698594069
8,0.5840164082879888,0.5840164082879888
9,0.5518147361870904,0.5518147361870904
