theta_x,theta_y
-0.3227849830355011,-0.3227849830355011
3.141592653589793,3.141592653589793
-0.304880312933379,-0.304880312933379
-0.33821208244090556,-0.33821208244090556
-0.3287870545441075,-0.3287870545441075
-0.38720401577035024,-0.38720401577035024
