theta_x,theta_y
-0.3190575810316534,-0.3190575810316534
3.032781057183816,3.032781057183816
-0.7182897675362759,-0.7182897675362759
2.549490212615753,2.549490212615753
1.7396079754348264,1.7396079754348264
0.37786551372362764,0.37786551372362764
