theta_x,theta_y
2.0976772582280203,2.0976772582280203
0.6731942894288371,0.6731942894288371
