,theta_x,theta_y
0,-2.70601277769269,-2.70601277769269
1,-1.0087448483032426,-1.0087448483032426
2,1.2472668506157931,1.2472668506157931
3,0.16493706361051644,0.16493706361051644
