,theta_x,theta_y
0,-0.30711160924199576,-0.30711160924199576
1,1.617022336216272,1.617022336216272
2,0.5109801128862362,0.5109801128862362
