,theta_x,theta_y
0,-0.34947730952515094,-0.34947730952515094
1,3.1067146178667184,3.1067146178667184
2,-1.1885734654364877,-1.1885734654364877
3,3.096259380216782,3.096259380216782
4,2.447433208391125,2.447433208391125
5,1.6035867134865216,1.6035867134865216
6,1.066281029422498,1.066281029422498
7,0.25191930856781597,0.25191930856781597
