,theta_x,theta_y
0,2.686613055301008,2.686613055301008
1,0.27501917906651085,0.27501917906651085
2,3.0583509142213376,3.0583509142213376
