,theta_x,theta_y
0,2.5862304476275635,2.5862304476275635
1,2.5071842503836788,2.5071842503836788
2,-3.141592653589793,-3.141592653589793
3,2.3863914649529328,2.3863914649529328
4,-3.141592653589793,-3.141592653589793
5,2.294388458923321,2.294388458923321
6,2.2575017647071527,2.2575017647071527
7,-3.141592653589793,-3.141592653589793
