,theta_x,theta_y
0,-3.141592653589793,-3.141592653589793
1,-2.2555295587295086,-2.2555295587295086
2,1.4594508784403395,1.4594508784403395
3,1.051572483128226,1.051572483128226
4,-3.141592653589793,-3.141592653589793
