,theta_x,theta_y
0,2.199601473797908,2.199601473797908
1,2.1911246663809862,2.1911246663809862
2,2.1846919091019603,2.1846919091019603
3,-3.141592653589793,-3.141592653589793
4,-3.141592653589793,-3.141592653589793
5,2.2416318626687004,2.2416318626687004
