,theta_x,theta_y
0,-0.5912756872558202,-0.5912756872558202
1,-0.5769547427364833,-0.5769547427364833
