,theta_x,theta_y
0,-0.40151306222470534,-0.40151306222470534
1,3.141592653589793,3.141592653589793
2,-2.032027485126613,-2.032027485126613
3,2.4925179247403175,2.4925179247403175
4,-0.9214219064560337,-0.9214219064560337
5,0.08766811604633154,0.08766811604633154
6,2.5495462255472545,2.5495462255472545
7,-0.06605031709362627,-0.06605031709362627
