,theta_x,theta_y
0,0.8545561604506304,0.8545561604506304
