,theta_x,theta_y
0,-3.141592653589793,-3.141592653589793
1,-1.9595275376789458,-1.9595275376789458
2,0.1225925341493397,0.1225925341493397
