,theta_x,theta_y
0,-0.3128591912123918,-0.3128591912123918
1,3.075815782694781,3.075815782694781
2,-3.141592653589793,-3.141592653589793
3,2.812265034864392,2.812265034864392
4,-1.6300286906819816,-1.6300286906819816
5,0.19295619260332209,0.19295619260332209
6,2.0001465118550996,2.0001465118550996
7,0.0916516278322031,0.0916516278322031
