theta_x,theta_y
3.141592653589793,3.141592653589793
-0.32807158943805564,-0.32807158943805564
-0.7959506321955059,-0.7959506321955059
-0.7336882135916682,-0.7336882135916682
-1.2633885752280416,-1.2633885752280416
3.141592653589793,3.141592653589793
3.141592653589793,3.141592653589793
3.141592653589793,3.141592653589793
-0.2787021567106325,-0.2787021567106325
