,theta_x,theta_y
0,-0.04854514902315376,-0.04854514902315376
