,theta_x,theta_y
0,2.1214056760040365,2.1214056760040365
1,0.18964098079691707,0.18964098079691707
2,2.508976857845049,2.508976857845049
3,-2.217637429591692,-2.217637429591692
4,0.3022532414101541,0.3022532414101541
