theta_x,theta_y
0.005751709267090283,0.005751709267090283
3.141592653589793,3.141592653589793
