,theta_x,theta_y
0,0.6687037758793813,0.6687037758793813
1,-0.3950912343263055,-0.3950912343263055
2,-0.8458552180834674,-0.8458552180834674
3,2.8481875360292164,2.8481875360292164
