theta_x,theta_y
2.9703837827845585,2.9703837827845585
0.6075768903806674,0.6075768903806674
-0.47754917360720067,-0.47754917360720067
-1.8986974017663274,-1.8986974017663274
2.9141541714827723,2.9141541714827723
2.8179500024997175,2.8179500024997175
1.71480987195649,1.71480987195649
-3.141592653589793,-3.141592653589793
1.0571337242768886,1.0571337242768886
