,theta_x,theta_y
0,1.4588244484018429,1.4588244484018429
1,0.2935937201018556,0.2935937201018556
2,1.3596246712516455,1.3596246712516455
3,-3.0715194559034016,-3.0715194559034016
4,1.740273821908019,1.740273821908019
5,-0.33985663444781483,-0.33985663444781483
6,-1.0083985516486744,-1.0083985516486744
