,theta_x,theta_y
0,-1.720613022268184,-1.720613022268184
1,-1.5637837837222872,-1.5637837837222872
2,2.0289514655430096,2.0289514655430096
3,-3.141592653589793,-3.141592653589793
4,1.4144252496827296,1.4144252496827296
5,1.5508513215596642,1.5508513215596642
6,-2.7896564541126256,-2.7896564541126256
7,-3.141592653589793,-3.141592653589793
8,-0.723989679194879,-0.723989679194879
9,1.081183055972306,1.081183055972306
