theta_x,theta_y
-0.5169719482045856,-0.5169719482045856
3.141592653589793,3.141592653589793
-0.9128285467719667,-0.9128285467719667
2.317132579192199,2.317132579192199
1.3720896954561794,1.3720896954561794
