,theta_x,theta_y
0,2.7336583309584443,2.7336583309584443
1,0.5177853312463369,0.5177853312463369
2,-0.10212575486373315,-0.10212575486373315
3,-2.20504931193152,-2.20504931193152
4,-3.141592653589793,-3.141592653589793
5,-3.141592653589793,-3.141592653589793
6,-1.3780696714734564,-1.3780696714734564
7,-2.9649888367667443,-2.9649888367667443
