,theta_x,theta_y
0,-1.5937159068932605,-1.5937159068932605
1,-1.370365614673087,-1.370365614673087
2,2.107055709939247,2.107055709939247
3,-2.6372530179761218,-2.6372530179761218
