theta_x,theta_y
0.8596954821104744,0.8596954821104744
0.8051458959620709,0.8051458959620709
1.6108396865925756,1.6108396865925756
-2.981159362692669,-2.981159362692669
