,theta_x,theta_y
0,0.680816340215348,0.680816340215348
1,3.141592653589793,3.141592653589793
2,2.2986872247680155,2.2986872247680155
