,theta_x,theta_y
0,1.2527300632447718,1.2527300632447718
1,-0.36900967384095207,-0.36900967384095207
2,-0.7448116537840741,-0.7448116537840741
3,1.7211398509091325,1.7211398509091325
4,3.141592653589793,3.141592653589793
