theta_x,theta_y
-0.04245040422995883,-0.04245040422995883
0.02436708502178302,0.02436708502178302
-0.047792736157060964,-0.047792736157060964
-0.13902582666340543,-0.13902582666340543
3.141592653589793,3.141592653589793
-0.18875156218708686,-0.18875156218708686
-0.2866621949672495,-0.2866621949672495
-0.21894015873646153,-0.21894015873646153
-0.28259746528631147,-0.28259746528631147
-0.6283739543036116,-0.6283739543036116
