,theta_x,theta_y
0,-3.141592653589793,-3.141592653589793
1,-3.141592653589793,-3.141592653589793
2,3.141592653589793,3.141592653589793
3,-2.9969111114470546,-2.9969111114470546
4,3.141592653589793,3.141592653589793
5,2.9655080699616168,2.9655080699616168
