,theta_x,theta_y
0,-0.9252598408025381,-0.9252598408025381
1,3.141592653589793,3.141592653589793
2,-0.9242288963377422,-0.9242288963377422
3,-0.9804129720826945,-0.9804129720826945
4,-1.0334235953486435,-1.0334235953486435
5,3.141592653589793,3.141592653589793
6,-1.0417653860636362,-1.0417653860636362
7,3.141592653589793,3.141592653589793
8,3.141592653589793,3.141592653589793
