,theta_x,theta_y
0,2.424423982771885,2.424423982771885
1,1.86726121451484,1.86726121451484
2,0.3700046305150859,0.3700046305150859
3,0.3513835030346938,0.3513835030346938
4,3.1406743436490436,3.1406743436490436
5,-0.05717724195276421,-0.05717724195276421
6,0.16993855296117494,0.16993855296117494
