,theta_x,theta_y
0,-0.07540219732829384,-0.07540219732829384
1,3.0191187916180993,3.0191187916180993
