,theta_x,theta_y
0,-2.4016231912186194,-2.4016231912186194
