theta_x,theta_y
1.6286329107697914,1.6286329107697914
-0.3321021907514865,-0.3321021907514865
1.3853513523920542,1.3853513523920542
-1.3091934261231681,-1.3091934261231681
-0.4959157607309541,-0.4959157607309541
-0.9292311644668716,-0.9292311644668716
0.6988794803261487,0.6988794803261487
-1.8883621006615927,-1.8883621006615927
1.4374353389124361,1.4374353389124361
-0.06939527320303582,-0.06939527320303582
