theta_x,theta_y
-0.1396756082267318,-0.1396756082267318
3.141592653589793,3.141592653589793
-3.141592653589793,-3.141592653589793
3.141592653589793,3.141592653589793
