theta_x,theta_y
-1.1814194089100396,-1.1814194089100396
3.0634389763472525,3.0634389763472525
-1.6238015011834288,-1.6238015011834288
2.337274183397628,2.337274183397628
2.434996133854565,2.434996133854565
-0.5291740879021152,-0.5291740879021152
-0.21573390599357387,-0.21573390599357387
-1.2569735802450632,-1.2569735802450632
-3.0137185523749537,-3.0137185523749537
-0.17100213682508403,-0.17100213682508403
