theta_x,theta_y
-0.28484198210499534,-0.28484198210499534
-1.272555794529952,-1.272555794529952
-0.613425798628697,-0.613425798628697
-0.5082881995170562,-0.5082881995170562
