,theta_x,theta_y
0,1.6774039222735473,1.6774039222735473
1,3.141592653589793,3.141592653589793
2,2.906333378763719,2.906333378763719
3,-1.4823687304983615,-1.4823687304983615
4,-2.3806271320451975,-2.3806271320451975
5,2.663994664098466,2.663994664098466
6,-3.141592653589793,-3.141592653589793
7,2.111563883742984,2.111563883742984
8,2.208508381109374,2.208508381109374
9,1.64595578272231,1.64595578272231
