,theta_x,theta_y
0,0.46189485108079015,0.46189485108079015
1,2.982366413707857,2.982366413707857
2,-3.141592653589793,-3.141592653589793
3,2.8600772030303285,2.8600772030303285
4,-2.775902273391589,-2.775902273391589
5,-0.17211552972249433,-0.17211552972249433
6,2.9560616426306288,2.9560616426306288
7,-0.3905286645089657,-0.3905286645089657
8,1.4533080553571303,1.4533080553571303
