,theta_x,theta_y
0,1.592185732536328,1.592185732536328
1,1.4918172911738912,1.4918172911738912
2,1.4618629349710985,1.4618629349710985
3,1.3785375358462948,1.3785375358462948
4,1.3064879669572944,1.3064879669572944
5,1.2728089249854648,1.2728089249854648
6,1.2059590748759552,1.2059590748759552
7,1.1483815487905542,1.1483815487905542
