theta_x,theta_y
1.2520348323313293,1.2520348323313293
1.2055679536283332,1.2055679536283332
1.1608879798424774,1.1608879798424774
1.118571305733771,1.118571305733771
1.0761685730575645,1.0761685730575645
1.0359816539773827,1.0359816539773827
-3.141592653589793,-3.141592653589793
0.9967611722495962,0.9967611722495962
0.9681060219753658,0.9681060219753658
0.9408355899901841,0.9408355899901841
