theta_x,theta_y
2.6943701176193704,2.6943701176193704
0.3825314975132386,0.3825314975132386
