,theta_x,theta_y
0,2.6943701176193704,2.6943701176193704
1,0.3825314975132386,0.3825314975132386
