,theta_x,theta_y
0,-1.114004449040678,-1.114004449040678
1,-1.8216175945592903,-1.8216175945592903
2,2.169606853732043,2.169606853732043
3,-2.93944070409268,-2.93944070409268
4,0.6197921563381468,0.6197921563381468
5,0.5297356985388624,0.5297356985388624
6,-1.475632685556517,-1.475632685556517
7,-3.033779886900113,-3.033779886900113
