,theta_x,theta_y
0,-1.762189282373717,-1.762189282373717
1,1.7537159348414286,1.7537159348414286
2,2.8862443598955827,2.8862443598955827
3,-0.5654703490736245,-0.5654703490736245
4,-0.8329552044619394,-0.8329552044619394
5,-2.0317498694634106,-2.0317498694634106
6,-1.5751861921073955,-1.5751861921073955
