,theta_x,theta_y
0,-0.2938102231551766,-0.2938102231551766
1,3.0183860619668685,3.0183860619668685
2,-1.8212766136422698,-1.8212766136422698
3,2.594174017127081,2.594174017127081
4,-0.9314215485628642,-0.9314215485628642
5,-0.6479031461440784,-0.6479031461440784
