,theta_x,theta_y
0,0.7312843457331331,0.7312843457331331
1,2.2096028344866037,2.2096028344866037
2,0.8037095562469685,0.8037095562469685
3,-1.4344370428055018,-1.4344370428055018
4,-2.3122041549436623,-2.3122041549436623
5,-0.0049234900134303705,-0.0049234900134303705
6,0.1477549631196195,0.1477549631196195
