theta_x,theta_y
1.6718173461910912,1.6718173461910912
0.3930514001893652,0.3930514001893652
-0.8983403248845782,-0.8983403248845782
