,theta_x,theta_y
0,-0.6048596889832557,-0.6048596889832557
1,3.141592653589793,3.141592653589793
2,-2.6022807816662414,-2.6022807816662414
3,2.129505428955778,2.129505428955778
4,-1.822061671219146,-1.822061671219146
5,1.570393563368879,1.570393563368879
6,1.558672310700513,1.558672310700513
7,0.8646194519853566,0.8646194519853566
8,0.4560236755759023,0.4560236755759023
