,theta_x,theta_y
0,-0.29670415817646256,-0.29670415817646256
1,3.141592653589793,3.141592653589793
2,-0.29850553572582955,-0.29850553572582955
3,-0.3074026161365486,-0.3074026161365486
4,-0.3163326720187248,-0.3163326720187248
5,-0.3267911033781084,-0.3267911033781084
6,-0.336200609826564,-0.336200609826564
7,-0.34618924570083015,-0.34618924570083015
