,theta_x,theta_y
0,2.881164967837682,2.881164967837682
1,-0.9359417473897746,-0.9359417473897746
