,theta_x,theta_y
0,1.5894710482104282,1.5894710482104282
1,0.5926088364207355,0.5926088364207355
2,0.6703799645668398,0.6703799645668398
3,-2.824022604208242,-2.824022604208242
