theta_x,theta_y
0.7017101129884707,0.7017101129884707
0.38050529960819357,0.38050529960819357
-0.13645474487027004,-0.13645474487027004
