,theta_x,theta_y
0,-0.18694134495906195,-0.18694134495906195
1,-0.22895277170808964,-0.22895277170808964
