theta_x,theta_y
1.5519732505883665,1.5519732505883665
1.4683459852627172,1.4683459852627172
0.12770219538803634,0.12770219538803634
-0.9396535567207807,-0.9396535567207807
-2.7663897921999054,-2.7663897921999054
-0.3326446459956161,-0.3326446459956161
-0.27928449457731397,-0.27928449457731397
-2.718448325131476,-2.718448325131476
-2.8545444132229956,-2.8545444132229956
2.848614913973903,2.848614913973903
