,theta_x,theta_y
0,3.0704497257368906,3.0704497257368906
1,0.9658139836950888,0.9658139836950888
2,2.843275864916666,2.843275864916666
3,-3.141592653589793,-3.141592653589793
4,1.0957831725459115,1.0957831725459115
5,0.2207215997859028,0.2207215997859028
