theta_x,theta_y
-3.141592653589793,-3.141592653589793
-0.7532395590575987,-0.7532395590575987
0.8257207876926242,0.8257207876926242
