,theta_x,theta_y
0,-3.141592653589793,-3.141592653589793
1,-0.7532395590575987,-0.7532395590575987
2,0.8257207876926242,0.8257207876926242
