,theta_x,theta_y
0,0.6933691173749839,0.6933691173749839
1,-2.3594665778277863,-2.3594665778277863
2,1.7365054726828464,1.7365054726828464
3,-2.7941591199854474,-2.7941591199854474
4,-3.141592653589793,-3.141592653589793
5,2.2417265202382186,2.2417265202382186
6,-3.141592653589793,-3.141592653589793
