,theta_x,theta_y
0,3.141592653589793,3.141592653589793
1,-0.2047261832425335,-0.2047261832425335
2,3.141592653589793,3.141592653589793
3,-1.1467986820756269,-1.1467986820756269
4,0.886201517295968,0.886201517295968
5,-0.8738305667252251,-0.8738305667252251
6,3.0258659057114663,3.0258659057114663
7,-0.9344742514870961,-0.9344742514870961
8,3.141592653589793,3.141592653589793
9,0.32930008124249993,0.32930008124249993
