,theta_x,theta_y
0,-0.44024218405846904,-0.44024218405846904
1,-0.8013551911249961,-0.8013551911249961
2,2.235849219629854,2.235849219629854
3,-0.5348261336829557,-0.5348261336829557
4,-0.8510264434798382,-0.8510264434798382
