theta_x,theta_y
-3.141592653589793,-3.141592653589793
0.7491213321639891,0.7491213321639891
0.6402500074366968,0.6402500074366968
0.5216093248975429,0.5216093248975429
-3.141592653589793,-3.141592653589793
0.4657142689577072,0.4657142689577072
0.41763986525954977,0.41763986525954977
0.36684857789891473,0.36684857789891473
0.360070535890842,0.360070535890842
