,theta_x,theta_y
0,1.137585068681248,1.137585068681248
1,3.141592653589793,3.141592653589793
2,-3.050580954552819,-3.050580954552819
3,2.4038123322465483,2.4038123322465483
4,-3.141592653589793,-3.141592653589793
5,0.24063216342290789,0.24063216342290789
6,3.0227412946452876,3.0227412946452876
7,-0.010376236603486012,-0.010376236603486012
