,theta_x,theta_y
0,0.8904587969103069,0.8904587969103069
1,0.8133124647240256,0.8133124647240256
2,1.296116917688644,1.296116917688644
3,0.63145217442444,0.63145217442444
4,-3.141592653589793,-3.141592653589793
5,0.6266897902798427,0.6266897902798427
6,0.44984785754439444,0.44984785754439444
7,-3.141592653589793,-3.141592653589793
