theta_x,theta_y
3.0910691959285157,3.0910691959285157
-0.3203598146559543,-0.3203598146559543
-0.4134743098575923,-0.4134743098575923
2.2331284524444293,2.2331284524444293
0.3235168779531041,0.3235168779531041
3.141592653589793,3.141592653589793
3.141592653589793,3.141592653589793
