,theta_x,theta_y
0,2.7497333538151993,2.7497333538151993
1,-3.141592653589793,-3.141592653589793
