,theta_x,theta_y
0,1.1189147893674085,1.1189147893674085
1,0.8135926311780524,0.8135926311780524
2,2.1360053432336588,2.1360053432336588
3,-0.8244284061060471,-0.8244284061060471
4,-3.066722000669987,-3.066722000669987
5,0.7555053457727482,0.7555053457727482
6,1.1631344274264745,1.1631344274264745
7,-3.0911070995984895,-3.0911070995984895
8,-3.0655889781670678,-3.0655889781670678
9,0.7678141896014465,0.7678141896014465
