,theta_x,theta_y
0,-2.5801810956595346,-2.5801810956595346
1,-3.141592653589793,-3.141592653589793
2,1.7743904204190437,1.7743904204190437
3,2.543082512450076,2.543082512450076
4,1.876596040314522,1.876596040314522
5,1.1255608048483685,1.1255608048483685
6,0.28717584496424287,0.28717584496424287
