theta_x,theta_y
0.8605556614246863,0.8605556614246863
-1.4464727375963786,-1.4464727375963786
-2.8841484100105235,-2.8841484100105235
-3.03774645687452,-3.03774645687452
1.9683349641197863,1.9683349641197863
2.5934197786078093,2.5934197786078093
0.6700123395200417,0.6700123395200417
1.441969420022903,1.441969420022903
