theta_x,theta_y
-0.022489449834521585,-0.022489449834521585
0.8382454232769776,0.8382454232769776
-0.6994180942983844,-0.6994180942983844
-2.4720981195157354,-2.4720981195157354
