,theta_x,theta_y
0,-0.8890118036341454,-0.8890118036341454
