,theta_x,theta_y
0,-1.5451880464198735,-1.5451880464198735
1,3.141592653589793,3.141592653589793
2,-2.4414000800583664,-2.4414000800583664
3,2.668858881128646,2.668858881128646
4,2.31685476711468,2.31685476711468
5,0.4296082146766059,0.4296082146766059
6,1.2402691648174617,1.2402691648174617
7,-0.9680172156141079,-0.9680172156141079
