,theta_x,theta_y
0,2.009788619165241,2.009788619165241
1,1.2839162487629927,1.2839162487629927
2,0.9578083584865492,0.9578083584865492
3,-3.141592653589793,-3.141592653589793
4,1.4405546534341818,1.4405546534341818
