theta_x,theta_y
0.029121375164171303,0.029121375164171303
1.790928087464486,1.790928087464486
-0.36512822121522837,-0.36512822121522837
3.141592653589793,3.141592653589793
2.216316131743911,2.216316131743911
1.2761345723018722,1.2761345723018722
2.9838713284516243,2.9838713284516243
0.37826643259965387,0.37826643259965387
