,theta_x,theta_y
0,-3.141592653589793,-3.141592653589793
1,-1.1861949847451758,-1.1861949847451758
2,1.4047103624378878,1.4047103624378878
3,0.8457130882302888,0.8457130882302888
4,-3.0359117901025634,-3.0359117901025634
5,0.30053922219332274,0.30053922219332274
6,0.34344798739631116,0.34344798739631116
7,-2.3675919676381825,-2.3675919676381825
