,theta_x,theta_y
0,1.8580039632508945,1.8580039632508945
1,1.3127248959181737,1.3127248959181737
2,0.5228413487754399,0.5228413487754399
3,-3.141592653589793,-3.141592653589793
4,0.7211300296914992,0.7211300296914992
5,0.061543557223413335,0.061543557223413335
6,-0.33476003536925636,-0.33476003536925636
