,theta_x,theta_y
0,-0.0125100610796639,-0.0125100610796639
1,-2.1181088745424463,-2.1181088745424463
2,3.141592653589793,3.141592653589793
3,-3.0039513493107695,-3.0039513493107695
4,2.2651452633854494,2.2651452633854494
5,1.7602736013177103,1.7602736013177103
6,0.6370664309274945,0.6370664309274945
7,-2.020442507826162,-2.020442507826162
8,0.04214860390071152,0.04214860390071152
