,theta_x,theta_y
0,-3.141592653589793,-3.141592653589793
1,-3.141592653589793,-3.141592653589793
2,2.1484494737170095,2.1484494737170095
3,2.2124930961316007,2.2124930961316007
4,-3.141592653589793,-3.141592653589793
5,2.0916010789545276,2.0916010789545276
6,2.308370289973651,2.308370289973651
7,-3.141592653589793,-3.141592653589793
8,2.3582631800911305,2.3582631800911305
9,-3.141592653589793,-3.141592653589793
