,theta_x,theta_y
0,3.141592653589793,3.141592653589793
1,-2.8086809806743904,-2.8086809806743904
2,1.3537766502459299,1.3537766502459299
3,2.1705178512897905,2.1705178512897905
4,1.137405929763616,1.137405929763616
