,theta_x,theta_y
0,-1.2416901087351842,-1.2416901087351842
