theta_x,theta_y
-0.9303229760614049,-0.9303229760614049
3.141592653589793,3.141592653589793
-2.419727919791085,-2.419727919791085
3.0237805339505144,3.0237805339505144
-2.2685772074169135,-2.2685772074169135
-1.000891871168574,-1.000891871168574
