,theta_x,theta_y
0,3.141592653589793,3.141592653589793
1,1.9328593002806802,1.9328593002806802
2,1.354856388866355,1.354856388866355
3,0.25002325901083905,0.25002325901083905
4,-2.2814530176800014,-2.2814530176800014
5,0.6143659588132409,0.6143659588132409
6,0.03401237502282172,0.03401237502282172
