,theta_x,theta_y
0,3.139138829054305,3.139138829054305
1,-3.141592653589793,-3.141592653589793
2,-3.141592653589793,-3.141592653589793
3,-3.141592653589793,-3.141592653589793
4,2.1423854500336676,2.1423854500336676
5,2.4424016349733173,2.4424016349733173
6,2.013764281487437,2.013764281487437
