theta_x,theta_y
0.8486929671209003,0.8486929671209003
2.295179234425553,2.295179234425553
1.0575641036739891,1.0575641036739891
-1.4932223744292874,-1.4932223744292874
-0.6672872475098618,-0.6672872475098618
