,theta_x,theta_y
0,2.155195231234612,2.155195231234612
1,-0.9871003304387305,-0.9871003304387305
2,-1.2776408017138126,-1.2776408017138126
3,1.2100252462846377,1.2100252462846377
4,0.5371897023692372,0.5371897023692372
5,3.141592653589793,3.141592653589793
6,3.0266747022076785,3.0266747022076785
7,2.8967420082988156,2.8967420082988156
