,theta_x,theta_y
0,-0.6267741401852843,-0.6267741401852843
1,-0.4826547660418136,-0.4826547660418136
2,1.6788621176709673,1.6788621176709673
3,-3.141592653589793,-3.141592653589793
4,1.553709595678121,1.553709595678121
5,1.108826655308498,1.108826655308498
6,-2.4849880263655373,-2.4849880263655373
7,-3.141592653589793,-3.141592653589793
8,0.49407534834844985,0.49407534834844985
