theta_x,theta_y
-1.1223225656508033,-1.1223225656508033
-0.7314782491137495,-0.7314782491137495
2.167134871270668,2.167134871270668
-3.141592653589793,-3.141592653589793
2.13542075672733,2.13542075672733
1.6151252353687087,1.6151252353687087
-3.141592653589793,-3.141592653589793
-3.141592653589793,-3.141592653589793
-1.2446057010245346,-1.2446057010245346
