,theta_x,theta_y
0,-1.5426392771119748,-1.5426392771119748
1,-1.5642339416109496,-1.5642339416109496
2,3.141592653589793,3.141592653589793
3,-1.5837678691407813,-1.5837678691407813
4,-1.6276238310419153,-1.6276238310419153
5,-1.689911992076354,-1.689911992076354
