theta_x,theta_y
-0.2636224498464165,-0.2636224498464165
-0.23509448221138568,-0.23509448221138568
-0.29979601537689077,-0.29979601537689077
-0.24380692781625998,-0.24380692781625998
-0.2145019509681645,-0.2145019509681645
-0.3143504246707701,-0.3143504246707701
-0.2701010814082708,-0.2701010814082708
