theta_x,theta_y
-0.9348367373490638,-0.9348367373490638
-1.3643356373357414,-1.3643356373357414
3.141592653589793,3.141592653589793
