,theta_x,theta_y
0,3.141592653589793,3.141592653589793
1,-3.141592653589793,-3.141592653589793
2,-0.14065153703494093,-0.14065153703494093
3,-3.141592653589793,-3.141592653589793
4,1.6708913950551587,1.6708913950551587
5,-3.141592653589793,-3.141592653589793
6,-3.141592653589793,-3.141592653589793
7,-3.141592653589793,-3.141592653589793
8,2.2821075695708686,2.2821075695708686
9,-1.3249989656921755,-1.3249989656921755
