,theta_x,theta_y
0,-2.29558220380705,-2.29558220380705
1,-3.141592653589793,-3.141592653589793
