,theta_x,theta_y
0,1.792088136847896,1.792088136847896
1,1.6978526011724717,1.6978526011724717
2,0.009109795433725532,0.009109795433725532
3,-0.9434732140160345,-0.9434732140160345
4,-2.8344577771387502,-2.8344577771387502
5,-0.591016284514667,-0.591016284514667
6,-0.8322427867838308,-0.8322427867838308
7,-2.7832421280000745,-2.7832421280000745
8,-3.115344500196787,-3.115344500196787
