,theta_x,theta_y
0,1.9095282782782128,1.9095282782782128
1,1.68756621372863,1.68756621372863
2,-0.06459616746500729,-0.06459616746500729
3,-0.9706800550943551,-0.9706800550943551
4,-2.779197929645319,-2.779197929645319
5,-0.425580335777567,-0.425580335777567
6,-0.6536350023942918,-0.6536350023942918
7,-2.6614620094819363,-2.6614620094819363
8,-2.992609191123088,-2.992609191123088
