,theta_x,theta_y
0,1.768659930586496,1.768659930586496
1,1.3465408414676248,1.3465408414676248
2,0.024224557353122355,0.024224557353122355
3,-1.348195798551092,-1.348195798551092
