,theta_x,theta_y
0,0.12357340085912552,0.12357340085912552
1,1.776090051295961,1.776090051295961
2,2.120013227577202,2.120013227577202
3,-1.3328644187701706,-1.3328644187701706
4,-0.9137582551888125,-0.9137582551888125
5,2.275572146091486,2.275572146091486
6,-2.2344678307146464,-2.2344678307146464
7,1.7254679269848952,1.7254679269848952
