,theta_x,theta_y
0,-0.05135953650477742,-0.05135953650477742
1,-1.605653765592652,-1.605653765592652
2,-1.8309813803347805,-1.8309813803347805
3,-1.8077490972880124,-1.8077490972880124
4,2.615464599925383,2.615464599925383
5,-0.2015054648716954,-0.2015054648716954
6,-0.893621065358608,-0.893621065358608
7,-0.8141335884865719,-0.8141335884865719
