,theta_x,theta_y
0,-1.009881461008604,-1.009881461008604
1,-3.141592653589793,-3.141592653589793
2,2.2467704567515474,2.2467704567515474
3,-1.8350582046462989,-1.8350582046462989
4,-1.3711798448760821,-1.3711798448760821
5,-2.113397194475808,-2.113397194475808
6,-2.2042558797777874,-2.2042558797777874
