theta_x,theta_y
-2.3652728468122555,-2.3652728468122555
-2.3562117729568506,-2.3562117729568506
-2.2143277119844287,-2.2143277119844287
-1.6422335597449393,-1.6422335597449393
3.107926973003709,3.107926973003709
