,theta_x,theta_y
0,0.7594997325535247,0.7594997325535247
1,-1.0097048651146665,-1.0097048651146665
2,-3.0762804682233984,-3.0762804682233984
3,-3.141592653589793,-3.141592653589793
4,1.7167669711374498,1.7167669711374498
5,2.036363482689681,2.036363482689681
6,1.9821083722156816,1.9821083722156816
7,2.7009117916656984,2.7009117916656984
8,0.6233865592569976,0.6233865592569976
9,2.7353473796421675,2.7353473796421675
