,theta_x,theta_y
0,0.8472784083709839,0.8472784083709839
1,-2.268875991194451,-2.268875991194451
