,theta_x,theta_y
0,2.8391205772448767,2.8391205772448767
1,2.3697193290291496,2.3697193290291496
2,0.80815046724477,0.80815046724477
3,-1.206779530280505,-1.206779530280505
