theta_x,theta_y
1.3167323579910963,1.3167323579910963
1.1702235042571412,1.1702235042571412
1.3788324481457275,1.3788324481457275
1.1421396552355478,1.1421396552355478
1.0563010031539355,1.0563010031539355
0.8048390622350001,0.8048390622350001
