,theta_x,theta_y
0,0.905503013870908,0.905503013870908
