,theta_x,theta_y
0,1.1786343085798203,1.1786343085798203
1,1.1852346420288529,1.1852346420288529
2,-1.0417499581523695,-1.0417499581523695
