,theta_x,theta_y
0,1.3249674677156897,1.3249674677156897
1,-0.8085281097922268,-0.8085281097922268
2,-0.8342644705448833,-0.8342644705448833
3,-0.473326270718824,-0.473326270718824
4,0.151261383835176,0.151261383835176
5,-2.014097777707427,-2.014097777707427
6,-1.9850544900112688,-1.9850544900112688
7,-1.8544062976058202,-1.8544062976058202
8,-0.33948642054555755,-0.33948642054555755
9,-0.3806492039810727,-0.3806492039810727
