theta_x,theta_y
1.3249674677156897,1.3249674677156897
-0.8085281097922268,-0.8085281097922268
-0.8342644705448833,-0.8342644705448833
-0.473326270718824,-0.473326270718824
0.151261383835176,0.151261383835176
-2.014097777707427,-2.014097777707427
-1.9850544900112688,-1.9850544900112688
-1.8544062976058202,-1.8544062976058202
-0.33948642054555755,-0.33948642054555755
-0.3806492039810727,-0.3806492039810727
