theta_x,theta_y
-3.141592653589793,-3.141592653589793
-3.141592653589793,-3.141592653589793
2.4204066991838284,2.4204066991838284
2.4187078920600245,2.4187078920600245
-3.141592653589793,-3.141592653589793
2.3420777463806957,2.3420777463806957
2.469737924105375,2.469737924105375
-3.141592653589793,-3.141592653589793
2.296300795840581,2.296300795840581
-3.141592653589793,-3.141592653589793
