,theta_x,theta_y
0,-3.141592653589793,-3.141592653589793
1,-1.8999626320776053,-1.8999626320776053
2,2.310726483500446,2.310726483500446
3,2.3650190230985264,2.3650190230985264
