,theta_x,theta_y
0,0.9967464599518461,0.9967464599518461
1,0.19396724824115524,0.19396724824115524
