,theta_x,theta_y
0,-1.6175808319941065,-1.6175808319941065
1,3.141592653589793,3.141592653589793
2,-1.6786519185932502,-1.6786519185932502
3,3.141592653589793,3.141592653589793
