theta_x,theta_y
2.583830529950419,2.583830529950419
1.1887787121273965,1.1887787121273965
0.7549652704789719,0.7549652704789719
