theta_x,theta_y
-2.059861474922006,-2.059861474922006
2.6750931633442403,2.6750931633442403
-3.0518001187860864,-3.0518001187860864
2.210524426501263,2.210524426501263
1.9891850802230138,1.9891850802230138
-2.9757690776637076,-2.9757690776637076
-2.9653298134788266,-2.9653298134788266
-2.8879252708580503,-2.8879252708580503
-2.242946480555174,-2.242946480555174
