,theta_x,theta_y
0,-0.41433736925800846,-0.41433736925800846
1,-1.0561215737200702,-1.0561215737200702
2,-0.956134762377754,-0.956134762377754
3,-0.7599251562460875,-0.7599251562460875
4,3.141592653589793,3.141592653589793
5,0.02933474014186817,0.02933474014186817
6,0.8143202035622418,0.8143202035622418
7,-0.17367093918998058,-0.17367093918998058
8,1.1084390797510555,1.1084390797510555
