,theta_x,theta_y
0,1.3324442200402038,1.3324442200402038
1,0.98697020233288,0.98697020233288
2,1.2519001624271187,1.2519001624271187
3,1.2884644270336683,1.2884644270336683
4,1.2107875701274358,1.2107875701274358
5,0.9038877734551668,0.9038877734551668
6,0.813545465866906,0.813545465866906
