theta_x,theta_y
1.3061225797731284,1.3061225797731284
0.9762152354858118,0.9762152354858118
0.7611547646683965,0.7611547646683965
-1.3039871682318305,-1.3039871682318305
-3.141592653589793,-3.141592653589793
