theta_x,theta_y
-3.0091869498751547,-3.0091869498751547
-1.0172684863787615,-1.0172684863787615
1.443710429357244,1.443710429357244
0.9993112856494409,0.9993112856494409
-2.911813772289808,-2.911813772289808
0.6299189238821289,0.6299189238821289
0.4816442175217949,0.4816442175217949
-1.5879298300717983,-1.5879298300717983
1.0311554882662297,1.0311554882662297
-2.3770626409756668,-2.3770626409756668
