,theta_x,theta_y
0,-2.4784878028757813,-2.4784878028757813
1,-3.141592653589793,-3.141592653589793
2,2.526180320861311,2.526180320861311
3,-3.141592653589793,-3.141592653589793
4,0.2581908777666053,0.2581908777666053
5,3.141592653589793,3.141592653589793
6,-2.927654106917179,-2.927654106917179
