,theta_x,theta_y
0,-2.4296590841015777,-2.4296590841015777
1,0.8042251244864681,0.8042251244864681
2,3.141592653589793,3.141592653589793
3,-3.130432208434459,-3.130432208434459
4,2.0399534569014808,2.0399534569014808
5,1.6321109339541888,1.6321109339541888
6,-3.141592653589793,-3.141592653589793
