,theta_x,theta_y
0,1.4759950733981002,1.4759950733981002
1,2.0044015546207707,2.0044015546207707
