,theta_x,theta_y
0,2.7730973054890584,2.7730973054890584
1,-3.141592653589793,-3.141592653589793
2,1.3769739038177706,1.3769739038177706
3,-3.141592653589793,-3.141592653589793
4,1.7545496950084525,1.7545496950084525
5,-3.072398792765951,-3.072398792765951
6,2.9835462177089362,2.9835462177089362
7,-2.51129400905677,-2.51129400905677
8,1.9331438440478652,1.9331438440478652
