theta_x,theta_y
2.7350534737323,2.7350534737323
-1.6968042191948154,-1.6968042191948154
2.0194056497675623,2.0194056497675623
-3.052845290153859,-3.052845290153859
2.603838920748268,2.603838920748268
-0.5300051318705247,-0.5300051318705247
2.6793855560304936,2.6793855560304936
1.7167104313881707,1.7167104313881707
2.9288873288948,2.9288873288948
