,theta_x,theta_y
0,-0.3781607958824736,-0.3781607958824736
1,3.0563558390545476,3.0563558390545476
2,-1.6939283289275018,-1.6939283289275018
3,2.6026802437411365,2.6026802437411365
4,2.0359516154823747,2.0359516154823747
5,0.744823506468379,0.744823506468379
