,theta_x,theta_y
0,0.12409173326204215,0.12409173326204215
1,0.22872615833346277,0.22872615833346277
2,-1.5289423772071573,-1.5289423772071573
3,-0.23188628206647688,-0.23188628206647688
4,-0.6396777341415048,-0.6396777341415048
5,-0.21869612709490083,-0.21869612709490083
6,-0.35235574309026446,-0.35235574309026446
