,theta_x,theta_y
0,-1.6365673990818135,-1.6365673990818135
1,-2.0942235703698477,-2.0942235703698477
