,theta_x,theta_y
0,-2.3271438279605023,-2.3271438279605023
1,-1.8441262663384772,-1.8441262663384772
