,theta_x,theta_y
0,1.4640704791457855,1.4640704791457855
1,-3.141592653589793,-3.141592653589793
2,-3.141592653589793,-3.141592653589793
