theta_x,theta_y
0.6127134925884072,0.6127134925884072
0.8151785145852686,0.8151785145852686
1.590920001194682,1.590920001194682
-2.927559703344547,-2.927559703344547
0.3755431539522454,0.3755431539522454
-1.0652761096756829,-1.0652761096756829
