theta_x,theta_y
0.39867811062650327,0.39867811062650327
3.1405073704668016,3.1405073704668016
-2.5128271286818205,-2.5128271286818205
2.6897792468386315,2.6897792468386315
-1.3780616092927496,-1.3780616092927496
-0.11482276631880979,-0.11482276631880979
2.3989448689108173,2.3989448689108173
-0.2333807263038393,-0.2333807263038393
0.999323280592828,0.999323280592828
-2.954850643176535,-2.954850643176535
