,theta_x,theta_y
0,0.3805430607238662,0.3805430607238662
1,0.3080083227703905,0.3080083227703905
