theta_x,theta_y
3.141592653589793,3.141592653589793
-0.999108641024247,-0.999108641024247
0.06605422493221857,0.06605422493221857
3.141592653589793,3.141592653589793
1.2673502387852895,1.2673502387852895
3.141592653589793,3.141592653589793
2.19353919622996,2.19353919622996
