,theta_x,theta_y
0,0.47196706346950307,0.47196706346950307
1,-1.4319807190577856,-1.4319807190577856
2,-1.5373711509218324,-1.5373711509218324
3,-1.1996188311633924,-1.1996188311633924
4,3.141592653589793,3.141592653589793
5,0.10304405900377794,0.10304405900377794
6,1.4318215194391017,1.4318215194391017
7,-1.7185890474721313,-1.7185890474721313
