theta_x,theta_y
0.007471977663676281,0.007471977663676281
3.141592653589793,3.141592653589793
-1.8132900152765072,-1.8132900152765072
3.130432687822445,3.130432687822445
-1.1994372037143266,-1.1994372037143266
-0.5846717869724671,-0.5846717869724671
2.782773255321372,2.782773255321372
-0.7277401799918097,-0.7277401799918097
0.5069775563412035,0.5069775563412035
