theta_x,theta_y
1.939171099161145,1.939171099161145
1.5955752843860935,1.5955752843860935
0.4412221717935555,0.4412221717935555
-1.8381848717315594,-1.8381848717315594
