,theta_x,theta_y
0,0.0497100983517879,0.0497100983517879
1,2.4877456703451566,2.4877456703451566
2,-1.98407628280761,-1.98407628280761
3,2.324702944060679,2.324702944060679
4,-0.6352229728503107,-0.6352229728503107
5,-0.4932237322087189,-0.4932237322087189
6,1.6273504127480725,1.6273504127480725
7,-0.5603510045499945,-0.5603510045499945
8,-0.1748189003113459,-0.1748189003113459
