,theta_x,theta_y
0,1.0119703453684084,1.0119703453684084
1,0.9823459175649146,0.9823459175649146
2,-3.141592653589793,-3.141592653589793
3,-3.141592653589793,-3.141592653589793
