theta_x,theta_y
0.621886261694777,0.621886261694777
0.4337344457422285,0.4337344457422285
0.3959413821362871,0.3959413821362871
0.3869636898684672,0.3869636898684672
0.4378077705086275,0.4378077705086275
0.38296800321737035,0.38296800321737035
0.19656324213205822,0.19656324213205822
0.2583099898290558,0.2583099898290558
