,theta_x,theta_y
0,0.18798321989893318,0.18798321989893318
1,0.20940448517052393,0.20940448517052393
2,-0.09444270150820022,-0.09444270150820022
3,-0.5344819975768299,-0.5344819975768299
4,3.1265110502164237,3.1265110502164237
5,-0.5059354053770978,-0.5059354053770978
