theta_x,theta_y
-2.496800916381365,-2.496800916381365
1.2980747190053268,1.2980747190053268
-3.141592653589793,-3.141592653589793
2.343535209059924,2.343535209059924
2.390809240910285,2.390809240910285
-0.8197967067195338,-0.8197967067195338
-3.141592653589793,-3.141592653589793
