theta_x,theta_y
-3.141592653589793,-3.141592653589793
-0.5528245522239804,-0.5528245522239804
