,theta_x,theta_y
0,2.616847120021605,2.616847120021605
1,0.11972374770394431,0.11972374770394431
2,2.8333517921469458,2.8333517921469458
3,-2.059193896610192,-2.059193896610192
4,0.23427299236452104,0.23427299236452104
