theta_x,theta_y
1.4069399597250745,1.4069399597250745
0.7914242726987998,0.7914242726987998
