theta_x,theta_y
-1.850924384643493,-1.850924384643493
3.141592653589793,3.141592653589793
