theta_x,theta_y
-0.3431413480422372,-0.3431413480422372
3.141592653589793,3.141592653589793
-2.534832042470931,-2.534832042470931
3.0552109001772982,3.0552109001772982
-1.8844435069344532,-1.8844435069344532
-0.5563815022751251,-0.5563815022751251
2.1267900924715137,2.1267900924715137
-0.5561332470622808,-0.5561332470622808
0.923493685901774,0.923493685901774
