,theta_x,theta_y
0,2.328596240791675,2.328596240791675
1,0.23725429614923474,0.23725429614923474
2,2.5717128205147635,2.5717128205147635
3,-2.7549591806021727,-2.7549591806021727
4,0.6215990442899981,0.6215990442899981
5,-0.2990157880403802,-0.2990157880403802
6,1.4104874624094288,1.4104874624094288
