,theta_x,theta_y
0,2.0379556642159686,2.0379556642159686
1,-0.7098479584668019,-0.7098479584668019
2,2.635589869520835,2.635589869520835
3,-3.141592653589793,-3.141592653589793
4,0.9435824967719427,0.9435824967719427
5,-0.7699025376464064,-0.7699025376464064
6,0.7065254640354395,0.7065254640354395
