theta_x,theta_y
3.138516989523943,3.138516989523943
0.4525331731978893,0.4525331731978893
3.0446232590737488,3.0446232590737488
-2.911257938641294,-2.911257938641294
1.2338913849345363,1.2338913849345363
0.9295531151845371,0.9295531151845371
1.035148724884151,1.035148724884151
