theta_x,theta_y
-1.3362110365001973,-1.3362110365001973
-2.7576861461213715,-2.7576861461213715
3.141592653589793,3.141592653589793
0.20676750749645337,0.20676750749645337
-2.625393660098643,-2.625393660098643
-1.9069364580682717,-1.9069364580682717
