,theta_x,theta_y
0,-1.3362110365001973,-1.3362110365001973
1,-2.7576861461213715,-2.7576861461213715
2,3.141592653589793,3.141592653589793
3,0.20676750749645337,0.20676750749645337
4,-2.625393660098643,-2.625393660098643
5,-1.9069364580682717,-1.9069364580682717
