theta_x,theta_y
-3.141592653589793,-3.141592653589793
-3.141592653589793,-3.141592653589793
2.3554391585235934,2.3554391585235934
-3.141592653589793,-3.141592653589793
2.484320786856603,2.484320786856603
