,theta_x,theta_y
0,-3.141592653589793,-3.141592653589793
1,-3.141592653589793,-3.141592653589793
2,2.3554391585235934,2.3554391585235934
3,-3.141592653589793,-3.141592653589793
4,2.484320786856603,2.484320786856603
