,theta_x,theta_y
0,0.56434687200103,0.56434687200103
1,-0.9245554759863955,-0.9245554759863955
2,-3.141592653589793,-3.141592653589793
3,-3.141592653589793,-3.141592653589793
