,theta_x,theta_y
0,-0.37501072645876005,-0.37501072645876005
1,-0.7509342960601574,-0.7509342960601574
2,0.4174326706404661,0.4174326706404661
3,-1.4725484266452251,-1.4725484266452251
4,-0.8145901616997884,-0.8145901616997884
5,-1.4643652428222902,-1.4643652428222902
6,-1.6865537371665424,-1.6865537371665424
7,-1.296488830569975,-1.296488830569975
8,-0.5311909980997569,-0.5311909980997569
9,-1.0120997035348493,-1.0120997035348493
