,theta_x,theta_y
0,0.29451496494540164,0.29451496494540164
1,-0.6220746795987189,-0.6220746795987189
