,theta_x,theta_y
0,-1.5128147734329696,-1.5128147734329696
