,theta_x,theta_y
0,-0.27779882723112664,-0.27779882723112664
1,-0.619589855647801,-0.619589855647801
2,-0.7892608623693679,-0.7892608623693679
3,-0.9579703689840143,-0.9579703689840143
4,3.141592653589793,3.141592653589793
5,-0.5542171772467178,-0.5542171772467178
6,-0.5463725424547864,-0.5463725424547864
7,-1.0116374768813614,-1.0116374768813614
