,theta_x,theta_y
0,1.2561218208656206,1.2561218208656206
1,2.6696162264262457,2.6696162264262457
2,-0.9688467171482924,-0.9688467171482924
