,theta_x,theta_y
0,0.8946507180613124,0.8946507180613124
1,3.141592653589793,3.141592653589793
2,2.054029831328815,2.054029831328815
3,-1.2938725613300932,-1.2938725613300932
4,-1.0616219113806773,-1.0616219113806773
5,2.908930496222336,2.908930496222336
6,-2.6780807598762433,-2.6780807598762433
7,2.354738482267404,2.354738482267404
8,2.0618818901298113,2.0618818901298113
9,0.1634027776210625,0.1634027776210625
