theta_x,theta_y
2.1531568918103052,2.1531568918103052
-0.9771664534250559,-0.9771664534250559
