,theta_x,theta_y
0,-0.0750146214844078,-0.0750146214844078
1,-1.5390369517495988,-1.5390369517495988
2,-1.8271750658515313,-1.8271750658515313
3,-2.167620423476469,-2.167620423476469
4,2.360522629983774,2.360522629983774
5,2.196074691378869,2.196074691378869
6,0.20774516788300262,0.20774516788300262
7,0.12091160882606364,0.12091160882606364
8,0.13687095827867202,0.13687095827867202
