theta_x,theta_y
-0.0750146214844078,-0.0750146214844078
-1.5390369517495988,-1.5390369517495988
-1.8271750658515313,-1.8271750658515313
-2.167620423476469,-2.167620423476469
2.360522629983774,2.360522629983774
2.196074691378869,2.196074691378869
0.20774516788300262,0.20774516788300262
0.12091160882606364,0.12091160882606364
0.13687095827867202,0.13687095827867202
