,theta_x,theta_y
0,-0.21126619956318457,-0.21126619956318457
1,-0.408015135357286,-0.408015135357286
2,-0.43162806834111245,-0.43162806834111245
3,-1.2130393050737645,-1.2130393050737645
4,3.1251591181873297,3.1251591181873297
5,0.3529032853222136,0.3529032853222136
6,0.48951346025980413,0.48951346025980413
