,theta_x,theta_y
0,-0.749464552894409,-0.749464552894409
1,1.9776818224143626,1.9776818224143626
2,-3.141592653589793,-3.141592653589793
3,3.141592653589793,3.141592653589793
