,theta_x,theta_y
0,-1.1845947069155929,-1.1845947069155929
