,theta_x,theta_y
0,0.7139141123698238,0.7139141123698238
1,1.857963438644909,1.857963438644909
2,1.3607801192470539,1.3607801192470539
3,-1.2884580375698982,-1.2884580375698982
4,-0.6346715048237684,-0.6346715048237684
5,1.7151475167886017,1.7151475167886017
6,-3.1119635395827423,-3.1119635395827423
7,1.7249753321760306,1.7249753321760306
8,1.9561359430196035,1.9561359430196035
