theta_x,theta_y
3.141592653589793,3.141592653589793
2.4255739174793374,2.4255739174793374
-0.023060956405938852,-0.023060956405938852
-0.9828665112935965,-0.9828665112935965
-1.914610196779011,-1.914610196779011
