,theta_x,theta_y
0,2.2395714105314615,2.2395714105314615
1,0.6100519211291692,0.6100519211291692
2,2.39568828376675,2.39568828376675
3,-2.8879450410642633,-2.8879450410642633
4,0.6597798333204966,0.6597798333204966
5,-0.604891307391716,-0.604891307391716
6,1.8124116559298442,1.8124116559298442
7,-2.411074201467472,-2.411074201467472
