theta_x,theta_y
2.2395714105314615,2.2395714105314615
0.6100519211291692,0.6100519211291692
2.39568828376675,2.39568828376675
-2.8879450410642633,-2.8879450410642633
0.6597798333204966,0.6597798333204966
-0.604891307391716,-0.604891307391716
1.8124116559298442,1.8124116559298442
-2.411074201467472,-2.411074201467472
