,theta_x,theta_y
0,-3.141592653589793,-3.141592653589793
1,-3.141592653589793,-3.141592653589793
2,3.053012556239035,3.053012556239035
3,-1.8596422033645388,-1.8596422033645388
4,0.5317829345239987,0.5317829345239987
5,-2.3531391428756514,-2.3531391428756514
6,-0.6786610468491275,-0.6786610468491275
