,theta_x,theta_y
0,-0.39529762227504645,-0.39529762227504645
1,3.141592653589793,3.141592653589793
2,-0.4088168943269495,-0.4088168943269495
3,-0.7690428766935645,-0.7690428766935645
4,-0.2823020821655585,-0.2823020821655585
5,-0.8902537595768701,-0.8902537595768701
6,-0.8811840108785725,-0.8811840108785725
7,-1.0574333604282915,-1.0574333604282915
8,-1.286319465089225,-1.286319465089225
9,-1.0412956904605186,-1.0412956904605186
