,theta_x,theta_y
0,-1.7320206294123262,-1.7320206294123262
1,2.8928660086222386,2.8928660086222386
2,-2.618326851452908,-2.618326851452908
3,2.8739589435136152,2.8739589435136152
4,-2.4957824614507462,-2.4957824614507462
5,-2.0101853641904666,-2.0101853641904666
