theta_x,theta_y
0.9389256373163468,0.9389256373163468
-0.32206297359183444,-0.32206297359183444
-2.2823619898935674,-2.2823619898935674
-2.792785784831564,-2.792785784831564
1.767056979884398,1.767056979884398
2.118229333572597,2.118229333572597
0.8919145833453899,0.8919145833453899
0.9289834546388082,0.9289834546388082
