,theta_x,theta_y
0,1.91580028795074,1.91580028795074
1,1.7783756081992852,1.7783756081992852
