,theta_x,theta_y
0,-3.141592653589793,-3.141592653589793
1,-3.141592653589793,-3.141592653589793
2,-3.141592653589793,-3.141592653589793
3,2.311545099182064,2.311545099182064
4,2.301997269253603,2.301997269253603
5,-3.141592653589793,-3.141592653589793
6,2.2120606435170482,2.2120606435170482
7,-3.141592653589793,-3.141592653589793
8,-3.141592653589793,-3.141592653589793
9,2.3650991329638904,2.3650991329638904
