,theta_x,theta_y
0,-1.0379717739170238,-1.0379717739170238
1,3.141592653589793,3.141592653589793
2,-2.8581198158377887,-2.8581198158377887
3,3.0698314063492638,3.0698314063492638
4,-2.16842139353393,-2.16842139353393
