theta_x,theta_y
-1.1125899879695034,-1.1125899879695034
3.064786736871917,3.064786736871917
