,theta_x,theta_y
0,-0.27640443549276256,-0.27640443549276256
1,-0.27876344311109863,-0.27876344311109863
2,-0.25024426991249654,-0.25024426991249654
3,-0.2864394109615607,-0.2864394109615607
4,-0.26399937554556724,-0.26399937554556724
5,-0.2858549340105824,-0.2858549340105824
6,-0.3047866741697587,-0.3047866741697587
