theta_x,theta_y
3.141592653589793,3.141592653589793
-0.8021533505227401,-0.8021533505227401
0.4269353151281122,0.4269353151281122
3.141592653589793,3.141592653589793
1.653558852905198,1.653558852905198
3.141592653589793,3.141592653589793
