,theta_x,theta_y
0,3.141592653589793,3.141592653589793
1,-0.8021533505227401,-0.8021533505227401
2,0.4269353151281122,0.4269353151281122
3,3.141592653589793,3.141592653589793
4,1.653558852905198,1.653558852905198
5,3.141592653589793,3.141592653589793
