,theta_x,theta_y
0,0.3971638918768006,0.3971638918768006
1,1.3728856749937877,1.3728856749937877
