,theta_x,theta_y
0,-2.3900724138463736,-2.3900724138463736
1,3.141592653589793,3.141592653589793
2,-3.141592653589793,-3.141592653589793
3,2.5306175218523093,2.5306175218523093
4,2.0458331689794873,2.0458331689794873
