,theta_x,theta_y
0,-0.32315073047428367,-0.32315073047428367
