,theta_x,theta_y
0,2.749602131034916,2.749602131034916
1,-3.141592653589793,-3.141592653589793
2,3.141592653589793,3.141592653589793
