,theta_x,theta_y
0,-0.5563219548110566,-0.5563219548110566
1,3.141592653589793,3.141592653589793
2,-0.5440340282973467,-0.5440340282973467
3,3.141592653589793,3.141592653589793
4,-0.5939831461887003,-0.5939831461887003
5,-0.729651299469161,-0.729651299469161
6,-0.9755506507245711,-0.9755506507245711
7,-1.040211653578125,-1.040211653578125
8,-1.1919967706516708,-1.1919967706516708
9,-1.2945593909846893,-1.2945593909846893
