,theta_x,theta_y
0,-0.684389526432894,-0.684389526432894
1,-1.2896772955673814,-1.2896772955673814
2,-0.8350012697225252,-0.8350012697225252
3,-1.2310648314866213,-1.2310648314866213
4,3.141592653589793,3.141592653589793
5,3.1241927885821092,3.1241927885821092
6,-1.7652623303237613,-1.7652623303237613
7,-1.3648124534976465,-1.3648124534976465
