,theta_x,theta_y
0,1.3762285087983384,1.3762285087983384
