theta_x,theta_y
-2.288820654257617,-2.288820654257617
-3.141592653589793,-3.141592653589793
2.681744858672849,2.681744858672849
-3.141592653589793,-3.141592653589793
2.238401783839777,2.238401783839777
3.141592653589793,3.141592653589793
-2.914114754997555,-2.914114754997555
-3.141592653589793,-3.141592653589793
