theta_x,theta_y
-2.9548307945062757,-2.9548307945062757
-3.141592653589793,-3.141592653589793
-0.0404339431391084,-0.0404339431391084
1.2579507642728718,1.2579507642728718
