,theta_x,theta_y
0,2.1659014999517647,2.1659014999517647
1,0.6868692920376145,0.6868692920376145
2,1.6652251964934301,1.6652251964934301
3,-0.844926287656047,-0.844926287656047
