theta_x,theta_y
-2.995406747619023,-2.995406747619023
-3.141592653589793,-3.141592653589793
2.78900052900811,2.78900052900811
0.2544535088251459,0.2544535088251459
-2.424492411921232,-2.424492411921232
2.344630205449272,2.344630205449272
-2.208698606090913,-2.208698606090913
