,theta_x,theta_y
0,1.0854071400192145,1.0854071400192145
1,-1.930277700254134,-1.930277700254134
2,-2.955390486125359,-2.955390486125359
3,-3.0638144717560465,-3.0638144717560465
4,2.313171239850555,2.313171239850555
