,theta_x,theta_y
0,0.2030868516238295,0.2030868516238295
1,2.0997493429251586,2.0997493429251586
2,1.1213187275676006,1.1213187275676006
3,-1.0494210158481554,-1.0494210158481554
4,-0.9195080850083477,-0.9195080850083477
5,1.9180766872746888,1.9180766872746888
6,-2.439913171352364,-2.439913171352364
