,theta_x,theta_y
0,-0.3514064738494143,-0.3514064738494143
1,1.9573667367691618,1.9573667367691618
2,0.11283039887188129,0.11283039887188129
3,-0.6653795464310981,-0.6653795464310981
4,-1.0606397593791734,-1.0606397593791734
5,1.1044593582368174,1.1044593582368174
