,theta_x,theta_y
0,2.912222053091237,2.912222053091237
1,2.4686070760097913,2.4686070760097913
2,1.3922116850081496,1.3922116850081496
3,-3.141592653589793,-3.141592653589793
4,-3.141592653589793,-3.141592653589793
5,-0.8318723561316548,-0.8318723561316548
