,theta_x,theta_y
0,3.141592653589793,3.141592653589793
1,-0.613841080005424,-0.613841080005424
2,-0.05234701326410999,-0.05234701326410999
3,2.0321384846938844,2.0321384846938844
4,0.8980180812627353,0.8980180812627353
5,3.141592653589793,3.141592653589793
6,3.141592653589793,3.141592653589793
7,3.141592653589793,3.141592653589793
