theta_x,theta_y
3.141592653589793,3.141592653589793
-0.613841080005424,-0.613841080005424
-0.05234701326410999,-0.05234701326410999
2.0321384846938844,2.0321384846938844
0.8980180812627353,0.8980180812627353
3.141592653589793,3.141592653589793
3.141592653589793,3.141592653589793
3.141592653589793,3.141592653589793
