,theta_x,theta_y
0,-1.9331324138179904,-1.9331324138179904
