,theta_x,theta_y
0,0.4684235216953558,0.4684235216953558
1,3.141592653589793,3.141592653589793
2,-0.1663503816983373,-0.1663503816983373
3,3.141592653589793,3.141592653589793
4,0.03052881702836805,0.03052881702836805
5,1.297142740175219,1.297142740175219
6,-0.7151707923503727,-0.7151707923503727
