theta_x,theta_y
0.4684235216953558,0.4684235216953558
3.141592653589793,3.141592653589793
-0.1663503816983373,-0.1663503816983373
3.141592653589793,3.141592653589793
0.03052881702836805,0.03052881702836805
1.297142740175219,1.297142740175219
-0.7151707923503727,-0.7151707923503727
