theta_x,theta_y
0.3643930550648808,0.3643930550648808
-0.9253869127874937,-0.9253869127874937
-2.16844918208263,-2.16844918208263
-2.697937853268858,-2.697937853268858
1.7358948556143299,1.7358948556143299
2.1838694273356887,2.1838694273356887
0.5456254884999625,0.5456254884999625
0.7479327912982314,0.7479327912982314
0.17466017144955512,0.17466017144955512
1.8813002008886195,1.8813002008886195
