,theta_x,theta_y
0,2.54515637360488,2.54515637360488
1,0.29431454529860684,0.29431454529860684
