,theta_x,theta_y
0,-1.2780694408711628,-1.2780694408711628
1,-2.252893858053451,-2.252893858053451
2,1.9902506092296035,1.9902506092296035
3,-0.528987416749754,-0.528987416749754
4,-2.196261695266648,-2.196261695266648
5,-2.076954987331299,-2.076954987331299
6,-1.8387623817165475,-1.8387623817165475
7,-1.4992569278193169,-1.4992569278193169
