,theta_x,theta_y
0,-3.141592653589793,-3.141592653589793
1,1.9684046674039177,1.9684046674039177
