,theta_x,theta_y
0,-2.512758457237204,-2.512758457237204
1,-2.5829243834915974,-2.5829243834915974
2,3.0259692641062976,3.0259692641062976
3,-2.9459617642065976,-2.9459617642065976
4,-0.5192947597541198,-0.5192947597541198
5,-1.1237081072195485,-1.1237081072195485
