,theta_x,theta_y
0,-0.6117137343015975,-0.6117137343015975
1,3.141592653589793,3.141592653589793
2,-3.141592653589793,-3.141592653589793
3,2.0350234637497273,2.0350234637497273
4,-2.104344299146702,-2.104344299146702
5,0.7728198598238716,0.7728198598238716
6,1.8181631590704443,1.8181631590704443
7,0.16700325331813248,0.16700325331813248
8,0.4495851972438739,0.4495851972438739
