,theta_x,theta_y
0,-0.29283972315131396,-0.29283972315131396
1,3.0710924603668888,3.0710924603668888
2,0.8860151493767296,0.8860151493767296
3,-0.893567078157985,-0.893567078157985
4,-1.8666620088854864,-1.8666620088854864
5,2.680382091326503,2.680382091326503
