,theta_x,theta_y
0,-2.657154780717374,-2.657154780717374
1,3.0077439940587176,3.0077439940587176
2,-2.8760840160710965,-2.8760840160710965
3,2.7287355085140343,2.7287355085140343
4,3.093046336115215,3.093046336115215
5,-2.7248182727697396,-2.7248182727697396
