theta_x,theta_y
-2.6729688182538234,-2.6729688182538234
-1.9117989545938223,-1.9117989545938223
