,theta_x,theta_y
0,-2.6729688182538234,-2.6729688182538234
1,-1.9117989545938223,-1.9117989545938223
