,theta_x,theta_y
0,3.141592653589793,3.141592653589793
1,-0.9129238959368551,-0.9129238959368551
2,-1.038986773724702,-1.038986773724702
3,-1.0469846270345158,-1.0469846270345158
4,-1.0783910910715966,-1.0783910910715966
5,3.141592653589793,3.141592653589793
6,3.141592653589793,3.141592653589793
