,theta_x,theta_y
0,2.8623982135529213,2.8623982135529213
1,-0.7711217237874944,-0.7711217237874944
2,1.0732086450224325,1.0732086450224325
3,1.8546975883119956,1.8546975883119956
4,0.48262345471878065,0.48262345471878065
5,2.666478869274529,2.666478869274529
6,0.870408624097551,0.870408624097551
7,1.6387877004186961,1.6387877004186961
8,-2.2766845214293445,-2.2766845214293445
