,theta_x,theta_y
0,0.26187996959720117,0.26187996959720117
1,-0.8423490879865334,-0.8423490879865334
2,-3.0587712464436,-3.0587712464436
