theta_x,theta_y
2.7618208631100503,2.7618208631100503
0.3418503311979013,0.3418503311979013
2.9633773859170263,2.9633773859170263
-3.1046795542792998,-3.1046795542792998
0.9346514859418518,0.9346514859418518
