,theta_x,theta_y
0,-2.9802663099836124,-2.9802663099836124
1,-2.376190032753516,-2.376190032753516
2,2.0823943573959376,2.0823943573959376
3,1.329480241125661,1.329480241125661
4,-3.141592653589793,-3.141592653589793
5,0.6209630725777655,0.6209630725777655
6,0.739827687558192,0.739827687558192
7,-2.934289543175285,-2.934289543175285
8,1.3965174362704733,1.3965174362704733
