,theta_x,theta_y
0,0.498596347744802,0.498596347744802
1,-0.18194395448257222,-0.18194395448257222
