,theta_x,theta_y
0,1.1179413086120555,1.1179413086120555
