,theta_x,theta_y
0,2.3461983366510655,2.3461983366510655
1,-0.11742063561633073,-0.11742063561633073
2,0.18033414587650132,0.18033414587650132
3,1.0295134717081493,1.0295134717081493
4,-0.2533287696605947,-0.2533287696605947
5,3.141592653589793,3.141592653589793
6,3.141592653589793,3.141592653589793
7,3.141592653589793,3.141592653589793
