theta_x,theta_y
0.43076528159876604,0.43076528159876604
-1.7023210418175203,-1.7023210418175203
-1.7378647463251333,-1.7378647463251333
-1.2007141215461072,-1.2007141215461072
-0.8457281748168547,-0.8457281748168547
-0.5421959886290806,-0.5421959886290806
-3.141592653589793,-3.141592653589793
0.21336254103138017,0.21336254103138017
2.232777211345146,2.232777211345146
-3.068438741259066,-3.068438741259066
