,theta_x,theta_y
0,0.43076528159876604,0.43076528159876604
1,-1.7023210418175203,-1.7023210418175203
2,-1.7378647463251333,-1.7378647463251333
3,-1.2007141215461072,-1.2007141215461072
4,-0.8457281748168547,-0.8457281748168547
5,-0.5421959886290806,-0.5421959886290806
6,-3.141592653589793,-3.141592653589793
7,0.21336254103138017,0.21336254103138017
8,2.232777211345146,2.232777211345146
9,-3.068438741259066,-3.068438741259066
