,theta_x,theta_y
0,1.5950626326879345,1.5950626326879345
1,0.06018844406284835,0.06018844406284835
2,1.012227987905949,1.012227987905949
3,-2.8489826399465255,-2.8489826399465255
4,1.643444795184414,1.643444795184414
5,-0.31846150344264135,-0.31846150344264135
6,1.302660709038293,1.302660709038293
7,-2.7950270613097716,-2.7950270613097716
