theta_x,theta_y
2.4894550936004514,2.4894550936004514
-0.6203132280957141,-0.6203132280957141
1.0184831138063655,1.0184831138063655
1.6524737161232328,1.6524737161232328
0.7688053968329449,0.7688053968329449
