,theta_x,theta_y
0,2.4894550936004514,2.4894550936004514
1,-0.6203132280957141,-0.6203132280957141
2,1.0184831138063655,1.0184831138063655
3,1.6524737161232328,1.6524737161232328
4,0.7688053968329449,0.7688053968329449
