,theta_x,theta_y
0,-1.4949425470866096,-1.4949425470866096
1,3.0694057430008774,3.0694057430008774
2,-2.652744142103178,-2.652744142103178
3,2.5565792555463345,2.5565792555463345
4,-2.6911593326569916,-2.6911593326569916
5,-0.8607653817801766,-0.8607653817801766
6,2.432422397137381,2.432422397137381
