theta_x,theta_y
1.6899276571777397,1.6899276571777397
3.1415926535897927,3.1415926535897927
-3.141592653589793,-3.141592653589793
0.7064330070741078,0.7064330070741078
-3.141592653589793,-3.141592653589793
