,theta_x,theta_y
0,3.1060530114003404,3.1060530114003404
1,-0.5236290408908184,-0.5236290408908184
