theta_x,theta_y
1.2727510284953585,1.2727510284953585
-0.5139151829073492,-0.5139151829073492
