theta_x,theta_y
0.7560117820467139,0.7560117820467139
1.695163465788384,1.695163465788384
-0.42834502166630095,-0.42834502166630095
-1.0261737925870413,-1.0261737925870413
0.584150709619834,0.584150709619834
