,theta_x,theta_y
0,0.8807131947861111,0.8807131947861111
1,-1.1353088108644058,-1.1353088108644058
2,1.0878799575826987,1.0878799575826987
3,-0.16765204575095097,-0.16765204575095097
4,0.7447932426602644,0.7447932426602644
5,1.7117160883793676,1.7117160883793676
6,3.141592653589793,3.141592653589793
7,3.141592653589793,3.141592653589793
8,-3.1357419615321023,-3.1357419615321023
9,-1.7033012969802415,-1.7033012969802415
