,theta_x,theta_y
0,0.8243988520422856,0.8243988520422856
1,0.6889634250333236,0.6889634250333236
