,theta_x,theta_y
0,1.7500812015008367,1.7500812015008367
1,0.7186450676487481,0.7186450676487481
2,0.9301664914052913,0.9301664914052913
