,theta_x,theta_y
0,3.141592653589793,3.141592653589793
1,-1.5986579759510422,-1.5986579759510422
2,-1.8604051951407512,-1.8604051951407512
3,-2.0768064960297425,-2.0768064960297425
4,3.141592653589793,3.141592653589793
5,3.141592653589793,3.141592653589793
6,3.141592653589793,3.141592653589793
7,3.141592653589793,3.141592653589793
8,-3.141592653589793,-3.141592653589793
9,2.576008503279542,2.576008503279542
