theta_x,theta_y
-0.5433428197192116,-0.5433428197192116
-1.5459246451515722,-1.5459246451515722
-1.8548834157224112,-1.8548834157224112
-2.1715282756180203,-2.1715282756180203
3.141592653589793,3.141592653589793
0.9910358181721852,0.9910358181721852
2.7339022047349637,2.7339022047349637
