theta_x,theta_y
-0.6163796622848552,-0.6163796622848552
-2.2010483214927246,-2.2010483214927246
-2.188107463893219,-2.188107463893219
-1.107279124875025,-1.107279124875025
1.6804222884078248,1.6804222884078248
0.26131784826755716,0.26131784826755716
