,theta_x,theta_y
0,-1.7045505973552442,-1.7045505973552442
1,2.6145867132441896,2.6145867132441896
2,-1.567062354356572,-1.567062354356572
3,2.3417766056235534,2.3417766056235534
4,2.4364389853561548,2.4364389853561548
5,-0.9277683269674091,-0.9277683269674091
6,0.4125557249760392,0.4125557249760392
7,-0.9792837434005945,-0.9792837434005945
8,-3.070949954592489,-3.070949954592489
