,theta_x,theta_y
0,-1.5800876059656395,-1.5800876059656395
1,2.297191623650304,2.297191623650304
2,-1.8278490790316348,-1.8278490790316348
3,2.2197679735475777,2.2197679735475777
4,2.140044011003228,2.140044011003228
5,-1.2653700269260906,-1.2653700269260906
6,0.23781950554518091,0.23781950554518091
7,-1.1901297998289846,-1.1901297998289846
8,-2.9995302798518266,-2.9995302798518266
