,theta_x,theta_y
0,2.4258410039871525,2.4258410039871525
1,-3.141592653589793,-3.141592653589793
2,-3.141592653589793,-3.141592653589793
3,-3.141592653589793,-3.141592653589793
4,2.4074234924100923,2.4074234924100923
5,2.3088198570897998,2.3088198570897998
6,2.254062384127373,2.254062384127373
7,2.361125060667818,2.361125060667818
