,theta_x,theta_y
0,0.6227473209753853,0.6227473209753853
1,-0.7514940322180533,-0.7514940322180533
2,2.0028906811161584,2.0028906811161584
3,0.5043517891589621,0.5043517891589621
4,0.7410720614362948,0.7410720614362948
5,0.14418710558137723,0.14418710558137723
6,0.9352759168878355,0.9352759168878355
7,1.762157379228374,1.762157379228374
8,-3.0078543730784886,-3.0078543730784886
9,0.9297409489216983,0.9297409489216983
