,theta_x,theta_y
0,-0.7071236143555638,-0.7071236143555638
