theta_x,theta_y
-3.141592653589793,-3.141592653589793
0.07318723025986262,0.07318723025986262
