theta_x,theta_y
-3.141592653589793,-3.141592653589793
1.6453883545624024,1.6453883545624024
2.4124754622106725,2.4124754622106725
2.1743747817045094,2.1743747817045094
-3.141592653589793,-3.141592653589793
-0.30280870504594576,-0.30280870504594576
