,theta_x,theta_y
0,-2.04681795581479,-2.04681795581479
1,-1.493527801617868,-1.493527801617868
2,1.6237181029778394,1.6237181029778394
3,0.03422968944009554,0.03422968944009554
4,-2.062016558939953,-2.062016558939953
