theta_x,theta_y
-2.790577305955868,-2.790577305955868
-0.22738368027753064,-0.22738368027753064
2.1679426526790646,2.1679426526790646
