theta_x,theta_y
1.749669329623331,1.749669329623331
-0.6272495751673232,-0.6272495751673232
-1.4347541832418484,-1.4347541832418484
-2.1769969048064275,-2.1769969048064275
