,theta_x,theta_y
0,1.6352229289037612,1.6352229289037612
1,-0.016524100525159787,-0.016524100525159787
