theta_x,theta_y
2.86597214542174,2.86597214542174
0.06210133606739289,0.06210133606739289
3.1162744350345752,3.1162744350345752
-2.4075639078910505,-2.4075639078910505
0.6150667910135941,0.6150667910135941
-0.5140898376081571,-0.5140898376081571
1.712227463507601,1.712227463507601
-1.622219158850386,-1.622219158850386
2.2078344957687275,2.2078344957687275
