theta_x,theta_y
-3.141592653589793,-3.141592653589793
2.5795800804656346,2.5795800804656346
