,theta_x,theta_y
0,0.4181487470825252,0.4181487470825252
1,-1.2862453923789885,-1.2862453923789885
2,-2.186032373561094,-2.186032373561094
3,-2.5351053436660327,-2.5351053436660327
4,2.1719926925970494,2.1719926925970494
5,2.5172087433667745,2.5172087433667745
6,0.6314199959030073,0.6314199959030073
7,0.8985465981074465,0.8985465981074465
8,0.07029421694852633,0.07029421694852633
9,2.46095234800429,2.46095234800429
