,theta_x,theta_y
0,1.8671331415608847,1.8671331415608847
1,-0.4020888812606689,-0.4020888812606689
2,-0.770720403255812,-0.770720403255812
3,2.319323570938476,2.319323570938476
4,1.683446298763942,1.683446298763942
