,theta_x,theta_y
0,1.409770472305538,1.409770472305538
1,-0.6996807673156151,-0.6996807673156151
2,-0.6426493767604472,-0.6426493767604472
3,3.141592653589793,3.141592653589793
4,0.5734273929497166,0.5734273929497166
