theta_x,theta_y
0.3899040311132663,0.3899040311132663
0.4446342959774293,0.4446342959774293
-0.695058782841,-0.695058782841
-0.7203296409463702,-0.7203296409463702
-2.5818623452488403,-2.5818623452488403
-0.06571057100187687,-0.06571057100187687
0.017903012379965146,0.017903012379965146
-2.774685807491836,-2.774685807491836
