theta_x,theta_y
-0.896043909793765,-0.896043909793765
-1.1408676382336846,-1.1408676382336846
0.02196241106798698,0.02196241106798698
-1.58293187237922,-1.58293187237922
-1.200802575442544,-1.200802575442544
-1.3197222079627593,-1.3197222079627593
-1.632426672136822,-1.632426672136822
-1.5402360694112458,-1.5402360694112458
-1.528026134643499,-1.528026134643499
