,theta_x,theta_y
0,1.0182739155817762,1.0182739155817762
1,0.9604748505932658,0.9604748505932658
2,-3.141592653589793,-3.141592653589793
3,-3.141592653589793,-3.141592653589793
