,theta_x,theta_y
0,-0.987570151408486,-0.987570151408486
1,-1.070587869852734,-1.070587869852734
2,1.7249301166644746,1.7249301166644746
3,-3.113962399297444,-3.113962399297444
4,1.6122724313271404,1.6122724313271404
5,1.0319981708698902,1.0319981708698902
6,-2.256977805710631,-2.256977805710631
7,-3.141592653589793,-3.141592653589793
8,-0.03182927579128511,-0.03182927579128511
9,1.1671652111054522,1.1671652111054522
