,theta_x,theta_y
0,-0.7325879057917761,-0.7325879057917761
1,2.7054552050170217,2.7054552050170217
2,-2.2899409999022082,-2.2899409999022082
3,1.2978126369738567,1.2978126369738567
4,0.04352784865743557,0.04352784865743557
5,-1.1297779119857791,-1.1297779119857791
6,1.8810786798738544,1.8810786798738544
7,-1.2139532381691214,-1.2139532381691214
8,-0.903707125296046,-0.903707125296046
