theta_x,theta_y
0.04256032597627802,0.04256032597627802
2.8644114632418685,2.8644114632418685
-1.7194468148596485,-1.7194468148596485
2.3544002264210984,2.3544002264210984
-0.13797836179679246,-0.13797836179679246
-0.46300154637129937,-0.46300154637129937
2.27602591280619,2.27602591280619
-0.7964848507798927,-0.7964848507798927
-0.9035185326746522,-0.9035185326746522
