,theta_x,theta_y
0,2.7169034102790333,2.7169034102790333
1,-0.6328745246299499,-0.6328745246299499
2,0.8828183218511189,0.8828183218511189
3,1.8482473159944253,1.8482473159944253
4,0.1946550788452084,0.1946550788452084
5,3.141592653589793,3.141592653589793
6,1.821573393089952,1.821573393089952
7,2.850606217239858,2.850606217239858
8,-1.477851781668966,-1.477851781668966
