theta_x,theta_y
0.942399120250322,0.942399120250322
0.9241389604773845,0.9241389604773845
-3.141592653589793,-3.141592653589793
-3.141592653589793,-3.141592653589793
0.8798143739653006,0.8798143739653006
0.9125844856803875,0.9125844856803875
0.9052882709257729,0.9052882709257729
0.9254645664281725,0.9254645664281725
