,theta_x,theta_y
0,0.9192390520951524,0.9192390520951524
1,0.8081260621721836,0.8081260621721836
2,0.7703261378748695,0.7703261378748695
