theta_x,theta_y
3.141592653589793,3.141592653589793
3.141592653589793,3.141592653589793
-0.05285531780340641,-0.05285531780340641
