,theta_x,theta_y
0,-1.0501812975707177,-1.0501812975707177
1,-0.655334099800225,-0.655334099800225
2,-3.141592653589793,-3.141592653589793
3,-1.034176448736177,-1.034176448736177
