theta_x,theta_y
2.0995360822304123,2.0995360822304123
0.5694408149716716,0.5694408149716716
-0.49347799539614734,-0.49347799539614734
-1.4760317329881258,-1.4760317329881258
3.141592653589793,3.141592653589793
2.7359305563828356,2.7359305563828356
