theta_x,theta_y
3.141592653589793,3.141592653589793
-0.79492676323918,-0.79492676323918
3.141592653589793,3.141592653589793
