theta_x,theta_y
0.29013807612148024,0.29013807612148024
0.29594439150178353,0.29594439150178353
1.0308686078775187,1.0308686078775187
-2.163245126774255,-2.163245126774255
-0.11760852960286398,-0.11760852960286398
