,theta_x,theta_y
0,1.7828981794326564,1.7828981794326564
1,-2.3992449727050555,-2.3992449727050555
2,0.740307515807318,0.740307515807318
3,0.5807767608757334,0.5807767608757334
4,1.0243056529469245,1.0243056529469245
5,3.023273552404213,3.023273552404213
