,theta_x,theta_y
0,1.596269588241184,1.596269588241184
1,2.1944890567244477,2.1944890567244477
