,theta_x,theta_y
0,1.0185183311663741,1.0185183311663741
1,1.0122908710803997,1.0122908710803997
2,1.008054500827648,1.008054500827648
3,-3.141592653589793,-3.141592653589793
4,1.0131566801650302,1.0131566801650302
5,1.0249933580064494,1.0249933580064494
6,1.0342230607171161,1.0342230607171161
7,-3.141592653589793,-3.141592653589793
