,theta_x,theta_y
0,1.500414136114811,1.500414136114811
1,0.15945817462495776,0.15945817462495776
2,0.03656785578929386,0.03656785578929386
3,-0.8701079996801169,-0.8701079996801169
4,-0.9057686876179677,-0.9057686876179677
5,-0.8701206630632133,-0.8701206630632133
6,-0.9917087531548935,-0.9917087531548935
7,-1.6658917492029877,-1.6658917492029877
8,0.0638787589132354,0.0638787589132354
9,-0.5880340135745462,-0.5880340135745462
