theta_x,theta_y
2.758514704372058,2.758514704372058
-1.7944342120253496,-1.7944342120253496
1.431754154598702,1.431754154598702
1.482248368174735,1.482248368174735
0.8989137932932116,0.8989137932932116
