,theta_x,theta_y
0,-1.3263558810314444,-1.3263558810314444
1,-1.917738195580533,-1.917738195580533
2,2.0779445626948787,2.0779445626948787
3,-3.141592653589793,-3.141592653589793
4,1.4026542758127065,1.4026542758127065
5,0.9323593333964812,0.9323593333964812
6,-2.28313586664288,-2.28313586664288
7,-3.141592653589793,-3.141592653589793
8,0.3456211040719743,0.3456211040719743
