,theta_x,theta_y
0,1.081478542930282,1.081478542930282
1,0.6429053436957205,0.6429053436957205
2,0.7904255755939665,0.7904255755939665
3,0.40403154504353633,0.40403154504353633
4,0.28144813445999867,0.28144813445999867
5,0.3116007090225529,0.3116007090225529
