,theta_x,theta_y
0,-0.4531257849922682,-0.4531257849922682
1,3.141592653589793,3.141592653589793
2,-3.1044909250483865,-3.1044909250483865
3,2.4736111490047055,2.4736111490047055
4,-1.5110966249736741,-1.5110966249736741
5,0.6623801022917486,0.6623801022917486
6,1.5791056922851565,1.5791056922851565
7,0.20628588946503892,0.20628588946503892
8,0.32991308267097774,0.32991308267097774
