,theta_x,theta_y
0,-0.6123196469236312,-0.6123196469236312
1,3.141592653589793,3.141592653589793
2,-3.0084715115870586,-3.0084715115870586
3,2.084713252593714,2.084713252593714
4,-2.4199959142547294,-2.4199959142547294
5,1.5862935124840825,1.5862935124840825
6,1.4640633767403644,1.4640633767403644
7,1.210456862596921,1.210456862596921
8,0.49090571118709414,0.49090571118709414
