theta_x,theta_y
-0.5845080843174415,-0.5845080843174415
1.7559293564438196,1.7559293564438196
0.7259786382211574,0.7259786382211574
-1.3136074515676222,-1.3136074515676222
-1.2834630792795105,-1.2834630792795105
1.1838177620528836,1.1838177620528836
-1.8168241043749942,-1.8168241043749942
2.4108874827851436,2.4108874827851436
2.2167048093239816,2.2167048093239816
