theta_x,theta_y
-0.34791330535897325,-0.34791330535897325
3.141592653589793,3.141592653589793
-3.141592653589793,-3.141592653589793
1.7168851430858625,1.7168851430858625
-3.0929240163713287,-3.0929240163713287
0.8901072400754759,0.8901072400754759
1.4425231474215958,1.4425231474215958
1.2561654386205419,1.2561654386205419
