,theta_x,theta_y
0,-0.2910531244096141,-0.2910531244096141
1,3.141592653589793,3.141592653589793
2,-0.3264627706484253,-0.3264627706484253
3,-0.5765463031988286,-0.5765463031988286
4,-0.49971847084717663,-0.49971847084717663
5,-0.5588792025768181,-0.5588792025768181
