,theta_x,theta_y
0,1.545997001439978,1.545997001439978
1,1.5218757439333084,1.5218757439333084
2,1.4295761710782475,1.4295761710782475
3,1.3572930507738985,1.3572930507738985
4,1.2729316764116891,1.2729316764116891
5,1.228912696971196,1.228912696971196
6,1.1652772981295156,1.1652772981295156
