,theta_x,theta_y
0,3.141592653589793,3.141592653589793
1,2.529252947259817,2.529252947259817
2,2.370993963803013,2.370993963803013
3,-3.141592653589793,-3.141592653589793
4,-3.141592653589793,-3.141592653589793
5,2.164784844424107,2.164784844424107
6,-3.141592653589793,-3.141592653589793
