,theta_x,theta_y
0,-1.4627832984694136,-1.4627832984694136
1,-2.035055530720696,-2.035055530720696
2,-2.8298831174952914,-2.8298831174952914
3,-2.865539908692334,-2.865539908692334
4,3.141592653589793,3.141592653589793
