theta_x,theta_y
-2.830259382912273,-2.830259382912273
-0.6548042764054147,-0.6548042764054147
1.3265154279000253,1.3265154279000253
0.7261897938190287,0.7261897938190287
-2.6765763213760327,-2.6765763213760327
0.5073509635871098,0.5073509635871098
-0.006540101114855822,-0.006540101114855822
-1.388575480004344,-1.388575480004344
1.3385136909078243,1.3385136909078243
