theta_x,theta_y
-2.1790820730947567,-2.1790820730947567
-0.5158398080982927,-0.5158398080982927
0.37960278608410847,0.37960278608410847
-0.8162436808959728,-0.8162436808959728
3.141592653589793,3.141592653589793
3.141592653589793,3.141592653589793
