,theta_x,theta_y
0,0.5083876268298975,0.5083876268298975
1,3.1337841833272586,3.1337841833272586
2,1.1003725475051587,1.1003725475051587
3,-1.6125461936072725,-1.6125461936072725
