,theta_x,theta_y
0,2.7636939197688246,2.7636939197688246
1,-0.6633860216106231,-0.6633860216106231
2,2.9849819792031647,2.9849819792031647
3,-0.5401181248840515,-0.5401181248840515
