theta_x,theta_y
-3.1406704183429612,-3.1406704183429612
-2.760669714067447,-2.760669714067447
1.7577829034974606,1.7577829034974606
1.9132094128991481,1.9132094128991481
-3.141592653589793,-3.141592653589793
1.1284633891385112,1.1284633891385112
1.2637502990797582,1.2637502990797582
