,theta_x,theta_y
0,-3.1406704183429612,-3.1406704183429612
1,-2.760669714067447,-2.760669714067447
2,1.7577829034974606,1.7577829034974606
3,1.9132094128991481,1.9132094128991481
4,-3.141592653589793,-3.141592653589793
5,1.1284633891385112,1.1284633891385112
6,1.2637502990797582,1.2637502990797582
