,theta_x,theta_y
0,2.056584694925505,2.056584694925505
1,1.9354403047414126,1.9354403047414126
2,-3.141592653589793,-3.141592653589793
3,1.938219593794771,1.938219593794771
4,1.9504349401607346,1.9504349401607346
5,2.026912231577245,2.026912231577245
6,1.978297138779824,1.978297138779824
7,2.0351312481073656,2.0351312481073656
8,2.055673306209728,2.055673306209728
9,-3.141592653589793,-3.141592653589793
