,theta_x,theta_y
0,-0.2663467711405236,-0.2663467711405236
1,-0.7310774551382111,-0.7310774551382111
2,-2.7583464201413483,-2.7583464201413483
