theta_x,theta_y
1.1070852798927169,1.1070852798927169
2.7120169114891093,2.7120169114891093
-0.6223875423946754,-0.6223875423946754
