,theta_x,theta_y
0,-0.2439590993322858,-0.2439590993322858
1,-1.6239042423376546,-1.6239042423376546
2,-0.9187989279026247,-0.9187989279026247
