,theta_x,theta_y
0,0.8955944561598324,0.8955944561598324
1,0.04455292415147598,0.04455292415147598
2,-0.34889208872168637,-0.34889208872168637
3,-0.6483609009505402,-0.6483609009505402
