theta_x,theta_y
0.8955944561598324,0.8955944561598324
0.04455292415147598,0.04455292415147598
-0.34889208872168637,-0.34889208872168637
-0.6483609009505402,-0.6483609009505402
