theta_x,theta_y
3.141592653589793,3.141592653589793
-1.600744553000928,-1.600744553000928
-1.6401255229434817,-1.6401255229434817
3.141592653589793,3.141592653589793
-1.655657396490365,-1.655657396490365
3.141592653589793,3.141592653589793
3.141592653589793,3.141592653589793
