,theta_x,theta_y
0,-1.2932144532496388,-1.2932144532496388
1,-2.0933804014793997,-2.0933804014793997
2,2.399192485204557,2.399192485204557
3,-3.051871416056661,-3.051871416056661
4,0.8950225031325657,0.8950225031325657
5,0.41289219515478565,0.41289219515478565
6,-1.4877868690131768,-1.4877868690131768
7,-3.1297124016201643,-3.1297124016201643
8,-1.8551882770961463,-1.8551882770961463
9,1.495566271566101,1.495566271566101
