,theta_x,theta_y
0,2.5428456726316093,2.5428456726316093
1,0.1669312456035168,0.1669312456035168
2,-0.18571624017944455,-0.18571624017944455
3,-0.8353905736914287,-0.8353905736914287
4,-0.44942855698888623,-0.44942855698888623
5,-1.3029662577967764,-1.3029662577967764
6,-1.7742756715340415,-1.7742756715340415
7,-0.8551791780106067,-0.8551791780106067
8,0.6377044267572223,0.6377044267572223
9,-0.7463891276424677,-0.7463891276424677
