,theta_x,theta_y
0,2.5570797981504954,2.5570797981504954
1,0.12992531999880672,0.12992531999880672
2,3.008844078309146,3.008844078309146
3,-2.2117814436522827,-2.2117814436522827
4,0.08374840195097179,0.08374840195097179
