,theta_x,theta_y
0,-2.1157429011628497,-2.1157429011628497
1,-2.462495712503484,-2.462495712503484
2,2.4178552719395285,2.4178552719395285
3,1.837355812052633,1.837355812052633
4,-3.141592653589793,-3.141592653589793
5,1.197579078565302,1.197579078565302
6,1.1081717886471245,1.1081717886471245
7,-1.5828645725116053,-1.5828645725116053
8,1.6496039783624108,1.6496039783624108
