theta_x,theta_y
-0.6912329112547424,-0.6912329112547424
0.3507062540348006,0.3507062540348006
-0.7949713902667143,-0.7949713902667143
