,theta_x,theta_y
0,-1.6357504988407534,-1.6357504988407534
