,theta_x,theta_y
0,3.141592653589793,3.141592653589793
1,0.02322701952625743,0.02322701952625743
