theta_x,theta_y
1.123034079058597,1.123034079058597
1.1095258056048714,1.1095258056048714
-3.141592653589793,-3.141592653589793
1.0675022470386792,1.0675022470386792
1.091233368201983,1.091233368201983
