theta_x,theta_y
0.10893916955129797,0.10893916955129797
3.0868108052084495,3.0868108052084495
-2.6704846740065094,-2.6704846740065094
2.788945499928052,2.788945499928052
-1.722959463659086,-1.722959463659086
-0.33528064805467206,-0.33528064805467206
2.1390304868790246,2.1390304868790246
-0.3722518405607212,-0.3722518405607212
0.9509858093284912,0.9509858093284912
-3.141592653589793,-3.141592653589793
