,theta_x,theta_y
0,1.1253370295417209,1.1253370295417209
1,-0.40566462312965096,-0.40566462312965096
2,3.141592653589793,3.141592653589793
