,theta_x,theta_y
0,1.7754381764158558,1.7754381764158558
