theta_x,theta_y
0.3316173654325969,0.3316173654325969
