theta_x,theta_y
-2.905536664475704,-2.905536664475704
-1.5829236506914344,-1.5829236506914344
1.7954916743217457,1.7954916743217457
0.977085009683713,0.977085009683713
-3.0895906445527443,-3.0895906445527443
0.3345330576633389,0.3345330576633389
0.28069541510878676,0.28069541510878676
-1.841721821713538,-1.841721821713538
1.4228211860931745,1.4228211860931745
