,theta_x,theta_y
0,0.7029311383426866,0.7029311383426866
1,0.597136324334948,0.597136324334948
2,0.4986548466899171,0.4986548466899171
