,theta_x,theta_y
0,-0.2641826027572971,-0.2641826027572971
1,-2.7610075829818306,-2.7610075829818306
2,1.117260071720893,1.117260071720893
3,-3.141592653589793,-3.141592653589793
4,0.9350537437046218,0.9350537437046218
5,1.055108096412377,1.055108096412377
