theta_x,theta_y
2.9625370503120187,2.9625370503120187
-0.7301751310826633,-0.7301751310826633
-0.1986223455660766,-0.1986223455660766
1.890745230326053,1.890745230326053
0.513127010037326,0.513127010037326
3.141592653589793,3.141592653589793
3.141592653589793,3.141592653589793
2.8237189251969035,2.8237189251969035
-2.0207307085579966,-2.0207307085579966
0.1402545971859045,0.1402545971859045
