,theta_x,theta_y
0,-0.4669056196547916,-0.4669056196547916
1,-1.0332967901388865,-1.0332967901388865
2,-0.7805086887893267,-0.7805086887893267
