,theta_x,theta_y
0,-2.8272793080259886,-2.8272793080259886
1,-1.103373654786957,-1.103373654786957
2,0.6266450559648562,0.6266450559648562
