,theta_x,theta_y
0,-0.4713989204791331,-0.4713989204791331
