theta_x,theta_y
0.5832936977714569,0.5832936977714569
-0.09772681729067943,-0.09772681729067943
3.141592653589793,3.141592653589793
-2.987553697586321,-2.987553697586321
2.894608597839512,2.894608597839512
