,theta_x,theta_y
0,1.3290284939972947,1.3290284939972947
1,-0.7058542640736223,-0.7058542640736223
2,-1.3561875586024736,-1.3561875586024736
3,-1.9698701655175594,-1.9698701655175594
4,3.141592653589793,3.141592653589793
