theta_x,theta_y
-2.603443065020819,-2.603443065020819
