,theta_x,theta_y
0,-0.9321315000754313,-0.9321315000754313
1,-1.03717719503632,-1.03717719503632
2,-1.3544374576727811,-1.3544374576727811
3,-1.625829574826252,-1.625829574826252
4,3.141592653589793,3.141592653589793
5,-2.138555884598784,-2.138555884598784
6,-0.9069695602542378,-0.9069695602542378
7,-2.157288432125634,-2.157288432125634
8,-0.09200304840098068,-0.09200304840098068
