,theta_x,theta_y
0,0.9429424053336201,0.9429424053336201
1,0.9341893299737564,0.9341893299737564
2,0.9573836630418915,0.9573836630418915
3,0.9141007243456392,0.9141007243456392
4,-3.141592653589793,-3.141592653589793
5,0.940775921451358,0.940775921451358
6,0.9596974053701203,0.9596974053701203
