,theta_x,theta_y
0,-1.2003628716243981,-1.2003628716243981
1,-1.4024007808144312,-1.4024007808144312
2,-0.9771411569934548,-0.9771411569934548
3,0.2385001788987147,0.2385001788987147
4,3.0254154586879167,3.0254154586879167
