,theta_x,theta_y
0,-2.0620149945213404,-2.0620149945213404
1,-2.3055330905533076,-2.3055330905533076
2,2.45031478396956,2.45031478396956
3,-2.597870668700924,-2.597870668700924
4,0.6420155933211288,0.6420155933211288
5,2.074783203629956,2.074783203629956
6,-2.6551134905905465,-2.6551134905905465
7,-2.638593014055064,-2.638593014055064
8,-2.355114531581338,-2.355114531581338
