,theta_x,theta_y
0,-3.141592653589793,-3.141592653589793
1,2.4235160195721206,2.4235160195721206
2,-3.141592653589793,-3.141592653589793
3,2.241550327570699,2.241550327570699
4,2.1677876631270623,2.1677876631270623
