,theta_x,theta_y
0,-0.3656234655837033,-0.3656234655837033
1,-0.3839029489856283,-0.3839029489856283
2,-0.40719021844152786,-0.40719021844152786
3,-0.4300998068203813,-0.4300998068203813
