,theta_x,theta_y
0,-0.03437202542178768,-0.03437202542178768
1,-0.20619965401528031,-0.20619965401528031
2,-0.600730085879298,-0.600730085879298
3,-0.9187728993896052,-0.9187728993896052
4,3.141592653589793,3.141592653589793
5,-0.8684359347517667,-0.8684359347517667
6,-1.0434803604908176,-1.0434803604908176
7,-0.942825780210514,-0.942825780210514
8,-0.9025439437455764,-0.9025439437455764
9,-0.20815760965291719,-0.20815760965291719
