,theta_x,theta_y
0,-1.7268789970160574,-1.7268789970160574
1,-0.545789229998282,-0.545789229998282
2,-2.796989598987804,-2.796989598987804
3,2.528784552901447,2.528784552901447
4,2.2694128595034586,2.2694128595034586
5,-0.30467678167513484,-0.30467678167513484
6,2.425724187761396,2.425724187761396
7,1.3755855450514851,1.3755855450514851
8,-3.141592653589793,-3.141592653589793
