theta_x,theta_y
-1.7268789970160574,-1.7268789970160574
-0.545789229998282,-0.545789229998282
-2.796989598987804,-2.796989598987804
2.528784552901447,2.528784552901447
2.2694128595034586,2.2694128595034586
-0.30467678167513484,-0.30467678167513484
2.425724187761396,2.425724187761396
1.3755855450514851,1.3755855450514851
-3.141592653589793,-3.141592653589793
