theta_x,theta_y
1.5150634075052383,1.5150634075052383
1.288288791376675,1.288288791376675
0.8126521189712248,0.8126521189712248
-0.15627476422966907,-0.15627476422966907
-2.9280564437197305,-2.9280564437197305
0.5116066607460226,0.5116066607460226
