,theta_x,theta_y
0,-2.2832123828579136,-2.2832123828579136
1,-3.141592653589793,-3.141592653589793
2,0.4744160705976833,0.4744160705976833
