theta_x,theta_y
1.3189007732090428,1.3189007732090428
0.4298394772143115,0.4298394772143115
0.9451475284434804,0.9451475284434804
0.5198867458984211,0.5198867458984211
-3.141592653589793,-3.141592653589793
0.21628270692688395,0.21628270692688395
1.337951142131851,1.337951142131851
