,theta_x,theta_y
0,-3.049658157984429,-3.049658157984429
1,-1.5859013631785461,-1.5859013631785461
2,2.786283175010621,2.786283175010621
3,-1.8593230307733124,-1.8593230307733124
4,0.4633087396111937,0.4633087396111937
5,2.8510444722828314,2.8510444722828314
6,-2.9247701195049522,-2.9247701195049522
7,-1.6964701113410288,-1.6964701113410288
