theta_x,theta_y
2.735929838974169,2.735929838974169
-0.1203451682848905,-0.1203451682848905
0.2666190177806206,0.2666190177806206
1.9917656978166551,1.9917656978166551
-0.030936995814236506,-0.030936995814236506
3.141592653589793,3.141592653589793
2.790957247668849,2.790957247668849
3.141592653589793,3.141592653589793
-1.5649173382007342,-1.5649173382007342
0.6080970958559679,0.6080970958559679
