,theta_x,theta_y
0,2.735929838974169,2.735929838974169
1,-0.1203451682848905,-0.1203451682848905
2,0.2666190177806206,0.2666190177806206
3,1.9917656978166551,1.9917656978166551
4,-0.030936995814236506,-0.030936995814236506
5,3.141592653589793,3.141592653589793
6,2.790957247668849,2.790957247668849
7,3.141592653589793,3.141592653589793
8,-1.5649173382007342,-1.5649173382007342
9,0.6080970958559679,0.6080970958559679
