,theta_x,theta_y
0,0.7532429703309541,0.7532429703309541
1,-1.8299519242346192,-1.8299519242346192
2,-2.125179488973003,-2.125179488973003
3,-2.472340246491841,-2.472340246491841
4,2.2925077790668786,2.2925077790668786
5,1.828598552202142,1.828598552202142
6,1.3882840779671448,1.3882840779671448
