theta_x,theta_y
3.141592653589793,3.141592653589793
-3.141592653589793,-3.141592653589793
2.6301477428422766,2.6301477428422766
2.9652604723644425,2.9652604723644425
