,theta_x,theta_y
0,-3.141592653589793,-3.141592653589793
1,2.7567806075597177,2.7567806075597177
2,-3.141592653589793,-3.141592653589793
3,3.031870162258499,3.031870162258499
4,-3.141592653589793,-3.141592653589793
