,theta_x,theta_y
0,-1.5029309998221856,-1.5029309998221856
1,0.9594246208897868,0.9594246208897868
2,-0.5321547820085524,-0.5321547820085524
3,-1.6852172966408787,-1.6852172966408787
4,-1.5562034059387335,-1.5562034059387335
5,-1.9366758264000756,-1.9366758264000756
6,-1.4850610903260926,-1.4850610903260926
7,-1.3986183657762767,-1.3986183657762767
8,-1.630135742010853,-1.630135742010853
