theta_x,theta_y
-0.44195490836428475,-0.44195490836428475
3.141592653589793,3.141592653589793
-2.7815274461264163,-2.7815274461264163
