,theta_x,theta_y
0,-0.08259192500386289,-0.08259192500386289
