,theta_x,theta_y
0,-0.5693809776723062,-0.5693809776723062
1,-0.8700848982315992,-0.8700848982315992
2,-3.141592653589793,-3.141592653589793
