theta_x,theta_y
-1.2301958854281403,-1.2301958854281403
3.079682573747388,3.079682573747388
-1.288322767676038,-1.288322767676038
