theta_x,theta_y
-2.4409345045476556,-2.4409345045476556
-3.0610588474690514,-3.0610588474690514
3.037805493088893,3.037805493088893
1.3755674553583384,1.3755674553583384
-2.656777659306481,-2.656777659306481
