,theta_x,theta_y
0,-2.4409345045476556,-2.4409345045476556
1,-3.0610588474690514,-3.0610588474690514
2,3.037805493088893,3.037805493088893
3,1.3755674553583384,1.3755674553583384
4,-2.656777659306481,-2.656777659306481
