theta_x,theta_y
0.16363361802052112,0.16363361802052112
3.141592653589793,3.141592653589793
-0.9195860851460788,-0.9195860851460788
