theta_x,theta_y
0.724036557688266,0.724036557688266
