,theta_x,theta_y
0,2.3050279041363093,2.3050279041363093
1,2.2439162273499123,2.2439162273499123
2,2.266480480521772,2.266480480521772
3,2.214948417930261,2.214948417930261
4,2.0877363207539497,2.0877363207539497
5,-3.141592653589793,-3.141592653589793
6,-3.141592653589793,-3.141592653589793
