,theta_x,theta_y
0,-2.5085079253796763,-2.5085079253796763
1,-2.9445326590837286,-2.9445326590837286
2,2.6322991026762623,2.6322991026762623
3,-0.17267507172303287,-0.17267507172303287
4,-2.832875413471128,-2.832875413471128
5,-1.3393898137681939,-1.3393898137681939
