,theta_x,theta_y
0,-2.603443065020804,-2.603443065020804
1,-1.653668357959425,-1.653668357959425
2,1.8929632932132208,1.8929632932132208
