,theta_x,theta_y
0,-0.05375537027232298,-0.05375537027232298
1,-3.0243262214723963,-3.0243262214723963
2,-3.141592653589793,-3.141592653589793
3,-3.141592653589793,-3.141592653589793
