,theta_x,theta_y
0,2.3560518837322015,2.3560518837322015
1,0.037573905158253026,0.037573905158253026
2,-1.426806087034107,-1.426806087034107
