,theta_x,theta_y
0,1.4086682949362908,1.4086682949362908
1,1.4030489888458462,1.4030489888458462
2,-3.141592653589793,-3.141592653589793
3,-3.141592653589793,-3.141592653589793
4,1.4207203788629785,1.4207203788629785
5,1.4470331096365292,1.4470331096365292
6,1.4765601836954267,1.4765601836954267
7,1.5064590388685248,1.5064590388685248
8,1.5338467066776984,1.5338467066776984
