theta_x,theta_y
-3.141592653589793,-3.141592653589793
2.3617441945776334,2.3617441945776334
-3.141592653589793,-3.141592653589793
-3.141592653589793,-3.141592653589793
-3.141592653589793,-3.141592653589793
2.389020345710584,2.389020345710584
-3.141592653589793,-3.141592653589793
