,theta_x,theta_y
0,-3.141592653589793,-3.141592653589793
1,-3.141592653589793,-3.141592653589793
2,2.530094701912217,2.530094701912217
3,3.141592653589793,3.141592653589793
4,-3.141592653589793,-3.141592653589793
5,2.5717436159361897,2.5717436159361897
