,theta_x,theta_y
0,-0.021526233283553672,-0.021526233283553672
1,-1.3255959825340098,-1.3255959825340098
2,-1.6589941367470296,-1.6589941367470296
3,-1.649405382586755,-1.649405382586755
4,3.141592653589793,3.141592653589793
5,-0.6578484316728277,-0.6578484316728277
6,-0.036160386886448875,-0.036160386886448875
7,-1.6030995619541373,-1.6030995619541373
