theta_x,theta_y
-1.720929965730515,-1.720929965730515
-1.9658996440101795,-1.9658996440101795
2.4871277248380332,2.4871277248380332
-2.711927886829056,-2.711927886829056
1.121061732164999,1.121061732164999
1.7152190992247032,1.7152190992247032
-1.759524131276601,-1.759524131276601
