,theta_x,theta_y
0,-0.9265766884837394,-0.9265766884837394
