theta_x,theta_y
0.3556935980047561,0.3556935980047561
1.8718131654248225,1.8718131654248225
2.874517712067574,2.874517712067574
