theta_x,theta_y
-2.7303883538621245,-2.7303883538621245
-1.7649311017386533,-1.7649311017386533
1.9353281280693013,1.9353281280693013
1.2815250015231314,1.2815250015231314
-3.141592653589793,-3.141592653589793
1.0010512926960342,1.0010512926960342
0.6253600783656375,0.6253600783656375
-1.669194626787402,-1.669194626787402
1.115829360074914,1.115829360074914
-3.094369128264571,-3.094369128264571
