,theta_x,theta_y
0,-3.141592653589793,-3.141592653589793
1,-0.6535147244516522,-0.6535147244516522
2,2.3808131942654422,2.3808131942654422
3,2.0997556632762633,2.0997556632762633
4,-2.4957497818606305,-2.4957497818606305
