theta_x,theta_y
0.6424253366242084,0.6424253366242084
3.141592653589793,3.141592653589793
