,theta_x,theta_y
0,-3.141592653589793,-3.141592653589793
1,-2.961883348246513,-2.961883348246513
2,1.6175351423930964,1.6175351423930964
3,-1.8304815808053634,-1.8304815808053634
