theta_x,theta_y
1.4359967767187902,1.4359967767187902
1.6442270781733903,1.6442270781733903
0.46204092593903867,0.46204092593903867
-1.511525818346218,-1.511525818346218
-3.141592653589793,-3.141592653589793
-0.5278341196305856,-0.5278341196305856
0.01447077527915902,0.01447077527915902
