,theta_x,theta_y
0,3.141592653589793,3.141592653589793
1,-1.5058393814235174,-1.5058393814235174
2,3.141592653589793,3.141592653589793
3,-1.5175437109861873,-1.5175437109861873
4,-1.5780143112274574,-1.5780143112274574
5,-1.6342852495683344,-1.6342852495683344
6,3.141592653589793,3.141592653589793
