,theta_x,theta_y
0,0.8796702039359,0.8796702039359
1,-1.8923486120231443,-1.8923486120231443
2,-1.648547559669922,-1.648547559669922
3,-2.6398379692884326,-2.6398379692884326
4,2.8971271183700766,2.8971271183700766
5,1.7666288112838935,1.7666288112838935
6,1.0988925366752527,1.0988925366752527
