,theta_x,theta_y
0,-3.0013117713985418,-3.0013117713985418
1,-3.141592653589793,-3.141592653589793
2,2.9207710479191045,2.9207710479191045
3,0.9187376858489719,0.9187376858489719
