theta_x,theta_y
1.792778923897442,1.792778923897442
0.9748957368225052,0.9748957368225052
1.7025623521573077,1.7025623521573077
-2.7076059196995215,-2.7076059196995215
0.8176912440507762,0.8176912440507762
0.03448828367915495,0.03448828367915495
1.22602882029517,1.22602882029517
-2.4531937435893436,-2.4531937435893436
1.3652863513342492,1.3652863513342492
0.8565292324475816,0.8565292324475816
