,theta_x,theta_y
0,1.815397352940794,1.815397352940794
