,theta_x,theta_y
0,2.0674528658285776,2.0674528658285776
1,-1.058425253177606,-1.058425253177606
2,0.9209409972946327,0.9209409972946327
3,1.2282467864117352,1.2282467864117352
4,0.957030242321292,0.957030242321292
5,2.5312859725624497,2.5312859725624497
6,2.779522694591475,2.779522694591475
