theta_x,theta_y
2.73417853146434,2.73417853146434
