,theta_x,theta_y
0,-1.332866962948207,-1.332866962948207
1,-0.6639141994700751,-0.6639141994700751
2,2.073425008896231,2.073425008896231
3,0.4304961650964846,0.4304961650964846
4,-1.6318953698813963,-1.6318953698813963
5,-0.6886884159605332,-0.6886884159605332
6,-1.297744412644954,-1.297744412644954
