,theta_x,theta_y
0,2.69637432047997,2.69637432047997
1,0.1313161366541089,0.1313161366541089
2,2.8929098709807777,2.8929098709807777
3,-2.738548865730917,-2.738548865730917
4,0.761494596842042,0.761494596842042
5,-0.7106211065536077,-0.7106211065536077
6,1.8328137384566787,1.8328137384566787
7,-2.0796369927529685,-2.0796369927529685
