,theta_x,theta_y
0,2.3640487220633744,2.3640487220633744
1,0.5294201154903339,0.5294201154903339
2,0.23798996864516772,0.23798996864516772
3,-0.6662297701099373,-0.6662297701099373
4,3.120960552354999,3.120960552354999
5,2.604949527492104,2.604949527492104
6,2.310176539237528,2.310176539237528
7,-0.19527151499774464,-0.19527151499774464
