theta_x,theta_y
0.8912351886487337,0.8912351886487337
0.9667486720931331,0.9667486720931331
0.7853461577712872,0.7853461577712872
-3.141592653589793,-3.141592653589793
0.8722228826648937,0.8722228826648937
0.5965237466712633,0.5965237466712633
