,theta_x,theta_y
0,-2.046668300450186,-2.046668300450186
