,theta_x,theta_y
0,2.3901760471340996,2.3901760471340996
1,0.23539974362272717,0.23539974362272717
2,2.535503080315248,2.535503080315248
3,-2.8188732787918855,-2.8188732787918855
4,0.6577981375956979,0.6577981375956979
5,-0.23047771312897236,-0.23047771312897236
6,0.9554734475345743,0.9554734475345743
7,-1.5264207293550645,-1.5264207293550645
8,1.572163025539365,1.572163025539365
9,-0.17784879969635556,-0.17784879969635556
