,theta_x,theta_y
0,-2.251411768875141,-2.251411768875141
1,-3.141592653589793,-3.141592653589793
2,2.1083520749700666,2.1083520749700666
3,0.812126973347735,0.812126973347735
4,-3.141592653589793,-3.141592653589793
5,-1.7244922459429077,-1.7244922459429077
6,-1.4374957874619243,-1.4374957874619243
7,-2.9447586686927387,-2.9447586686927387
8,2.218474495133911,2.218474495133911
9,-2.396130561557005,-2.396130561557005
