,theta_x,theta_y
0,0.0971649844165205,0.0971649844165205
1,-0.8465587866953838,-0.8465587866953838
