,theta_x,theta_y
0,-0.43027883761804975,-0.43027883761804975
1,-0.4649192811632931,-0.4649192811632931
2,-0.5057706813848359,-0.5057706813848359
