,theta_x,theta_y
0,1.3650811472209574,1.3650811472209574
1,1.3258510245947435,1.3258510245947435
2,0.40905237531357336,0.40905237531357336
3,-2.9025716860392206,-2.9025716860392206
4,1.5853789645473217,1.5853789645473217
5,0.450833255884658,0.450833255884658
6,-0.25638260670280355,-0.25638260670280355
