,theta_x,theta_y
0,-0.3439629790803556,-0.3439629790803556
1,-0.9271381360308859,-0.9271381360308859
2,-0.3729448214452361,-0.3729448214452361
