,theta_x,theta_y
0,-0.22854842286238877,-0.22854842286238877
1,3.065282891473117,3.065282891473117
2,-2.264251693946111,-2.264251693946111
3,2.6467947867527744,2.6467947867527744
4,-1.3216667855501893,-1.3216667855501893
5,-0.5713102275845322,-0.5713102275845322
6,2.175182208711997,2.175182208711997
7,-0.7126012570822571,-0.7126012570822571
8,0.2728918873071674,0.2728918873071674
