,theta_x,theta_y
0,-3.0028543404000247,-3.0028543404000247
1,-2.8158167493672894,-2.8158167493672894
2,2.8740238402698473,2.8740238402698473
3,-2.3436180540438256,-2.3436180540438256
4,0.28480525242947835,0.28480525242947835
5,2.8402896312731802,2.8402896312731802
6,-2.4255887512583647,-2.4255887512583647
7,-2.000126459357337,-2.000126459357337
8,-1.3527709504599208,-1.3527709504599208
9,0.7316656918688716,0.7316656918688716
