theta_x,theta_y
0.7258839851981985,0.7258839851981985
-1.5092924713638765,-1.5092924713638765
-2.2424806594394258,-2.2424806594394258
-2.528611678103619,-2.528611678103619
2.5358960696639166,2.5358960696639166
2.774877550621317,2.774877550621317
0.8990649722123524,0.8990649722123524
1.2134910738918265,1.2134910738918265
