theta_x,theta_y
-3.0590109228843048,-3.0590109228843048
-2.197408000770199,-2.197408000770199
2.019621438894081,2.019621438894081
1.1109437027032458,1.1109437027032458
-3.0647546852327223,-3.0647546852327223
-0.18705911928489752,-0.18705911928489752
0.4015385493777207,0.4015385493777207
-2.7764303032280737,-2.7764303032280737
1.8286033024310115,1.8286033024310115
