theta_x,theta_y
-1.2983217247194727,-1.2983217247194727
3.0612286894708762,3.0612286894708762
