,theta_x,theta_y
0,1.6585790630091104,1.6585790630091104
