theta_x,theta_y
2.777036357585853,2.777036357585853
0.14328279676046457,0.14328279676046457
2.9630975618697772,2.9630975618697772
-2.5742191134126995,-2.5742191134126995
0.6219251762886524,0.6219251762886524
