,theta_x,theta_y
0,2.6711612463493375,2.6711612463493375
1,0.06803885127336537,0.06803885127336537
2,2.9473544137229126,2.9473544137229126
3,-2.633791393514652,-2.633791393514652
4,0.5800338367333097,0.5800338367333097
