theta_x,theta_y
-0.883825736786354,-0.883825736786354
-1.3529300789460696,-1.3529300789460696
-0.3797277554364045,-0.3797277554364045
-1.6522410549256177,-1.6522410549256177
-1.6621173527381887,-1.6621173527381887
-1.615189366703623,-1.615189366703623
-1.5028023344427706,-1.5028023344427706
