,theta_x,theta_y
0,1.896747620970835,1.896747620970835
1,-0.44171198223216135,-0.44171198223216135
2,-0.5203518678625194,-0.5203518678625194
3,-0.6314139318038475,-0.6314139318038475
4,0.3627319410593982,0.3627319410593982
5,-0.6680275124885245,-0.6680275124885245
6,-2.3570661250256193,-2.3570661250256193
7,0.8094761807343009,0.8094761807343009
8,3.141592653589793,3.141592653589793
9,0.008790467357465644,0.008790467357465644
