,theta_x,theta_y
0,-0.4444361454668168,-0.4444361454668168
1,2.8434416374652924,2.8434416374652924
2,1.080968800968154,1.080968800968154
3,-0.3944956788243702,-0.3944956788243702
4,-0.8819182859771151,-0.8819182859771151
5,3.017834969332905,3.017834969332905
6,-2.1422552592195188,-2.1422552592195188
7,2.4810649187145306,2.4810649187145306
