theta_x,theta_y
1.4457961809771236,1.4457961809771236
0.8042258628705722,0.8042258628705722
