theta_x,theta_y
-0.10167455463805276,-0.10167455463805276
2.719301336986319,2.719301336986319
-0.6539913402176425,-0.6539913402176425
2.8509226243998413,2.8509226243998413
1.7077906501452855,1.7077906501452855
0.8029041861893192,0.8029041861893192
-0.00481664389884489,-0.00481664389884489
-0.8981462129315856,-0.8981462129315856
