,theta_x,theta_y
0,2.9533443738777247,2.9533443738777247
1,2.579139656270759,2.579139656270759
2,-3.141592653589793,-3.141592653589793
3,-3.141592653589793,-3.141592653589793
4,-3.141592653589793,-3.141592653589793
5,-3.141592653589793,-3.141592653589793
6,-3.141592653589793,-3.141592653589793
7,-3.141592653589793,-3.141592653589793
8,-2.9312570887435774,-2.9312570887435774
