theta_x,theta_y
1.7978394055605276,1.7978394055605276
-0.5822791572638162,-0.5822791572638162
-2.653166568819617,-2.653166568819617
-3.0687492282745277,-3.0687492282745277
2.297579435164469,2.297579435164469
2.347134136148911,2.347134136148911
