,theta_x,theta_y
0,-1.965603468087554,-1.965603468087554
1,-3.141592653589793,-3.141592653589793
2,2.8836062531182067,2.8836062531182067
3,0.36210116024797456,0.36210116024797456
4,-2.475333957308305,-2.475333957308305
5,-1.4793768555565388,-1.4793768555565388
