theta_x,theta_y
0.44700143924523184,0.44700143924523184
1.7459109886079531,1.7459109886079531
-0.16209082328238755,-0.16209082328238755
-0.13727382564137247,-0.13727382564137247
