,theta_x,theta_y
0,0.44700143924523184,0.44700143924523184
1,1.7459109886079531,1.7459109886079531
2,-0.16209082328238755,-0.16209082328238755
3,-0.13727382564137247,-0.13727382564137247
