theta_x,theta_y
2.673802678509743,2.673802678509743
