theta_x,theta_y
0.21053867902964918,0.21053867902964918
-1.3155468963878385,-1.3155468963878385
-1.8554410608331888,-1.8554410608331888
-2.367334124395005,-2.367334124395005
3.141592653589793,3.141592653589793
