theta_x,theta_y
1.6094159770503775,1.6094159770503775
-0.1884160894386907,-0.1884160894386907
-0.7155265213050723,-0.7155265213050723
-0.12010147611454641,-0.12010147611454641
2.2607174679267485,2.2607174679267485
3.141592653589793,3.141592653589793
3.018547268852152,3.018547268852152
