,theta_x,theta_y
0,-2.167621953643043,-2.167621953643043
1,-1.979866329000386,-1.979866329000386
2,2.580466745060098,2.580466745060098
