,theta_x,theta_y
0,1.1385510787968283,1.1385510787968283
1,0.5924414501103645,0.5924414501103645
2,0.9720877941257374,0.9720877941257374
3,0.554425243064036,0.554425243064036
4,0.17150770489202227,0.17150770489202227
5,0.5301581413704841,0.5301581413704841
6,0.29448789846392176,0.29448789846392176
