,theta_x,theta_y
0,-1.298845874387101,-1.298845874387101
1,3.0804809040541667,3.0804809040541667
2,-1.2212839144748207,-1.2212839144748207
3,2.0535049778758037,2.0535049778758037
