,theta_x,theta_y
0,0.9844874729034292,0.9844874729034292
1,0.9790610348269387,0.9790610348269387
2,0.9738762171697712,0.9738762171697712
3,0.9684737130461274,0.9684737130461274
4,0.963088611490635,0.963088611490635
5,0.9577017345166345,0.9577017345166345
6,0.9522812385648314,0.9522812385648314
7,0.9469008421106297,0.9469008421106297
8,-3.141592653589793,-3.141592653589793
