,theta_x,theta_y
0,-1.5634923166694297,-1.5634923166694297
1,-1.5810906740096944,-1.5810906740096944
2,-1.5815337280169321,-1.5815337280169321
3,-1.5893414196530062,-1.5893414196530062
4,3.141592653589793,3.141592653589793
5,3.141592653589793,3.141592653589793
6,-1.6331201040919787,-1.6331201040919787
7,-1.6840169136330314,-1.6840169136330314
