,theta_x,theta_y
0,0.28031108943990196,0.28031108943990196
1,1.745094696193012,1.745094696193012
2,-2.384195689923373,-2.384195689923373
