,theta_x,theta_y
0,-1.0503719400893463,-1.0503719400893463
1,3.141592653589793,3.141592653589793
2,2.2845197354559557,2.2845197354559557
3,-0.8802225629911625,-0.8802225629911625
