,theta_x,theta_y
0,-0.38656721258347215,-0.38656721258347215
1,-0.8185477450417155,-0.8185477450417155
