,theta_x,theta_y
0,2.320802982778526,2.320802982778526
1,1.70748193565762,1.70748193565762
2,1.3123348734451743,1.3123348734451743
3,-3.141592653589793,-3.141592653589793
4,-3.141592653589793,-3.141592653589793
5,0.0767302011085024,0.0767302011085024
6,1.0184549906053006,1.0184549906053006
7,-3.141592653589793,-3.141592653589793
8,-3.141592653589793,-3.141592653589793
9,0.8369750520101272,0.8369750520101272
