,theta_x,theta_y
0,-0.6861229458893932,-0.6861229458893932
1,3.141592653589793,3.141592653589793
2,1.1443939195047141,1.1443939195047141
3,-0.44210242494876123,-0.44210242494876123
4,-1.045580543848542,-1.045580543848542
5,3.141592653589793,3.141592653589793
6,-1.354498418286378,-1.354498418286378
7,3.141592653589793,3.141592653589793
