theta_x,theta_y
-0.6861229458893932,-0.6861229458893932
3.141592653589793,3.141592653589793
1.1443939195047141,1.1443939195047141
-0.44210242494876123,-0.44210242494876123
-1.045580543848542,-1.045580543848542
3.141592653589793,3.141592653589793
-1.354498418286378,-1.354498418286378
3.141592653589793,3.141592653589793
