,theta_x,theta_y
0,-1.78737959386512,-1.78737959386512
1,-3.141592653589793,-3.141592653589793
2,2.5922053563913874,2.5922053563913874
3,-3.141592653589793,-3.141592653589793
4,-2.3530362609835986,-2.3530362609835986
