theta_x,theta_y
-0.19147119625990844,-0.19147119625990844
3.018606505507438,3.018606505507438
