,theta_x,theta_y
0,-0.028464009502228348,-0.028464009502228348
1,-0.6276671727981766,-0.6276671727981766
2,-1.0514314534903857,-1.0514314534903857
3,-1.4227923758068484,-1.4227923758068484
4,3.141592653589793,3.141592653589793
