theta_x,theta_y
0.7366854560675272,0.7366854560675272
2.461753662895269,2.461753662895269
1.5702577696983298,1.5702577696983298
-1.6180750170833698,-1.6180750170833698
-1.1516783843520124,-1.1516783843520124
2.3562501175232264,2.3562501175232264
