,theta_x,theta_y
0,-1.4031636615060934,-1.4031636615060934
1,2.9354490438481253,2.9354490438481253
2,-2.308274983209386,-2.308274983209386
3,2.4001891831084237,2.4001891831084237
4,1.3583014777001707,1.3583014777001707
5,-0.1925273363129829,-0.1925273363129829
6,-1.2645915946144297,-1.2645915946144297
7,-2.1906981060774036,-2.1906981060774036
