,theta_x,theta_y
0,0.5200979705162623,0.5200979705162623
1,1.9146670025436443,1.9146670025436443
2,1.4981819542784045,1.4981819542784045
3,-1.3282350753250962,-1.3282350753250962
4,-0.7433005509431543,-0.7433005509431543
5,1.815599288973079,1.815599288973079
6,-2.6137604236773186,-2.6137604236773186
7,1.9337270806843065,1.9337270806843065
8,2.0429589296518653,2.0429589296518653
