,theta_x,theta_y
0,1.14744834529328,1.14744834529328
1,2.7695914884927095,2.7695914884927095
2,-0.9672753953604457,-0.9672753953604457
