,theta_x,theta_y
0,-1.5387515619059557,-1.5387515619059557
1,-2.4062214677479075,-2.4062214677479075
2,2.992013988643029,2.992013988643029
3,0.9407209613342802,0.9407209613342802
4,-1.7764034670908333,-1.7764034670908333
5,0.4954605881611964,0.4954605881611964
6,-1.8923964921197862,-1.8923964921197862
