,theta_x,theta_y
0,-1.231606882549473,-1.231606882549473
1,0.36677482774541664,0.36677482774541664
2,-2.037372517156922,-2.037372517156922
3,-2.1415801291436525,-2.1415801291436525
4,-1.6917809674925894,-1.6917809674925894
5,-2.048310862448105,-2.048310862448105
6,-1.640215413445732,-1.640215413445732
7,-2.316197034726903,-2.316197034726903
