,theta_x,theta_y
0,0.389735037788726,0.389735037788726
1,-3.141592653589793,-3.141592653589793
2,-3.141592653589793,-3.141592653589793
