theta_x,theta_y
-0.2587718614274476,-0.2587718614274476
-0.32990285913610756,-0.32990285913610756
-0.6000433760327911,-0.6000433760327911
-0.49583657699613737,-0.49583657699613737
-0.6280146916487572,-0.6280146916487572
-0.625408778010366,-0.625408778010366
-0.6661140527228433,-0.6661140527228433
-0.7156391702465843,-0.7156391702465843
