,theta_x,theta_y
0,0.021223087790205243,0.021223087790205243
1,-1.5574295310916793,-1.5574295310916793
2,-0.2442132965746208,-0.2442132965746208
3,-0.5648660935303687,-0.5648660935303687
4,2.2619421690330443,2.2619421690330443
