theta_x,theta_y
-1.4939613700971521,-1.4939613700971521
-1.4653586407393313,-1.4653586407393313
2.2078150118439046,2.2078150118439046
-2.7961982173637354,-2.7961982173637354
0.9083387070363114,0.9083387070363114
