,theta_x,theta_y
0,-0.520962561733485,-0.520962561733485
