,theta_x,theta_y
0,-0.8658481605024944,-0.8658481605024944
1,-2.4999311538961164,-2.4999311538961164
2,1.9059405731343255,1.9059405731343255
3,-3.141592653589793,-3.141592653589793
4,1.0413399524977884,1.0413399524977884
5,0.23882597536920228,0.23882597536920228
6,-3.141592653589793,-3.141592653589793
7,-3.141592653589793,-3.141592653589793
