,theta_x,theta_y
0,1.8821836169496202,1.8821836169496202
1,1.97046297468521,1.97046297468521
2,3.141592653589793,3.141592653589793
