,theta_x,theta_y
0,1.5727348022211025,1.5727348022211025
1,1.7852305542482028,1.7852305542482028
2,0.6364994869269514,0.6364994869269514
3,-2.1733967578522773,-2.1733967578522773
4,-2.7084265547649737,-2.7084265547649737
5,-0.6446955099870372,-0.6446955099870372
