,theta_x,theta_y
0,1.3889243887178147,1.3889243887178147
1,-0.38870627546936126,-0.38870627546936126
2,-0.8203865505009874,-0.8203865505009874
3,-0.6859329675800517,-0.6859329675800517
4,-0.5558524835033147,-0.5558524835033147
5,-0.7289671464284887,-0.7289671464284887
6,-1.9713649079803934,-1.9713649079803934
7,-0.4832060198181259,-0.4832060198181259
