theta_x,theta_y
0.32101767244142676,0.32101767244142676
-1.052028083218942,-1.052028083218942
-0.9902711306534909,-0.9902711306534909
-0.9297503554684213,-0.9297503554684213
3.1015545295942966,3.1015545295942966
0.7704324152419786,0.7704324152419786
1.1604603312426234,1.1604603312426234
-1.2376604623253438,-1.2376604623253438
1.2166856510129935,1.2166856510129935
-2.4951492711341348,-2.4951492711341348
