,theta_x,theta_y
0,0.28609580420398306,0.28609580420398306
1,2.9481326200111377,2.9481326200111377
2,-2.9815865580542815,-2.9815865580542815
3,2.5695189748501837,2.5695189748501837
4,-2.152755682610928,-2.152755682610928
5,-0.2594381350482246,-0.2594381350482246
6,2.624133929322696,2.624133929322696
7,-0.405476850408256,-0.405476850408256
8,1.609572281586426,1.609572281586426
9,-3.141592653589793,-3.141592653589793
