,theta_x,theta_y
0,0.30367166669473256,0.30367166669473256
1,-0.8986838963944588,-0.8986838963944588
2,-2.5651670770980557,-2.5651670770980557
3,-3.0180628638592424,-3.0180628638592424
4,1.373567664749233,1.373567664749233
5,2.0825831356326683,2.0825831356326683
6,0.4815286998128738,0.4815286998128738
7,1.288582081348249,1.288582081348249
8,0.6821983788755176,0.6821983788755176
9,2.2806967253752455,2.2806967253752455
