,theta_x,theta_y
0,-0.09184514881749128,-0.09184514881749128
1,0.31142073045807606,0.31142073045807606
2,1.0230523876868876,1.0230523876868876
3,0.9882763733559692,0.9882763733559692
4,-2.4922299174032014,-2.4922299174032014
5,0.2510745257822626,0.2510745257822626
