theta_x,theta_y
0.8278096805125191,0.8278096805125191
0.7911096606608843,0.7911096606608843
