,theta_x,theta_y
0,-2.1066352802114015,-2.1066352802114015
