,theta_x,theta_y
0,-1.9854271543714526,-1.9854271543714526
1,3.141592653589793,3.141592653589793
