,theta_x,theta_y
0,1.5884258071778714,1.5884258071778714
