,theta_x,theta_y
0,-2.6106491909646032,-2.6106491909646032
1,-1.689361083679367,-1.689361083679367
2,-2.9242541913473894,-2.9242541913473894
3,2.6686420254849295,2.6686420254849295
4,3.109061520536857,3.109061520536857
5,2.3888054656705418,2.3888054656705418
