,theta_x,theta_y
0,-0.3010437728579896,-0.3010437728579896
1,-0.20077421249533434,-0.20077421249533434
2,-0.2980784489226206,-0.2980784489226206
