theta_x,theta_y
2.687086279021303,2.687086279021303
-0.9236351278463004,-0.9236351278463004
-0.11555209788704418,-0.11555209788704418
1.8768314371898018,1.8768314371898018
0.9796916310974441,0.9796916310974441
3.141592653589793,3.141592653589793
