,theta_x,theta_y
0,0.12682904599920292,0.12682904599920292
1,3.0120802504784874,3.0120802504784874
2,1.6073368819759508,1.6073368819759508
3,-1.578775354450323,-1.578775354450323
4,-1.4598149930595494,-1.4598149930595494
5,2.7558978797645537,2.7558978797645537
6,-2.904403151000515,-2.904403151000515
7,1.9917013784469717,1.9917013784469717
8,1.567064995464975,1.567064995464975
9,-0.21550884938120435,-0.21550884938120435
