theta_x,theta_y
1.2432603226005996,1.2432603226005996
-0.6282481738057493,-0.6282481738057493
-2.9514865466471467,-2.9514865466471467
-3.141592653589793,-3.141592653589793
2.138964268038849,2.138964268038849
2.8100670459675703,2.8100670459675703
1.6793489940986601,1.6793489940986601
2.28692204267974,2.28692204267974
