,theta_x,theta_y
0,-1.1834057403926415,-1.1834057403926415
1,2.792708635998718,2.792708635998718
2,-1.4806066146860566,-1.4806066146860566
3,2.0195860175960068,2.0195860175960068
4,1.8111675449459563,1.8111675449459563
5,-0.24497708073632557,-0.24497708073632557
6,-0.6445071292735312,-0.6445071292735312
7,-1.5297839182060688,-1.5297839182060688
8,-2.336418341668271,-2.336418341668271
9,-0.7087853464427037,-0.7087853464427037
