theta_x,theta_y
-0.3049370006445357,-0.3049370006445357
2.9202159944707096,2.9202159944707096
-0.5359425727912709,-0.5359425727912709
1.9338062458654715,1.9338062458654715
1.49845896739845,1.49845896739845
0.05759110663853873,0.05759110663853873
-0.18281875155506278,-0.18281875155506278
-0.6449614985372825,-0.6449614985372825
-1.7259256861114343,-1.7259256861114343
