,theta_x,theta_y
0,-3.141592653589793,-3.141592653589793
1,0.9467505323440942,0.9467505323440942
2,0.9640412607257521,0.9640412607257521
3,0.9775142838863249,0.9775142838863249
4,-3.141592653589793,-3.141592653589793
5,0.9957747245396716,0.9957747245396716
6,1.032089470964547,1.032089470964547
