,theta_x,theta_y
0,0.7859979977652181,0.7859979977652181
