,theta_x,theta_y
0,-1.8491301554905544,-1.8491301554905544
1,-0.9493483570229081,-0.9493483570229081
2,1.6464970876539584,1.6464970876539584
