,theta_x,theta_y
0,1.5863301171870676,1.5863301171870676
1,-0.2143949942246762,-0.2143949942246762
2,1.1822759950809867,1.1822759950809867
