,theta_x,theta_y
0,3.125638168893852,3.125638168893852
1,-0.9965738426691637,-0.9965738426691637
2,-2.5521496581488754,-2.5521496581488754
