theta_x,theta_y
1.8654896237604424,1.8654896237604424
0.4892427641580383,0.4892427641580383
0.6047400928683453,0.6047400928683453
1.2476686833077477,1.2476686833077477
-0.15312562869629984,-0.15312562869629984
-1.4588414760882034,-1.4588414760882034
-3.141592653589793,-3.141592653589793
-2.834175121867993,-2.834175121867993
