,theta_x,theta_y
0,2.2319940766432764,2.2319940766432764
1,0.6867221950473216,0.6867221950473216
2,2.366493018379726,2.366493018379726
3,-2.464910338993677,-2.464910338993677
4,0.9586548481071754,0.9586548481071754
