,theta_x,theta_y
0,0.6542007420442587,0.6542007420442587
1,2.4700934511004573,2.4700934511004573
2,1.0741686289041383,1.0741686289041383
3,-1.2605267667336777,-1.2605267667336777
4,-0.8384579951160912,-0.8384579951160912
5,2.2451610309983834,2.2451610309983834
6,-3.04776296848231,-3.04776296848231
7,1.370113734788911,1.370113734788911
