,theta_x,theta_y
0,0.46998070907908995,0.46998070907908995
1,-1.2988636327539609,-1.2988636327539609
2,-1.314775489049747,-1.314775489049747
3,-0.7265811388598538,-0.7265811388598538
4,2.9472209897688106,2.9472209897688106
5,0.40733442713042334,0.40733442713042334
6,1.5286462682508433,1.5286462682508433
