theta_x,theta_y
0.39398412855881715,0.39398412855881715
2.937636009951421,2.937636009951421
1.5821608952879327,1.5821608952879327
-1.303978819421066,-1.303978819421066
-1.486228785206754,-1.486228785206754
