,theta_x,theta_y
0,-1.464667864164892,-1.464667864164892
