,theta_x,theta_y
0,0.2220385031016615,0.2220385031016615
1,1.7948883788717789,1.7948883788717789
2,0.3785684429015229,0.3785684429015229
3,-0.7472307529797599,-0.7472307529797599
4,-2.5911366462292045,-2.5911366462292045
5,0.06561473560607628,0.06561473560607628
6,0.42576460152778994,0.42576460152778994
7,-2.9129782623309106,-2.9129782623309106
8,-2.719355347849463,-2.719355347849463
