,theta_x,theta_y
0,-2.785268844933405,-2.785268844933405
1,-1.213679943472996,-1.213679943472996
2,1.0573664354324246,1.0573664354324246
3,-3.141592653589793,-3.141592653589793
4,1.4350707967956213,1.4350707967956213
