,theta_x,theta_y
0,2.4022139601855983,2.4022139601855983
1,0.9299281625945879,0.9299281625945879
2,2.2915895452881467,2.2915895452881467
3,-3.141592653589793,-3.141592653589793
4,1.0991875294756779,1.0991875294756779
5,-0.20921504262425475,-0.20921504262425475
6,1.6608670645639996,1.6608670645639996
7,-2.796482237114172,-2.796482237114172
8,1.6974056096657695,1.6974056096657695
