,theta_x,theta_y
0,-0.49908842478372306,-0.49908842478372306
1,3.141592653589793,3.141592653589793
2,-0.5546531206715947,-0.5546531206715947
3,-0.31995304802875507,-0.31995304802875507
4,-0.6297721877306146,-0.6297721877306146
5,-0.7999382748753651,-0.7999382748753651
6,-1.198512500226263,-1.198512500226263
7,-1.0935856213953938,-1.0935856213953938
