theta_x,theta_y
-0.30807534376138823,-0.30807534376138823
3.141592653589793,3.141592653589793
-0.6851344170310317,-0.6851344170310317
3.141592653589793,3.141592653589793
-0.08164223723710974,-0.08164223723710974
-1.729773811400537,-1.729773811400537
3.111691098598613,3.111691098598613
-1.9516413736806852,-1.9516413736806852
-2.1506468706815984,-2.1506468706815984
-2.053062688580305,-2.053062688580305
