theta_x,theta_y
3.141592653589793,3.141592653589793
2.3754604713874192,2.3754604713874192
0.1317317496918542,0.1317317496918542
