,theta_x,theta_y
0,0.7445789196502884,0.7445789196502884
1,-1.3894816491004762,-1.3894816491004762
2,-2.0850012982126227,-2.0850012982126227
3,-2.3974930473764107,-2.3974930473764107
4,2.6285559426959266,2.6285559426959266
5,2.937463841075614,2.937463841075614
6,0.9982726013679308,0.9982726013679308
7,1.4393993099614169,1.4393993099614169
8,0.17688876223478853,0.17688876223478853
9,3.141592653589793,3.141592653589793
