,theta_x,theta_y
0,-0.15272972593491002,-0.15272972593491002
1,-2.5067262102590577,-2.5067262102590577
2,-2.7872631790569025,-2.7872631790569025
3,-3.141592653589793,-3.141592653589793
4,2.3538649431583334,2.3538649431583334
5,1.6819393754856227,1.6819393754856227
6,1.6493836830800113,1.6493836830800113
7,0.4741873576110097,0.4741873576110097
