theta_x,theta_y
0.4364595239498791,0.4364595239498791
0.43968214553896534,0.43968214553896534
-2.2815547860537797,-2.2815547860537797
-3.141592653589793,-3.141592653589793
0.8613993795657909,0.8613993795657909
1.0105131368941591,1.0105131368941591
0.38504518115911956,0.38504518115911956
0.3483853520517813,0.3483853520517813
