,theta_x,theta_y
0,3.0564577876584504,3.0564577876584504
1,0.10608539247292785,0.10608539247292785
2,0.4518644511800815,0.4518644511800815
3,-1.3219068286750417,-1.3219068286750417
4,2.8750120494083036,2.8750120494083036
5,3.0535794221676977,3.0535794221676977
6,2.3464163931372455,2.3464163931372455
7,-3.141592653589793,-3.141592653589793
8,1.472777750453175,1.472777750453175
9,-3.141592653589793,-3.141592653589793
