theta_x,theta_y
3.0564577876584504,3.0564577876584504
0.10608539247292785,0.10608539247292785
0.4518644511800815,0.4518644511800815
-1.3219068286750417,-1.3219068286750417
2.8750120494083036,2.8750120494083036
3.0535794221676977,3.0535794221676977
2.3464163931372455,2.3464163931372455
-3.141592653589793,-3.141592653589793
1.472777750453175,1.472777750453175
-3.141592653589793,-3.141592653589793
