,theta_x,theta_y
0,0.3238135143499925,0.3238135143499925
1,-1.8456681811753335,-1.8456681811753335
2,-2.551315595598128,-2.551315595598128
3,-3.038710642195893,-3.038710642195893
4,2.1758611395405203,2.1758611395405203
5,2.0271136343712652,2.0271136343712652
6,0.5945292420926911,0.5945292420926911
