,theta_x,theta_y
0,2.6394034065014482,2.6394034065014482
1,2.5281426142757515,2.5281426142757515
2,2.3477906839290856,2.3477906839290856
3,-3.141592653589793,-3.141592653589793
