theta_x,theta_y
-1.049803495346322,-1.049803495346322
-0.9395160841223797,-0.9395160841223797
2.128514818587243,2.128514818587243
-3.1274259656125496,-3.1274259656125496
2.0654581514573658,2.0654581514573658
1.5407594255072896,1.5407594255072896
-3.141592653589793,-3.141592653589793
-3.141592653589793,-3.141592653589793
-0.923376916350134,-0.923376916350134
