theta_x,theta_y
3.141592653589793,3.141592653589793
3.141592653589793,3.141592653589793
-0.3729591639901808,-0.3729591639901808
-0.8083941059933675,-0.8083941059933675
-1.2916713675115639,-1.2916713675115639
-2.0709516489780144,-2.0709516489780144
