,theta_x,theta_y
0,2.8719183254515825,2.8719183254515825
1,-1.0782753466650243,-1.0782753466650243
2,1.1800480446367112,1.1800480446367112
3,1.7810221902472585,1.7810221902472585
4,0.6011354892794281,0.6011354892794281
5,1.9786705309102124,1.9786705309102124
6,1.0610935115283817,1.0610935115283817
