,theta_x,theta_y
0,1.0715043746613007,1.0715043746613007
1,1.0410760870822804,1.0410760870822804
2,1.068655007537827,1.068655007537827
3,-3.141592653589793,-3.141592653589793
4,1.0079493328958036,1.0079493328958036
5,0.9864626062238646,0.9864626062238646
6,1.0158529097439373,1.0158529097439373
