theta_x,theta_y
-0.28513015263576097,-0.28513015263576097
-1.2467305408844143,-1.2467305408844143
3.141592653589793,3.141592653589793
-1.0617731859037127,-1.0617731859037127
0.4282784144848725,0.4282784144848725
-1.7232811799308203,-1.7232811799308203
