,theta_x,theta_y
0,0.522798042282663,0.522798042282663
1,-3.141592653589793,-3.141592653589793
2,-0.31863059780366754,-0.31863059780366754
3,-3.141592653589793,-3.141592653589793
4,0.79131834676814,0.79131834676814
