,theta_x,theta_y
0,0.11438915674536494,0.11438915674536494
1,3.025542422881326,3.025542422881326
