,theta_x,theta_y
0,2.8736383512092867,2.8736383512092867
1,2.5048461462639415,2.5048461462639415
2,2.3066931162458046,2.3066931162458046
3,-3.141592653589793,-3.141592653589793
