,theta_x,theta_y
0,-2.4998953688570364,-2.4998953688570364
1,0.24676000129224157,0.24676000129224157
2,-2.3173986763264374,-2.3173986763264374
3,2.9336823909641954,2.9336823909641954
4,1.9901471617003397,1.9901471617003397
5,0.2795549011031021,0.2795549011031021
6,1.433271533908698,1.433271533908698
7,-0.612203725528724,-0.612203725528724
8,-2.360256061199699,-2.360256061199699
9,2.0700272412972947,2.0700272412972947
