theta_x,theta_y
0.3334577907180112,0.3334577907180112
-1.1810247542849668,-1.1810247542849668
0.7659146587032356,0.7659146587032356
-0.8433370481354521,-0.8433370481354521
0.16590992802338916,0.16590992802338916
1.9182718345097924,1.9182718345097924
2.984406266357761,2.984406266357761
3.141592653589793,3.141592653589793
-2.838972494295784,-2.838972494295784
