theta_x,theta_y
-2.0284584818122395,-2.0284584818122395
-3.051853553303868,-3.051853553303868
2.9565208423606606,2.9565208423606606
