theta_x,theta_y
3.141592653589793,3.141592653589793
-0.1281856380921543,-0.1281856380921543
3.141592653589793,3.141592653589793
-0.46112260975350344,-0.46112260975350344
-0.13873863216916954,-0.13873863216916954
-1.06641853194838,-1.06641853194838
3.141592653589793,3.141592653589793
-1.279313593126704,-1.279313593126704
3.141592653589793,3.141592653589793
-0.9657735824464331,-0.9657735824464331
