theta_x,theta_y
-2.1400608713860425,-2.1400608713860425
-2.9660180900431947,-2.9660180900431947
3.1173850552642604,3.1173850552642604
-2.894522308715047,-2.894522308715047
2.5643117832985527,2.5643117832985527
1.6455521067107661,1.6455521067107661
-2.5745538304481506,-2.5745538304481506
