theta_x,theta_y
-3.044081400829424,-3.044081400829424
0.9236994077626309,0.9236994077626309
-3.0621913544039483,-3.0621913544039483
1.0244138649848433,1.0244138649848433
1.7302210641305076,1.7302210641305076
-2.980774712025134,-2.980774712025134
