theta_x,theta_y
0.5190257869067147,0.5190257869067147
0.6468404545314939,0.6468404545314939
-2.6656487073690043,-2.6656487073690043
-3.141592653589793,-3.141592653589793
