theta_x,theta_y
-1.4902945137854096,-1.4902945137854096
3.141592653589793,3.141592653589793
2.4958134218033354,2.4958134218033354
-0.6326684891277454,-0.6326684891277454
