,theta_x,theta_y
0,0.7211070664996541,0.7211070664996541
1,-0.17705087496632654,-0.17705087496632654
2,1.5283070879912266,1.5283070879912266
3,-2.3982428006088616,-2.3982428006088616
4,-0.35574595092617123,-0.35574595092617123
