theta_x,theta_y
-0.9980313526645632,-0.9980313526645632
-0.31747323054136734,-0.31747323054136734
-1.1131607666052505,-1.1131607666052505
-1.6826707034739967,-1.6826707034739967
-1.045817049832038,-1.045817049832038
