theta_x,theta_y
3.141592653589793,3.141592653589793
1.0614216381309796,1.0614216381309796
3.076844340989075,3.076844340989075
-2.1719113676955977,-2.1719113676955977
1.3994316988902322,1.3994316988902322
0.6949295696541881,0.6949295696541881
0.6243169548915722,0.6243169548915722
-0.19593133626152442,-0.19593133626152442
0.9460444813467548,0.9460444813467548
-0.3892651957075978,-0.3892651957075978
