,theta_x,theta_y
0,-2.8882606177601438,-2.8882606177601438
1,2.827583606758176,2.827583606758176
2,-1.1974025665867747,-1.1974025665867747
3,2.867973280165645,2.867973280165645
