,theta_x,theta_y
0,2.011696896152672,2.011696896152672
1,-1.830267340637516,-1.830267340637516
2,1.3389333347302934,1.3389333347302934
3,1.5156629119983505,1.5156629119983505
4,1.2179307489969693,1.2179307489969693
5,1.6923029860088064,1.6923029860088064
6,1.7936332716393741,1.7936332716393741
7,2.533470079117203,2.533470079117203
