,theta_x,theta_y
0,-3.141592653589793,-3.141592653589793
1,0.9778980936258816,0.9778980936258816
2,0.9586666116423234,0.9586666116423234
3,0.9397570597434484,0.9397570597434484
4,-3.141592653589793,-3.141592653589793
5,0.9029156959019803,0.9029156959019803
