,theta_x,theta_y
0,-1.1548903202845797,-1.1548903202845797
1,3.141592653589793,3.141592653589793
2,-1.2319794121056817,-1.2319794121056817
3,3.141592653589793,3.141592653589793
4,3.141592653589793,3.141592653589793
5,-1.3945862054722769,-1.3945862054722769
6,-1.8217146956986954,-1.8217146956986954
7,-2.3176811498579077,-2.3176811498579077
