theta_x,theta_y
2.3474115093155747,2.3474115093155747
2.2328942134579517,2.2328942134579517
-0.18543167641297936,-0.18543167641297936
-1.0722228680848003,-1.0722228680848003
-2.007659348416529,-2.007659348416529
-0.8689240601083507,-0.8689240601083507
-0.9183042682298745,-0.9183042682298745
-2.1861159010225144,-2.1861159010225144
