theta_x,theta_y
0.26832015586891295,0.26832015586891295
2.440455464122984,2.440455464122984
1.3107805395360466,1.3107805395360466
-1.3608950624995322,-1.3608950624995322
-0.9645212941679472,-0.9645212941679472
2.3821233664332593,2.3821233664332593
-2.6307944091257456,-2.6307944091257456
