,theta_x,theta_y
0,2.0725118715642514,2.0725118715642514
