,theta_x,theta_y
0,3.062416525045284,3.062416525045284
1,2.9985227753294272,2.9985227753294272
2,2.8273714917149793,2.8273714917149793
3,-3.141592653589793,-3.141592653589793
4,-3.141592653589793,-3.141592653589793
5,2.6931807757890214,2.6931807757890214
6,-3.135819939433724,-3.135819939433724
