,theta_x,theta_y
0,2.457422735646776,2.457422735646776
1,-3.141592653589793,-3.141592653589793
2,-3.141592653589793,-3.141592653589793
