theta_x,theta_y
3.141592653589793,3.141592653589793
-0.10992026539187282,-0.10992026539187282
3.141592653589793,3.141592653589793
