,theta_x,theta_y
0,1.4248042576756135,1.4248042576756135
