theta_x,theta_y
-2.75658569529418,-2.75658569529418
1.9099268218368348,1.9099268218368348
-3.141592653589793,-3.141592653589793
2.307586253177226,2.307586253177226
2.609376531083924,2.609376531083924
-1.943699400712474,-1.943699400712474
0.14892058870060942,0.14892058870060942
-0.6073901407784672,-0.6073901407784672
