theta_x,theta_y
0.2142396790597454,0.2142396790597454
3.141592653589793,3.141592653589793
0.028274570112263756,0.028274570112263756
3.141592653589793,3.141592653589793
2.2390782389287076,2.2390782389287076
0.529899177824033,0.529899177824033
