,theta_x,theta_y
0,2.0297582522609825,2.0297582522609825
1,2.003609368592921,2.003609368592921
2,-3.141592653589793,-3.141592653589793
3,1.9773856993188987,1.9773856993188987
4,1.993714721805236,1.993714721805236
5,2.009669339341916,2.009669339341916
6,1.992044841216517,1.992044841216517
7,2.010018483480247,2.010018483480247
8,2.006138208695639,2.006138208695639
9,-3.141592653589793,-3.141592653589793
