theta_x,theta_y
-1.3580057070823477,-1.3580057070823477
3.141592653589793,3.141592653589793
-1.8802059705733731,-1.8802059705733731
2.3431705871456634,2.3431705871456634
2.5787604995144857,2.5787604995144857
-0.8618781514775253,-0.8618781514775253
-1.0564233610348635,-1.0564233610348635
-1.2496733805856588,-1.2496733805856588
-2.5002730399092363,-2.5002730399092363
