,theta_x,theta_y
0,-2.6104500306585416,-2.6104500306585416
1,-1.6991413053644806,-1.6991413053644806
2,1.9167140470718929,1.9167140470718929
3,0.5173263260510471,0.5173263260510471
4,-2.5717122610522534,-2.5717122610522534
5,-0.4372247150376058,-0.4372247150376058
6,-0.16139226596379513,-0.16139226596379513
7,-2.1562874684153632,-2.1562874684153632
8,1.5110371099559408,1.5110371099559408
9,-2.4394702580811467,-2.4394702580811467
