,theta_x,theta_y
0,0.5553972983915962,0.5553972983915962
1,1.444755197279337,1.444755197279337
2,0.8278625847521083,0.8278625847521083
3,-1.0439131961628896,-1.0439131961628896
4,-0.6960802124124252,-0.6960802124124252
5,1.1467010080855264,1.1467010080855264
6,-2.261825473788932,-2.261825473788932
7,1.9121034286739391,1.9121034286739391
8,2.5173006261777404,2.5173006261777404
9,-0.913043722537652,-0.913043722537652
