theta_x,theta_y
1.7659466967699784,1.7659466967699784
3.139948162567433,3.139948162567433
2.2062897226671265,2.2062897226671265
-1.5084454964447374,-1.5084454964447374
-1.8709173624097102,-1.8709173624097102
2.972716364048738,2.972716364048738
-3.141592653589793,-3.141592653589793
2.2238023214087854,2.2238023214087854
2.126603280936999,2.126603280936999
1.1905642136032326,1.1905642136032326
