theta_x,theta_y
1.2730088226278091,1.2730088226278091
1.1595190409226004,1.1595190409226004
-0.2671058271808447,-0.2671058271808447
-0.8319088593832653,-0.8319088593832653
-2.4839166928187235,-2.4839166928187235
-0.23954588253740836,-0.23954588253740836
-0.3056539350806699,-0.3056539350806699
-2.3175125651225637,-2.3175125651225637
-2.6814029949656857,-2.6814029949656857
2.5650079172392406,2.5650079172392406
