theta_x,theta_y
-2.923893006233447,-2.923893006233447
2.578836439460537,2.578836439460537
-2.895161406221172,-2.895161406221172
2.164505202787292,2.164505202787292
-3.141592653589793,-3.141592653589793
-3.141592653589793,-3.141592653589793
3.094218603231019,3.094218603231019
