,theta_x,theta_y
0,-0.6600999722284748,-0.6600999722284748
1,-1.8646703410636607,-1.8646703410636607
2,-1.2801981806132121,-1.2801981806132121
3,-0.16459833960921275,-0.16459833960921275
4,3.141592653589793,3.141592653589793
5,0.6392592386929191,0.6392592386929191
6,2.2381469571650063,2.2381469571650063
