,theta_x,theta_y
0,-0.3966019228849345,-0.3966019228849345
1,3.141592653589793,3.141592653589793
2,-0.4086962963610469,-0.4086962963610469
3,3.141592653589793,3.141592653589793
4,-0.42489814720320096,-0.42489814720320096
5,-0.4782556523619056,-0.4782556523619056
6,-0.5368751281666906,-0.5368751281666906
7,-0.5989265457422244,-0.5989265457422244
8,-0.6510728243976925,-0.6510728243976925
9,-0.7073794974280834,-0.7073794974280834
