,theta_x,theta_y
0,-2.1303223454706286,-2.1303223454706286
1,3.141592653589793,3.141592653589793
2,2.6785617863425846,2.6785617863425846
3,-3.141592653589793,-3.141592653589793
4,-3.141592653589793,-3.141592653589793
5,1.8740668149499355,1.8740668149499355
6,-3.141592653589793,-3.141592653589793
