theta_x,theta_y
0.35469531164547863,0.35469531164547863
1.3897755067815425,1.3897755067815425
1.25951684674439,1.25951684674439
-1.9165212667939013,-1.9165212667939013
-1.0224012404476037,-1.0224012404476037
