theta_x,theta_y
2.406371682394418,2.406371682394418
0.26042739809866144,0.26042739809866144
2.6616751960231175,2.6616751960231175
-2.431705511704039,-2.431705511704039
0.444622076783735,0.444622076783735
-0.19143362524608998,-0.19143362524608998
1.1613548229294564,1.1613548229294564
