,theta_x,theta_y
0,-1.3883985043690084,-1.3883985043690084
1,3.141592653589793,3.141592653589793
2,3.141592653589793,3.141592653589793
3,-1.4034055499673797,-1.4034055499673797
4,-1.767695994122645,-1.767695994122645
5,3.141592653589793,3.141592653589793
