,theta_x,theta_y
0,-2.945655040857716,-2.945655040857716
1,1.1808811504696677,1.1808811504696677
2,0.34634460881636775,0.34634460881636775
3,0.5973864554513182,0.5973864554513182
4,-2.953960761779427,-2.953960761779427
