,theta_x,theta_y
0,-1.3560980244368566,-1.3560980244368566
1,3.141592653589793,3.141592653589793
2,-1.5663663182391054,-1.5663663182391054
3,3.141592653589793,3.141592653589793
4,3.141592653589793,3.141592653589793
5,-1.9471459180991357,-1.9471459180991357
6,-2.737777297503689,-2.737777297503689
