theta_x,theta_y
3.1288477123396237,3.1288477123396237
-0.6091503773808208,-0.6091503773808208
0.41554997229660434,0.41554997229660434
2.1490075337786902,2.1490075337786902
