theta_x,theta_y
1.9082248555566579,1.9082248555566579
0.9534670979392409,0.9534670979392409
-3.141592653589793,-3.141592653589793
-3.141592653589793,-3.141592653589793
1.3392602130835864,1.3392602130835864
1.3544095996183816,1.3544095996183816
1.5845980748900144,1.5845980748900144
1.6441808302608583,1.6441808302608583
1.6062790219701841,1.6062790219701841
