,theta_x,theta_y
0,-1.202457531948791,-1.202457531948791
1,3.141592653589793,3.141592653589793
2,-1.2784932961932174,-1.2784932961932174
3,1.8540306736146315,1.8540306736146315
