theta_x,theta_y
-0.6210751981687229,-0.6210751981687229
-2.0486850012689857,-2.0486850012689857
-2.5445700713565635,-2.5445700713565635
-1.833577334753984,-1.833577334753984
2.721026071035485,2.721026071035485
1.106538458494268,1.106538458494268
3.141592653589793,3.141592653589793
