,theta_x,theta_y
0,-2.78980292314865,-2.78980292314865
1,2.497409508264769,2.497409508264769
