,theta_x,theta_y
0,1.5599289092290847,1.5599289092290847
1,2.680080206984628,2.680080206984628
2,-0.7977809670202519,-0.7977809670202519
