,theta_x,theta_y
0,-1.047435892347075,-1.047435892347075
1,-0.6543875096819423,-0.6543875096819423
