theta_x,theta_y
-1.3999807255695698,-1.3999807255695698
-1.1964204846028546,-1.1964204846028546
2.007025327930568,2.007025327930568
-3.141592653589793,-3.141592653589793
