,theta_x,theta_y
0,-0.5932157785002351,-0.5932157785002351
1,-0.650497608975538,-0.650497608975538
2,-0.7087362215008203,-0.7087362215008203
3,-0.7679321295938735,-0.7679321295938735
4,-0.8280069658191194,-0.8280069658191194
5,-0.8890880707590938,-0.8890880707590938
6,-0.951151190116377,-0.951151190116377
7,-1.0141724719831395,-1.0141724719831395
8,-1.0782780528574667,-1.0782780528574667
