,theta_x,theta_y
0,-0.930645679371087,-0.930645679371087
1,-2.017883679967794,-2.017883679967794
2,-1.7848488929449349,-1.7848488929449349
3,-0.7038217330564015,-0.7038217330564015
4,2.46817636538512,2.46817636538512
5,-0.2304817316698824,-0.2304817316698824
6,1.2744984774941486,1.2744984774941486
7,0.7407149993940138,0.7407149993940138
8,1.7502338962674624,1.7502338962674624
