,theta_x,theta_y
0,1.7957647362898186,1.7957647362898186
1,-2.472141345370078,-2.472141345370078
