,theta_x,theta_y
0,0.05057602892794844,0.05057602892794844
1,-1.1375198487944902,-1.1375198487944902
2,-2.5298116788542604,-2.5298116788542604
3,-3.141592653589793,-3.141592653589793
4,1.3141701723697026,1.3141701723697026
5,1.2799935056239715,1.2799935056239715
