,theta_x,theta_y
0,1.0242566454923683,1.0242566454923683
1,0.1372975320359206,0.1372975320359206
2,0.22670748773317936,0.22670748773317936
3,-1.494080826295145,-1.494080826295145
4,0.06450496380720058,0.06450496380720058
5,-0.7888005724370811,-0.7888005724370811
6,-0.5726807267701702,-0.5726807267701702
