,theta_x,theta_y
0,-2.502418487797844,-2.502418487797844
1,-2.792565497684441,-2.792565497684441
2,2.804016258800933,2.804016258800933
3,-3.0097099059978123,-3.0097099059978123
4,-3.1136020533476745,-3.1136020533476745
5,2.8451432862426826,2.8451432862426826
6,-2.978089563687123,-2.978089563687123
7,-2.7277536802823645,-2.7277536802823645
8,-2.3767662324692416,-2.3767662324692416
9,-0.47136955779144585,-0.47136955779144585
