theta_x,theta_y
-0.9469646278035307,-0.9469646278035307
