,theta_x,theta_y
0,-1.1832135701214004,-1.1832135701214004
1,-1.921400014582949,-1.921400014582949
2,1.1977375364649974,1.1977375364649974
3,-0.8660128412008402,-0.8660128412008402
4,-2.168286807577171,-2.168286807577171
5,-1.0414246975871375,-1.0414246975871375
6,-2.9858637435206115,-2.9858637435206115
7,-1.363384229175604,-1.363384229175604
8,1.0736140747434695,1.0736140747434695
