,theta_x,theta_y
0,1.4916870917101814,1.4916870917101814
1,1.0238597180424407,1.0238597180424407
