theta_x,theta_y
-1.542795775222244,-1.542795775222244
-1.4507882430695758,-1.4507882430695758
-1.4683838444603237,-1.4683838444603237
-0.9248672830534657,-0.9248672830534657
2.816779369860556,2.816779369860556
-1.0058703922058505,-1.0058703922058505
