,theta_x,theta_y
0,-0.9728238411110273,-0.9728238411110273
1,3.141592653589793,3.141592653589793
2,-3.141592653589793,-3.141592653589793
3,2.394345298364091,2.394345298364091
4,-2.7963818776116214,-2.7963818776116214
5,0.30949228726639305,0.30949228726639305
6,2.0971053823953,2.0971053823953
7,-0.0436579569482758,-0.0436579569482758
8,1.1919453152683277,1.1919453152683277
