,theta_x,theta_y
0,-0.8650009457535566,-0.8650009457535566
1,2.8796680041633795,2.8796680041633795
2,0.5786059907960911,0.5786059907960911
3,0.0839138054502564,0.0839138054502564
4,-0.47802929276149536,-0.47802929276149536
5,3.141592653589793,3.141592653589793
