,theta_x,theta_y
0,0.06480565277786282,0.06480565277786282
1,-1.4719686577677407,-1.4719686577677407
2,-1.1483638261664244,-1.1483638261664244
3,-0.6794179271256571,-0.6794179271256571
4,2.733383276525706,2.733383276525706
5,0.6357121425314143,0.6357121425314143
6,1.4514553682116698,1.4514553682116698
7,-1.2311417817535104,-1.2311417817535104
8,1.6034120957944746,1.6034120957944746
9,-2.819962983212325,-2.819962983212325
