,theta_x,theta_y
0,2.5851356259062483,2.5851356259062483
1,-3.141592653589793,-3.141592653589793
2,-3.141592653589793,-3.141592653589793
3,-3.141592653589793,-3.141592653589793
4,2.3361479886419048,2.3361479886419048
5,2.263616062502991,2.263616062502991
6,2.2950791679537,2.2950791679537
