,theta_x,theta_y
0,0.20908666470105713,0.20908666470105713
1,3.141592653589793,3.141592653589793
2,-3.141592653589793,-3.141592653589793
