,theta_x,theta_y
0,-3.141592653589793,-3.141592653589793
1,-1.2889779685992482,-1.2889779685992482
2,1.8532634987329764,1.8532634987329764
3,1.1826161679759348,1.1826161679759348
