,theta_x,theta_y
0,-3.1415926535897927,-3.1415926535897927
1,2.5158069294623093,2.5158069294623093
