,theta_x,theta_y
0,2.140875965566026,2.140875965566026
1,-1.4504928077691783,-1.4504928077691783
2,0.1606440751362867,0.1606440751362867
3,1.4513210369862308,1.4513210369862308
4,0.29936273972491134,0.29936273972491134
5,3.141592653589793,3.141592653589793
6,1.92966060450328,1.92966060450328
7,2.476687083397518,2.476687083397518
8,-2.625489488340859,-2.625489488340859
