,theta_x,theta_y
0,1.8298311744351108,1.8298311744351108
1,1.5265572739742477,1.5265572739742477
2,0.030823498569624366,0.030823498569624366
3,-0.8612638451971576,-0.8612638451971576
4,-2.700026798478079,-2.700026798478079
5,-0.3404504210676993,-0.3404504210676993
6,-0.5801874632375298,-0.5801874632375298
7,-2.5596722713370603,-2.5596722713370603
