theta_x,theta_y
1.8298311744351108,1.8298311744351108
1.5265572739742477,1.5265572739742477
0.030823498569624366,0.030823498569624366
-0.8612638451971576,-0.8612638451971576
-2.700026798478079,-2.700026798478079
-0.3404504210676993,-0.3404504210676993
-0.5801874632375298,-0.5801874632375298
-2.5596722713370603,-2.5596722713370603
