theta_x,theta_y
-2.5459984056095926,-2.5459984056095926
-3.141592653589793,-3.141592653589793
2.626215279833881,2.626215279833881
-3.141592653589793,-3.141592653589793
-3.141592653589793,-3.141592653589793
2.7346413020444973,2.7346413020444973
-3.141592653589793,-3.141592653589793
-2.803705918865536,-2.803705918865536
