,theta_x,theta_y
0,-0.48081706894645765,-0.48081706894645765
1,-0.24074381470103148,-0.24074381470103148
2,-0.3946040650934793,-0.3946040650934793
3,-1.9561796637028281,-1.9561796637028281
4,2.5035123280940472,2.5035123280940472
5,0.304019235763786,0.304019235763786
6,-0.7135865716809306,-0.7135865716809306
7,-1.357451429184144,-1.357451429184144
8,-0.9172282956678458,-0.9172282956678458
9,-0.5830986308198163,-0.5830986308198163
