theta_x,theta_y
3.0975078368907965,3.0975078368907965
-0.546779742550122,-0.546779742550122
-0.10256550256109881,-0.10256550256109881
3.141592653589793,3.141592653589793
1.2238702887326074,1.2238702887326074
3.141592653589793,3.141592653589793
