theta_x,theta_y
2.178361767329432,2.178361767329432
0.05153887479197223,0.05153887479197223
-0.10224442029538308,-0.10224442029538308
2.7166654449961407,2.7166654449961407
