,theta_x,theta_y
0,-2.282051849572322,-2.282051849572322
1,-3.141592653589793,-3.141592653589793
2,0.33308647255954416,0.33308647255954416
