,theta_x,theta_y
0,1.1205050473942868,1.1205050473942868
