theta_x,theta_y
0.12977545400573376,0.12977545400573376
2.412627645050682,2.412627645050682
0.06352468507437761,0.06352468507437761
1.2100237889252063,1.2100237889252063
1.2682435535120409,1.2682435535120409
0.13841270757972293,0.13841270757972293
0.17277781995493507,0.17277781995493507
