,theta_x,theta_y
0,-0.9938393285962376,-0.9938393285962376
1,-1.4773515842312828,-1.4773515842312828
2,3.141592653589793,3.141592653589793
