,theta_x,theta_y
0,-2.8357386663072046,-2.8357386663072046
1,-1.411183622455292,-1.411183622455292
2,1.5509921459534866,1.5509921459534866
3,0.947002738689461,0.947002738689461
