,theta_x,theta_y
0,0.2636512190017387,0.2636512190017387
1,-0.10458295096437911,-0.10458295096437911
2,0.029421854772897077,0.029421854772897077
3,-0.3035301604180771,-0.3035301604180771
4,-0.49092751228748,-0.49092751228748
5,-0.00010552776035543943,-0.00010552776035543943
6,-0.31400914076289116,-0.31400914076289116
7,-0.1990947197411984,-0.1990947197411984
8,-0.3303103876522351,-0.3303103876522351
9,-0.8693570806709631,-0.8693570806709631
