,theta_x,theta_y
0,2.271018126112843,2.271018126112843
1,-0.4805516776208312,-0.4805516776208312
2,1.653680443297038,1.653680443297038
