theta_x,theta_y
1.8684187001692099,1.8684187001692099
