,theta_x,theta_y
0,3.141592653589793,3.141592653589793
1,-1.5225471312973018,-1.5225471312973018
2,-1.5426501572975362,-1.5426501572975362
3,3.141592653589793,3.141592653589793
4,-1.5418844504713387,-1.5418844504713387
5,3.141592653589793,3.141592653589793
6,3.141592653589793,3.141592653589793
7,3.141592653589793,3.141592653589793
8,-1.5090249905359128,-1.5090249905359128
9,-1.5757316194336504,-1.5757316194336504
