,theta_x,theta_y
0,-3.141592653589793,-3.141592653589793
1,-3.141592653589793,-3.141592653589793
2,1.7822638701024145,1.7822638701024145
3,2.210724236471005,2.210724236471005
4,-3.141592653589793,-3.141592653589793
5,1.4596306463105524,1.4596306463105524
6,2.262082506725572,2.262082506725572
7,-3.141592653589793,-3.141592653589793
8,2.569701852147815,2.569701852147815
9,-3.141592653589793,-3.141592653589793
