theta_x,theta_y
1.2316859890764604,1.2316859890764604
0.5153761246695059,0.5153761246695059
0.899794561638466,0.899794561638466
