,theta_x,theta_y
0,-2.221329837964889,-2.221329837964889
1,-1.9547935020619631,-1.9547935020619631
2,2.719669527149163,2.719669527149163
3,-2.5428832658936944,-2.5428832658936944
4,0.49554883875308386,0.49554883875308386
5,2.0797572420407393,2.0797572420407393
