,theta_x,theta_y
0,0.14707658620580422,0.14707658620580422
1,-0.8977180792300381,-0.8977180792300381
2,-0.8649708860077578,-0.8649708860077578
3,-0.8220030493013676,-0.8220030493013676
