,theta_x,theta_y
0,0.953214751044136,0.953214751044136
1,0.7488465858693019,0.7488465858693019
2,0.8483575106890103,0.8483575106890103
3,-2.7936529788601026,-2.7936529788601026
4,0.609875912509461,0.609875912509461
5,0.5935308823616159,0.5935308823616159
6,0.37123154589410023,0.37123154589410023
7,-3.141592653589793,-3.141592653589793
8,0.4291117316275546,0.4291117316275546
9,0.4293248177457354,0.4293248177457354
