,theta_x,theta_y
0,2.3653116012358266,2.3653116012358266
1,1.5779023742005973,1.5779023742005973
2,0.8353184878741896,0.8353184878741896
3,-0.2215260971851095,-0.2215260971851095
4,-3.1273181103002887,-3.1273181103002887
5,0.3406788977781834,0.3406788977781834
6,-0.22727637801186468,-0.22727637801186468
7,-2.23414053028421,-2.23414053028421
8,-3.141592653589793,-3.141592653589793
