,theta_x,theta_y
0,0.548628114941158,0.548628114941158
1,-0.5948967745845208,-0.5948967745845208
2,-3.141592653589793,-3.141592653589793
3,-3.141592653589793,-3.141592653589793
4,1.7193993055281875,1.7193993055281875
