theta_x,theta_y
-1.7029856550281832,-1.7029856550281832
-1.0604351534263519,-1.0604351534263519
1.7823789872116262,1.7823789872116262
