,theta_x,theta_y
0,2.105253163969173,2.105253163969173
1,-2.5136038156331475,-2.5136038156331475
2,-1.57455925925314,-1.57455925925314
3,-3.141592653589793,-3.141592653589793
4,1.7180878686051986,1.7180878686051986
5,1.6224011935712537,1.6224011935712537
6,1.3210930119409905,1.3210930119409905
