,theta_x,theta_y
0,1.004497468096652,1.004497468096652
1,-1.7961154639487427,-1.7961154639487427
2,-1.6085781606903033,-1.6085781606903033
3,-1.767498594582519,-1.767498594582519
4,2.4420986808751364,2.4420986808751364
5,1.8551413737977596,1.8551413737977596
6,1.658128939286518,1.658128939286518
7,-2.6286067140787335,-2.6286067140787335
8,1.5630026656633607,1.5630026656633607
