,theta_x,theta_y
0,1.6669662730843666,1.6669662730843666
1,-1.5856597002451727,-1.5856597002451727
2,-3.123132717398272,-3.123132717398272
3,-3.141592653589793,-3.141592653589793
4,2.2331991280942547,2.2331991280942547
5,2.387717810253284,2.387717810253284
6,1.4450528994328626,1.4450528994328626
