,theta_x,theta_y
0,0.1856394975216434,0.1856394975216434
1,-1.4140628992380075,-1.4140628992380075
2,-2.356864912741784,-2.356864912741784
3,-2.8465470904419523,-2.8465470904419523
4,1.7326150606336985,1.7326150606336985
5,2.1173968103904417,2.1173968103904417
6,0.3603815113134605,0.3603815113134605
7,0.7993194872611218,0.7993194872611218
8,0.3124576434906313,0.3124576434906313
9,2.5056667166468856,2.5056667166468856
