,theta_x,theta_y
0,-1.3294556139731226,-1.3294556139731226
1,3.0917932010841502,3.0917932010841502
2,-1.4544082905162796,-1.4544082905162796
3,2.054537762343716,2.054537762343716
4,2.3426004966004133,2.3426004966004133
5,-0.8392944229979533,-0.8392944229979533
6,-0.669477884952567,-0.669477884952567
7,-0.906164968984072,-0.906164968984072
8,-2.2887478788625137,-2.2887478788625137
