,theta_x,theta_y
0,-1.287288545236575,-1.287288545236575
1,3.141592653589793,3.141592653589793
2,-2.3463041584786275,-2.3463041584786275
3,2.474407017987627,2.474407017987627
4,2.681693190330931,2.681693190330931
5,-0.9766779615366374,-0.9766779615366374
6,-1.0010749930837297,-1.0010749930837297
7,-1.303974430722353,-1.303974430722353
8,-3.1218212492180895,-3.1218212492180895
