theta_x,theta_y
0.3080809761135604,0.3080809761135604
3.141592653589793,3.141592653589793
0.272058191709881,0.272058191709881
0.5751073310658749,0.5751073310658749
0.48725844133459195,0.48725844133459195
-0.41086539452771315,-0.41086539452771315
-0.5051193873113297,-0.5051193873113297
-0.5067643261399772,-0.5067643261399772
-0.8965048830377267,-0.8965048830377267
-0.3422222940645138,-0.3422222940645138
