,theta_x,theta_y
0,-3.141592653589793,-3.141592653589793
1,-2.5035743313783687,-2.5035743313783687
2,1.741695212594564,1.741695212594564
3,-3.141592653589793,-3.141592653589793
4,1.393362748002814,1.393362748002814
5,0.7629192149575197,0.7629192149575197
6,-3.141592653589793,-3.141592653589793
