,theta_x,theta_y
0,0.16170443100646,0.16170443100646
1,-1.193037112574114,-1.193037112574114
2,-0.9798347477878379,-0.9798347477878379
3,-0.639995356670536,-0.639995356670536
4,3.042347007209585,3.042347007209585
5,0.5755004588029486,0.5755004588029486
