theta_x,theta_y
0.9347739802841152,0.9347739802841152
