theta_x,theta_y
-3.141592653589793,-3.141592653589793
2.425559236815368,2.425559236815368
