,theta_x,theta_y
0,-3.141592653589793,-3.141592653589793
1,-3.141592653589793,-3.141592653589793
2,2.33414348872324,2.33414348872324
3,-3.141592653589793,-3.141592653589793
4,2.2561156899786305,2.2561156899786305
5,2.2755781395375565,2.2755781395375565
6,-3.141592653589793,-3.141592653589793
