theta_x,theta_y
-3.141592653589793,-3.141592653589793
-3.141592653589793,-3.141592653589793
2.33414348872324,2.33414348872324
-3.141592653589793,-3.141592653589793
2.2561156899786305,2.2561156899786305
2.2755781395375565,2.2755781395375565
-3.141592653589793,-3.141592653589793
