,theta_x,theta_y
0,1.9192814330067531,1.9192814330067531
1,-0.5753302490919275,-0.5753302490919275
2,0.833357164523198,0.833357164523198
3,1.484752542980647,1.484752542980647
4,1.1479223414135897,1.1479223414135897
5,1.8747156816706856,1.8747156816706856
6,1.449515608785561,1.449515608785561
7,1.7076613586989657,1.7076613586989657
8,-3.133325933249296,-3.133325933249296
