,theta_x,theta_y
0,1.872805628284353,1.872805628284353
