,theta_x,theta_y
0,1.1680603137324945,1.1680603137324945
1,-1.374746593931654,-1.374746593931654
2,-1.4117540580843484,-1.4117540580843484
3,-1.826743843395147,-1.826743843395147
4,2.221336355153079,2.221336355153079
5,1.9585578482006238,1.9585578482006238
6,1.3897473557270965,1.3897473557270965
7,-2.8833419105174847,-2.8833419105174847
