,theta_x,theta_y
0,-0.012114804682239022,-0.012114804682239022
1,-1.042851483392049,-1.042851483392049
2,-1.810667993256447,-1.810667993256447
3,-2.6184933739225094,-2.6184933739225094
4,3.141592653589793,3.141592653589793
5,1.734712139838366,1.734712139838366
6,0.48375770340934254,0.48375770340934254
