,theta_x,theta_y
0,-3.141592653589793,-3.141592653589793
1,2.76322733750891,2.76322733750891
2,-3.141592653589793,-3.141592653589793
3,-3.141592653589793,-3.141592653589793
4,2.703745411014398,2.703745411014398
5,-3.141592653589793,-3.141592653589793
6,-3.141592653589793,-3.141592653589793
7,-3.141592653589793,-3.141592653589793
8,-3.114090596048411,-3.114090596048411
