theta_x,theta_y
-3.141592653589793,-3.141592653589793
2.76322733750891,2.76322733750891
-3.141592653589793,-3.141592653589793
-3.141592653589793,-3.141592653589793
2.703745411014398,2.703745411014398
-3.141592653589793,-3.141592653589793
-3.141592653589793,-3.141592653589793
-3.141592653589793,-3.141592653589793
-3.114090596048411,-3.114090596048411
