,theta_x,theta_y
0,2.221647863169957,2.221647863169957
1,0.7262785206818345,0.7262785206818345
