,theta_x,theta_y
0,-1.2348594947845313,-1.2348594947845313
1,3.141592653589793,3.141592653589793
2,-1.2768208615420535,-1.2768208615420535
3,3.14159265358979,3.14159265358979
4,-1.2904513904966604,-1.2904513904966604
5,-1.4708053506021934,-1.4708053506021934
6,-1.602820372760652,-1.602820372760652
7,-1.7094243873086705,-1.7094243873086705
8,-1.7685620491214489,-1.7685620491214489
9,-1.7778147126958126,-1.7778147126958126
