theta_x,theta_y
2.4825734575989045,2.4825734575989045
0.6610507559053619,0.6610507559053619
-1.2304002917653563,-1.2304002917653563
0.7298482292472598,0.7298482292472598
2.5031251122210016,2.5031251122210016
3.0860609687445644,3.0860609687445644
1.9858834647598531,1.9858834647598531
0.7680022238116223,0.7680022238116223
-3.141592653589793,-3.141592653589793
