,theta_x,theta_y
0,1.6222427781552204,1.6222427781552204
1,-0.18741837919783438,-0.18741837919783438
