theta_x,theta_y
2.598841355856356,2.598841355856356
0.13703833690589118,0.13703833690589118
2.8265374955653244,2.8265374955653244
-2.0801920204371047,-2.0801920204371047
0.2521960467819699,0.2521960467819699
