,theta_x,theta_y
0,0.49429503228517024,0.49429503228517024
