,theta_x,theta_y
0,-0.07927808225124855,-0.07927808225124855
1,0.18226471869998978,0.18226471869998978
