,theta_x,theta_y
0,-1.0629110251347698,-1.0629110251347698
1,-0.9733829424750484,-0.9733829424750484
2,1.1066905746156022,1.1066905746156022
3,3.141592653589793,3.141592653589793
