theta_x,theta_y
2.5040741016587855,2.5040741016587855
-3.141592653589793,-3.141592653589793
-3.141592653589793,-3.141592653589793
-3.141592653589793,-3.141592653589793
