,theta_x,theta_y
0,1.503595172174205,1.503595172174205
1,0.3721263161605756,0.3721263161605756
2,1.8380098568594807,1.8380098568594807
3,-2.1267719710035835,-2.1267719710035835
4,0.4470672531171771,0.4470672531171771
5,-0.12739214273514787,-0.12739214273514787
6,1.501073166740623,1.501073166740623
7,-1.8489219815837212,-1.8489219815837212
8,2.4472580051856627,2.4472580051856627
9,0.6976496277265666,0.6976496277265666
