theta_x,theta_y
-0.15011211640670896,-0.15011211640670896
-0.2652761055125166,-0.2652761055125166
2.1317894471722862,2.1317894471722862
-2.8471483583300423,-2.8471483583300423
1.7425657174740117,1.7425657174740117
1.0319502835899113,1.0319502835899113
