,theta_x,theta_y
0,0.5966519669459602,0.5966519669459602
1,-0.9270289924385583,-0.9270289924385583
2,-2.333426598425713,-2.333426598425713
3,-2.661667050405661,-2.661667050405661
4,1.8913899958908762,1.8913899958908762
5,2.497451910020224,2.497451910020224
6,0.6375267168775856,0.6375267168775856
7,1.0594768212584613,1.0594768212584613
8,0.23600394351063758,0.23600394351063758
9,2.5827286093729986,2.5827286093729986
