,theta_x,theta_y
0,1.4813858611737318,1.4813858611737318
1,1.7731232589592465,1.7731232589592465
2,1.041535822799302,1.041535822799302
3,-2.121113385850054,-2.121113385850054
