,theta_x,theta_y
0,2.481925842047463,2.481925842047463
1,-0.7846882666953656,-0.7846882666953656
2,0.41223991418033074,0.41223991418033074
3,1.5703416335390208,1.5703416335390208
4,0.7631903481546947,0.7631903481546947
5,2.9932767992868765,2.9932767992868765
6,2.2472022578842896,2.2472022578842896
7,2.9360609325952076,2.9360609325952076
8,-2.1571042113411587,-2.1571042113411587
9,-0.3075281637020224,-0.3075281637020224
