,theta_x,theta_y
0,-2.247494217676695,-2.247494217676695
1,-2.3077685197466296,-2.3077685197466296
2,1.676666471615445,1.676666471615445
3,0.5652793449724314,0.5652793449724314
4,-2.9027980346276703,-2.9027980346276703
5,-0.19169184320323782,-0.19169184320323782
6,-0.9420161008626841,-0.9420161008626841
