,theta_x,theta_y
0,-2.543805009080958,-2.543805009080958
1,-0.3843511815923354,-0.3843511815923354
2,0.5789736782115358,0.5789736782115358
3,-1.0955200590151124,-1.0955200590151124
4,0.48288463514221813,0.48288463514221813
5,1.4465124728920145,1.4465124728920145
