,theta_x,theta_y
0,-1.0751915607647486,-1.0751915607647486
1,-1.3274008343583663,-1.3274008343583663
2,2.7962746796979645,2.7962746796979645
3,-1.289861029137512,-1.289861029137512
4,-1.5596048982394375,-1.5596048982394375
5,0.1540398530329251,0.1540398530329251
6,-1.8285850904661018,-1.8285850904661018
7,-1.9069860348901744,-1.9069860348901744
