,theta_x,theta_y
0,-1.6286314970924978,-1.6286314970924978
1,2.9821764410250036,2.9821764410250036
2,-2.997749716592133,-2.997749716592133
3,2.368464963009073,2.368464963009073
4,-3.141592653589793,-3.141592653589793
5,-1.9857541781670087,-1.9857541781670087
6,3.141592653589793,3.141592653589793
