,theta_x,theta_y
0,-0.07689641028863133,-0.07689641028863133
1,2.5501979580456062,2.5501979580456062
2,-3.141592653589793,-3.141592653589793
3,3.140784267809438,3.140784267809438
4,-1.1226984666600435,-1.1226984666600435
