,theta_x,theta_y
0,-0.4215921890505242,-0.4215921890505242
1,3.141592653589793,3.141592653589793
2,-3.141592653589793,-3.141592653589793
