theta_x,theta_y
0.9584901157073304,0.9584901157073304
0.8351582012946228,0.8351582012946228
0.8012014044699401,0.8012014044699401
0.7899310692571861,0.7899310692571861
-3.141592653589793,-3.141592653589793
0.6896811712765175,0.6896811712765175
