theta_x,theta_y
0.911809685914277,0.911809685914277
2.2092590805788848,2.2092590805788848
1.9678304140077638,1.9678304140077638
