,theta_x,theta_y
0,0.911809685914277,0.911809685914277
1,2.2092590805788848,2.2092590805788848
2,1.9678304140077638,1.9678304140077638
