,theta_x,theta_y
0,-2.1799727792452477,-2.1799727792452477
1,2.8098518895597717,2.8098518895597717
2,2.6997577699076896,2.6997577699076896
3,-0.8170606055029033,-0.8170606055029033
4,-3.141592653589793,-3.141592653589793
5,3.060518479445293,3.060518479445293
6,-2.725921019675,-2.725921019675
7,3.141592653589793,3.141592653589793
