theta_x,theta_y
-0.503026531623176,-0.503026531623176
3.1184170768518835,3.1184170768518835
-1.2444076929118002,-1.2444076929118002
2.9415007257183743,2.9415007257183743
-1.0434021602853463,-1.0434021602853463
-1.558606581745563,-1.558606581745563
2.8255308158959265,2.8255308158959265
-1.7497856789061232,-1.7497856789061232
-0.8618986788496962,-0.8618986788496962
-2.8121399949546997,-2.8121399949546997
