theta_x,theta_y
2.206468690125825,2.206468690125825
0.6786285158521433,0.6786285158521433
0.06895934411629358,0.06895934411629358
