,theta_x,theta_y
0,0.06425451192610246,0.06425451192610246
1,2.814746288287843,2.814746288287843
2,-0.2784366498101556,-0.2784366498101556
3,2.5035868547514646,2.5035868547514646
4,1.6570284728041205,1.6570284728041205
5,0.5541706248045724,0.5541706248045724
6,0.0718120854942195,0.0718120854942195
7,-0.591167870078317,-0.591167870078317
8,-1.414839416171577,-1.414839416171577
