,theta_x,theta_y
0,-3.1114248082747964,-3.1114248082747964
1,0.6447816388279854,0.6447816388279854
2,0.5958146408712832,0.5958146408712832
3,0.6865962774684643,0.6865962774684643
4,-2.7748880906681275,-2.7748880906681275
5,0.897333395862553,0.897333395862553
