theta_x,theta_y
-2.308254707405245,-2.308254707405245
-1.7438913971404246,-1.7438913971404246
2.1975939614524913,2.1975939614524913
0.4013488151647494,0.4013488151647494
-2.2863808042520666,-2.2863808042520666
-0.6447586854835932,-0.6447586854835932
-0.46995627581102345,-0.46995627581102345
-2.087610274692798,-2.087610274692798
1.5828414572374008,1.5828414572374008
-2.2431043115028455,-2.2431043115028455
