theta_x,theta_y
0.14643566027527682,0.14643566027527682
3.0919048507268445,3.0919048507268445
-2.1903243677172703,-2.1903243677172703
2.125718866439391,2.125718866439391
0.13619318842498268,0.13619318842498268
-0.26638087829904916,-0.26638087829904916
0.7754480877908221,0.7754480877908221
-1.0657629896245044,-1.0657629896245044
-0.1778819953489048,-0.1778819953489048
