,theta_x,theta_y
0,-1.0428893299301825,-1.0428893299301825
1,2.6979405936428034,2.6979405936428034
2,-2.629869309892954,-2.629869309892954
3,1.2005862080903722,1.2005862080903722
4,0.0575295761899047,0.0575295761899047
5,-0.8346170129182165,-0.8346170129182165
6,0.6383997566239807,0.6383997566239807
7,-1.6299135534900548,-1.6299135534900548
8,-0.584832482883524,-0.584832482883524
