theta_x,theta_y
-2.6034430650208016,-2.6034430650208016
