,theta_x,theta_y
0,0.14355093367667768,0.14355093367667768
1,-1.1158685594740183,-1.1158685594740183
2,-0.8284108109248778,-0.8284108109248778
3,-0.6419655107157018,-0.6419655107157018
4,3.017891627182672,3.017891627182672
5,0.80289838425368,0.80289838425368
