,theta_x,theta_y
0,2.4015923826338548,2.4015923826338548
1,-0.12445276019947006,-0.12445276019947006
2,-0.38833244101930253,-0.38833244101930253
3,2.1381974155038193,2.1381974155038193
4,0.28269285739914385,0.28269285739914385
5,3.141592653589793,3.141592653589793
6,2.6381400647721733,2.6381400647721733
