,theta_x,theta_y
0,0.6841326696759427,0.6841326696759427
1,0.20951074764424893,0.20951074764424893
2,1.9076422437274363,1.9076422437274363
3,-2.3987127817403087,-2.3987127817403087
4,-0.5193417395082298,-0.5193417395082298
5,-0.3197358093061763,-0.3197358093061763
