,theta_x,theta_y
0,-3.141592653589793,-3.141592653589793
1,-3.141592653589793,-3.141592653589793
2,3.141592653589793,3.141592653589793
3,0.19506968522374174,0.19506968522374174
4,-2.2296718373960576,-2.2296718373960576
5,-0.3894926267078215,-0.3894926267078215
