theta_x,theta_y
0.3229877795663417,0.3229877795663417
-0.87953582299673,-0.87953582299673
2.7708961655641184,2.7708961655641184
-2.080373569578187,-2.080373569578187
1.3478264336607186,1.3478264336607186
0.10508697198037002,0.10508697198037002
-0.469211443856729,-0.469211443856729
