,theta_x,theta_y
0,-2.535996825645135,-2.535996825645135
1,-2.8681589415724114,-2.8681589415724114
2,-1.1093640289362812,-1.1093640289362812
3,-3.141592653589793,-3.141592653589793
