,theta_x,theta_y
0,0.7189585910333374,0.7189585910333374
1,0.8049022637899698,0.8049022637899698
2,0.7450555019085742,0.7450555019085742
