,theta_x,theta_y
0,2.239490544130188,2.239490544130188
1,1.2773471688298605,1.2773471688298605
2,0.2302776194257367,0.2302776194257367
3,-1.875089614730626,-1.875089614730626
4,-3.141592653589793,-3.141592653589793
