theta_x,theta_y
-2.8341930283647816,-2.8341930283647816
-1.4395455079483341,-1.4395455079483341
1.6533301406661793,1.6533301406661793
0.8746832370503569,0.8746832370503569
