,theta_x,theta_y
0,-2.248823115566754,-2.248823115566754
1,-3.141592653589793,-3.141592653589793
2,2.1157603186560485,2.1157603186560485
3,-2.510221158059256,-2.510221158059256
4,-1.4659210703069339,-1.4659210703069339
