,theta_x,theta_y
0,3.0897949987720037,3.0897949987720037
1,2.385329787778745,2.385329787778745
2,1.594408047654218,1.594408047654218
3,-0.19676986221333798,-0.19676986221333798
4,-2.921844607184011,-2.921844607184011
5,0.6296095147360432,0.6296095147360432
6,0.21866269010135128,0.21866269010135128
7,-2.267761460046977,-2.267761460046977
8,-2.883317614553966,-2.883317614553966
9,2.178938625241733,2.178938625241733
