,theta_x,theta_y
0,-1.4425557836855805,-1.4425557836855805
1,2.386209968695815,2.386209968695815
2,0.5176991700098081,0.5176991700098081
3,-3.141592653589793,-3.141592653589793
