theta_x,theta_y
-1.995058592452893,-1.995058592452893
-1.6598006771612641,-1.6598006771612641
2.26740729131595,2.26740729131595
-3.141592653589793,-3.141592653589793
1.7034993059843535,1.7034993059843535
2.029913114338981,2.029913114338981
