,theta_x,theta_y
0,-1.995058592452893,-1.995058592452893
1,-1.6598006771612641,-1.6598006771612641
2,2.26740729131595,2.26740729131595
3,-3.141592653589793,-3.141592653589793
4,1.7034993059843535,1.7034993059843535
5,2.029913114338981,2.029913114338981
