,theta_x,theta_y
0,-0.2340813858733976,-0.2340813858733976
1,-0.883477098982465,-0.883477098982465
2,-0.8012119354016187,-0.8012119354016187
3,-0.805462045494455,-0.805462045494455
4,3.141592653589793,3.141592653589793
5,0.31366139637810425,0.31366139637810425
6,0.8068712417087219,0.8068712417087219
7,-0.48892847239462633,-0.48892847239462633
