theta_x,theta_y
1.3220339091543771,1.3220339091543771
3.141592653589793,3.141592653589793
-3.141592653589793,-3.141592653589793
