,theta_x,theta_y
0,2.724669944494478,2.724669944494478
1,2.356474345241314,2.356474345241314
2,2.111500075659005,2.111500075659005
3,1.3838486700719077,1.3838486700719077
4,-2.5129321320983786,-2.5129321320983786
5,1.6119238737347303,1.6119238737347303
6,-3.141592653589793,-3.141592653589793
7,1.057547897236544,1.057547897236544
8,2.1997106353812548,2.1997106353812548
