,theta_x,theta_y
0,3.055576167551364,3.055576167551364
1,2.0701852163806542,2.0701852163806542
2,0.9999329973831215,0.9999329973831215
3,-0.5719387065781247,-0.5719387065781247
4,-2.9553322238569746,-2.9553322238569746
5,-2.2924811420585196,-2.2924811420585196
6,-1.9987493640315992,-1.9987493640315992
7,-3.141592653589793,-3.141592653589793
8,-2.28263856155496,-2.28263856155496
9,3.141592653589793,3.141592653589793
