,theta_x,theta_y
0,-0.11272681717502497,-0.11272681717502497
1,3.141592653589793,3.141592653589793
2,-1.253931202591637,-1.253931202591637
3,3.141592653589793,3.141592653589793
4,2.042243534947332,2.042243534947332
5,1.2434013552701655,1.2434013552701655
6,0.05235668546998869,0.05235668546998869
