theta_x,theta_y
-0.14486994807199413,-0.14486994807199413
3.141592653589793,3.141592653589793
-3.141592653589793,-3.141592653589793
2.8829746426440397,2.8829746426440397
