theta_x,theta_y
-0.8741482661600399,-0.8741482661600399
3.141592653589793,3.141592653589793
-0.8755459449133371,-0.8755459449133371
-1.0330735421249644,-1.0330735421249644
-1.2919174689413961,-1.2919174689413961
3.141592653589793,3.141592653589793
-1.4122078734931733,-1.4122078734931733
