,theta_x,theta_y
0,-3.0565802566833864,-3.0565802566833864
1,-1.3481803928259513,-1.3481803928259513
2,1.488629762463606,1.488629762463606
3,0.8294454453732334,0.8294454453732334
4,-2.94068563013166,-2.94068563013166
5,0.2530731498277996,0.2530731498277996
6,0.11759478145846394,0.11759478145846394
7,-2.2540202468600556,-2.2540202468600556
8,1.0899163294921543,1.0899163294921543
