,theta_x,theta_y
0,-1.9656793009779132,-1.9656793009779132
1,-1.9913274003763615,-1.9913274003763615
2,3.141592653589793,3.141592653589793
