,theta_x,theta_y
0,1.2492802770562401,1.2492802770562401
1,0.946200501495168,0.946200501495168
2,-0.36905190881711175,-0.36905190881711175
3,-0.6012935834565959,-0.6012935834565959
4,-2.493257440387414,-2.493257440387414
