,theta_x,theta_y
0,-2.3942485288409214,-2.3942485288409214
1,2.8800282924729204,2.8800282924729204
2,2.2818293968167294,2.2818293968167294
3,-3.141592653589793,-3.141592653589793
4,-3.141592653589793,-3.141592653589793
5,-3.141592653589793,-3.141592653589793
6,-3.141592653589793,-3.141592653589793
7,-3.141592653589793,-3.141592653589793
8,2.866732522331109,2.866732522331109
