,theta_x,theta_y
0,2.765931591593262,2.765931591593262
1,0.08003440060229422,0.08003440060229422
2,2.972802020613863,2.972802020613863
3,-2.6619293949981557,-2.6619293949981557
4,0.6959660705552785,0.6959660705552785
