theta_x,theta_y
-3.1234515421648283,-3.1234515421648283
1.521810091066818,1.521810091066818
-3.141592653589793,-3.141592653589793
1.2711267821086352,1.2711267821086352
-3.141592653589793,-3.141592653589793
-3.141592653589793,-3.141592653589793
