,theta_x,theta_y
0,2.953133979042404,2.953133979042404
1,0.26524769908406026,0.26524769908406026
2,3.1180086916451244,3.1180086916451244
3,-2.9884260086255106,-2.9884260086255106
4,0.992230804618738,0.992230804618738
5,-0.4019664620830204,-0.4019664620830204
6,1.8693677846999754,1.8693677846999754
