theta_x,theta_y
3.141592653589793,3.141592653589793
2.9831886431448593,2.9831886431448593
-2.9470067470578054,-2.9470067470578054
2.1543482841385635,2.1543482841385635
-3.141592653589793,-3.141592653589793
0.9077300045143183,0.9077300045143183
2.7757671745179104,2.7757671745179104
0.5670031821163282,0.5670031821163282
2.165535228451568,2.165535228451568
