theta_x,theta_y
0.3152697205126573,0.3152697205126573
3.141592653589793,3.141592653589793
1.686308518913112,1.686308518913112
-1.162685158087556,-1.162685158087556
-1.1808876119656078,-1.1808876119656078
3.0368064903790604,3.0368064903790604
-2.6368133211262332,-2.6368133211262332
2.1628260836919835,2.1628260836919835
1.6440832081288308,1.6440832081288308
0.17115282808354454,0.17115282808354454
