theta_x,theta_y
-2.48717903504764,-2.48717903504764
-2.304375472548298,-2.304375472548298
2.3835054258920834,2.3835054258920834
-2.0958359845817816,-2.0958359845817816
