,theta_x,theta_y
0,2.955186740331672,2.955186740331672
1,1.164585289733751,1.164585289733751
2,0.009635488737109524,0.009635488737109524
3,-2.7366989977084493,-2.7366989977084493
4,-3.141592653589793,-3.141592653589793
5,-2.745330088539988,-2.745330088539988
6,-0.6752361784552005,-0.6752361784552005
7,-3.141592653589793,-3.141592653589793
8,-3.129964176414783,-3.129964176414783
