,theta_x,theta_y
0,0.8049748337860247,0.8049748337860247
1,0.8012189088918056,0.8012189088918056
2,0.7973036147634531,0.7973036147634531
3,0.7933820527634848,0.7933820527634848
4,0.7893772997868982,0.7893772997868982
5,0.7854617578369695,0.7854617578369695
6,0.7813850012874162,0.7813850012874162
7,0.7774908073857084,0.7774908073857084
