,theta_x,theta_y
0,-3.141592653589793,-3.141592653589793
1,1.0203267150705704,1.0203267150705704
2,-3.141592653589793,-3.141592653589793
3,2.9174020210236917,2.9174020210236917
4,2.4610901229188586,2.4610901229188586
5,-0.3213714613095287,-0.3213714613095287
6,1.730609958649822,1.730609958649822
7,-2.342742583133564,-2.342742583133564
