,theta_x,theta_y
0,-0.200118490287716,-0.200118490287716
1,3.063103371371587,3.063103371371587
2,-0.9250379080808776,-0.9250379080808776
3,2.7451417919237335,2.7451417919237335
4,1.6349834072243865,1.6349834072243865
5,0.5056422116240027,0.5056422116240027
