,theta_x,theta_y
0,2.869983439265967,2.869983439265967
1,1.7397940643752903,1.7397940643752903
2,-0.6711264644199231,-0.6711264644199231
3,-1.825622916599453,-1.825622916599453
4,-2.930738091561187,-2.930738091561187
5,-3.141592653589793,-3.141592653589793
6,-3.141592653589793,-3.141592653589793
7,-3.141592653589793,-3.141592653589793
8,-2.6452134718092872,-2.6452134718092872
9,3.141592653589793,3.141592653589793
