theta_x,theta_y
-1.0989695936594366,-1.0989695936594366
-1.1337748245942783,-1.1337748245942783
2.3079701094526768,2.3079701094526768
0.7672208697925437,0.7672208697925437
-1.690434548323593,-1.690434548323593
0.8119539576468003,0.8119539576468003
-1.479097926490108,-1.479097926490108
