theta_x,theta_y
1.1967441977769544,1.1967441977769544
3.141592653589793,3.141592653589793
-2.2693075297803613,-2.2693075297803613
2.406431596927632,2.406431596927632
-0.12893781465084192,-0.12893781465084192
