,theta_x,theta_y
0,0.400076660313631,0.400076660313631
1,-0.7298725164268087,-0.7298725164268087
2,1.9504830103268116,1.9504830103268116
3,-0.3856615948477188,-0.3856615948477188
4,0.5849104164407843,0.5849104164407843
