,theta_x,theta_y
0,3.141592653589793,3.141592653589793
1,-0.15576372617325115,-0.15576372617325115
2,3.141592653589793,3.141592653589793
3,-3.141592653589793,-3.141592653589793
4,1.4120468862140658,1.4120468862140658
5,-0.7847246913063656,-0.7847246913063656
6,2.3257509563868624,2.3257509563868624
