,theta_x,theta_y
0,2.8357684933751868,2.8357684933751868
1,-2.061463998956178,-2.061463998956178
2,1.6576353641506125,1.6576353641506125
3,-3.141592653589793,-3.141592653589793
4,2.1022217781940467,2.1022217781940467
5,-2.3426286845371713,-2.3426286845371713
6,2.5147282100768016,2.5147282100768016
