theta_x,theta_y
3.141592653589793,3.141592653589793
-0.15576372617325115,-0.15576372617325115
3.141592653589793,3.141592653589793
-3.141592653589793,-3.141592653589793
1.4120468862140658,1.4120468862140658
-0.7847246913063656,-0.7847246913063656
2.3257509563868624,2.3257509563868624
