theta_x,theta_y
0.5235899459709209,0.5235899459709209
2.49291746110436,2.49291746110436
-2.366238143736212,-2.366238143736212
2.3401993290513055,2.3401993290513055
-0.880678049680044,-0.880678049680044
0.014106729966796593,0.014106729966796593
1.6324267348201549,1.6324267348201549
-0.09992445641475141,-0.09992445641475141
0.4369673390321636,0.4369673390321636
