,theta_x,theta_y
0,0.995292065547236,0.995292065547236
1,1.7367680485360362,1.7367680485360362
2,0.5727124802576931,0.5727124802576931
3,-0.7024659777064453,-0.7024659777064453
4,-1.643797339160721,-1.643797339160721
5,2.0547612431517916,2.0547612431517916
6,-3.141592653589793,-3.141592653589793
7,0.9600551267029724,0.9600551267029724
8,0.10226882885684008,0.10226882885684008
