theta_x,theta_y
-1.2779430906845475,-1.2779430906845475
