,theta_x,theta_y
0,1.4831666765101623,1.4831666765101623
1,0.7596776892001821,0.7596776892001821
2,-3.016193392905854,-3.016193392905854
3,-3.036978084745509,-3.036978084745509
4,1.3506462267308847,1.3506462267308847
5,1.2416883323157397,1.2416883323157397
6,1.2763553074141032,1.2763553074141032
7,1.1415907808866075,1.1415907808866075
8,1.2022496439995343,1.2022496439995343
