,theta_x,theta_y
0,1.4321154830221658,1.4321154830221658
1,0.9820876031123006,0.9820876031123006
2,0.4990391922339883,0.4990391922339883
