theta_x,theta_y
2.718931753505617,2.718931753505617
