,theta_x,theta_y
0,-0.8666387754768204,-0.8666387754768204
1,2.98100283815599,2.98100283815599
2,-1.2947767704911952,-1.2947767704911952
3,1.3593147688306575,1.3593147688306575
4,1.2557647998887345,1.2557647998887345
5,-0.25417097961466084,-0.25417097961466084
6,-0.4754400049760556,-0.4754400049760556
7,-0.9191891323103987,-0.9191891323103987
