,theta_x,theta_y
0,-0.3608689327410004,-0.3608689327410004
1,2.4362255679152214,2.4362255679152214
2,-1.1467008174996056,-1.1467008174996056
3,2.1367673854412135,2.1367673854412135
4,-0.5698214710245029,-0.5698214710245029
5,-0.7519496645052096,-0.7519496645052096
6,0.8461231696238769,0.8461231696238769
7,-0.7514833918959399,-0.7514833918959399
8,-0.4308890286430802,-0.4308890286430802
