,theta_x,theta_y
0,0.30804314896554097,0.30804314896554097
1,2.8235038791712705,2.8235038791712705
