,theta_x,theta_y
0,-1.497835135494595,-1.497835135494595
1,-1.266117486966939,-1.266117486966939
2,1.9743385564396059,1.9743385564396059
3,-2.5640677564709833,-2.5640677564709833
4,0.6289501539883458,0.6289501539883458
