,theta_x,theta_y
0,-2.572040900507337,-2.572040900507337
1,-2.442625303400792,-2.442625303400792
