theta_x,theta_y
-1.236140488195486,-1.236140488195486
3.141592653589793,3.141592653589793
3.141592653589793,3.141592653589793
-1.1397038194569409,-1.1397038194569409
-1.7443790619480475,-1.7443790619480475
