,theta_x,theta_y
0,-1.236140488195486,-1.236140488195486
1,3.141592653589793,3.141592653589793
2,3.141592653589793,3.141592653589793
3,-1.1397038194569409,-1.1397038194569409
4,-1.7443790619480475,-1.7443790619480475
