,theta_x,theta_y
0,-2.4705852025764616,-2.4705852025764616
1,-1.8231645049336054,-1.8231645049336054
2,2.1376003436780477,2.1376003436780477
3,0.6177136766879644,0.6177136766879644
4,-2.48940952147038,-2.48940952147038
5,-0.45727728039216986,-0.45727728039216986
6,-0.28927718580201894,-0.28927718580201894
7,-2.241778851905945,-2.241778851905945
8,1.6732400620170598,1.6732400620170598
9,-2.4197021460518564,-2.4197021460518564
