,theta_x,theta_y
0,2.5419460556770437,2.5419460556770437
1,2.400147515328935,2.400147515328935
2,2.539062897746033,2.539062897746033
3,-3.141592653589793,-3.141592653589793
4,-3.141592653589793,-3.141592653589793
5,2.2465669036402125,2.2465669036402125
