theta_x,theta_y
-3.141592653589793,-3.141592653589793
0.17481595581921683,0.17481595581921683
-0.20032723996880508,-0.20032723996880508
-1.3523073333834557,-1.3523073333834557
