theta_x,theta_y
0.7126187409375183,0.7126187409375183
3.141592653589793,3.141592653589793
0.8278016406307607,0.8278016406307607
-0.09638404951667265,-0.09638404951667265
