theta_x,theta_y
-3.141592653589793,-3.141592653589793
-3.141592653589793,-3.141592653589793
3.141592653589793,3.141592653589793
-3.141592653589793,-3.141592653589793
-0.9736939702305721,-0.9736939702305721
3.141592653589793,3.141592653589793
