,theta_x,theta_y
0,-0.5952977572762972,-0.5952977572762972
1,-1.9845356778798173,-1.9845356778798173
2,-1.6329637658751774,-1.6329637658751774
3,-0.950601350592778,-0.950601350592778
4,2.825027179458139,2.825027179458139
5,-0.08777338294227156,-0.08777338294227156
6,1.37155218290503,1.37155218290503
7,-1.556979002796027,-1.556979002796027
8,1.7359229551459288,1.7359229551459288
9,-3.141592653589793,-3.141592653589793
