theta_x,theta_y
-1.7169999537772853,-1.7169999537772853
3.141592653589793,3.141592653589793
-1.7586834061288033,-1.7586834061288033
