theta_x,theta_y
0.978547688339577,0.978547688339577
0.9652893167701685,0.9652893167701685
0.9503362393655785,0.9503362393655785
0.9411436280391055,0.9411436280391055
0.9428613757181254,0.9428613757181254
0.9163126360845596,0.9163126360845596
-3.141592653589793,-3.141592653589793
0.8881025518932296,0.8881025518932296
