theta_x,theta_y
-2.414266029812391,-2.414266029812391
3.05725390148814,3.05725390148814
-3.074565441432965,-3.074565441432965
3.141592653589793,3.141592653589793
3.141592653589793,3.141592653589793
