theta_x,theta_y
2.6072984505193912,2.6072984505193912
0.8664314657850778,0.8664314657850778
1.0840364252325956,1.0840364252325956
