,theta_x,theta_y
0,1.746145862052581,1.746145862052581
1,2.1226041542287217,2.1226041542287217
2,-3.1367896109551703,-3.1367896109551703
3,1.2415267005519994,1.2415267005519994
