,theta_x,theta_y
0,0.34776264288527775,0.34776264288527775
1,2.120684053411053,2.120684053411053
2,-2.3133987701920375,-2.3133987701920375
3,2.0615284846738167,2.0615284846738167
4,-0.44901781698402493,-0.44901781698402493
5,-0.07646672446272434,-0.07646672446272434
6,1.1507692795708895,1.1507692795708895
7,-0.23006411353006964,-0.23006411353006964
8,0.14181794480617865,0.14181794480617865
9,-2.916995602238789,-2.916995602238789
