theta_x,theta_y
-1.827833791321969,-1.827833791321969
-3.141592653589793,-3.141592653589793
