,theta_x,theta_y
0,1.575623192847818,1.575623192847818
1,-0.6713023933457509,-0.6713023933457509
2,0.10900944548693459,0.10900944548693459
