,theta_x,theta_y
0,-0.7956616141525112,-0.7956616141525112
1,3.141592653589793,3.141592653589793
2,-1.8664415229728002,-1.8664415229728002
3,2.619342976007298,2.619342976007298
4,-1.6319214402796454,-1.6319214402796454
