theta_x,theta_y
-3.141592653589793,-3.141592653589793
-3.141592653589793,-3.141592653589793
2.055696598927597,2.055696598927597
-3.141592653589793,-3.141592653589793
1.7069571198215494,1.7069571198215494
2.524836283026464,2.524836283026464
-3.141592653589793,-3.141592653589793
-3.141592653589793,-3.141592653589793
-3.141592653589793,-3.141592653589793
