,theta_x,theta_y
0,0.27711910832453057,0.27711910832453057
1,3.141592653589793,3.141592653589793
2,1.6385672877732373,1.6385672877732373
3,-1.1297819498979338,-1.1297819498979338
4,-1.2234426009477946,-1.2234426009477946
5,3.0183336486403727,3.0183336486403727
6,-2.7289752775663714,-2.7289752775663714
7,2.1031679620494117,2.1031679620494117
8,1.5889683647355495,1.5889683647355495
9,0.23694166191632718,0.23694166191632718
