,theta_x,theta_y
0,0.9098960413519008,0.9098960413519008
1,0.8652200440491322,0.8652200440491322
2,0.823395904024418,0.823395904024418
3,0.7842387579980764,0.7842387579980764
