theta_x,theta_y
1.946966162863656,1.946966162863656
1.938728426125139,1.938728426125139
1.9328058216754547,1.9328058216754547
1.9245704747911188,1.9245704747911188
1.9176555914279292,1.9176555914279292
1.9119077516214793,1.9119077516214793
1.9054658958534387,1.9054658958534387
1.8991577264704098,1.8991577264704098
-3.141592653589793,-3.141592653589793
1.8731161686656095,1.8731161686656095
