theta_x,theta_y
1.116676330971147,1.116676330971147
2.107691924628542,2.107691924628542
1.2163355588222984,1.2163355588222984
-1.607449925409012,-1.607449925409012
-0.6542739868899524,-0.6542739868899524
1.8503391237323576,1.8503391237323576
