theta_x,theta_y
3.141592653589793,3.141592653589793
3.141592653589793,3.141592653589793
-0.7631161640651708,-0.7631161640651708
