,theta_x,theta_y
0,1.3678610526701962,1.3678610526701962
1,3.141592653589793,3.141592653589793
2,3.141592653589793,3.141592653589793
3,-1.4177062237107885,-1.4177062237107885
4,-2.3565281492498236,-2.3565281492498236
5,3.0927203708215547,3.0927203708215547
6,-3.141592653589793,-3.141592653589793
7,2.303703249811608,2.303703249811608
8,2.154726439911271,2.154726439911271
