theta_x,theta_y
1.3678610526701962,1.3678610526701962
3.141592653589793,3.141592653589793
3.141592653589793,3.141592653589793
-1.4177062237107885,-1.4177062237107885
-2.3565281492498236,-2.3565281492498236
3.0927203708215547,3.0927203708215547
-3.141592653589793,-3.141592653589793
2.303703249811608,2.303703249811608
2.154726439911271,2.154726439911271
