,theta_x,theta_y
0,-2.0591980858515675,-2.0591980858515675
1,2.138820849819331,2.138820849819331
2,-2.882537864436721,-2.882537864436721
3,1.6466288698456988,1.6466288698456988
4,0.8248023346837045,0.8248023346837045
5,1.3063597415879944,1.3063597415879944
6,0.21145808446989672,0.21145808446989672
7,0.1870263041363732,0.1870263041363732
8,-3.1405571225060367,-3.1405571225060367
9,-0.3030410534272889,-0.3030410534272889
