,theta_x,theta_y
0,3.141592653589793,3.141592653589793
1,-1.026506936751205,-1.026506936751205
2,3.141592653589793,3.141592653589793
3,-1.9575752423644355,-1.9575752423644355
4,1.230012947958022,1.230012947958022
5,-1.6359413933484768,-1.6359413933484768
