,theta_x,theta_y
0,-0.1853374944407348,-0.1853374944407348
1,-0.6130906684187646,-0.6130906684187646
2,-0.9353472052723798,-0.9353472052723798
3,-1.1408838039886142,-1.1408838039886142
4,3.141592653589793,3.141592653589793
5,-0.4067367146314079,-0.4067367146314079
6,-0.4037797928051001,-0.4037797928051001
7,-0.7202290673430519,-0.7202290673430519
