,theta_x,theta_y
0,-0.17324383693967793,-0.17324383693967793
1,3.141592653589793,3.141592653589793
2,-0.2041217612129206,-0.2041217612129206
3,1.143400121869461,1.143400121869461
4,1.368724395172004,1.368724395172004
5,-0.2409701620299543,-0.2409701620299543
6,-0.2427805447677339,-0.2427805447677339
7,-0.4118587579345704,-0.4118587579345704
8,-1.4048292966384992,-1.4048292966384992
9,-0.21619901884316944,-0.21619901884316944
