,theta_x,theta_y
0,1.6361694293527373,1.6361694293527373
1,0.5194303105892696,0.5194303105892696
2,0.6584900317609926,0.6584900317609926
3,-3.141592653589793,-3.141592653589793
4,0.8481516043613873,0.8481516043613873
5,0.4530920794975447,0.4530920794975447
6,-3.141592653589793,-3.141592653589793
7,0.8584181729985381,0.8584181729985381
8,1.5267309167045544,1.5267309167045544
