,theta_x,theta_y
0,1.501411366357357,1.501411366357357
1,-0.10894772296158499,-0.10894772296158499
2,-0.4159108702786929,-0.4159108702786929
3,-0.9350465654007444,-0.9350465654007444
4,3.063791700932791,3.063791700932791
5,2.570060968096377,2.570060968096377
6,2.0513982317976653,2.0513982317976653
7,-0.9400472517005853,-0.9400472517005853
8,1.3977541784918186,1.3977541784918186
