,theta_x,theta_y
0,-0.4941933206475414,-0.4941933206475414
1,-2.815572110953701,-2.815572110953701
2,-1.8113306771037805,-1.8113306771037805
