,theta_x,theta_y
0,-0.3667828630533133,-0.3667828630533133
1,-0.3865048741580677,-0.3865048741580677
2,-0.4071107162905261,-0.4071107162905261
3,-0.4285159326664549,-0.4285159326664549
