theta_x,theta_y
2.2527610722291342,2.2527610722291342
0.5805965009102747,0.5805965009102747
2.4594117868857337,2.4594117868857337
