,theta_x,theta_y
0,-2.230362174843652,-2.230362174843652
