theta_x,theta_y
0.5047051743334324,0.5047051743334324
-1.437913544979969,-1.437913544979969
-2.13026118188977,-2.13026118188977
-2.535476428266655,-2.535476428266655
2.489455898497226,2.489455898497226
2.523285213417118,2.523285213417118
0.8871837081831218,0.8871837081831218
0.8513384224795493,0.8513384224795493
0.01467096968064838,0.01467096968064838
2.366030923079061,2.366030923079061
