,theta_x,theta_y
0,0.20119236970535587,0.20119236970535587
1,2.7920549184585566,2.7920549184585566
