,theta_x,theta_y
0,0.5342580901780126,0.5342580901780126
1,2.5007422790433087,2.5007422790433087
2,-1.961550127370483,-1.961550127370483
3,2.0840629458515814,2.0840629458515814
4,-0.36728701969771654,-0.36728701969771654
5,-0.1083018127602032,-0.1083018127602032
6,0.9761979533682927,0.9761979533682927
7,-0.4524938249762808,-0.4524938249762808
8,0.12561026781090046,0.12561026781090046
