,theta_x,theta_y
0,-0.279704535531366,-0.279704535531366
1,-0.288556432720389,-0.288556432720389
2,-0.29073141697174215,-0.29073141697174215
3,-0.306426627072705,-0.306426627072705
4,-0.30555795864960994,-0.30555795864960994
5,-0.31458415416834734,-0.31458415416834734
