,theta_x,theta_y
0,-0.9955171735001911,-0.9955171735001911
1,-1.8175559725921446,-1.8175559725921446
2,2.172768457908572,2.172768457908572
3,-2.873124259225242,-2.873124259225242
4,0.6238223863475996,0.6238223863475996
5,0.3772643858403169,0.3772643858403169
6,-1.4609036040534231,-1.4609036040534231
7,-2.945974519789447,-2.945974519789447
