,theta_x,theta_y
0,3.141592653589793,3.141592653589793
1,-1.2043820661727926,-1.2043820661727926
2,1.656703985937763,1.656703985937763
3,2.8902002530659243,2.8902002530659243
4,2.1262636312822787,2.1262636312822787
