,theta_x,theta_y
0,-2.6358019888396287,-2.6358019888396287
1,-1.8084895357695776,-1.8084895357695776
