theta_x,theta_y
-2.535915984332234,-2.535915984332234
-2.5176622499894368,-2.5176622499894368
-1.5401649961974264,-1.5401649961974264
0.7255757536862988,0.7255757536862988
2.076742116704632,2.076742116704632
-0.7054371666656519,-0.7054371666656519
1.1383326442468458,1.1383326442468458
