theta_x,theta_y
-3.141592653589793,-3.141592653589793
-0.7690332403770064,-0.7690332403770064
0.7679813542711946,0.7679813542711946
