,theta_x,theta_y
0,-3.141592653589793,-3.141592653589793
1,1.642352560825289,1.642352560825289
2,-3.141592653589793,-3.141592653589793
3,2.7959515515355413,2.7959515515355413
