,theta_x,theta_y
0,-0.9461770355291275,-0.9461770355291275
1,-0.755885280916922,-0.755885280916922
2,-0.9016088209244012,-0.9016088209244012
