theta_x,theta_y
-0.9461770355291275,-0.9461770355291275
-0.755885280916922,-0.755885280916922
-0.9016088209244012,-0.9016088209244012
