,theta_x,theta_y
0,-2.579788183766022,-2.579788183766022
1,-1.6612507660018045,-1.6612507660018045
