theta_x,theta_y
-3.141592653589793,-3.141592653589793
-3.141592653589793,-3.141592653589793
1.7257232635565518,1.7257232635565518
2.2033129433668903,2.2033129433668903
