,theta_x,theta_y
0,2.842736278433073,2.842736278433073
1,0.09952783081068811,0.09952783081068811
2,3.0611730349886463,3.0611730349886463
