,theta_x,theta_y
0,0.9214072544370218,0.9214072544370218
1,1.5013425286373738,1.5013425286373738
2,0.9924157507504987,0.9924157507504987
