theta_x,theta_y
1.6518649765924949,1.6518649765924949
3.141592653589793,3.141592653589793
0.9482977089393612,0.9482977089393612
0.19503467214479553,0.19503467214479553
-1.3117558482972926,-1.3117558482972926
2.937603685657734,2.937603685657734
-3.141592653589793,-3.141592653589793
1.7710378775533009,1.7710378775533009
2.335160700326324,2.335160700326324
