,theta_x,theta_y
0,1.9197915399738354,1.9197915399738354
1,1.6323025150746064,1.6323025150746064
2,0.0854450842838138,0.0854450842838138
3,-0.9272123795650299,-0.9272123795650299
4,-2.781109843195451,-2.781109843195451
5,-0.4370558958827507,-0.4370558958827507
6,-0.6880247358746153,-0.6880247358746153
7,-2.7212919827614153,-2.7212919827614153
8,-2.941185828762199,-2.941185828762199
9,2.9844538043838433,2.9844538043838433
