,theta_x,theta_y
0,1.7727577728473092,1.7727577728473092
1,1.5516480443024525,1.5516480443024525
2,0.0920908082274216,0.0920908082274216
3,-0.9843404957918938,-0.9843404957918938
4,-2.8844388737894047,-2.8844388737894047
5,-0.6515649203585309,-0.6515649203585309
6,-0.9057381434767836,-0.9057381434767836
7,-2.8190314781427124,-2.8190314781427124
8,-3.0125643518549863,-3.0125643518549863
9,2.9612982107989767,2.9612982107989767
