,theta_x,theta_y
0,-2.8076755275983802,-2.8076755275983802
1,2.279856344349181,2.279856344349181
2,-2.7698824600132617,-2.7698824600132617
