theta_x,theta_y
2.3251672928444447,2.3251672928444447
-0.5797814662975431,-0.5797814662975431
0.7681765993898119,0.7681765993898119
1.4683868836755574,1.4683868836755574
0.758752493372987,0.758752493372987
2.3506529053283596,2.3506529053283596
