theta_x,theta_y
2.2753103698393033,2.2753103698393033
-1.179171887145015,-1.179171887145015
0.597850264964173,0.597850264964173
1.6301538165922083,1.6301538165922083
1.2104199872756891,1.2104199872756891
2.740188358495153,2.740188358495153
2.4254299176172758,2.4254299176172758
2.680123441510975,2.680123441510975
