,theta_x,theta_y
0,-1.250294988771673,-1.250294988771673
1,2.117972035916865,2.117972035916865
2,-3.141592653589793,-3.141592653589793
3,1.5061804984468172,1.5061804984468172
4,1.2429811189091287,1.2429811189091287
