,theta_x,theta_y
0,2.5891885961495564,2.5891885961495564
1,0.6637489316504501,0.6637489316504501
2,2.433511729018055,2.433511729018055
3,-2.3658628074896613,-2.3658628074896613
4,0.7689154114498432,0.7689154114498432
5,0.04662194728078314,0.04662194728078314
6,0.3625845383967373,0.3625845383967373
7,-0.6660998536045091,-0.6660998536045091
