,theta_x,theta_y
0,0.132847926910209,0.132847926910209
1,-1.101790912134658,-1.101790912134658
2,2.662878502823996,2.662878502823996
3,-2.5649807969220584,-2.5649807969220584
4,1.4072199717225915,1.4072199717225915
5,0.18179396194331301,0.18179396194331301
6,-0.18424904465928774,-0.18424904465928774
7,-3.0671583245297156,-3.0671583245297156
