theta_x,theta_y
1.2558201422678559,1.2558201422678559
0.6826181875970868,0.6826181875970868
0.3221499865207069,0.3221499865207069
-0.044785969312147914,-0.044785969312147914
3.141592653589793,3.141592653589793
0.6358104174992896,0.6358104174992896
0.30073595521757834,0.30073595521757834
-0.2243841772479689,-0.2243841772479689
