,theta_x,theta_y
0,3.141592653589793,3.141592653589793
1,0.5612415275452186,0.5612415275452186
2,-1.2752239396866023,-1.2752239396866023
3,2.346255541712543,2.346255541712543
4,0.17785392819313267,0.17785392819313267
5,3.141592653589793,3.141592653589793
