theta_x,theta_y
-2.569399299270749,-2.569399299270749
