,theta_x,theta_y
0,0.07913111053936517,0.07913111053936517
1,3.141592653589793,3.141592653589793
2,-1.517005553104116,-1.517005553104116
3,2.597329607998089,2.597329607998089
4,0.4705088468147598,0.4705088468147598
5,-1.0073280016991704,-1.0073280016991704
6,3.141592653589793,3.141592653589793
