,theta_x,theta_y
0,-1.5688210412272763,-1.5688210412272763
1,3.141592653589793,3.141592653589793
2,-1.6251639366567157,-1.6251639366567157
3,3.141592653589793,3.141592653589793
4,-1.7474992553112692,-1.7474992553112692
