,theta_x,theta_y
0,-3.141592653589793,-3.141592653589793
1,-1.6192730237494894,-1.6192730237494894
2,1.554100307913033,1.554100307913033
3,1.3302103208390157,1.3302103208390157
