,theta_x,theta_y
0,-2.6177236948317892,-2.6177236948317892
1,1.9619286390851212,1.9619286390851212
