,theta_x,theta_y
0,0.7657111512858201,0.7657111512858201
1,-0.3614697543447965,-0.3614697543447965
2,2.8070375101373823,2.8070375101373823
3,-0.1928218331994736,-0.1928218331994736
4,-0.5320826477321468,-0.5320826477321468
