,theta_x,theta_y
0,1.8942865520830103,1.8942865520830103
1,1.6926404643372606,1.6926404643372606
2,-0.06057934161035089,-0.06057934161035089
3,-1.0371865287015074,-1.0371865287015074
4,-2.7625685839770204,-2.7625685839770204
5,-0.7455328575448589,-0.7455328575448589
6,-0.8830011854209956,-0.8830011854209956
7,-2.711190210077473,-2.711190210077473
8,-2.959132065443703,-2.959132065443703
