,theta_x,theta_y
0,2.4398251395436894,2.4398251395436894
1,1.548539599355538,1.548539599355538
2,1.2987756254241418,1.2987756254241418
3,-3.141592653589793,-3.141592653589793
