,theta_x,theta_y
0,-3.141592653589793,-3.141592653589793
1,-3.141592653589793,-3.141592653589793
2,3.141592653589793,3.141592653589793
3,-2.080788600564776,-2.080788600564776
4,-1.5433220300041957,-1.5433220300041957
5,1.6229202300254137,1.6229202300254137
6,-0.8613694719143525,-0.8613694719143525
