,theta_x,theta_y
0,-0.4455881074103307,-0.4455881074103307
1,-0.46098153137499875,-0.46098153137499875
2,-0.49468212861841837,-0.49468212861841837
3,-0.5075198262234254,-0.5075198262234254
4,3.141592653589793,3.141592653589793
5,-0.498129864523031,-0.498129864523031
6,-0.539324516280856,-0.539324516280856
7,-0.5113065500150801,-0.5113065500150801
