,theta_x,theta_y
0,-1.2043282946995093,-1.2043282946995093
1,3.0693965199864763,3.0693965199864763
2,-1.9140683931083669,-1.9140683931083669
3,1.992730125526296,1.992730125526296
4,1.336314789919784,1.336314789919784
5,-0.10520444948799088,-0.10520444948799088
6,-1.476047813000876,-1.476047813000876
7,-1.978222652830108,-1.978222652830108
8,-1.9546497226846848,-1.9546497226846848
9,-1.7388413839357866,-1.7388413839357866
