theta_x,theta_y
-2.930585832033823,-2.930585832033823
-3.141592653589793,-3.141592653589793
2.933682738131676,2.933682738131676
-3.141592653589793,-3.141592653589793
0.5490757737912391,0.5490757737912391
2.5210093729373853,2.5210093729373853
-1.8226666721391587,-1.8226666721391587
-3.141592653589793,-3.141592653589793
