,theta_x,theta_y
0,3.0998133603078046,3.0998133603078046
1,-0.13774131150765903,-0.13774131150765903
2,3.12510163914723,3.12510163914723
3,-2.576753933648216,-2.576753933648216
4,0.4656232827146119,0.4656232827146119
5,-1.9559139210646999,-1.9559139210646999
6,0.7150982597411166,0.7150982597411166
7,-1.7998561984306467,-1.7998561984306467
8,1.0023082002911996,1.0023082002911996
9,-1.097218039318886,-1.097218039318886
