,theta_x,theta_y
0,0.6242892046341569,0.6242892046341569
1,-1.1767684529974813,-1.1767684529974813
2,-3.0785172630345845,-3.0785172630345845
3,-3.141592653589793,-3.141592653589793
4,2.004737692284707,2.004737692284707
5,2.7881883049491307,2.7881883049491307
6,0.967286015525523,0.967286015525523
7,1.7142335788932554,1.7142335788932554
8,-0.033827255931261235,-0.033827255931261235
