theta_x,theta_y
-2.0553962849683325,-2.0553962849683325
-2.166602691710013,-2.166602691710013
2.5028464908616512,2.5028464908616512
0.9622829432552885,0.9622829432552885
-2.465477186832702,-2.465477186832702
-0.7665082535303478,-0.7665082535303478
-0.87103014939403,-0.87103014939403
-2.68719230209453,-2.68719230209453
2.0898585307692445,2.0898585307692445
