theta_x,theta_y
-1.4126207825175927,-1.4126207825175927
