theta_x,theta_y
0.010557796265619479,0.010557796265619479
-0.393052841993042,-0.393052841993042
2.1435262738978675,2.1435262738978675
-0.6068752122330789,-0.6068752122330789
-0.7718330905806055,-0.7718330905806055
-1.137690815855477,-1.137690815855477
-1.9162385978549132,-1.9162385978549132
-1.0941505294287217,-1.0941505294287217
0.6084153122436312,0.6084153122436312
-0.9047598287008012,-0.9047598287008012
