,theta_x,theta_y
0,-0.8060982097037235,-0.8060982097037235
1,-2.671461156705713,-2.671461156705713
2,1.8541267888202144,1.8541267888202144
3,-3.141592653589793,-3.141592653589793
4,1.4440602429060383,1.4440602429060383
5,0.44444127432467706,0.44444127432467706
6,-0.5026277156155016,-0.5026277156155016
7,-3.141592653589793,-3.141592653589793
