theta_x,theta_y
0.3597337555699826,0.3597337555699826
0.6591769710900959,0.6591769710900959
1.8283582603987676,1.8283582603987676
-2.999241581563623,-2.999241581563623
1.285131432644065,1.285131432644065
1.0932961141014386,1.0932961141014386
-0.9601369400459535,-0.9601369400459535
-3.022594929577152,-3.022594929577152
0.4579082821122593,0.4579082821122593
