theta_x,theta_y
1.4861274431407279,1.4861274431407279
2.8898457197467486,2.8898457197467486
0.9374237815699693,0.9374237815699693
1.6522961787754054,1.6522961787754054
0.5840294850659938,0.5840294850659938
