theta_x,theta_y
-3.141592653589793,-3.141592653589793
-3.141592653589793,-3.141592653589793
2.0792471191155983,2.0792471191155983
2.1704331429017305,2.1704331429017305
