,theta_x,theta_y
0,-3.141592653589793,-3.141592653589793
1,-3.141592653589793,-3.141592653589793
2,2.0792471191155983,2.0792471191155983
3,2.1704331429017305,2.1704331429017305
