theta_x,theta_y
1.0098506823068498,1.0098506823068498
3.141592653589793,3.141592653589793
-3.141592653589793,-3.141592653589793
2.0642525034851418,2.0642525034851418
