,theta_x,theta_y
0,0.2731368728882125,0.2731368728882125
1,3.141592653589793,3.141592653589793
2,-2.1468783767140254,-2.1468783767140254
