,theta_x,theta_y
0,2.286308062622198,2.286308062622198
1,-0.6290454636175774,-0.6290454636175774
2,0.562436156145649,0.562436156145649
3,1.4579252599157375,1.4579252599157375
4,0.8958616035435746,0.8958616035435746
5,2.580896693259922,2.580896693259922
6,1.896792008554018,1.896792008554018
7,2.48426192258471,2.48426192258471
8,-2.4538066782242116,-2.4538066782242116
9,-0.1709715426855876,-0.1709715426855876
