,theta_x,theta_y
0,1.1975458997342507,1.1975458997342507
1,1.1656463415270981,1.1656463415270981
2,1.1339220780510166,1.1339220780510166
3,1.1020296692221487,1.1020296692221487
4,1.0712537080023343,1.0712537080023343
5,1.0385807607962558,1.0385807607962558
6,1.0064545771352418,1.0064545771352418
7,0.973562996804083,0.973562996804083
8,0.941873909981324,0.941873909981324
9,-3.141592653589793,-3.141592653589793
