,theta_x,theta_y
0,-0.16174233952534528,-0.16174233952534528
1,3.141592653589793,3.141592653589793
2,2.4593182694612237,2.4593182694612237
