,theta_x,theta_y
0,2.4060117643999206,2.4060117643999206
1,0.059562832915441115,0.059562832915441115
2,0.3800483504194814,0.3800483504194814
3,2.9228634576774266,2.9228634576774266
4,0.7852901528999644,0.7852901528999644
5,2.9218599697991783,2.9218599697991783
6,0.5823448479423916,0.5823448479423916
7,0.7953923954347678,0.7953923954347678
8,-2.812010006155883,-2.812010006155883
9,-0.6281742346051687,-0.6281742346051687
