,theta_x,theta_y
0,2.730666471294653,2.730666471294653
1,-1.3732986243517789,-1.3732986243517789
2,-0.8056355258748733,-0.8056355258748733
3,2.2505863617333906,2.2505863617333906
4,0.6134778159921779,0.6134778159921779
5,1.9084922912981919,1.9084922912981919
6,1.220535692984578,1.220535692984578
7,1.5359862704251523,1.5359862704251523
8,-2.6541007167196833,-2.6541007167196833
9,-0.13660143870452968,-0.13660143870452968
