,theta_x,theta_y
0,-1.9461189188631647,-1.9461189188631647
1,-2.5388816187815024,-2.5388816187815024
2,1.1840810773030266,1.1840810773030266
3,0.10154731962124794,0.10154731962124794
4,-2.8363036498693237,-2.8363036498693237
5,-0.4862480555995732,-0.4862480555995732
