,theta_x,theta_y
0,-2.3741384319554384,-2.3741384319554384
1,-1.2708845920670218,-1.2708845920670218
2,2.656327544596978,2.656327544596978
3,-2.167593646605062,-2.167593646605062
4,-0.3167269092581821,-0.3167269092581821
