theta_x,theta_y
-0.1232630447880821,-0.1232630447880821
3.141592653589793,3.141592653589793
-0.4752858556588644,-0.4752858556588644
3.141592653589793,3.141592653589793
2.0705717789515576,2.0705717789515576
0.8982162275170803,0.8982162275170803
