theta_x,theta_y
3.0839739337650425,3.0839739337650425
-0.8903142398621795,-0.8903142398621795
-2.8754556807298006,-2.8754556807298006
-3.141592653589793,-3.141592653589793
3.130596681265393,3.130596681265393
3.141592653589793,3.141592653589793
