theta_x,theta_y
1.5033568690353847,1.5033568690353847
1.3642476926436382,1.3642476926436382
1.3480353226099269,1.3480353226099269
0.844053585936823,0.844053585936823
-3.071467069105754,-3.071467069105754
1.0916940912845101,1.0916940912845101
1.0536025920584406,1.0536025920584406
-3.141592653589793,-3.141592653589793
