,theta_x,theta_y
0,0.7846066192449468,0.7846066192449468
1,-2.334295838254257,-2.334295838254257
2,0.7912648537693325,0.7912648537693325
3,-3.141592653589793,-3.141592653589793
4,0.9237301552336423,0.9237301552336423
5,-0.0711845473998963,-0.0711845473998963
6,-0.782070415947593,-0.782070415947593
7,-3.038622961560172,-3.038622961560172
