,theta_x,theta_y
0,-3.141592653589793,-3.141592653589793
1,0.8707783456898496,0.8707783456898496
2,-3.141592653589793,-3.141592653589793
3,2.412802418323579,2.412802418323579
4,2.5286379312533693,2.5286379312533693
5,-1.7648442434683584,-1.7648442434683584
6,1.3858647285913346,1.3858647285913346
7,-2.7594100489687268,-2.7594100489687268
