,theta_x,theta_y
0,0.4968457455571166,0.4968457455571166
1,1.4926563027715358,1.4926563027715358
2,-0.2699292858922777,-0.2699292858922777
3,1.0226328487858507,1.0226328487858507
4,-0.05184727169533615,-0.05184727169533615
5,-0.480449460391923,-0.480449460391923
6,-0.8066922651754451,-0.8066922651754451
7,-1.1420759244132317,-1.1420759244132317
8,-0.9676561857466521,-0.9676561857466521
