,theta_x,theta_y
0,2.5412519358867005,2.5412519358867005
1,2.1989098756551706,2.1989098756551706
2,1.0863475289856641,1.0863475289856641
3,-0.7811172044150636,-0.7811172044150636
4,-2.9556401558745313,-2.9556401558745313
5,0.018545193540696198,0.018545193540696198
6,-0.06669794862517928,-0.06669794862517928
7,-2.712589734587065,-2.712589734587065
8,-2.9994166334070953,-2.9994166334070953
