,theta_x,theta_y
0,1.499783239469615,1.499783239469615
1,1.0264858834736612,1.0264858834736612
2,1.1033057393203156,1.1033057393203156
3,-2.2882289910272515,-2.2882289910272515
4,-3.129755047783288,-3.129755047783288
5,-0.4343140396294043,-0.4343140396294043
