,theta_x,theta_y
0,-1.5045396483784348,-1.5045396483784348
1,0.8975819413533263,0.8975819413533263
