,theta_x,theta_y
0,-1.261118228475221,-1.261118228475221
1,3.141592653589793,3.141592653589793
2,3.141592653589793,3.141592653589793
3,-1.3715967210339868,-1.3715967210339868
4,-1.4983869705773691,-1.4983869705773691
5,3.141592653589793,3.141592653589793
6,-1.7518369737427864,-1.7518369737427864
7,3.141592653589793,3.141592653589793
8,3.141592653589793,3.141592653589793
9,-2.193478148303103,-2.193478148303103
