theta_x,theta_y
-0.3411186967023683,-0.3411186967023683
3.141592653589793,3.141592653589793
-0.3914066674734086,-0.3914066674734086
3.141592653589793,3.141592653589793
-0.33703745197737905,-0.33703745197737905
-0.396145993374148,-0.396145993374148
-0.4854434277652844,-0.4854434277652844
-0.5269024376416689,-0.5269024376416689
