theta_x,theta_y
0.896681125299254,0.896681125299254
0.5582780015949529,0.5582780015949529
0.9116314814760399,0.9116314814760399
-3.141592653589793,-3.141592653589793
0.5330529832397236,0.5330529832397236
0.6402002053597352,0.6402002053597352
