,theta_x,theta_y
0,2.9310310964067643,2.9310310964067643
1,-0.10800913021499817,-0.10800913021499817
2,3.141592653589793,3.141592653589793
3,-2.335311763514044,-2.335311763514044
4,0.49886912440035774,0.49886912440035774
5,-0.5293910661262677,-0.5293910661262677
6,1.6196858393801752,1.6196858393801752
7,-1.5278083161538791,-1.5278083161538791
