theta_x,theta_y
0.3590213331383678,0.3590213331383678
2.7634404799891246,2.7634404799891246
1.6313614454341872,1.6313614454341872
