theta_x,theta_y
0.6468768485259233,0.6468768485259233
2.178009428241568,2.178009428241568
1.161599051095468,1.161599051095468
-1.2706290099089008,-1.2706290099089008
-0.7832867096732086,-0.7832867096732086
1.9775231469463892,1.9775231469463892
-2.9591716829631127,-2.9591716829631127
