,theta_x,theta_y
0,1.2775241535473953,1.2775241535473953
1,2.9327059317141324,2.9327059317141324
2,-0.7907930383692547,-0.7907930383692547
3,-0.16880714022339216,-0.16880714022339216
