,theta_x,theta_y
0,-0.11376757236140256,-0.11376757236140256
1,2.4316677934206337,2.4316677934206337
2,-1.3619023456089694,-1.3619023456089694
3,-0.5742025751919129,-0.5742025751919129
