,theta_x,theta_y
0,0.3487555692562393,0.3487555692562393
1,3.007775009297694,3.007775009297694
