,theta_x,theta_y
0,0.6902495590211023,0.6902495590211023
1,-1.1654609210902918,-1.1654609210902918
2,1.0340811624505253,1.0340811624505253
3,-0.2563585225219668,-0.2563585225219668
4,1.2926010233333285,1.2926010233333285
5,2.6456230580217817,2.6456230580217817
