theta_x,theta_y
0.3082926800687561,0.3082926800687561
3.141592653589793,3.141592653589793
-2.251404002021905,-2.251404002021905
2.463205779696764,2.463205779696764
-0.8565852531019342,-0.8565852531019342
0.2227366930170226,0.2227366930170226
2.372891167521672,2.372891167521672
