,theta_x,theta_y
0,0.8613205926538167,0.8613205926538167
1,0.6466427254464864,0.6466427254464864
2,-0.3138351912983529,-0.3138351912983529
3,-0.7757696829202122,-0.7757696829202122
4,-1.3988182284430688,-1.3988182284430688
5,-0.13184687389558172,-0.13184687389558172
6,-0.15163269051809808,-0.15163269051809808
