theta_x,theta_y
0.07865424316780437,0.07865424316780437
-0.834174673435502,-0.834174673435502
1.8888963644236347,1.8888963644236347
-1.4656964912860988,-1.4656964912860988
-0.3953585087648881,-0.3953585087648881
-0.7150266663258762,-0.7150266663258762
