,theta_x,theta_y
0,-0.8274274995499112,-0.8274274995499112
1,3.141592653589793,3.141592653589793
2,-1.767717509887113,-1.767717509887113
3,3.0193193876190323,3.0193193876190323
4,-1.5061918691838152,-1.5061918691838152
5,-1.5481021765913971,-1.5481021765913971
6,2.70365370488577,2.70365370488577
7,-1.6222115189262891,-1.6222115189262891
