,theta_x,theta_y
0,0.23630329886894774,0.23630329886894774
1,2.7498467181605197,2.7498467181605197
2,-1.9244781547100862,-1.9244781547100862
3,2.240908408887117,2.240908408887117
