,theta_x,theta_y
0,-1.2825471883067534,-1.2825471883067534
1,-2.2689017029340675,-2.2689017029340675
2,-2.042653643241002,-2.042653643241002
3,-2.0938326351651826,-2.0938326351651826
4,3.141592653589793,3.141592653589793
