,theta_x,theta_y
0,0.08287169373131448,0.08287169373131448
1,-0.2182394031327497,-0.2182394031327497
2,-1.2510535446279067,-1.2510535446279067
3,-1.084212236098106,-1.084212236098106
