,theta_x,theta_y
0,1.7658788407877448,1.7658788407877448
1,1.0121689582596196,1.0121689582596196
2,0.7779474677409566,0.7779474677409566
