,theta_x,theta_y
0,-0.469922766321465,-0.469922766321465
1,-0.749729727286449,-0.749729727286449
2,-0.34123343754724333,-0.34123343754724333
3,-0.429530471677603,-0.429530471677603
