,theta_x,theta_y
0,-0.43085622349043223,-0.43085622349043223
1,-0.4677124913873148,-0.4677124913873148
2,-0.5059022094230178,-0.5059022094230178
