theta_x,theta_y
2.0508263771368767,2.0508263771368767
-3.141592653589793,-3.141592653589793
-3.141592653589793,-3.141592653589793
-3.141592653589793,-3.141592653589793
2.006681372010622,2.006681372010622
2.07555620193661,2.07555620193661
