,theta_x,theta_y
0,2.0508263771368767,2.0508263771368767
1,-3.141592653589793,-3.141592653589793
2,-3.141592653589793,-3.141592653589793
3,-3.141592653589793,-3.141592653589793
4,2.006681372010622,2.006681372010622
5,2.07555620193661,2.07555620193661
