,theta_x,theta_y
0,1.443979429655026,1.443979429655026
1,0.15386085957043844,0.15386085957043844
2,-0.7483059785847884,-0.7483059785847884
3,-1.7327969931544371,-1.7327969931544371
4,3.141592653589793,3.141592653589793
5,1.7062971068919468,1.7062971068919468
6,1.0536040043716421,1.0536040043716421
7,-1.3438898022209818,-1.3438898022209818
