theta_x,theta_y
2.7018638583104555,2.7018638583104555
2.718910924355009,2.718910924355009
-3.141592653589793,-3.141592653589793
2.5408649560760703,2.5408649560760703
-3.141592653589793,-3.141592653589793
2.395571603994209,2.395571603994209
2.393973248575147,2.393973248575147
2.3298234774808986,2.3298234774808986
