theta_x,theta_y
-1.9660404455922063,-1.9660404455922063
-2.6350495780465097,-2.6350495780465097
2.8281583572987117,2.8281583572987117
1.3800630240723888,1.3800630240723888
