theta_x,theta_y
2.6887878151700133,2.6887878151700133
0.13693985840343265,0.13693985840343265
2.8528207009825772,2.8528207009825772
