,theta_x,theta_y
0,1.1891413836273639,1.1891413836273639
1,2.334120764670084,2.334120764670084
2,0.17682968294617468,0.17682968294617468
3,-2.0972977286008465,-2.0972977286008465
