,theta_x,theta_y
0,-0.8359859740796283,-0.8359859740796283
1,-1.2836533837503126,-1.2836533837503126
2,-2.212371323567967,-2.212371323567967
3,-2.7297044168370945,-2.7297044168370945
4,3.141592653589793,3.141592653589793
5,0.06088453055373974,0.06088453055373974
6,-1.3767506768582127,-1.3767506768582127
7,-2.4804442400770097,-2.4804442400770097
8,-0.8450558724012827,-0.8450558724012827
