,theta_x,theta_y
0,-0.10973659082182248,-0.10973659082182248
1,-0.5898745785761624,-0.5898745785761624
2,-0.9778811300378294,-0.9778811300378294
3,-0.9397928524602068,-0.9397928524602068
