theta_x,theta_y
-0.6459797644020769,-0.6459797644020769
-0.42059950065886176,-0.42059950065886176
-0.6345722417347185,-0.6345722417347185
-1.5034321866847047,-1.5034321866847047
