,theta_x,theta_y
0,-3.141592653589793,-3.141592653589793
1,0.907115134635446,0.907115134635446
