theta_x,theta_y
1.0374302456530478,1.0374302456530478
0.6238315431045629,0.6238315431045629
0.8139978331323474,0.8139978331323474
-3.0396739465157183,-3.0396739465157183
0.21519067571353617,0.21519067571353617
0.21831359352294155,0.21831359352294155
0.6935267294364454,0.6935267294364454
-2.555339006838114,-2.555339006838114
