,theta_x,theta_y
0,-0.09264525156325841,-0.09264525156325841
1,2.3168164452943376,2.3168164452943376
2,-2.085371876117281,-2.085371876117281
3,2.009674556803491,2.009674556803491
4,-0.3998921057599536,-0.3998921057599536
5,-0.6080056811559964,-0.6080056811559964
6,1.3435624706320217,1.3435624706320217
7,-0.7772089231347721,-0.7772089231347721
8,-0.2790902078643982,-0.2790902078643982
