theta_x,theta_y
-1.405223091427437,-1.405223091427437
2.6241536802480336,2.6241536802480336
-1.7699830984912057,-1.7699830984912057
2.429762067315316,2.429762067315316
2.4940040338083485,2.4940040338083485
-0.5945066370033253,-0.5945066370033253
0.19631145229331515,0.19631145229331515
-1.0290062742450403,-1.0290062742450403
-3.1350591236421375,-3.1350591236421375
0.5123002480600223,0.5123002480600223
