,theta_x,theta_y
0,0.7247793562021092,0.7247793562021092
1,0.7144979081900417,0.7144979081900417
2,0.7043840281034968,0.7043840281034968
3,0.6939419634002897,0.6939419634002897
4,0.6834583521492821,0.6834583521492821
