theta_x,theta_y
2.5048316359085776,2.5048316359085776
0.502884118091339,0.502884118091339
2.5443562366677743,2.5443562366677743
-3.084770437070881,-3.084770437070881
0.7489755731760097,0.7489755731760097
-0.366111668712641,-0.366111668712641
1.631774867178102,1.631774867178102
-2.2533405996643854,-2.2533405996643854
1.8579976119709611,1.8579976119709611
