,theta_x,theta_y
0,-1.5026825590983584,-1.5026825590983584
