theta_x,theta_y
-2.400606405185727,-2.400606405185727
-1.4787258448497387,-1.4787258448497387
1.9354242349360657,1.9354242349360657
0.9173664952794106,0.9173664952794106
-2.55520227628941,-2.55520227628941
0.27828492104534364,0.27828492104534364
-0.0716475154863688,-0.0716475154863688
-1.801149452399137,-1.801149452399137
1.8040127188671904,1.8040127188671904
-2.1510975039780225,-2.1510975039780225
