theta_x,theta_y
2.728687037186622,2.728687037186622
0.23754409959314882,0.23754409959314882
2.935983987171889,2.935983987171889
-2.6969452778552374,-2.6969452778552374
0.7944360895119233,0.7944360895119233
-0.5686429118800105,-0.5686429118800105
1.8351853652972716,1.8351853652972716
-1.9622841741981307,-1.9622841741981307
