,theta_x,theta_y
0,2.5219895917975275,2.5219895917975275
1,2.0975619517667,2.0975619517667
2,0.6394026878260098,0.6394026878260098
3,-2.136959302228589,-2.136959302228589
4,-3.141592653589793,-3.141592653589793
