,theta_x,theta_y
0,-0.3588546687491866,-0.3588546687491866
1,-1.0110017032580227,-1.0110017032580227
2,-1.9434182294705098,-1.9434182294705098
3,-1.2943120794239635,-1.2943120794239635
4,-1.4202594827894537,-1.4202594827894537
5,-0.7326533505504111,-0.7326533505504111
6,-0.6728193326352833,-0.6728193326352833
7,-1.1981594742692168,-1.1981594742692168
