,theta_x,theta_y
0,-1.5335698804658315,-1.5335698804658315
1,-1.3045291669803833,-1.3045291669803833
