theta_x,theta_y
0.6549161420462596,0.6549161420462596
-0.9665779709665564,-0.9665779709665564
1.5275688705120012,1.5275688705120012
-0.5992413221238269,-0.5992413221238269
-0.1961013597473799,-0.1961013597473799
0.47275201688124074,0.47275201688124074
-3.070086303828549,-3.070086303828549
