,theta_x,theta_y
0,0.10711727000672269,0.10711727000672269
1,2.178242288629146,2.178242288629146
2,-1.588508290435141,-1.588508290435141
3,1.977437850865025,1.977437850865025
