,theta_x,theta_y
0,-1.0983806482653626,-1.0983806482653626
1,3.141592653589793,3.141592653589793
2,-3.02823203499984,-3.02823203499984
3,2.9759262770420003,2.9759262770420003
4,-2.1676820666892467,-2.1676820666892467
