,theta_x,theta_y
0,-3.141592653589793,-3.141592653589793
1,-3.141592653589793,-3.141592653589793
2,2.3957439173438053,2.3957439173438053
3,-3.141592653589793,-3.141592653589793
4,2.4368070649523186,2.4368070649523186
5,2.515231441194755,2.515231441194755
6,-3.141592653589793,-3.141592653589793
