theta_x,theta_y
0.2643801038066935,0.2643801038066935
-0.5399215712631373,-0.5399215712631373
-3.141592653589793,-3.141592653589793
-3.141592653589793,-3.141592653589793
1.7655457581779255,1.7655457581779255
3.141592653589793,3.141592653589793
0.14269956904675812,0.14269956904675812
