,theta_x,theta_y
0,0.5940296334595687,0.5940296334595687
1,-0.9472910026536919,-0.9472910026536919
2,-3.141592653589793,-3.141592653589793
3,-3.1276881994588637,-3.1276881994588637
4,2.5709518681975214,2.5709518681975214
5,3.141592653589793,3.141592653589793
6,-0.08331492314124275,-0.08331492314124275
