theta_x,theta_y
-1.5347105373240806,-1.5347105373240806
-1.9241000842781018,-1.9241000842781018
2.624703268452845,2.624703268452845
-3.119594341916764,-3.119594341916764
1.7583182670381543,1.7583182670381543
1.6672550217767785,1.6672550217767785
-2.7747041044307,-2.7747041044307
-3.141592653589793,-3.141592653589793
-0.549178381493474,-0.549178381493474
