theta_x,theta_y
-3.141592653589793,-3.141592653589793
1.8088164874413757,1.8088164874413757
-3.141592653589793,-3.141592653589793
