,theta_x,theta_y
0,0.6925619123571608,0.6925619123571608
