theta_x,theta_y
0.3459547669430787,0.3459547669430787
2.537132086503159,2.537132086503159
1.3348677495606536,1.3348677495606536
-1.3073737556645761,-1.3073737556645761
-0.9835497157476594,-0.9835497157476594
2.4170522219169275,2.4170522219169275
-2.7096874241358457,-2.7096874241358457
