theta_x,theta_y
-3.141592653589793,-3.141592653589793
2.6105985403200718,2.6105985403200718
-0.37983905249271094,-0.37983905249271094
2.567283757153305,2.567283757153305
-3.141592653589793,-3.141592653589793
-3.141592653589793,-3.141592653589793
