,theta_x,theta_y
0,2.798739916786467,2.798739916786467
1,0.81816996572247,0.81816996572247
2,2.5986546434661273,2.5986546434661273
3,-3.141592653589793,-3.141592653589793
4,1.1646285526997229,1.1646285526997229
5,-0.7599551072719641,-0.7599551072719641
6,1.832330398841132,1.832330398841132
7,-3.1347069348573635,-3.1347069348573635
