,theta_x,theta_y
0,-1.3480229702046047,-1.3480229702046047
1,-1.8984319160014411,-1.8984319160014411
