theta_x,theta_y
2.3904099453946204,2.3904099453946204
2.174327356354675,2.174327356354675
-0.9160137065625791,-0.9160137065625791
0.8904537921441539,0.8904537921441539
-1.48702949755779,-1.48702949755779
0.7346741495930653,0.7346741495930653
