theta_x,theta_y
1.986864747307643,1.986864747307643
