,theta_x,theta_y
0,1.986864747307643,1.986864747307643
