theta_x,theta_y
3.081448176625386,3.081448176625386
-3.141592653589793,-3.141592653589793
-3.141592653589793,-3.141592653589793
-3.141592653589793,-3.141592653589793
2.988606227847989,2.988606227847989
