,theta_x,theta_y
0,1.9401584316827016,1.9401584316827016
1,1.1896216494671896,1.1896216494671896
2,0.3126783060735113,0.3126783060735113
