,theta_x,theta_y
0,2.1825290139677103,2.1825290139677103
1,-1.0696621199789536,-1.0696621199789536
2,1.2686961900299107,1.2686961900299107
3,1.6413245794834312,1.6413245794834312
4,1.1162883501377028,1.1162883501377028
5,1.690958364571965,1.690958364571965
6,1.338336869469361,1.338336869469361
7,1.701176307083427,1.701176307083427
