,theta_x,theta_y
0,-1.6494964667035452,-1.6494964667035452
1,-1.1864787451478385,-1.1864787451478385
2,1.9886549124784092,1.9886549124784092
