,theta_x,theta_y
0,-1.2705502162876017,-1.2705502162876017
1,-1.4203869972937304,-1.4203869972937304
2,-1.541569528712679,-1.541569528712679
3,-1.719268142669166,-1.719268142669166
4,3.081822268595507,3.081822268595507
5,-1.0650722991765162,-1.0650722991765162
6,0.5589277932679486,0.5589277932679486
7,-1.799212580192288,-1.799212580192288
