,theta_x,theta_y
0,1.3277823518794245,1.3277823518794245
1,-0.15256623449971143,-0.15256623449971143
2,-0.21181787768715676,-0.21181787768715676
3,1.9523927070861185,1.9523927070861185
4,2.433134548645591,2.433134548645591
5,2.4188277342338957,2.4188277342338957
