,theta_x,theta_y
0,-1.6327681288324807,-1.6327681288324807
1,3.141592653589793,3.141592653589793
2,-3.0060697538608174,-3.0060697538608174
