,theta_x,theta_y
0,1.0786092911738143,1.0786092911738143
1,1.9687031956354013,1.9687031956354013
2,1.2327303160658956,1.2327303160658956
3,-1.4757825979233359,-1.4757825979233359
4,-0.6752025867630159,-0.6752025867630159
5,1.7483887983415813,1.7483887983415813
6,-3.0739548660146907,-3.0739548660146907
7,1.595266231671424,1.595266231671424
8,1.8936240993350058,1.8936240993350058
9,-0.40356831572646745,-0.40356831572646745
