,theta_x,theta_y
0,0.38839195662346343,0.38839195662346343
1,2.7398531178319647,2.7398531178319647
2,-2.901873993692793,-2.901873993692793
3,2.265172692054541,2.265172692054541
4,-1.1443072194228612,-1.1443072194228612
5,0.12191567903817797,0.12191567903817797
6,2.0255867581100557,2.0255867581100557
7,-0.2569557749487452,-0.2569557749487452
8,0.32293752468515474,0.32293752468515474
9,-2.91858762612646,-2.91858762612646
