,theta_x,theta_y
0,2.9072887718576705,2.9072887718576705
1,-0.0647120504484446,-0.0647120504484446
2,3.0853056035146555,3.0853056035146555
3,-2.8049087843411664,-2.8049087843411664
4,0.7978820009232348,0.7978820009232348
5,-0.9530845616160731,-0.9530845616160731
6,2.0148538026503204,2.0148538026503204
7,-2.200015742751211,-2.200015742751211
8,2.2996725728030034,2.2996725728030034
9,0.3607067313821953,0.3607067313821953
