theta_x,theta_y
1.0277585281568078,1.0277585281568078
0.9977063282695642,0.9977063282695642
-3.141592653589793,-3.141592653589793
