,theta_x,theta_y
0,2.5886855154148347,2.5886855154148347
1,-0.8749154101876075,-0.8749154101876075
2,0.37485880259128546,0.37485880259128546
3,2.085485686170301,2.085485686170301
4,0.3174838769124663,0.3174838769124663
