theta_x,theta_y
2.5886855154148347,2.5886855154148347
-0.8749154101876075,-0.8749154101876075
0.37485880259128546,0.37485880259128546
2.085485686170301,2.085485686170301
0.3174838769124663,0.3174838769124663
