,theta_x,theta_y
0,-3.141592653589793,-3.141592653589793
1,2.498205165137263,2.498205165137263
2,0.0035710939543824316,0.0035710939543824316
3,-3.141592653589793,-3.141592653589793
4,-3.141592653589793,-3.141592653589793
5,3.141592653589793,3.141592653589793
