theta_x,theta_y
1.5269049369434682,1.5269049369434682
0.5767790354923412,0.5767790354923412
-0.05110835416684273,-0.05110835416684273
-0.9659598373716952,-0.9659598373716952
3.1330166604252896,3.1330166604252896
1.7402611695479355,1.7402611695479355
