,theta_x,theta_y
0,3.141592653589793,3.141592653589793
1,0.5842624646615192,0.5842624646615192
2,-0.9027044036659532,-0.9027044036659532
3,3.141592653589793,3.141592653589793
