,theta_x,theta_y
0,1.3762284787718382,1.3762284787718382
1,1.1405341358273162,1.1405341358273162
2,0.6854394580710992,0.6854394580710992
