,theta_x,theta_y
0,3.037712271939947,3.037712271939947
1,-3.141592653589793,-3.141592653589793
2,-3.141592653589793,-3.141592653589793
3,-3.141592653589793,-3.141592653589793
4,2.517263648187434,2.517263648187434
5,2.996122940229007,2.996122940229007
6,2.9246960291072,2.9246960291072
7,3.129956196028668,3.129956196028668
8,-2.327550417528449,-2.327550417528449
9,3.001746011520289,3.001746011520289
