theta_x,theta_y
-2.5043658680992187,-2.5043658680992187
-1.2736235809058778,-1.2736235809058778
2.316560180231253,2.316560180231253
1.5554028950155008,1.5554028950155008
-2.8613895237071927,-2.8613895237071927
0.8926737240542183,0.8926737240542183
0.9750076125057525,0.9750076125057525
-1.825349663794054,-1.825349663794054
1.8077309629854539,1.8077309629854539
-2.633830237114537,-2.633830237114537
