,theta_x,theta_y
0,2.178078216181824,2.178078216181824
1,-0.5367143515768584,-0.5367143515768584
2,0.5978264531892136,0.5978264531892136
3,1.3679216110884989,1.3679216110884989
4,-0.38011877961964613,-0.38011877961964613
5,1.2765861431485226,1.2765861431485226
6,1.4618371464230475,1.4618371464230475
7,2.809143265283318,2.809143265283318
8,-2.5218763207680457,-2.5218763207680457
9,-1.9535351723845056,-1.9535351723845056
