,theta_x,theta_y
0,-1.9037896416649724,-1.9037896416649724
1,3.0089963184083044,3.0089963184083044
2,-2.462447070319073,-2.462447070319073
3,1.6349081808044517,1.6349081808044517
4,1.1304734251570552,1.1304734251570552
5,-1.6292132426942851,-1.6292132426942851
6,-2.402808793744386,-2.402808793744386
7,-2.497969590468373,-2.497969590468373
8,-1.7299530100560503,-1.7299530100560503
9,-2.773638339096571,-2.773638339096571
