,theta_x,theta_y
0,1.2475968632655583,1.2475968632655583
1,-0.582964576960755,-0.582964576960755
2,0.5693184765859624,0.5693184765859624
3,-3.0119351857536074,-3.0119351857536074
4,0.25852569815921506,0.25852569815921506
5,-0.8294495457810814,-0.8294495457810814
6,-0.03763601392774797,-0.03763601392774797
7,-3.039695890812268,-3.039695890812268
8,-0.45650245116510246,-0.45650245116510246
9,-0.572558429081435,-0.572558429081435
