theta_x,theta_y
2.8190548450053656,2.8190548450053656
2.724993315675691,2.724993315675691
-0.8897902171954044,-0.8897902171954044
-2.8766569435429283,-2.8766569435429283
2.766843592651762,2.766843592651762
