,theta_x,theta_y
0,1.4890307443880662,1.4890307443880662
1,-0.2715035279922743,-0.2715035279922743
2,-0.94747292177028,-0.94747292177028
3,-0.20188679474245846,-0.20188679474245846
4,2.30685363741927,2.30685363741927
5,3.141592653589793,3.141592653589793
6,3.0546481194703103,3.0546481194703103
