theta_x,theta_y
-1.2143676301903734,-1.2143676301903734
3.1139112680043737,3.1139112680043737
-1.432254452537006,-1.432254452537006
2.1381724172419077,2.1381724172419077
2.4445054126596757,2.4445054126596757
-0.6206600591990111,-0.6206600591990111
-0.5864579413903965,-0.5864579413903965
-1.1533522920213204,-1.1533522920213204
-2.48334519310469,-2.48334519310469
