,theta_x,theta_y
0,-0.07898092066553553,-0.07898092066553553
1,-3.141592653589793,-3.141592653589793
