,theta_x,theta_y
0,1.8904264390234937,1.8904264390234937
1,-0.8078181226868002,-0.8078181226868002
2,-2.2089862387793606,-2.2089862387793606
3,-2.514014981613732,-2.514014981613732
4,2.8790160168991807,2.8790160168991807
5,3.1212062936656837,3.1212062936656837
6,1.7154499987346736,1.7154499987346736
7,2.195286682246806,2.195286682246806
8,1.3931758839324038,1.3931758839324038
9,2.9584832332643916,2.9584832332643916
