,theta_x,theta_y
0,1.4701001149735613,1.4701001149735613
1,0.2276002621693725,0.2276002621693725
2,0.8232645459101118,0.8232645459101118
3,-1.4121880050618547,-1.4121880050618547
4,-0.10621796685113782,-0.10621796685113782
5,-0.7585891770833808,-0.7585891770833808
6,0.06427707790853811,0.06427707790853811
