theta_x,theta_y
-0.2500254209511128,-0.2500254209511128
-2.2357401221507867,-2.2357401221507867
-1.6908488285355339,-1.6908488285355339
-0.7136840663627851,-0.7136840663627851
3.141592653589793,3.141592653589793
-1.04135125826828,-1.04135125826828
