,theta_x,theta_y
0,0.04200745491583404,0.04200745491583404
1,3.141592653589793,3.141592653589793
2,-1.9319053978551048,-1.9319053978551048
3,2.7934923868301365,2.7934923868301365
4,-0.8290669392697922,-0.8290669392697922
5,-0.12043821525453569,-0.12043821525453569
6,2.6994802307121386,2.6994802307121386
7,-0.3017967882128014,-0.3017967882128014
