theta_x,theta_y
0.6235623042922477,0.6235623042922477
-0.033667426146257354,-0.033667426146257354
2.0463306377781736,2.0463306377781736
-2.62578852706829,-2.62578852706829
2.005684905511489,2.005684905511489
0.5729176546681759,0.5729176546681759
-0.6103756639890735,-0.6103756639890735
-2.26936440846659,-2.26936440846659
