theta_x,theta_y
3.141592653589793,3.141592653589793
-1.6183600324750886,-1.6183600324750886
3.141592653589793,3.141592653589793
