,theta_x,theta_y
0,-2.367679360320366,-2.367679360320366
1,2.388439725574675,2.388439725574675
2,-1.8286462268150594,-1.8286462268150594
3,2.5563494115212566,2.5563494115212566
4,2.645996049903135,2.645996049903135
5,-1.7105174649820776,-1.7105174649820776
6,-1.0289922669169926,-1.0289922669169926
