theta_x,theta_y
1.8675327977757437,1.8675327977757437
0.7693839087484615,0.7693839087484615
