,theta_x,theta_y
0,0.5189341357946164,0.5189341357946164
1,-1.1920680214884407,-1.1920680214884407
2,-2.935684622926491,-2.935684622926491
