,theta_x,theta_y
0,0.1450177004614932,0.1450177004614932
1,2.877077732824233,2.877077732824233
2,-0.21095148350552878,-0.21095148350552878
3,-0.7429548136779902,-0.7429548136779902
4,-0.3896921969792649,-0.3896921969792649
5,-0.511817186302991,-0.511817186302991
6,-0.45494218156732047,-0.45494218156732047
