,theta_x,theta_y
0,0.9283717390459771,0.9283717390459771
