theta_x,theta_y
0.9635844038858189,0.9635844038858189
1.0098477080077537,1.0098477080077537
0.9587753578542138,0.9587753578542138
0.9582901039700914,0.9582901039700914
0.8873777444265344,0.8873777444265344
0.9597122970790921,0.9597122970790921
-3.141592653589793,-3.141592653589793
0.9213118482946897,0.9213118482946897
0.9144465517509229,0.9144465517509229
