,theta_x,theta_y
0,-1.0408018474914034,-1.0408018474914034
1,3.141592653589793,3.141592653589793
2,-3.141592653589793,-3.141592653589793
3,3.088299962278811,3.088299962278811
4,-2.598618119197535,-2.598618119197535
5,-0.6757437627084409,-0.6757437627084409
