,theta_x,theta_y
0,0.6831009055958137,0.6831009055958137
1,0.01682421554685356,0.01682421554685356
2,-0.4228451855079642,-0.4228451855079642
3,-0.5359529074560203,-0.5359529074560203
