,theta_x,theta_y
0,1.7379062320349508,1.7379062320349508
1,1.2052476274654413,1.2052476274654413
2,-0.7295531068781347,-0.7295531068781347
3,-0.5365247744418766,-0.5365247744418766
4,-1.485646958830275,-1.485646958830275
5,-0.6001184743420711,-0.6001184743420711
6,-1.1930865886183863,-1.1930865886183863
