,theta_x,theta_y
0,0.30629671728847974,0.30629671728847974
1,-1.5773615173971642,-1.5773615173971642
2,-0.6177778977010104,-0.6177778977010104
3,-0.39073345643758295,-0.39073345643758295
