,theta_x,theta_y
0,-3.097702847288753,-3.097702847288753
1,-0.980726474725918,-0.980726474725918
2,1.3668060428739253,1.3668060428739253
3,0.7230209095721415,0.7230209095721415
4,-2.5566420832234242,-2.5566420832234242
5,0.16993003285668476,0.16993003285668476
