,theta_x,theta_y
0,-2.484859132638512,-2.484859132638512
1,2.0375192260185084,2.0375192260185084
2,-2.831533684237602,-2.831533684237602
3,-3.141592653589793,-3.141592653589793
4,-1.031291174740439,-1.031291174740439
5,2.925766370611542,2.925766370611542
