theta_x,theta_y
-0.8871009241364083,-0.8871009241364083
2.807366164577813,2.807366164577813
0.7130086603383765,0.7130086603383765
-0.4325282847190295,-0.4325282847190295
-1.1819133737140401,-1.1819133737140401
2.9376843341236647,2.9376843341236647
-1.544266638027378,-1.544266638027378
2.8394414605979645,2.8394414605979645
1.4935969453398876,1.4935969453398876
