,theta_x,theta_y
0,-3.141592653589793,-3.141592653589793
1,-0.5721463328489333,-0.5721463328489333
2,1.6253380332616092,1.6253380332616092
3,1.028622789916129,1.028622789916129
