,theta_x,theta_y
0,1.8900707602445885,1.8900707602445885
