,theta_x,theta_y
0,0.2864716435635502,0.2864716435635502
1,-0.7813396039526305,-0.7813396039526305
2,-1.1526223015431085,-1.1526223015431085
3,-1.2606511876862787,-1.2606511876862787
4,3.141592653589793,3.141592653589793
5,0.2569469646794945,0.2569469646794945
6,0.7523233411893384,0.7523233411893384
