theta_x,theta_y
-0.8863378667831523,-0.8863378667831523
-0.5564509653502884,-0.5564509653502884
-1.219963428161379,-1.219963428161379
-1.7699814277013906,-1.7699814277013906
3.141592653589793,3.141592653589793
1.1158216140182653,1.1158216140182653
3.141592653589793,3.141592653589793
-1.4168605422777776,-1.4168605422777776
3.135998118730978,3.135998118730978
-0.43798560566202926,-0.43798560566202926
