,theta_x,theta_y
0,0.6331316113440102,0.6331316113440102
1,-0.3767487853509558,-0.3767487853509558
2,-0.7836633266047285,-0.7836633266047285
3,-1.2617416524913119,-1.2617416524913119
4,3.141592653589793,3.141592653589793
5,0.7735131390870833,0.7735131390870833
6,0.5791937585889517,0.5791937585889517
7,-1.284549935144963,-1.284549935144963
8,0.3766696128246817,0.3766696128246817
