theta_x,theta_y
2.3749253752271535,2.3749253752271535
-0.0644257238964323,-0.0644257238964323
0.1706062456330127,0.1706062456330127
1.3564276742509849,1.3564276742509849
-0.1002489410689595,-0.1002489410689595
3.141592653589793,3.141592653589793
3.141592653589793,3.141592653589793
3.141592653589793,3.141592653589793
-2.540819407323409,-2.540819407323409
0.48023400295665775,0.48023400295665775
