,theta_x,theta_y
0,1.5856630892458174,1.5856630892458174
1,1.4141786176052065,1.4141786176052065
2,-0.9744533544596345,-0.9744533544596345
3,-0.8710006547862182,-0.8710006547862182
4,-1.3113344448509205,-1.3113344448509205
5,-0.7812307809455803,-0.7812307809455803
6,-0.9464562898896267,-0.9464562898896267
