theta_x,theta_y
1.5856630892458174,1.5856630892458174
1.4141786176052065,1.4141786176052065
-0.9744533544596345,-0.9744533544596345
-0.8710006547862182,-0.8710006547862182
-1.3113344448509205,-1.3113344448509205
-0.7812307809455803,-0.7812307809455803
-0.9464562898896267,-0.9464562898896267
