theta_x,theta_y
3.141592653589793,3.141592653589793
2.6361149552557324,2.6361149552557324
1.5394735735839684,1.5394735735839684
-1.8468367164314767,-1.8468367164314767
-3.141592653589793,-3.141592653589793
-1.951394496302704,-1.951394496302704
-1.488313063596122,-1.488313063596122
-3.141592653589793,-3.141592653589793
-3.141592653589793,-3.141592653589793
2.6767276906219797,2.6767276906219797
