,theta_x,theta_y
0,3.141592653589793,3.141592653589793
1,2.6361149552557324,2.6361149552557324
2,1.5394735735839684,1.5394735735839684
3,-1.8468367164314767,-1.8468367164314767
4,-3.141592653589793,-3.141592653589793
5,-1.951394496302704,-1.951394496302704
6,-1.488313063596122,-1.488313063596122
7,-3.141592653589793,-3.141592653589793
8,-3.141592653589793,-3.141592653589793
9,2.6767276906219797,2.6767276906219797
