,theta_x,theta_y
0,-1.1316419444850354,-1.1316419444850354
