,theta_x,theta_y
0,-0.7816618243822062,-0.7816618243822062
1,-1.9619643090567715,-1.9619643090567715
2,-1.7178204118858595,-1.7178204118858595
3,-2.5292973870257844,-2.5292973870257844
4,2.0846487997977303,2.0846487997977303
