,theta_x,theta_y
0,-3.141592653589793,-3.141592653589793
1,-2.710466762362834,-2.710466762362834
2,-2.6995523689953975,-2.6995523689953975
3,-3.141592653589793,-3.141592653589793
