,theta_x,theta_y
0,3.141592653589793,3.141592653589793
1,-1.1830051127325172,-1.1830051127325172
2,3.141592653589793,3.141592653589793
3,-2.133536343564737,-2.133536343564737
4,-3.141592653589793,-3.141592653589793
5,-3.141592653589793,-3.141592653589793
6,2.1048792169148025,2.1048792169148025
7,-3.141592653589793,-3.141592653589793
