,theta_x,theta_y
0,-3.141592653589793,-3.141592653589793
1,-1.6204985236039149,-1.6204985236039149
2,3.141592653589793,3.141592653589793
3,-0.8866213733734905,-0.8866213733734905
4,0.09026160408017048,0.09026160408017048
