theta_x,theta_y
-1.4994978685719138,-1.4994978685719138
2.0493933079872124,2.0493933079872124
-2.313235653514186,-2.313235653514186
2.224647067293223,2.224647067293223
1.7354706440398229,1.7354706440398229
1.3078798958392395,1.3078798958392395
