theta_x,theta_y
1.0469540215824076,1.0469540215824076
-0.7000580769901315,-0.7000580769901315
0.010732440850526548,0.010732440850526548
0.6518949465887323,0.6518949465887323
1.508245849750075,1.508245849750075
