theta_x,theta_y
1.1585612077750231,1.1585612077750231
1.7563118154190207,1.7563118154190207
0.6393874112091982,0.6393874112091982
-1.153793392135573,-1.153793392135573
-0.3917084926815903,-0.3917084926815903
1.3548259874348052,1.3548259874348052
-2.7053872048909406,-2.7053872048909406
1.2642972187479893,1.2642972187479893
1.8880934543253243,1.8880934543253243
-0.8476785723175008,-0.8476785723175008
