,theta_x,theta_y
0,3.141592653589793,3.141592653589793
1,-2.730511925439422,-2.730511925439422
2,-3.0234695074307063,-3.0234695074307063
3,-3.141592653589793,-3.141592653589793
4,2.628023521058391,2.628023521058391
5,2.738602205463671,2.738602205463671
6,2.412571406849524,2.412571406849524
7,2.5052776850449443,2.5052776850449443
8,2.087380874115126,2.087380874115126
9,2.6390125177035024,2.6390125177035024
