theta_x,theta_y
0.12336179712312771,0.12336179712312771
-1.0765636002952204,-1.0765636002952204
-0.9736149726648409,-0.9736149726648409
-0.8809346121183714,-0.8809346121183714
3.141592653589793,3.141592653589793
0.5920096442348026,0.5920096442348026
