theta_x,theta_y
-0.30972878733148623,-0.30972878733148623
0.4533950779368082,0.4533950779368082
-0.34281671126082913,-0.34281671126082913
0.9750714296051916,0.9750714296051916
