theta_x,theta_y
-1.141424074133656,-1.141424074133656
-1.5302370110522663,-1.5302370110522663
2.5673519437355923,2.5673519437355923
-3.0396251923590154,-3.0396251923590154
1.4487802700964487,1.4487802700964487
1.474464509074289,1.474464509074289
