,theta_x,theta_y
0,-0.8045513491341408,-0.8045513491341408
1,0.3967969719736303,0.3967969719736303
2,-1.3474018921818802,-1.3474018921818802
