,theta_x,theta_y
0,0.01804433606149891,0.01804433606149891
1,-2.05550003736362,-2.05550003736362
2,1.7001807502919255,1.7001807502919255
3,-3.141592653589793,-3.141592653589793
