,theta_x,theta_y
0,1.2872162740584696,1.2872162740584696
1,-1.0197462883811534,-1.0197462883811534
2,-1.227373023728255,-1.227373023728255
3,0.7922696341693168,0.7922696341693168
4,2.7747136509499732,2.7747136509499732
5,2.9913412501595253,2.9913412501595253
6,2.7619996329328647,2.7619996329328647
7,2.4659625956975972,2.4659625956975972
8,-3.141592653589793,-3.141592653589793
