,theta_x,theta_y
0,-0.33538161263382277,-0.33538161263382277
1,-2.1549878177079598,-2.1549878177079598
2,-1.5276442093453295,-1.5276442093453295
3,0.019256316924412417,0.019256316924412417
4,2.7565520079021426,2.7565520079021426
5,1.5909495491903058,1.5909495491903058
6,2.4660139546274316,2.4660139546274316
7,-1.1208925754413925,-1.1208925754413925
