,theta_x,theta_y
0,0.3609036970382997,0.3609036970382997
1,-1.2721230311876865,-1.2721230311876865
2,-1.5105580868202788,-1.5105580868202788
3,-0.4921333670649731,-0.4921333670649731
4,3.0971475549297787,3.0971475549297787
5,-0.05920638229141956,-0.05920638229141956
