theta_x,theta_y
0.3609036970382997,0.3609036970382997
-1.2721230311876865,-1.2721230311876865
-1.5105580868202788,-1.5105580868202788
-0.4921333670649731,-0.4921333670649731
3.0971475549297787,3.0971475549297787
-0.05920638229141956,-0.05920638229141956
