,theta_x,theta_y
0,-1.6982774828936225,-1.6982774828936225
1,3.141592653589793,3.141592653589793
2,-1.7571852226313383,-1.7571852226313383
3,3.141592653589793,3.141592653589793
4,3.141592653589793,3.141592653589793
