,theta_x,theta_y
0,-1.2534375808522344,-1.2534375808522344
1,-1.7680988634257448,-1.7680988634257448
2,1.9727209644884809,1.9727209644884809
3,-3.1402479775688508,-3.1402479775688508
4,1.6979397262837446,1.6979397262837446
5,0.9528523981175926,0.9528523981175926
6,-2.111268364858729,-2.111268364858729
7,-3.141592653589793,-3.141592653589793
8,0.08951882578823739,0.08951882578823739
9,0.8635639073087642,0.8635639073087642
