theta_x,theta_y
1.602949187794792,1.602949187794792
2.8114069937355572,2.8114069937355572
-3.141592653589793,-3.141592653589793
2.028071676653225,2.028071676653225
-3.141592653589793,-3.141592653589793
-3.141592653589793,-3.141592653589793
1.9753507000506012,1.9753507000506012
