,theta_x,theta_y
0,1.602949187794792,1.602949187794792
1,2.8114069937355572,2.8114069937355572
2,-3.141592653589793,-3.141592653589793
3,2.028071676653225,2.028071676653225
4,-3.141592653589793,-3.141592653589793
5,-3.141592653589793,-3.141592653589793
6,1.9753507000506012,1.9753507000506012
