,theta_x,theta_y
0,-1.1673467343656767,-1.1673467343656767
1,0.5454301504916781,0.5454301504916781
