theta_x,theta_y
-3.0784722057019693,-3.0784722057019693
0.17007635295066603,0.17007635295066603
0.7262481871013585,0.7262481871013585
0.8882328141930504,0.8882328141930504
-2.8032324858915922,-2.8032324858915922
1.1482751015822357,1.1482751015822357
