,theta_x,theta_y
0,-1.6269361717963366,-1.6269361717963366
1,3.141592653589793,3.141592653589793
2,-1.8747280167146565,-1.8747280167146565
3,2.8230883290122786,2.8230883290122786
