,theta_x,theta_y
0,-0.2797897560699781,-0.2797897560699781
1,-0.3133441150354974,-0.3133441150354974
2,-0.2665721889551149,-0.2665721889551149
3,-0.3049242684245155,-0.3049242684245155
4,-0.30160738049938557,-0.30160738049938557
5,-0.30868887167193026,-0.30868887167193026
6,-0.33625572769366113,-0.33625572769366113
7,-0.33522244655430417,-0.33522244655430417
