,theta_x,theta_y
0,1.106824015045374,1.106824015045374
1,-0.7583643118377696,-0.7583643118377696
2,2.609430197262273,2.609430197262273
