,theta_x,theta_y
0,2.8088011374007156,2.8088011374007156
1,-0.9877061421553445,-0.9877061421553445
2,0.26846261040414654,0.26846261040414654
3,2.2224609193876446,2.2224609193876446
4,0.6494843882499404,0.6494843882499404
