,theta_x,theta_y
0,1.355251977858955,1.355251977858955
1,2.2756486911057814,2.2756486911057814
2,-0.10424918129041351,-0.10424918129041351
3,-1.654233242981384,-1.654233242981384
4,-2.3317611272236736,-2.3317611272236736
