theta_x,theta_y
1.355251977858955,1.355251977858955
2.2756486911057814,2.2756486911057814
-0.10424918129041351,-0.10424918129041351
-1.654233242981384,-1.654233242981384
-2.3317611272236736,-2.3317611272236736
