,theta_x,theta_y
0,0.7207843667659227,0.7207843667659227
1,3.141592653589793,3.141592653589793
2,0.03654544013235858,0.03654544013235858
3,-0.6516407047292824,-0.6516407047292824
4,-2.578014867158477,-2.578014867158477
