theta_x,theta_y
-0.20604033367245925,-0.20604033367245925
-1.6993690784860156,-1.6993690784860156
3.141592653589793,3.141592653589793
-3.141592653589793,-3.141592653589793
2.006836833339334,2.006836833339334
1.732731903101602,1.732731903101602
