theta_x,theta_y
-3.141592653589793,-3.141592653589793
2.183719914482575,2.183719914482575
-3.141592653589793,-3.141592653589793
-1.0761136669546416,-1.0761136669546416
