theta_x,theta_y
3.141592653589793,3.141592653589793
2.452577373864323,2.452577373864323
-0.5598464497364486,-0.5598464497364486
-0.6146072366671724,-0.6146072366671724
-1.1958573305749454,-1.1958573305749454
-2.0307878487887048,-2.0307878487887048
