,theta_x,theta_y
0,-3.141592653589793,-3.141592653589793
1,-0.15679161657332127,-0.15679161657332127
2,1.500528629178287,1.500528629178287
3,0.7236691127874235,0.7236691127874235
4,-2.7452903428485813,-2.7452903428485813
5,0.5079372810256195,0.5079372810256195
6,0.1458453264675218,0.1458453264675218
7,-1.054798946190061,-1.054798946190061
