theta_x,theta_y
-2.075145570241069,-2.075145570241069
3.141592653589793,3.141592653589793
2.9095959837029177,2.9095959837029177
-0.24150534162858395,-0.24150534162858395
-2.8560174242883285,-2.8560174242883285
2.449073471495822,2.449073471495822
