,theta_x,theta_y
0,-3.108363931567998,-3.108363931567998
1,-3.141592653589793,-3.141592653589793
2,-3.141592653589793,-3.141592653589793
