,theta_x,theta_y
0,-0.0019185516496080524,-0.0019185516496080524
1,-0.4382227323873811,-0.4382227323873811
2,1.4417597080203866,1.4417597080203866
3,0.47343522773996893,0.47343522773996893
