,theta_x,theta_y
0,-3.141592653589793,-3.141592653589793
1,-2.545966320009793,-2.545966320009793
2,-3.141592653589793,-3.141592653589793
3,-3.141592653589793,-3.141592653589793
