theta_x,theta_y
2.7501855066500336,2.7501855066500336
0.8263777902854262,0.8263777902854262
1.615106601095841,1.615106601095841
0.9013431524778345,0.9013431524778345
