theta_x,theta_y
2.948284818987776,2.948284818987776
1.7214199667577539,1.7214199667577539
-3.141592653589793,-3.141592653589793
-2.1925789111879466,-2.1925789111879466
3.141592653589793,3.141592653589793
