theta_x,theta_y
-2.324182893700035,-2.324182893700035
-1.688587594865787,-1.688587594865787
1.9898351432820254,1.9898351432820254
-3.141592653589793,-3.141592653589793
1.099677279234624,1.099677279234624
1.9199335019188415,1.9199335019188415
-3.141592653589793,-3.141592653589793
-2.9511309535876102,-2.9511309535876102
