,theta_x,theta_y
0,2.245286704750818,2.245286704750818
1,0.5745286840158599,0.5745286840158599
2,2.1801146976396115,2.1801146976396115
3,-3.141592653589793,-3.141592653589793
4,0.7663939960035385,0.7663939960035385
5,0.016206183096193556,0.016206183096193556
6,0.930013147541306,0.930013147541306
7,-1.5631581704275455,-1.5631581704275455
