,theta_x,theta_y
0,0.38392544468997314,0.38392544468997314
1,0.43878542663852355,0.43878542663852355
2,-2.9276447332244473,-2.9276447332244473
3,3.141592653589793,3.141592653589793
4,0.4153230041945033,0.4153230041945033
5,-0.3004776166536689,-0.3004776166536689
