,theta_x,theta_y
0,-0.6423997226921336,-0.6423997226921336
1,-1.428620769501269,-1.428620769501269
2,-1.761159292963677,-1.761159292963677
3,-1.8771105661231926,-1.8771105661231926
4,3.141592653589793,3.141592653589793
5,-1.3942537281979794,-1.3942537281979794
6,-1.2891008371483876,-1.2891008371483876
