,theta_x,theta_y
0,2.0714158073160682,2.0714158073160682
1,-1.8873817133895032,-1.8873817133895032
2,1.2993623775710101,1.2993623775710101
3,1.3968052149262968,1.3968052149262968
4,0.9782595854936345,0.9782595854936345
5,1.780347294277615,1.780347294277615
6,2.223466521334508,2.223466521334508
7,2.8960949507994673,2.8960949507994673
