,theta_x,theta_y
0,1.602663725241682,1.602663725241682
1,-1.6839963614379454,-1.6839963614379454
2,1.5658886511982488,1.5658886511982488
3,1.3811736598540592,1.3811736598540592
4,1.318649775273193,1.318649775273193
5,1.3610818289859785,1.3610818289859785
