,theta_x,theta_y
0,1.6396411616199167,1.6396411616199167
1,-2.325685438934588,-2.325685438934588
2,-3.141592653589793,-3.141592653589793
3,-3.141592653589793,-3.141592653589793
4,3.141592653589793,3.141592653589793
