theta_x,theta_y
2.4924951220843137,2.4924951220843137
0.7105605010430002,0.7105605010430002
0.6056993203449977,0.6056993203449977
0.17605258388005035,0.17605258388005035
3.0171645515150884,3.0171645515150884
1.7065315858186783,1.7065315858186783
1.0140613546581752,1.0140613546581752
-0.0012342558278813365,-0.0012342558278813365
