,theta_x,theta_y
0,2.7492755564586413,2.7492755564586413
1,-0.42067420890832624,-0.42067420890832624
2,2.650900042648472,2.650900042648472
3,-3.141592653589793,-3.141592653589793
4,1.6820105661220346,1.6820105661220346
5,-0.5885416640617742,-0.5885416640617742
6,1.2302782988969787,1.2302782988969787
