theta_x,theta_y
-0.3168543171246032,-0.3168543171246032
-0.24363098511522097,-0.24363098511522097
-0.3590193140191983,-0.3590193140191983
-0.31615483839144953,-0.31615483839144953
-0.41605304507056295,-0.41605304507056295
-0.30773743416588584,-0.30773743416588584
-0.4770362954360454,-0.4770362954360454
-0.3596729224826272,-0.3596729224826272
-0.5776193997883893,-0.5776193997883893
-0.37467698894708323,-0.37467698894708323
