,theta_x,theta_y
0,1.3275057962508632,1.3275057962508632
1,1.3254608148298601,1.3254608148298601
2,-3.141592653589793,-3.141592653589793
3,-3.141592653589793,-3.141592653589793
4,1.3370329631473423,1.3370329631473423
5,1.3594666827193609,1.3594666827193609
6,1.382261670884019,1.382261670884019
7,1.4049188831316286,1.4049188831316286
8,1.4278533059947829,1.4278533059947829
9,1.4504550597476427,1.4504550597476427
