,theta_x,theta_y
0,2.0216267101794823,2.0216267101794823
1,1.559975099265207,1.559975099265207
2,-0.4370231443707613,-0.4370231443707613
3,-1.0941359131483182,-1.0941359131483182
4,-2.166338716256247,-2.166338716256247
5,-1.2979496109850372,-1.2979496109850372
