theta_x,theta_y
-3.141592653589793,-3.141592653589793
-0.38255354998318114,-0.38255354998318114
0.5900938516138515,0.5900938516138515
