,theta_x,theta_y
0,0.6957694702792193,0.6957694702792193
1,-1.3549918980962279,-1.3549918980962279
2,-2.929332582282015,-2.929332582282015
3,-3.141592653589793,-3.141592653589793
4,1.7444161430396512,1.7444161430396512
5,1.9774479876869917,1.9774479876869917
6,0.7524317613726721,0.7524317613726721
7,0.9135588472270785,0.9135588472270785
8,0.21859647295714552,0.21859647295714552
