,theta_x,theta_y
0,2.3353302017784445,2.3353302017784445
1,-3.141592653589793,-3.141592653589793
2,-3.141592653589793,-3.141592653589793
3,-3.141592653589793,-3.141592653589793
4,2.373346410541146,2.373346410541146
5,2.2102461197487266,2.2102461197487266
6,2.2465874173728997,2.2465874173728997
