,theta_x,theta_y
0,0.7406376143172897,0.7406376143172897
1,-1.4376450042133433,-1.4376450042133433
2,-2.8241320793534257,-2.8241320793534257
3,-3.0813104433942975,-3.0813104433942975
4,1.9117364737679408,1.9117364737679408
5,2.4637572661996368,2.4637572661996368
6,0.8241747939651045,0.8241747939651045
7,1.460004383776621,1.460004383776621
8,0.32736866839624895,0.32736866839624895
