,theta_x,theta_y
0,-0.7629689514526853,-0.7629689514526853
1,3.141592653589793,3.141592653589793
