,theta_x,theta_y
0,2.3034481424422015,2.3034481424422015
1,-1.5291090478875238,-1.5291090478875238
2,-0.14783878459221675,-0.14783878459221675
3,1.7856487963360217,1.7856487963360217
4,0.3948898243718384,0.3948898243718384
5,3.0621091304912023,3.0621091304912023
6,1.3710432362233442,1.3710432362233442
7,1.8339348768034276,1.8339348768034276
8,-2.411625972488201,-2.411625972488201
9,-0.32408236942146734,-0.32408236942146734
