,theta_x,theta_y
0,1.5433638425651868,1.5433638425651868
1,1.4455537313244007,1.4455537313244007
2,0.17840389321545924,0.17840389321545924
3,-3.058411404872492,-3.058411404872492
4,1.5190807819525156,1.5190807819525156
5,-0.08415445321359334,-0.08415445321359334
6,-0.05664244329325134,-0.05664244329325134
7,-0.8955047008813186,-0.8955047008813186
