theta_x,theta_y
-0.920099803865537,-0.920099803865537
3.141592653589793,3.141592653589793
-0.9396681944340941,-0.9396681944340941
3.141592653589793,3.141592653589793
3.141592653589793,3.141592653589793
-0.8932306557698617,-0.8932306557698617
-1.0057867592151388,-1.0057867592151388
-1.1316530439215535,-1.1316530439215535
-1.145202981802358,-1.145202981802358
-1.3019379402986977,-1.3019379402986977
