theta_x,theta_y
0.34621242081488657,0.34621242081488657
0.9631456925068833,0.9631456925068833
