,theta_x,theta_y
0,-1.969474730055206,-1.969474730055206
1,-1.8818250799926304,-1.8818250799926304
2,-0.7843564832059674,-0.7843564832059674
3,0.2881516927400715,0.2881516927400715
4,1.3275061688228391,1.3275061688228391
