,theta_x,theta_y
0,-3.141592653589793,-3.141592653589793
1,0.7476953235306544,0.7476953235306544
2,0.6375538915448999,0.6375538915448999
3,0.6296731953048966,0.6296731953048966
4,-3.141592653589793,-3.141592653589793
