theta_x,theta_y
0.6074588051771428,0.6074588051771428
-0.0499242619753668,-0.0499242619753668
0.44177795973942247,0.44177795973942247
-1.7745408875842252,-1.7745408875842252
0.580301727497233,0.580301727497233
