theta_x,theta_y
-3.141592653589793,-3.141592653589793
2.173531854369328,2.173531854369328
-3.141592653589793,-3.141592653589793
2.5016578433264605,2.5016578433264605
3.093076215712262,3.093076215712262
