theta_x,theta_y
0.2168428374653606,0.2168428374653606
3.055255649423222,3.055255649423222
1.4538892009676458,1.4538892009676458
