theta_x,theta_y
0.5100978616586668,0.5100978616586668
-0.8746285543002301,-0.8746285543002301
-1.1393277031516693,-1.1393277031516693
-1.2574513361780404,-1.2574513361780404
3.141592653589793,3.141592653589793
0.6591185497322478,0.6591185497322478
1.0704688187202176,1.0704688187202176
-1.4761781114107244,-1.4761781114107244
