theta_x,theta_y
2.9536946600756893,2.9536946600756893
-0.943581100950823,-0.943581100950823
-0.011593289457918463,-0.011593289457918463
1.9839723287948086,1.9839723287948086
0.8439409514958106,0.8439409514958106
3.141592653589793,3.141592653589793
2.868329651066454,2.868329651066454
2.9833515581254635,2.9833515581254635
-2.272077105176012,-2.272077105176012
