theta_x,theta_y
2.425081514896864,2.425081514896864
3.1146960987678747,3.1146960987678747
1.1301784095823888,1.1301784095823888
0.3474264782151827,0.3474264782151827
-1.581415913210596,-1.581415913210596
3.0380600100700335,3.0380600100700335
-3.141592653589793,-3.141592653589793
1.8317525019188081,1.8317525019188081
2.469289528367599,2.469289528367599
