theta_x,theta_y
-1.832109493181073,-1.832109493181073
-2.3629406347192177,-2.3629406347192177
-1.9155511150743356,-1.9155511150743356
-0.4205558821020289,-0.4205558821020289
2.2015434871725015,2.2015434871725015
-0.3497009583406979,-0.3497009583406979
0.9161824528737366,0.9161824528737366
1.2059870475020185,1.2059870475020185
