,theta_x,theta_y
0,-1.832109493181073,-1.832109493181073
1,-2.3629406347192177,-2.3629406347192177
2,-1.9155511150743356,-1.9155511150743356
3,-0.4205558821020289,-0.4205558821020289
4,2.2015434871725015,2.2015434871725015
5,-0.3497009583406979,-0.3497009583406979
6,0.9161824528737366,0.9161824528737366
7,1.2059870475020185,1.2059870475020185
