,theta_x,theta_y
0,1.0650925072232194,1.0650925072232194
1,-1.9729304157178849,-1.9729304157178849
2,-1.5843378152767738,-1.5843378152767738
