theta_x,theta_y
-0.867250270101316,-0.867250270101316
-1.647150034078773,-1.647150034078773
2.795723065470023,2.795723065470023
-2.21522429904029,-2.21522429904029
1.0270344718601656,1.0270344718601656
1.5192042622616608,1.5192042622616608
-1.1425426231574407,-1.1425426231574407
-2.387765190930461,-2.387765190930461
-2.073977326705081,-2.073977326705081
