,theta_x,theta_y
0,-2.6033963016058532,-2.6033963016058532
1,2.7220051631309383,2.7220051631309383
2,-2.24935994595339,-2.24935994595339
3,2.6987033426019336,2.6987033426019336
4,3.097464578400255,3.097464578400255
5,-1.7912765057811524,-1.7912765057811524
