theta_x,theta_y
0.3671373122118899,0.3671373122118899
-1.7416523354177473,-1.7416523354177473
-0.471627326290441,-0.471627326290441
-0.24856521520206032,-0.24856521520206032
