,theta_x,theta_y
0,-1.1052118924932515,-1.1052118924932515
1,-0.9228833923833043,-0.9228833923833043
2,-0.5310901410839105,-0.5310901410839105
3,-3.141592653589793,-3.141592653589793
