,theta_x,theta_y
0,-1.7884716997081656,-1.7884716997081656
1,-2.571965526971765,-2.571965526971765
2,2.8386648875228926,2.8386648875228926
3,-1.4207845414870208,-1.4207845414870208
4,-2.1159855776564167,-2.1159855776564167
5,-2.3628567992507477,-2.3628567992507477
