,theta_x,theta_y
0,2.2499296219012774,2.2499296219012774
1,0.23616732375373728,0.23616732375373728
2,2.4705762368131636,2.4705762368131636
3,-2.697821513443177,-2.697821513443177
4,0.5797096539900893,0.5797096539900893
5,-0.2820234605199288,-0.2820234605199288
