theta_x,theta_y
1.2857978051510057,1.2857978051510057
0.6961750356337523,0.6961750356337523
1.24422397419896,1.24422397419896
0.19798453525823523,0.19798453525823523
-2.260841234734895,-2.260841234734895
1.4150438924683844,1.4150438924683844
0.8508391804676827,0.8508391804676827
-2.7045345622927006,-2.7045345622927006
-3.141592653589793,-3.141592653589793
0.0987345356346815,0.0987345356346815
