,theta_x,theta_y
0,0.456448020285705,0.456448020285705
1,-1.1238409199061496,-1.1238409199061496
2,-2.4080266268933777,-2.4080266268933777
3,-2.8885670389755584,-2.8885670389755584
4,1.830122580960541,1.830122580960541
5,2.1649337817146947,2.1649337817146947
6,0.6369600981447673,0.6369600981447673
7,1.0904412297714825,1.0904412297714825
8,0.4728189838611032,0.4728189838611032
9,2.05135572470723,2.05135572470723
