theta_x,theta_y
-3.011645320409436,-3.011645320409436
1.2475455686324655,1.2475455686324655
-3.141592653589793,-3.141592653589793
