,theta_x,theta_y
0,2.6858074243878685,2.6858074243878685
1,0.713427556403854,0.713427556403854
2,2.4204843258760325,2.4204843258760325
3,-3.141592653589793,-3.141592653589793
4,0.7937623276849898,0.7937623276849898
5,-0.2275952573990298,-0.2275952573990298
6,1.5860360699362,1.5860360699362
7,-2.8058281671142944,-2.8058281671142944
