,theta_x,theta_y
0,0.4436168896541437,0.4436168896541437
1,1.4523071214674095,1.4523071214674095
2,-0.3891728704046231,-0.3891728704046231
3,-1.2509416547515833,-1.2509416547515833
4,-3.1108821823260673,-3.1108821823260673
