,theta_x,theta_y
0,-0.3145663906336237,-0.3145663906336237
1,-0.6089243079540362,-0.6089243079540362
2,-0.6351861821813599,-0.6351861821813599
3,-1.318475838027223,-1.318475838027223
4,3.141592653589793,3.141592653589793
