,theta_x,theta_y
0,-0.0775899941069383,-0.0775899941069383
1,-0.533349932863905,-0.533349932863905
2,-0.9891762790716452,-0.9891762790716452
3,-1.0955238760791868,-1.0955238760791868
4,3.0953183317565873,3.0953183317565873
