,theta_x,theta_y
0,-3.141592653589793,-3.141592653589793
1,0.9374289796439821,0.9374289796439821
2,0.9410634196773404,0.9410634196773404
3,0.9243246630626807,0.9243246630626807
4,-3.141592653589793,-3.141592653589793
