,theta_x,theta_y
0,-0.6640011087256548,-0.6640011087256548
1,3.141592653589793,3.141592653589793
2,0.30895381382304415,0.30895381382304415
