theta_x,theta_y
2.5968928910128963,2.5968928910128963
-1.1364502051864447,-1.1364502051864447
1.3895862100795247,1.3895862100795247
1.4662652882630405,1.4662652882630405
0.624454819913091,0.624454819913091
1.5094256382385876,1.5094256382385876
