,theta_x,theta_y
0,-1.0632229552992203,-1.0632229552992203
1,1.8807773044722367,1.8807773044722367
2,-1.349158508624651,-1.349158508624651
3,1.7633872188853326,1.7633872188853326
