,theta_x,theta_y
0,-3.141592653589793,-3.141592653589793
1,2.09306426190644,2.09306426190644
2,-1.896856243685853,-1.896856243685853
3,3.141592653589793,3.141592653589793
