,theta_x,theta_y
0,2.4150296151729753,2.4150296151729753
1,0.40991153543377956,0.40991153543377956
2,2.6104447137323223,2.6104447137323223
3,-2.305487427216992,-2.305487427216992
