,theta_x,theta_y
0,-3.141592653589793,-3.141592653589793
1,-3.141592653589793,-3.141592653589793
2,-3.141592653589793,-3.141592653589793
3,-3.141592653589793,-3.141592653589793
4,3.141592653589793,3.141592653589793
5,0.9023638697459534,0.9023638697459534
6,3.141592653589793,3.141592653589793
7,-2.5551468245481668,-2.5551468245481668
8,3.141592653589793,3.141592653589793
9,-2.7483433004483815,-2.7483433004483815
