theta_x,theta_y
0.996740126023772,0.996740126023772
0.9877404621662769,0.9877404621662769
-3.141592653589793,-3.141592653589793
0.9575526026256304,0.9575526026256304
0.9665211030300043,0.9665211030300043
0.9751433420556693,0.9751433420556693
0.9834838011731748,0.9834838011731748
