,theta_x,theta_y
0,-3.141592653589793,-3.141592653589793
1,-3.141592653589793,-3.141592653589793
2,3.0611353471444023,3.0611353471444023
3,-2.94442940163376,-2.94442940163376
