theta_x,theta_y
-0.7735764104877766,-0.7735764104877766
3.141592653589793,3.141592653589793
-0.7332166213222251,-0.7332166213222251
3.141592653589793,3.141592653589793
-1.809820570986997,-1.809820570986997
