theta_x,theta_y
-0.44550305973480353,-0.44550305973480353
-0.3459168255909396,-0.3459168255909396
