,theta_x,theta_y
0,1.6379118715020964,1.6379118715020964
1,-1.6554251217093454,-1.6554251217093454
2,-2.889734725386966,-2.889734725386966
3,-3.1345110335555098,-3.1345110335555098
4,2.4182806258656973,2.4182806258656973
5,2.6047097891429236,2.6047097891429236
6,1.4027056340943507,1.4027056340943507
7,1.8535362138341425,1.8535362138341425
