,theta_x,theta_y
0,0.5003632146359749,0.5003632146359749
1,2.6311396446466837,2.6311396446466837
2,-2.8457603704170085,-2.8457603704170085
3,2.27695628977725,2.27695628977725
4,-1.0415776507957257,-1.0415776507957257
5,0.09368489895047191,0.09368489895047191
6,1.961030974495194,1.961030974495194
7,-0.2179431681662619,-0.2179431681662619
8,0.39896102106659814,0.39896102106659814
9,-2.962706648483139,-2.962706648483139
