,theta_x,theta_y
0,-2.2682830979637925,-2.2682830979637925
1,3.141592653589793,3.141592653589793
