,theta_x,theta_y
0,-2.603443065020804,-2.603443065020804
