,theta_x,theta_y
0,1.217428738129721,1.217428738129721
