,theta_x,theta_y
0,-1.2358130867525476,-1.2358130867525476
1,3.1398512847056788,3.1398512847056788
2,-1.2946646749274782,-1.2946646749274782
3,1.9568662764794125,1.9568662764794125
4,2.437728486182092,2.437728486182092
5,-0.8186328865524714,-0.8186328865524714
6,-0.5326889920090485,-0.5326889920090485
7,-0.9350674655138258,-0.9350674655138258
8,-2.4246201912315613,-2.4246201912315613
9,-0.21766712879152583,-0.21766712879152583
