,theta_x,theta_y
0,0.3576083824904228,0.3576083824904228
1,-1.8896569904964715,-1.8896569904964715
2,1.5211674822680274,1.5211674822680274
3,-3.141592653589793,-3.141592653589793
4,0.728818836363021,0.728818836363021
5,-0.1591123562769256,-0.1591123562769256
6,-0.377856840283735,-0.377856840283735
7,-3.071780696199053,-3.071780696199053
