,theta_x,theta_y
0,0.229085543412928,0.229085543412928
1,0.05377495677494934,0.05377495677494934
2,1.1647717715024735,1.1647717715024735
3,-0.94717641072972,-0.94717641072972
4,-2.562194685817183,-2.562194685817183
5,0.3083320364844967,0.3083320364844967
