theta_x,theta_y
0.6354647425197423,0.6354647425197423
1.6642186752753758,1.6642186752753758
-0.2810264705481338,-0.2810264705481338
0.38819881679050533,0.38819881679050533
0.02366895427452196,0.02366895427452196
