,theta_x,theta_y
0,1.5362255229558057,1.5362255229558057
1,1.3287173529076592,1.3287173529076592
2,-0.26426952367894213,-0.26426952367894213
3,-0.859439028584707,-0.859439028584707
4,-1.9767447236882123,-1.9767447236882123
5,-0.8808047913677803,-0.8808047913677803
6,-1.089152808869255,-1.089152808869255
7,-2.2816507400404884,-2.2816507400404884
8,-2.705866949265693,-2.705866949265693
9,2.8185326117374587,2.8185326117374587
