theta_x,theta_y
-1.3385261250495462,-1.3385261250495462
-1.5030093571138248,-1.5030093571138248
3.141592653589793,3.141592653589793
-1.11484807793419,-1.11484807793419
-1.3615829188127202,-1.3615829188127202
1.562773476843513,1.562773476843513
-1.3900934923417898,-1.3900934923417898
