,theta_x,theta_y
0,2.376181964412993,2.376181964412993
1,0.7929394035657232,0.7929394035657232
2,0.1651503180870672,0.1651503180870672
3,-0.9105171093314867,-0.9105171093314867
4,2.0028663426919526,2.0028663426919526
5,1.2602186489511522,1.2602186489511522
