,theta_x,theta_y
0,2.4133900539657023,2.4133900539657023
1,0.26707477154602055,0.26707477154602055
2,1.6235375823711358,1.6235375823711358
3,-3.141592653589793,-3.141592653589793
4,0.5711086490821535,0.5711086490821535
5,0.38439524811064835,0.38439524811064835
6,0.8139674805359626,0.8139674805359626
7,-3.141592653589793,-3.141592653589793
