,theta_x,theta_y
0,0.3763214636748176,0.3763214636748176
1,3.141592653589793,3.141592653589793
2,-2.96039263933589,-2.96039263933589
3,2.28732128478659,2.28732128478659
4,-3.1370535858333377,-3.1370535858333377
5,0.2579417131712202,0.2579417131712202
6,1.741976240165393,1.741976240165393
7,0.15559980783802582,0.15559980783802582
