theta_x,theta_y
3.141592653589793,3.141592653589793
0.15781432225885578,0.15781432225885578
0.8662237157054776,0.8662237157054776
2.093227309422529,2.093227309422529
0.5022523244652215,0.5022523244652215
3.141592653589793,3.141592653589793
