,theta_x,theta_y
0,1.252683835465332,1.252683835465332
1,1.234221935193715,1.234221935193715
2,-3.141592653589793,-3.141592653589793
3,-3.141592653589793,-3.141592653589793
4,1.0467015790527874,1.0467015790527874
5,1.4039393467352994,1.4039393467352994
6,1.287121235381495,1.287121235381495
