theta_x,theta_y
-1.6864303184186973,-1.6864303184186973
