,theta_x,theta_y
0,-1.8261399821535,-1.8261399821535
1,3.113553767332048,3.113553767332048
2,-0.069156917524131,-0.069156917524131
3,-0.4326061010793517,-0.4326061010793517
4,-1.7015469534010355,-1.7015469534010355
5,3.141592653589793,3.141592653589793
6,1.6792062039843823,1.6792062039843823
