theta_x,theta_y
2.304606302448766,2.304606302448766
-0.0607758819409754,-0.0607758819409754
-0.8092997149866273,-0.8092997149866273
-0.5359890817208466,-0.5359890817208466
-0.04476740031708609,-0.04476740031708609
-0.39270792448490444,-0.39270792448490444
-3.141592653589793,-3.141592653589793
-0.5284752106098074,-0.5284752106098074
