,theta_x,theta_y
0,1.8529056975480025,1.8529056975480025
1,1.1195085311767352,1.1195085311767352
2,-3.141592653589793,-3.141592653589793
3,1.2566019162747823,1.2566019162747823
4,-3.141592653589793,-3.141592653589793
5,1.4144652806148275,1.4144652806148275
6,1.723990924760749,1.723990924760749
7,2.0147381416794357,2.0147381416794357
