,theta_x,theta_y
0,-0.8636622422498261,-0.8636622422498261
1,3.141592653589793,3.141592653589793
2,1.7725891193358148,1.7725891193358148
3,-0.7098976449354801,-0.7098976449354801
4,-1.1265745630921509,-1.1265745630921509
5,3.141592653589793,3.141592653589793
6,-0.7674349158141726,-0.7674349158141726
7,3.141592653589793,3.141592653589793
8,2.035901766893529,2.035901766893529
9,-0.7649526757938053,-0.7649526757938053
