,theta_x,theta_y
0,1.2640880222319886,1.2640880222319886
1,0.5033340225633889,0.5033340225633889
2,-0.23752566015534335,-0.23752566015534335
3,-0.786029895244048,-0.786029895244048
4,-1.8314759916845667,-1.8314759916845667
5,-1.4757757931909186,-1.4757757931909186
6,-1.8919483558828185,-1.8919483558828185
7,-2.550568108795042,-2.550568108795042
8,-2.8245818132171308,-2.8245818132171308
