,theta_x,theta_y
0,0.6400191564986664,0.6400191564986664
1,0.3194152182507235,0.3194152182507235
2,-1.151637157901753,-1.151637157901753
3,-2.9097427481772393,-2.9097427481772393
4,2.9115955239846434,2.9115955239846434
5,0.694088652787876,0.694088652787876
6,-0.10381271704403677,-0.10381271704403677
7,-2.0851839142483737,-2.0851839142483737
