,theta_x,theta_y
0,0.08657610281201122,0.08657610281201122
1,-0.6729313713119635,-0.6729313713119635
2,-1.14453518319347,-1.14453518319347
3,-1.5681077238826007,-1.5681077238826007
4,3.141592653589793,3.141592653589793
5,3.141592653589793,3.141592653589793
6,-1.0295442957978014,-1.0295442957978014
7,3.0747711225553793,3.0747711225553793
