,theta_x,theta_y
0,-3.141592653589793,-3.141592653589793
1,0.8025720045209714,0.8025720045209714
2,0.24842595262046457,0.24842595262046457
3,0.9746014136333561,0.9746014136333561
4,-3.141592653589793,-3.141592653589793
