theta_x,theta_y
0.13278234594107127,0.13278234594107127
3.141592653589793,3.141592653589793
-3.141592653589793,-3.141592653589793
3.141592653589793,3.141592653589793
