theta_x,theta_y
2.38534995300059,2.38534995300059
0.6207740415243652,0.6207740415243652
2.3233575095474044,2.3233575095474044
-2.492160588364039,-2.492160588364039
0.6262868629426412,0.6262868629426412
0.23116673999645704,0.23116673999645704
