,theta_x,theta_y
0,0.4299188543415893,0.4299188543415893
1,1.3391651147605557,1.3391651147605557
