,theta_x,theta_y
0,0.27905587907302304,0.27905587907302304
1,-0.47019748244013776,-0.47019748244013776
2,-3.141592653589793,-3.141592653589793
3,-3.141592653589793,-3.141592653589793
