,theta_x,theta_y
0,-2.96839453104987,-2.96839453104987
1,-1.734823628423554,-1.734823628423554
2,2.0444454958427576,2.0444454958427576
3,0.8831134894457624,0.8831134894457624
4,-2.8500608518098174,-2.8500608518098174
5,-0.23114716575071145,-0.23114716575071145
6,0.22557442286927598,0.22557442286927598
7,-2.4608545891494877,-2.4608545891494877
8,1.7252262641039087,1.7252262641039087
