theta_x,theta_y
2.06081527323716,2.06081527323716
1.7016927637968446,1.7016927637968446
1.066992764517023,1.066992764517023
-3.141592653589793,-3.141592653589793
