,theta_x,theta_y
0,0.6926049231335195,0.6926049231335195
1,2.376082267284466,2.376082267284466
