theta_x,theta_y
-0.3283462312508246,-0.3283462312508246
3.035627016307947,3.035627016307947
-0.47481528264244893,-0.47481528264244893
1.7540746956365945,1.7540746956365945
1.5636522019654233,1.5636522019654233
-0.08577044561445701,-0.08577044561445701
-0.1791283356085184,-0.1791283356085184
-0.5631507822968673,-0.5631507822968673
-1.7951303133342695,-1.7951303133342695
