,theta_x,theta_y
0,1.79356864901593,1.79356864901593
1,-0.06190667380844128,-0.06190667380844128
2,1.1506641436121783,1.1506641436121783
3,-1.5770944555389328,-1.5770944555389328
