theta_x,theta_y
1.79356864901593,1.79356864901593
-0.06190667380844128,-0.06190667380844128
1.1506641436121783,1.1506641436121783
-1.5770944555389328,-1.5770944555389328
