,theta_x,theta_y
0,0.625139425502423,0.625139425502423
