,theta_x,theta_y
0,1.6382954262098135,1.6382954262098135
1,1.2663624342468627,1.2663624342468627
2,0.8387464852527322,0.8387464852527322
3,0.3517509073659028,0.3517509073659028
4,-2.7303140984418395,-2.7303140984418395
5,0.3914185735984526,0.3914185735984526
6,-0.30550930253195907,-0.30550930253195907
7,-1.1225547254945973,-1.1225547254945973
8,-3.011327112982309,-3.011327112982309
9,0.9611397894107504,0.9611397894107504
