theta_x,theta_y
-0.6149019539024815,-0.6149019539024815
-0.5838960808278435,-0.5838960808278435
1.3092842492952188,1.3092842492952188
0.08812561316404696,0.08812561316404696
2.067846340810905,2.067846340810905
