,theta_x,theta_y
0,1.3842036053251012,1.3842036053251012
1,-0.548212647364182,-0.548212647364182
2,-0.18067776744547048,-0.18067776744547048
