,theta_x,theta_y
0,-3.0011835427817357,-3.0011835427817357
1,-3.064355262914381,-3.064355262914381
2,1.9001711172972529,1.9001711172972529
3,-0.34337472562864896,-0.34337472562864896
4,-3.141592653589793,-3.141592653589793
5,-0.70566307206269,-0.70566307206269
6,-2.693567427754945,-2.693567427754945
