,theta_x,theta_y
0,2.7576857301112363,2.7576857301112363
1,-0.4905696254079018,-0.4905696254079018
2,-1.0531598511707092,-1.0531598511707092
3,-0.23035499592224015,-0.23035499592224015
4,-1.234586969816222,-1.234586969816222
5,3.141592653589793,3.141592653589793
6,3.141592653589793,3.141592653589793
7,3.141592653589793,3.141592653589793
8,-0.13485658556646363,-0.13485658556646363
