,theta_x,theta_y
0,3.141592653589793,3.141592653589793
1,0.49293197301775504,0.49293197301775504
2,2.844535242755474,2.844535242755474
