,theta_x,theta_y
0,3.141592653589793,3.141592653589793
1,-3.141592653589793,-3.141592653589793
2,0.5895390899422752,0.5895390899422752
3,1.7868710450673362,1.7868710450673362
4,-0.3415816897483828,-0.3415816897483828
5,2.2241911982711695,2.2241911982711695
