,theta_x,theta_y
0,2.5900532496631117,2.5900532496631117
1,-2.1595322118587936,-2.1595322118587936
2,1.7458731961680747,1.7458731961680747
3,1.523417240696039,1.523417240696039
4,1.1590450692222434,1.1590450692222434
