,theta_x,theta_y
0,0.9935674105216847,0.9935674105216847
1,-0.8562698571549723,-0.8562698571549723
2,-1.0345929049942975,-1.0345929049942975
3,-1.3489012821864501,-1.3489012821864501
4,3.0450938156279093,3.0450938156279093
5,2.0228552864727005,2.0228552864727005
6,2.0504778970696114,2.0504778970696114
7,-1.32268516936704,-1.32268516936704
8,2.0304746929035042,2.0304746929035042
9,-2.9881622318385213,-2.9881622318385213
