theta_x,theta_y
-3.1310086474385357,-3.1310086474385357
-3.141592653589793,-3.141592653589793
1.545632244398723,1.545632244398723
-3.141592653589793,-3.141592653589793
1.3933107719299174,1.3933107719299174
1.571962255937132,1.571962255937132
-3.141592653589793,-3.141592653589793
-3.141592653589793,-3.141592653589793
-2.4934842366123187,-2.4934842366123187
-0.49217693527120066,-0.49217693527120066
