,theta_x,theta_y
0,2.951965446438034,2.951965446438034
1,1.5615745708200093,1.5615745708200093
2,2.4694424659889216,2.4694424659889216
3,0.25938309632812395,0.25938309632812395
4,-3.141592653589793,-3.141592653589793
5,-0.11591792622085031,-0.11591792622085031
6,0.79300152421945,0.79300152421945
7,-3.141592653589793,-3.141592653589793
8,-3.141592653589793,-3.141592653589793
