,theta_x,theta_y
0,-3.141592653589793,-3.141592653589793
1,0.9211097738837225,0.9211097738837225
