,theta_x,theta_y
0,2.2703049022321737,2.2703049022321737
1,-0.2761879461079837,-0.2761879461079837
2,-0.5560270714149868,-0.5560270714149868
3,0.2198426568732309,0.2198426568732309
4,1.8923952718165775,1.8923952718165775
5,3.141592653589793,3.141592653589793
6,3.0168216372481993,3.0168216372481993
7,1.8409020767609197,1.8409020767609197
