,theta_x,theta_y
0,0.2532803287410537,0.2532803287410537
1,0.22262503927178576,0.22262503927178576
2,0.3560566896059083,0.3560566896059083
3,0.024297232329733832,0.024297232329733832
