theta_x,theta_y
2.7778389116247775,2.7778389116247775
0.19317612988028846,0.19317612988028846
2.9709027686772576,2.9709027686772576
-2.7539616628573897,-2.7539616628573897
0.8212157976923048,0.8212157976923048
-0.6900488268612313,-0.6900488268612313
1.9360320707823913,1.9360320707823913
-2.07838057375807,-2.07838057375807
2.272523322950616,2.272523322950616
0.43344971692419415,0.43344971692419415
