,theta_x,theta_y
0,-0.5101176768980362,-0.5101176768980362
1,3.141592653589793,3.141592653589793
2,-2.5562184600560727,-2.5562184600560727
3,2.4978176507837633,2.4978176507837633
4,-3.141592653589793,-3.141592653589793
5,1.6614506133486122,1.6614506133486122
6,1.5041529341027056,1.5041529341027056
7,1.4012560044461977,1.4012560044461977
8,1.2603432514171016,1.2603432514171016
