,theta_x,theta_y
0,-0.05075109158391122,-0.05075109158391122
1,2.819632401330252,2.819632401330252
2,0.9483800359284041,0.9483800359284041
