,theta_x,theta_y
0,-1.0119974599068948,-1.0119974599068948
1,3.141592653589793,3.141592653589793
2,-3.141592653589793,-3.141592653589793
3,2.9098839311940132,2.9098839311940132
4,-1.8238193449124291,-1.8238193449124291
