,theta_x,theta_y
0,-1.162237880040248,-1.162237880040248
1,-2.356175498015233,-2.356175498015233
2,2.340765892917342,2.340765892917342
3,-3.141592653589793,-3.141592653589793
