theta_x,theta_y
1.088096248861533,1.088096248861533
3.085201186287233,3.085201186287233
0.6947101572743473,0.6947101572743473
1.7859852730894985,1.7859852730894985
0.4230989873515231,0.4230989873515231
-0.05100435558340259,-0.05100435558340259
