,theta_x,theta_y
0,-0.27011041497532173,-0.27011041497532173
