theta_x,theta_y
0.7587170927749117,0.7587170927749117
1.4291033633156693,1.4291033633156693
1.6979798378856668,1.6979798378856668
