theta_x,theta_y
-1.8650808272961756,-1.8650808272961756
-2.194441371533128,-2.194441371533128
2.4129236990469245,2.4129236990469245
1.7554915345684075,1.7554915345684075
-3.141592653589793,-3.141592653589793
1.5859583950543685,1.5859583950543685
0.9667353942639978,0.9667353942639978
-1.2125386838881245,-1.2125386838881245
1.686616720847695,1.686616720847695
