,theta_x,theta_y
0,0.08550711116853671,0.08550711116853671
1,-0.6419510621775765,-0.6419510621775765
2,-3.141592653589793,-3.141592653589793
3,-2.3325728330316724,-2.3325728330316724
