,theta_x,theta_y
0,1.7207394350418268,1.7207394350418268
1,1.8506678303105766,1.8506678303105766
2,0.21675766429409365,0.21675766429409365
3,-1.627782065732751,-1.627782065732751
