,theta_x,theta_y
0,1.0431755058516483,1.0431755058516483
1,0.9334083763666167,0.9334083763666167
2,-3.141592653589793,-3.141592653589793
