,theta_x,theta_y
0,-2.9733618088631673,-2.9733618088631673
1,-1.8627098535971365,-1.8627098535971365
2,1.9047593115695627,1.9047593115695627
3,1.0177378865829105,1.0177378865829105
4,-2.9587432820702544,-2.9587432820702544
5,-0.00959776736326217,-0.00959776736326217
6,0.3464653676153668,0.3464653676153668
7,-2.6155382545871033,-2.6155382545871033
8,1.6549742102672858,1.6549742102672858
9,-2.8729711747317213,-2.8729711747317213
