,theta_x,theta_y
0,-2.1663005675331775,-2.1663005675331775
