,theta_x,theta_y
0,-0.23461446427922597,-0.23461446427922597
1,2.998493031535998,2.998493031535998
2,-3.141592653589793,-3.141592653589793
3,1.8859992129144314,1.8859992129144314
4,-0.33749743133776156,-0.33749743133776156
