theta_x,theta_y
-0.9135325129608746,-0.9135325129608746
