,theta_x,theta_y
0,-2.818969030713399,-2.818969030713399
1,-3.141592653589793,-3.141592653589793
2,1.077492513200303,1.077492513200303
3,1.3847873357321299,1.3847873357321299
