,theta_x,theta_y
0,-1.641078159118642,-1.641078159118642
1,-3.0282174587739425,-3.0282174587739425
2,-0.42014305127499463,-0.42014305127499463
3,-1.2970663231958697,-1.2970663231958697
4,1.6126735629694402,1.6126735629694402
