theta_x,theta_y
-3.141592653589793,-3.141592653589793
-3.141592653589793,-3.141592653589793
1.3436353275767523,1.3436353275767523
1.5461676163931177,1.5461676163931177
-3.141592653589793,-3.141592653589793
1.8379541064407996,1.8379541064407996
2.0555551851767198,2.0555551851767198
-3.141592653589793,-3.141592653589793
2.0370279512403604,2.0370279512403604
