theta_x,theta_y
1.7794487912152332,1.7794487912152332
-0.4062832378909935,-0.4062832378909935
-0.18539286273603522,-0.18539286273603522
2.8459312516491293,2.8459312516491293
