,theta_x,theta_y
0,-3.141592653589793,-3.141592653589793
1,0.21357575281625255,0.21357575281625255
2,2.8272695952556295,2.8272695952556295
3,-3.141592653589793,-3.141592653589793
