theta_x,theta_y
0.36660731143303843,0.36660731143303843
-1.6859030317072041,-1.6859030317072041
-1.8303957064836627,-1.8303957064836627
-2.3992296975943828,-2.3992296975943828
2.43737489358954,2.43737489358954
1.590983309396427,1.590983309396427
