,theta_x,theta_y
0,-2.402091987632871,-2.402091987632871
1,1.6137356810719587,1.6137356810719587
2,-1.6172656570440092,-1.6172656570440092
3,1.7456574943292427,1.7456574943292427
4,0.8940825855708431,0.8940825855708431
5,1.1680392940948823,1.1680392940948823
6,-0.8844626564176044,-0.8844626564176044
