,theta_x,theta_y
0,-1.7000742150135326,-1.7000742150135326
1,-1.3974577670268664,-1.3974577670268664
2,-1.32248507237396,-1.32248507237396
3,1.8478232317787895,1.8478232317787895
