,theta_x,theta_y
0,-3.0760312010462627,-3.0760312010462627
1,-3.141592653589793,-3.141592653589793
2,3.1353467470017535,3.1353467470017535
3,0.3146891294299362,0.3146891294299362
4,-2.9914893412155537,-2.9914893412155537
