theta_x,theta_y
1.6248100664544014,1.6248100664544014
3.141592653589793,3.141592653589793
2.372298611347548,2.372298611347548
-1.583843564856094,-1.583843564856094
