,theta_x,theta_y
0,0.43021481758916097,0.43021481758916097
1,-0.17433451953630258,-0.17433451953630258
2,-1.648943957759984,-1.648943957759984
3,-2.8403553814401223,-2.8403553814401223
4,1.4051631049051487,1.4051631049051487
5,0.6505196327597564,0.6505196327597564
6,0.14902357563393442,0.14902357563393442
7,0.05539368732831704,0.05539368732831704
