,theta_x,theta_y
0,-2.6184298163244635,-2.6184298163244635
1,-1.6861793682712356,-1.6861793682712356
2,1.909497560501829,1.909497560501829
3,0.5312911981832078,0.5312911981832078
4,-2.57480589739757,-2.57480589739757
5,-0.4209117330489038,-0.4209117330489038
6,-0.1446332180574636,-0.1446332180574636
7,-2.1645102277733748,-2.1645102277733748
8,1.5074993689707579,1.5074993689707579
