,theta_x,theta_y
0,0.6897495025080951,0.6897495025080951
1,1.7633083077780665,1.7633083077780665
2,1.0573683000255607,1.0573683000255607
3,-1.0410847804224526,-1.0410847804224526
4,-0.7807230114796083,-0.7807230114796083
5,1.3893993815017933,1.3893993815017933
6,-3.141592653589793,-3.141592653589793
