,theta_x,theta_y
0,0.3159101641189567,0.3159101641189567
1,2.7803899459706347,2.7803899459706347
2,-2.826861422471718,-2.826861422471718
3,2.355784868542011,2.355784868542011
4,-2.593607751075475,-2.593607751075475
5,-0.2862781394915646,-0.2862781394915646
6,3.0839766057252627,3.0839766057252627
7,-0.3948277239876149,-0.3948277239876149
8,1.7942040082882458,1.7942040082882458
