,theta_x,theta_y
0,-0.15807547431756605,-0.15807547431756605
1,-0.8559374038017675,-0.8559374038017675
2,-1.5365906030549445,-1.5365906030549445
3,-2.0032809795416626,-2.0032809795416626
4,3.141592653589793,3.141592653589793
5,0.08013552354744519,0.08013552354744519
6,0.21675480677439435,0.21675480677439435
7,-1.4523865620908898,-1.4523865620908898
8,0.7767739779646299,0.7767739779646299
