,theta_x,theta_y
0,0.06780220373381342,0.06780220373381342
1,2.5194941516919958,2.5194941516919958
2,1.3492387284600642,1.3492387284600642
3,-1.202287177901623,-1.202287177901623
4,-1.072285193064056,-1.072285193064056
5,2.3356418613742473,2.3356418613742473
6,-2.6764025100532876,-2.6764025100532876
7,1.6893933805815848,1.6893933805815848
8,1.379403292108436,1.379403292108436
9,-0.4410879234971071,-0.4410879234971071
