,theta_x,theta_y
0,2.733038096755585,2.733038096755585
1,0.22296323486187916,0.22296323486187916
2,2.9264282348144515,2.9264282348144515
3,-2.775502238185394,-2.775502238185394
4,0.7995084706368625,0.7995084706368625
5,-0.6443259586058612,-0.6443259586058612
6,1.8865044533148108,1.8865044533148108
7,-2.0665099209620634,-2.0665099209620634
