theta_x,theta_y
-0.24929403251194276,-0.24929403251194276
3.141592653589793,3.141592653589793
-0.2515813329767889,-0.2515813329767889
-0.3711835337394122,-0.3711835337394122
-0.2718900902900521,-0.2718900902900521
-0.3351426529225481,-0.3351426529225481
-0.320983746950491,-0.320983746950491
-0.3650523897863502,-0.3650523897863502
-0.4086360480054322,-0.4086360480054322
-0.3566717850506512,-0.3566717850506512
