,theta_x,theta_y
0,1.7252049762484587,1.7252049762484587
1,-0.5011818113995513,-0.5011818113995513
2,0.2951583802628326,0.2951583802628326
3,1.9966244944176825,1.9966244944176825
4,2.1260150502618576,2.1260150502618576
