theta_x,theta_y
-3.141592653589793,-3.141592653589793
-3.141592653589793,-3.141592653589793
-3.141592653589793,-3.141592653589793
0.790627363324222,0.790627363324222
3.141592653589793,3.141592653589793
