theta_x,theta_y
0.012796713471190787,0.012796713471190787
-0.035915606240159034,-0.035915606240159034
1.9077714073729333,1.9077714073729333
-1.9316658934397828,-1.9316658934397828
2.367547181146089,2.367547181146089
1.3210818537450022,1.3210818537450022
-2.6461167281502607,-2.6461167281502607
-3.1162049139670605,-3.1162049139670605
0.36854783432946636,0.36854783432946636
