,theta_x,theta_y
0,0.729974627121656,0.729974627121656
1,0.15186456116233538,0.15186456116233538
2,0.6408241636729287,0.6408241636729287
3,-0.47596550451076036,-0.47596550451076036
4,-3.141592653589793,-3.141592653589793
