theta_x,theta_y
-3.141592653589793,-3.141592653589793
-1.522248410202121,-1.522248410202121
1.810838075312848,1.810838075312848
