,theta_x,theta_y
0,1.6367235097004982,1.6367235097004982
1,1.616275094599362,1.616275094599362
2,-3.141592653589793,-3.141592653589793
