,theta_x,theta_y
0,2.289233330404357,2.289233330404357
1,-0.6963257645090707,-0.6963257645090707
2,-0.9327812433695571,-0.9327812433695571
3,1.819345723416838,1.819345723416838
4,1.6666054978072613,1.6666054978072613
5,3.141592653589793,3.141592653589793
6,3.1294037520264824,3.1294037520264824
7,2.1590320977069615,2.1590320977069615
