,theta_x,theta_y
0,-3.141592653589793,-3.141592653589793
1,-2.4755780879757703,-2.4755780879757703
2,3.141592653589793,3.141592653589793
3,-0.8897385375445583,-0.8897385375445583
