,theta_x,theta_y
0,0.43728603485973677,0.43728603485973677
1,1.8308341315486338,1.8308341315486338
2,-2.494673329230734,-2.494673329230734
3,2.0362359162539496,2.0362359162539496
4,-0.40697019118874606,-0.40697019118874606
5,0.09933362712666446,0.09933362712666446
6,1.0736995959583362,1.0736995959583362
