theta_x,theta_y
3.141592653589793,3.141592653589793
-1.9456585280668677,-1.9456585280668677
1.785299191850965,1.785299191850965
2.3466566690185107,2.3466566690185107
1.7195159008327119,1.7195159008327119
