,theta_x,theta_y
0,1.9054961904647145,1.9054961904647145
1,1.8935096257767636,1.8935096257767636
2,1.7239942562516772,1.7239942562516772
3,-3.141592653589793,-3.141592653589793
4,1.5891902040395887,1.5891902040395887
