theta_x,theta_y
2.312411307238473,2.312411307238473
0.577164690365484,0.577164690365484
2.5078139985050982,2.5078139985050982
