theta_x,theta_y
-3.141592653589793,-3.141592653589793
-3.141592653589793,-3.141592653589793
2.4224626210004243,2.4224626210004243
2.407704625563103,2.407704625563103
-3.141592653589793,-3.141592653589793
2.286289241185604,2.286289241185604
2.4088057599256505,2.4088057599256505
-3.141592653589793,-3.141592653589793
