,theta_x,theta_y
0,0.4629915883357064,0.4629915883357064
1,2.436006344397772,2.436006344397772
2,0.09042337836578201,0.09042337836578201
3,0.8455945281991303,0.8455945281991303
4,0.009529735054630895,0.009529735054630895
