,theta_x,theta_y
0,2.0965515084470008,2.0965515084470008
1,-1.0555833522325906,-1.0555833522325906
2,0.3396657916399296,0.3396657916399296
3,1.4572560297594601,1.4572560297594601
4,1.142632045418872,1.142632045418872
5,2.8567314821664533,2.8567314821664533
6,2.543447477439941,2.543447477439941
7,2.944536297674456,2.944536297674456
