,theta_x,theta_y
0,2.5727434355091745,2.5727434355091745
1,0.3628268982799899,0.3628268982799899
2,2.788109945661336,2.788109945661336
3,-2.3435796667024005,-2.3435796667024005
