theta_x,theta_y
-1.9912384152012699,-1.9912384152012699
-1.8892256887866186,-1.8892256887866186
2.4261523077181546,2.4261523077181546
0.6315926685857551,0.6315926685857551
-2.2520768494611305,-2.2520768494611305
-0.8311176512235436,-0.8311176512235436
-0.8663937039452743,-0.8663937039452743
-2.4318098359290237,-2.4318098359290237
1.8913127089366357,1.8913127089366357
