,theta_x,theta_y
0,1.8850794062442933,1.8850794062442933
1,-3.141592653589793,-3.141592653589793
2,-2.3416873002706917,-2.3416873002706917
3,-2.0541138976427558,-2.0541138976427558
4,1.4332806231308723,1.4332806231308723
5,1.7492607104333104,1.7492607104333104
