,theta_x,theta_y
0,2.5184086015619815,2.5184086015619815
1,-1.189009698725919,-1.189009698725919
2,-0.4285223155180931,-0.4285223155180931
3,1.3762896198200207,1.3762896198200207
4,0.507464492948295,0.507464492948295
5,3.01761862763423,3.01761862763423
6,2.6860594948712313,2.6860594948712313
7,2.808804741170883,2.808804741170883
8,-2.477845513099943,-2.477845513099943
9,-0.7255203441397398,-0.7255203441397398
