,theta_x,theta_y
0,1.6522858355036032,1.6522858355036032
1,0.9800430085961056,0.9800430085961056
2,-3.141592653589793,-3.141592653589793
3,-3.141592653589793,-3.141592653589793
4,0.6159111945094601,0.6159111945094601
5,1.110415910799736,1.110415910799736
