,theta_x,theta_y
0,-0.5692608130447592,-0.5692608130447592
1,-0.49410298985257606,-0.49410298985257606
2,2.4384418866236777,2.4384418866236777
3,-0.5531629802633168,-0.5531629802633168
4,-0.48106453182275644,-0.48106453182275644
5,-1.0695726417033884,-1.0695726417033884
6,-0.9545346447408819,-0.9545346447408819
7,-0.8169771860382976,-0.8169771860382976
