,theta_x,theta_y
0,0.12492440338028303,0.12492440338028303
1,2.1452105593029485,2.1452105593029485
2,-1.1490781362011238,-1.1490781362011238
3,2.0993716807889395,2.0993716807889395
4,-0.3138978298530406,-0.3138978298530406
5,-0.3147010021240774,-0.3147010021240774
6,0.5516030475288232,0.5516030475288232
7,-0.3801140393840718,-0.3801140393840718
8,-0.08860345278117658,-0.08860345278117658
