theta_x,theta_y
1.5627008486277256,1.5627008486277256
