,theta_x,theta_y
0,-1.08322564771073,-1.08322564771073
1,-0.2463732594341423,-0.2463732594341423
2,1.4377954457985302,1.4377954457985302
3,-0.00167830180782539,-0.00167830180782539
4,0.9223861409325452,0.9223861409325452
5,-0.1902716067152794,-0.1902716067152794
6,0.8713501707102805,0.8713501707102805
7,0.9116214348631985,0.9116214348631985
