,theta_x,theta_y
0,-2.287797302581278,-2.287797302581278
1,-3.141592653589793,-3.141592653589793
2,1.8792516942833137,1.8792516942833137
3,-3.141592653589793,-3.141592653589793
4,1.9785336204668502,1.9785336204668502
5,2.3307299956661542,2.3307299956661542
6,-3.141592653589793,-3.141592653589793
7,3.104165739821497,3.104165739821497
8,-2.8117253745565836,-2.8117253745565836
