theta_x,theta_y
-2.287797302581278,-2.287797302581278
-3.141592653589793,-3.141592653589793
1.8792516942833137,1.8792516942833137
-3.141592653589793,-3.141592653589793
1.9785336204668502,1.9785336204668502
2.3307299956661542,2.3307299956661542
-3.141592653589793,-3.141592653589793
3.104165739821497,3.104165739821497
-2.8117253745565836,-2.8117253745565836
