,theta_x,theta_y
0,1.6493094481284247,1.6493094481284247
1,-0.7418106586040051,-0.7418106586040051
2,1.5323568983245532,1.5323568983245532
3,1.0689168144411458,1.0689168144411458
4,0.6627432468631849,0.6627432468631849
5,0.9397586247379143,0.9397586247379143
