theta_x,theta_y
0.12415762909722147,0.12415762909722147
2.461389210645276,2.461389210645276
0.9603083478756127,0.9603083478756127
-1.1344547197846668,-1.1344547197846668
-0.9145631426935634,-0.9145631426935634
2.317388300866424,2.317388300866424
-2.295697100993531,-2.295697100993531
1.6222612581837306,1.6222612581837306
