theta_x,theta_y
-3.141592653589793,-3.141592653589793
-0.9499465784671386,-0.9499465784671386
0.36020378460300373,0.36020378460300373
2.5868353692677934,2.5868353692677934
