theta_x,theta_y
-1.1877352422816843,-1.1877352422816843
-1.2456114738907598,-1.2456114738907598
2.57435153135794,2.57435153135794
-1.865324425734155,-1.865324425734155
0.30906839648802015,0.30906839648802015
1.474755429576632,1.474755429576632
-1.5065928282852121,-1.5065928282852121
-2.037108384281292,-2.037108384281292
