,theta_x,theta_y
0,1.4576343326217627,1.4576343326217627
1,-0.5942637639228026,-0.5942637639228026
2,3.141592653589793,3.141592653589793
3,-2.9081044161397434,-2.9081044161397434
4,1.7350905327926331,1.7350905327926331
5,0.9455980854905149,0.9455980854905149
6,-1.0197141647420598,-1.0197141647420598
7,-3.141592653589793,-3.141592653589793
