,theta_x,theta_y
0,-3.141592653589793,-3.141592653589793
1,-3.141592653589793,-3.141592653589793
2,2.309784497429283,2.309784497429283
3,2.2577074454135704,2.2577074454135704
4,-3.141592653589793,-3.141592653589793
5,2.270442981042651,2.270442981042651
6,2.3391489144134234,2.3391489144134234
7,-3.141592653589793,-3.141592653589793
8,2.2994901090893443,2.2994901090893443
9,-3.141592653589793,-3.141592653589793
