theta_x,theta_y
-2.9358837333397325,-2.9358837333397325
-1.0747011252716072,-1.0747011252716072
1.4714153286876948,1.4714153286876948
