,theta_x,theta_y
0,0.831470909131876,0.831470909131876
1,0.711012050482862,0.711012050482862
