,theta_x,theta_y
0,1.3005750049389153,1.3005750049389153
1,0.04459897993548467,0.04459897993548467
2,2.6353751076263157,2.6353751076263157
