theta_x,theta_y
-1.4941581867212013,-1.4941581867212013
