theta_x,theta_y
3.141592653589793,3.141592653589793
-0.7395171307536695,-0.7395171307536695
3.141592653589793,3.141592653589793
-1.722238059437254,-1.722238059437254
0.9937007724649555,0.9937007724649555
-1.3173525134084019,-1.3173525134084019
3.141592653589793,3.141592653589793
-2.2920340229323783,-2.2920340229323783
2.866187109296989,2.866187109296989
