,theta_x,theta_y
0,-2.9033594634841853,-2.9033594634841853
1,1.3231835148715392,1.3231835148715392
