,theta_x,theta_y
0,1.214090409504217,1.214090409504217
1,-2.6581094716997744,-2.6581094716997744
2,2.8780225236719605,2.8780225236719605
