theta_x,theta_y
1.214090409504217,1.214090409504217
-2.6581094716997744,-2.6581094716997744
2.8780225236719605,2.8780225236719605
