,theta_x,theta_y
0,0.42225930736968686,0.42225930736968686
1,-1.116592338934471,-1.116592338934471
2,3.1244484662427428,3.1244484662427428
3,-2.87693596899117,-2.87693596899117
4,1.6278503691211115,1.6278503691211115
5,0.4183286057150147,0.4183286057150147
6,0.0049562401146349905,0.0049562401146349905
7,-2.966771844229741,-2.966771844229741
