theta_x,theta_y
2.239410824052043,2.239410824052043
0.8638646307382942,0.8638646307382942
1.9132217193000591,1.9132217193000591
-0.8272212369200651,-0.8272212369200651
