,theta_x,theta_y
0,-0.8842152116962276,-0.8842152116962276
1,3.01334696104781,3.01334696104781
2,-1.802784545704194,-1.802784545704194
3,0.21099743371613736,0.21099743371613736
4,0.24648123470382044,0.24648123470382044
5,-1.138725446714011,-1.138725446714011
6,-1.9090796238301786,-1.9090796238301786
7,-1.4392169666450245,-1.4392169666450245
