,theta_x,theta_y
0,1.0593434864172422,1.0593434864172422
1,-0.03971697384207215,-0.03971697384207215
2,-2.8141633493897564,-2.8141633493897564
3,0.08624978158753606,0.08624978158753606
4,1.954903015962377,1.954903015962377
5,1.8123647471481226,1.8123647471481226
6,0.8366336435065526,0.8366336435065526
