,theta_x,theta_y
0,-1.1949164721521979,-1.1949164721521979
1,-1.3872949182474514,-1.3872949182474514
2,3.141592653589793,3.141592653589793
3,-0.7561857652339663,-0.7561857652339663
4,-1.457707666349404,-1.457707666349404
