,theta_x,theta_y
0,-0.2753550122463213,-0.2753550122463213
1,3.141592653589793,3.141592653589793
2,-3.09992418409092,-3.09992418409092
3,2.3690188129374787,2.3690188129374787
4,-1.4263366848236982,-1.4263366848236982
5,0.4874898256278108,0.4874898256278108
6,1.7324546050381344,1.7324546050381344
7,0.03793228223932546,0.03793228223932546
8,0.28787406276623373,0.28787406276623373
