,theta_x,theta_y
0,1.070992765990537,1.070992765990537
1,-1.8380297743277267,-1.8380297743277267
2,-3.141592653589793,-3.141592653589793
3,-3.141592653589793,-3.141592653589793
4,2.4907918383765946,2.4907918383765946
5,2.81608529691568,2.81608529691568
6,1.229767591801534,1.229767591801534
7,1.4475429399357544,1.4475429399357544
