,theta_x,theta_y
0,-3.141592653589793,-3.141592653589793
1,1.0918462281423047,1.0918462281423047
2,0.9576595076951089,0.9576595076951089
3,1.011314866257146,1.011314866257146
4,-3.141592653589793,-3.141592653589793
