,theta_x,theta_y
0,-3.141592653589793,-3.141592653589793
1,-1.6064938001659792,-1.6064938001659792
2,1.6271044541000756,1.6271044541000756
3,-3.141592653589793,-3.141592653589793
