theta_x,theta_y
-3.141592653589793,-3.141592653589793
-3.141592653589793,-3.141592653589793
-3.141592653589793,-3.141592653589793
-1.5593451398650624,-1.5593451398650624
2.9036862294478096,2.9036862294478096
