,theta_x,theta_y
0,0.8604059007997161,0.8604059007997161
1,-1.4430362157363334,-1.4430362157363334
2,-3.0200951679361054,-3.0200951679361054
3,-3.141592653589793,-3.141592653589793
4,1.9333053816117736,1.9333053816117736
5,2.4159252354500373,2.4159252354500373
6,0.8948151213164154,0.8948151213164154
7,1.4916085791526135,1.4916085791526135
8,0.4410285658778722,0.4410285658778722
