theta_x,theta_y
1.1671915217577007,1.1671915217577007
1.2873191906698551,1.2873191906698551
0.8392907480212228,0.8392907480212228
-1.936923241068159,-1.936923241068159
-3.141592653589793,-3.141592653589793
-0.6557512348494688,-0.6557512348494688
0.17947863778109152,0.17947863778109152
-3.141592653589793,-3.141592653589793
-2.965036921441073,-2.965036921441073
