,theta_x,theta_y
0,2.86528508480812,2.86528508480812
1,-0.530618507493257,-0.530618507493257
2,2.815868375013177,2.815868375013177
3,-3.141592653589793,-3.141592653589793
4,1.758864018980012,1.758864018980012
5,-1.7820903685279301,-1.7820903685279301
6,2.080400703244565,2.080400703244565
