,theta_x,theta_y
0,2.762674946677578,2.762674946677578
1,-0.474516619860609,-0.474516619860609
2,3.141592653589793,3.141592653589793
3,-2.5843721899629406,-2.5843721899629406
4,0.4332444301956571,0.4332444301956571
5,-1.3594423278942118,-1.3594423278942118
6,0.8108212581077667,0.8108212581077667
7,-1.3893378245228294,-1.3893378245228294
