,theta_x,theta_y
0,-3.141592653589793,-3.141592653589793
1,-3.141592653589793,-3.141592653589793
2,2.189617796814767,2.189617796814767
3,2.2567818668524398,2.2567818668524398
4,-3.141592653589793,-3.141592653589793
5,2.445830505620263,2.445830505620263
