theta_x,theta_y
0.742126324903009,0.742126324903009
0.37597456436163723,0.37597456436163723
