,theta_x,theta_y
0,-0.3371315236642223,-0.3371315236642223
1,3.096534672114006,3.096534672114006
2,-2.299222002542275,-2.299222002542275
3,2.507880404998643,2.507880404998643
4,-1.3264071873844268,-1.3264071873844268
5,-0.5275417000648628,-0.5275417000648628
6,2.135459941818996,2.135459941818996
7,-0.7034285420855912,-0.7034285420855912
8,0.2440716730746346,0.2440716730746346
