,theta_x,theta_y
0,-0.11041466807998856,-0.11041466807998856
1,3.1173675986966267,3.1173675986966267
2,-0.11353360125012293,-0.11353360125012293
3,-0.2835664674573336,-0.2835664674573336
4,-0.3621740427474148,-0.3621740427474148
5,-0.4225261061323121,-0.4225261061323121
6,-0.4718504539073367,-0.4718504539073367
7,-0.5570215887140966,-0.5570215887140966
8,-0.6223170064055534,-0.6223170064055534
9,-0.5822092585363607,-0.5822092585363607
