,theta_x,theta_y
0,-0.33564348690865964,-0.33564348690865964
1,-0.8678243445599223,-0.8678243445599223
2,2.563315377134815,2.563315377134815
3,-1.1969410300442582,-1.1969410300442582
4,-0.38943510312773366,-0.38943510312773366
5,0.5017262536720843,0.5017262536720843
6,-1.4761058908650433,-1.4761058908650433
7,-1.8008770527687437,-1.8008770527687437
8,-1.8080494816879682,-1.8080494816879682
9,0.009613282965926478,0.009613282965926478
