,theta_x,theta_y
0,0.06825445506083795,0.06825445506083795
1,-1.5009850555256923,-1.5009850555256923
2,-1.2283149154321098,-1.2283149154321098
3,-0.3253081210371882,-0.3253081210371882
4,3.0466506007956315,3.0466506007956315
5,0.04970719644354682,0.04970719644354682
