,theta_x,theta_y
0,0.10418878922211261,0.10418878922211261
1,-1.1453004389528096,-1.1453004389528096
2,-0.7976179890898023,-0.7976179890898023
3,-0.6059431559951627,-0.6059431559951627
4,2.9749962090475353,2.9749962090475353
5,0.7947434097306965,0.7947434097306965
