theta_x,theta_y
2.1946802077239664,2.1946802077239664
