,theta_x,theta_y
0,-0.3989469852898997,-0.3989469852898997
1,2.130939804301589,2.130939804301589
2,0.3788862490357472,0.3788862490357472
3,-0.681332170969762,-0.681332170969762
4,-1.6807116865657545,-1.6807116865657545
5,2.617557243227735,2.617557243227735
6,-2.732050078073689,-2.732050078073689
7,1.3404463784762355,1.3404463784762355
