,theta_x,theta_y
0,-1.6532238284408007,-1.6532238284408007
1,1.8072843255682052,1.8072843255682052
2,-1.720321813113795,-1.720321813113795
3,2.5667110349410676,2.5667110349410676
4,1.9985903293882525,1.9985903293882525
5,0.5779449249628467,0.5779449249628467
