theta_x,theta_y
0.4518191397685027,0.4518191397685027
-0.7621146970287583,-0.7621146970287583
-1.7231049484988743,-1.7231049484988743
-2.4028328106999117,-2.4028328106999117
2.6007906599060626,2.6007906599060626
2.4865353465862188,2.4865353465862188
1.1602099614650705,1.1602099614650705
0.7947976200086403,0.7947976200086403
0.03303495113974686,0.03303495113974686
2.3280760285973936,2.3280760285973936
