theta_x,theta_y
-1.3868485147406056,-1.3868485147406056
-2.0000494178851413,-2.0000494178851413
3.141592653589793,3.141592653589793
1.5879522734698424,1.5879522734698424
-2.10819137085105,-2.10819137085105
0.9800933430196247,0.9800933430196247
