theta_x,theta_y
-0.27646146215852413,-0.27646146215852413
-0.6528915962187427,-0.6528915962187427
2.550527198593863,2.550527198593863
-2.786379495685583,-2.786379495685583
2.264213685322302,2.264213685322302
1.1944076941114363,1.1944076941114363
-2.9264489764039094,-2.9264489764039094
-3.141592653589793,-3.141592653589793
