,theta_x,theta_y
0,-0.7693543800361401,-0.7693543800361401
1,-0.9909838671908092,-0.9909838671908092
2,-1.7436018667176707,-1.7436018667176707
3,-2.347498651562404,-2.347498651562404
4,3.0973547440725557,3.0973547440725557
5,-0.7583174548363809,-0.7583174548363809
