,theta_x,theta_y
0,0.847009264741284,0.847009264741284
1,0.7827329125884032,0.7827329125884032
2,0.7209714444151027,0.7209714444151027
