theta_x,theta_y
0.9998777838827544,0.9998777838827544
1.1312619492599028,1.1312619492599028
-0.3519586034421971,-0.3519586034421971
-0.6788697015426932,-0.6788697015426932
-3.141592653589793,-3.141592653589793
0.482607947392559,0.482607947392559
