,theta_x,theta_y
0,1.0360159442551802,1.0360159442551802
1,-2.4862421639351826,-2.4862421639351826
2,-3.112193171710293,-3.112193171710293
3,-3.123228791282434,-3.123228791282434
