,theta_x,theta_y
0,0.8544156239823005,0.8544156239823005
1,-1.6013110958128547,-1.6013110958128547
2,-2.126153082303647,-2.126153082303647
3,-3.141592653589793,-3.141592653589793
4,2.2554769286487373,2.2554769286487373
