theta_x,theta_y
-3.141592653589793,-3.141592653589793
-2.051175259727498,-2.051175259727498
