,theta_x,theta_y
0,3.0443503832726013,3.0443503832726013
1,0.4417215556594918,0.4417215556594918
2,3.141592653589793,3.141592653589793
3,-2.9306862263750926,-2.9306862263750926
4,1.0993843504114607,1.0993843504114607
5,-0.1531088546695087,-0.1531088546695087
