theta_x,theta_y
-0.18487165111194068,-0.18487165111194068
2.9630445481402257,2.9630445481402257
1.538703118088647,1.538703118088647
-1.102864242051985,-1.102864242051985
-1.2291294087838138,-1.2291294087838138
2.9314397191919626,2.9314397191919626
-2.280329845858063,-2.280329845858063
2.0270312552395993,2.0270312552395993
1.355398756074722,1.355398756074722
