theta_x,theta_y
2.027156607120303,2.027156607120303
-3.141592653589793,-3.141592653589793
1.998335023172707,1.998335023172707
2.0021131374692698,2.0021131374692698
2.0057924036092234,2.0057924036092234
2.0093578917024257,2.0093578917024257
2.0128345703474446,2.0128345703474446
2.016208887607321,2.016208887607321
-3.141592653589793,-3.141592653589793
