,theta_x,theta_y
0,-0.6923498779740112,-0.6923498779740112
1,-0.9041158811194416,-0.9041158811194416
2,3.141592653589793,3.141592653589793
3,-0.8961777314190541,-0.8961777314190541
4,-1.4666682419478558,-1.4666682419478558
5,3.078394990310603,3.078394990310603
6,-1.158922454040423,-1.158922454040423
7,-1.3322454553764407,-1.3322454553764407
8,-1.6008640427421739,-1.6008640427421739
9,-1.5561262331583503,-1.5561262331583503
