,theta_x,theta_y
0,1.9648983207906892,1.9648983207906892
1,-3.141592653589793,-3.141592653589793
2,-3.141592653589793,-3.141592653589793
3,-3.141592653589793,-3.141592653589793
4,2.2960854797610537,2.2960854797610537
5,2.405041762826727,2.405041762826727
