,theta_x,theta_y
0,-0.9901530041152056,-0.9901530041152056
1,0.6826057742109979,0.6826057742109979
2,3.141592653589793,3.141592653589793
3,-3.141592653589793,-3.141592653589793
