,theta_x,theta_y
0,-3.141592653589793,-3.141592653589793
1,1.3658525651131534,1.3658525651131534
2,1.6828697672750206,1.6828697672750206
3,-3.141592653589793,-3.141592653589793
4,1.8290699975886653,1.8290699975886653
5,2.4612390928474364,2.4612390928474364
