,theta_x,theta_y
0,0.44679476414796493,0.44679476414796493
1,3.141592653589793,3.141592653589793
2,-3.0577798266674936,-3.0577798266674936
3,1.721904340678262,1.721904340678262
4,-0.8380350426127711,-0.8380350426127711
