theta_x,theta_y
-1.5494052047208178,-1.5494052047208178
-2.9902173605155027,-2.9902173605155027
2.934062281330014,2.934062281330014
1.9955819249180426,1.9955819249180426
-3.141592653589793,-3.141592653589793
-3.141592653589793,-3.141592653589793
-3.141592653589793,-3.141592653589793
-2.9787805345704546,-2.9787805345704546
0.14502538179179245,0.14502538179179245
-2.5528169202534157,-2.5528169202534157
