theta_x,theta_y
-0.8373219926500115,-0.8373219926500115
-1.3701270747522154,-1.3701270747522154
2.4428709316965405,2.4428709316965405
-3.007994087484451,-3.007994087484451
1.7802454286337313,1.7802454286337313
1.336036561699346,1.336036561699346
-2.163106907658279,-2.163106907658279
-3.141592653589793,-3.141592653589793
-0.26973377898643053,-0.26973377898643053
