,theta_x,theta_y
0,2.200663267149748,2.200663267149748
1,0.945312946476489,0.945312946476489
2,0.20039885627614137,0.20039885627614137
3,-0.49161726602879935,-0.49161726602879935
