,theta_x,theta_y
0,-2.8112195520351557,-2.8112195520351557
1,-0.5485433276960452,-0.5485433276960452
2,1.8064218325901524,1.8064218325901524
3,-3.141592653589793,-3.141592653589793
4,1.7086911272837622,1.7086911272837622
