theta_x,theta_y
2.240858763903252,2.240858763903252
-1.1555682129057046,-1.1555682129057046
0.6812150982738094,0.6812150982738094
1.558433787601239,1.558433787601239
