,theta_x,theta_y
0,0.7919839797684718,0.7919839797684718
1,-2.3960542174761836,-2.3960542174761836
2,-1.6328055743958927,-1.6328055743958927
3,-2.075659287028845,-2.075659287028845
4,2.922460054957545,2.922460054957545
5,2.6927508629222388,2.6927508629222388
6,0.5581961780094808,0.5581961780094808
7,0.6857033498709415,0.6857033498709415
8,-1.2336738874535178,-1.2336738874535178
