theta_x,theta_y
0.4354056814234481,0.4354056814234481
2.554611875716612,2.554611875716612
0.8428448470385083,0.8428448470385083
-0.9887038661834942,-0.9887038661834942
