,theta_x,theta_y
0,0.5280927218795763,0.5280927218795763
1,-1.6611092722634888,-1.6611092722634888
2,-2.9644831567097794,-2.9644831567097794
3,-3.141592653589793,-3.141592653589793
4,2.202505725660929,2.202505725660929
5,2.201378783267808,2.201378783267808
6,1.3133262320780865,1.3133262320780865
7,0.9708664831897031,0.9708664831897031
