,theta_x,theta_y
0,0.9548968715525812,0.9548968715525812
1,-1.4332795687608815,-1.4332795687608815
2,-2.785188790034429,-2.785188790034429
3,-3.141592653589793,-3.141592653589793
4,2.1611292057760023,2.1611292057760023
5,2.412662094213164,2.412662094213164
6,1.0295856250351703,1.0295856250351703
7,1.3861049494846296,1.3861049494846296
