,theta_x,theta_y
0,0.30072193817431414,0.30072193817431414
1,-1.1774002308961984,-1.1774002308961984
2,-2.3210387496051657,-2.3210387496051657
3,-2.675905493472963,-2.675905493472963
4,1.7401423528683146,1.7401423528683146
5,2.2867985875875037,2.2867985875875037
6,0.42430879158572327,0.42430879158572327
7,0.9444580047722259,0.9444580047722259
8,0.343291481922109,0.343291481922109
9,2.2103949376102943,2.2103949376102943
