,theta_x,theta_y
0,0.38861713435502004,0.38861713435502004
1,2.950133598270319,2.950133598270319
2,0.38156721245551084,0.38156721245551084
3,-0.8905678190449831,-0.8905678190449831
4,-1.7578933732977666,-1.7578933732977666
5,-0.1927667461707828,-0.1927667461707828
6,-0.7886660634076665,-0.7886660634076665
