,theta_x,theta_y
0,2.8142332470554448,2.8142332470554448
1,1.930522085312368,1.930522085312368
2,0.7612634706327396,0.7612634706327396
