theta_x,theta_y
2.842757430045851,2.842757430045851
-3.141592653589793,-3.141592653589793
