,theta_x,theta_y
0,2.842757430045851,2.842757430045851
1,-3.141592653589793,-3.141592653589793
