theta_x,theta_y
-1.5398496673772204,-1.5398496673772204
-2.1774412490538357,-2.1774412490538357
3.002442596826519,3.002442596826519
1.0499423058117863,1.0499423058117863
