,theta_x,theta_y
0,-0.9202349529848318,-0.9202349529848318
1,2.2524531526195597,2.2524531526195597
2,-1.0826633755703605,-1.0826633755703605
3,1.837160423283596,1.837160423283596
4,1.0197655443200215,1.0197655443200215
5,0.06645975544552869,0.06645975544552869
6,-0.5106757328202499,-0.5106757328202499
7,-1.2061765824837773,-1.2061765824837773
8,-2.4074249603130373,-2.4074249603130373
