theta_x,theta_y
0.7630526838617068,0.7630526838617068
0.19526081161454079,0.19526081161454079
-0.5121373285222688,-0.5121373285222688
-0.49702656996045125,-0.49702656996045125
-2.4670077197765146,-2.4670077197765146
0.10011705972561019,0.10011705972561019
-0.08103983996291853,-0.08103983996291853
-2.1472533571845736,-2.1472533571845736
