,theta_x,theta_y
0,-1.6368906559501166,-1.6368906559501166
1,1.776209355861204,1.776209355861204
2,-1.7688896872529731,-1.7688896872529731
3,2.5544585498030474,2.5544585498030474
4,2.1022490352076537,2.1022490352076537
5,0.4438682214418072,0.4438682214418072
