theta_x,theta_y
1.296218509085324,1.296218509085324
