,theta_x,theta_y
0,1.9662736352397563,1.9662736352397563
1,-0.33855028639179396,-0.33855028639179396
2,0.3045595130750297,0.3045595130750297
3,2.1476474860779415,2.1476474860779415
4,1.9545587428255458,1.9545587428255458
