,theta_x,theta_y
0,1.1152753399436173,1.1152753399436173
1,1.9972170061540058,1.9972170061540058
2,1.28498456849713,1.28498456849713
3,-1.5465418028329638,-1.5465418028329638
4,-0.7078363578309715,-0.7078363578309715
5,1.7516259319273242,1.7516259319273242
6,-3.0823590466043744,-3.0823590466043744
7,1.6994852621342216,1.6994852621342216
