theta_x,theta_y
0.23522328771265433,0.23522328771265433
3.141592653589793,3.141592653589793
-3.141592653589793,-3.141592653589793
1.2766588814998343,1.2766588814998343
-0.911439479057652,-0.911439479057652
1.0826706734245362,1.0826706734245362
