,theta_x,theta_y
0,-0.9272370955077466,-0.9272370955077466
1,3.141592653589793,3.141592653589793
2,-0.9554570958584053,-0.9554570958584053
3,3.141592653589793,3.141592653589793
4,3.141592653589793,3.141592653589793
5,-0.9400640473610116,-0.9400640473610116
6,-1.047748820520677,-1.047748820520677
7,-1.1486849251571944,-1.1486849251571944
