,theta_x,theta_y
0,0.02282929293559978,0.02282929293559978
1,3.100768952015326,3.100768952015326
2,1.0479749956323527,1.0479749956323527
