,theta_x,theta_y
0,0.20034012935822615,0.20034012935822615
1,1.8849245963229777,1.8849245963229777
2,-1.621866924306289,-1.621866924306289
3,1.970201350421097,1.970201350421097
