,theta_x,theta_y
0,-2.62551885814648,-2.62551885814648
1,3.141592653589793,3.141592653589793
2,-3.141592653589793,-3.141592653589793
3,0.8783348863359274,0.8783348863359274
