theta_x,theta_y
1.641020070346823,1.641020070346823
1.4586970263196437,1.4586970263196437
1.5570962011659113,1.5570962011659113
0.5280508301089031,0.5280508301089031
-2.988853154202342,-2.988853154202342
1.1519605868045624,1.1519605868045624
