,theta_x,theta_y
0,0.33653084697231306,0.33653084697231306
1,2.0895300674247816,2.0895300674247816
2,-2.7392159558557454,-2.7392159558557454
3,2.2432689627079934,2.2432689627079934
4,-0.520846592322049,-0.520846592322049
5,0.10082931902701109,0.10082931902701109
6,1.124520531177163,1.124520531177163
