,theta_x,theta_y
0,-2.818151748601626,-2.818151748601626
1,3.0821141326847354,3.0821141326847354
2,-1.913289189851908,-1.913289189851908
3,2.3504759534790574,2.3504759534790574
