,theta_x,theta_y
0,1.4643253902013862,1.4643253902013862
1,0.7667818252062459,0.7667818252062459
2,1.972106914454363,1.972106914454363
3,-2.9749260363472114,-2.9749260363472114
4,0.634811923655567,0.634811923655567
5,-1.294329348050725,-1.294329348050725
