,theta_x,theta_y
0,-3.141592653589793,-3.141592653589793
1,2.8043657458812667,2.8043657458812667
2,-3.141592653589793,-3.141592653589793
3,2.9159708000562685,2.9159708000562685
4,-3.141592653589793,-3.141592653589793
5,-3.1218922249793644,-3.1218922249793644
