theta_x,theta_y
1.0650111610592656,1.0650111610592656
0.19693256220820698,0.19693256220820698
