,theta_x,theta_y
0,0.6487506551140811,0.6487506551140811
1,2.6046113879632715,2.6046113879632715
2,1.5188867837362847,1.5188867837362847
3,-1.5788792225614818,-1.5788792225614818
4,-1.3400680718964906,-1.3400680718964906
5,2.386390983891667,2.386390983891667
6,-3.1385164155675307,-3.1385164155675307
