,theta_x,theta_y
0,1.6921155310708274,1.6921155310708274
1,-0.1779986079761114,-0.1779986079761114
2,-0.400383216975144,-0.400383216975144
3,-0.014423068010061185,-0.014423068010061185
4,-0.6087479096188294,-0.6087479096188294
5,3.141592653589793,3.141592653589793
6,3.141592653589793,3.141592653589793
7,3.141592653589793,3.141592653589793
8,-1.5595611323392318,-1.5595611323392318
9,-1.8752337216162012,-1.8752337216162012
