,theta_x,theta_y
0,-3.141592653589793,-3.141592653589793
1,-1.829763215025486,-1.829763215025486
2,1.7464546991003569,1.7464546991003569
3,-3.141592653589793,-3.141592653589793
4,1.6140029689052737,1.6140029689052737
5,2.539501692715337,2.539501692715337
6,-3.110175831199542,-3.110175831199542
7,-2.371393672797147,-2.371393672797147
