theta_x,theta_y
-0.2472713216680642,-0.2472713216680642
