,theta_x,theta_y
0,0.7381494427874906,0.7381494427874906
1,0.19239901040692478,0.19239901040692478
2,-0.024234958146347164,-0.024234958146347164
3,0.030892249777100887,0.030892249777100887
4,-0.13969576587066077,-0.13969576587066077
5,-0.27661354626313706,-0.27661354626313706
6,-0.011294195618183329,-0.011294195618183329
