theta_x,theta_y
-0.06555734733046575,-0.06555734733046575
-1.5541128527560488,-1.5541128527560488
-1.8190215429208694,-1.8190215429208694
-2.2691462842182752,-2.2691462842182752
1.846052633678846,1.846052633678846
1.6675838451947984,1.6675838451947984
-0.03191576052145119,-0.03191576052145119
