,theta_x,theta_y
0,-3.141592653589793,-3.141592653589793
1,2.97078843337719,2.97078843337719
2,-1.5387065976248548,-1.5387065976248548
