,theta_x,theta_y
0,-1.7202208084896997,-1.7202208084896997
1,2.394644239353631,2.394644239353631
2,-2.736699876727517,-2.736699876727517
3,2.2134065648830887,2.2134065648830887
4,1.1720424331009556,1.1720424331009556
5,-0.4044580221134528,-0.4044580221134528
6,-2.3455697034991636,-2.3455697034991636
7,-2.6989198828405536,-2.6989198828405536
8,-1.8056777264216557,-1.8056777264216557
9,-2.504984544630437,-2.504984544630437
