theta_x,theta_y
1.5273679292940154,1.5273679292940154
