,theta_x,theta_y
0,-2.0927644449061917,-2.0927644449061917
1,-1.6280291203227222,-1.6280291203227222
2,2.4262697515752927,2.4262697515752927
3,-2.6364036092214915,-2.6364036092214915
4,0.8814690489546959,0.8814690489546959
5,1.9888182160062957,1.9888182160062957
6,-2.549052036200222,-2.549052036200222
7,-2.8390170017624503,-2.8390170017624503
8,-1.5675795435763633,-1.5675795435763633
