,theta_x,theta_y
0,3.141592653589793,3.141592653589793
1,0.057451903137758095,0.057451903137758095
2,-1.0525617214314584,-1.0525617214314584
3,3.141592653589793,3.141592653589793
