,theta_x,theta_y
0,0.3570260395155752,0.3570260395155752
1,0.2871413454125356,0.2871413454125356
