,theta_x,theta_y
0,-3.141592653589793,-3.141592653589793
1,-1.5672077337835442,-1.5672077337835442
2,1.3166117488061546,1.3166117488061546
3,1.2904274551774604,1.2904274551774604
4,-3.141592653589793,-3.141592653589793
