theta_x,theta_y
3.141592653589793,3.141592653589793
2.579635700310672,2.579635700310672
0.0965136093260533,0.0965136093260533
-0.6553062089815258,-0.6553062089815258
-1.5033242576242642,-1.5033242576242642
-1.3848028713105072,-1.3848028713105072
