theta_x,theta_y
0.5052738802581574,0.5052738802581574
0.5889210734856847,0.5889210734856847
-0.6137696694050129,-0.6137696694050129
-0.7940298122353183,-0.7940298122353183
-2.8213642805274928,-2.8213642805274928
-0.2894676053604213,-0.2894676053604213
0.0053471041147377385,0.0053471041147377385
-2.955091456758684,-2.955091456758684
-2.817993839003744,-2.817993839003744
2.234632343607297,2.234632343607297
