,theta_x,theta_y
0,0.30662087066875415,0.30662087066875415
1,-1.6254489704741069,-1.6254489704741069
2,2.923164661549414,2.923164661549414
3,-3.141592653589793,-3.141592653589793
4,1.2138656743543428,1.2138656743543428
5,0.7050474811990102,0.7050474811990102
6,0.04281786125948618,0.04281786125948618
7,-3.141592653589793,-3.141592653589793
8,0.3033923684038612,0.3033923684038612
