,theta_x,theta_y
0,-2.794806914697886,-2.794806914697886
1,-3.141592653589793,-3.141592653589793
2,1.8764673282698747,1.8764673282698747
3,2.018275464186099,2.018275464186099
