,theta_x,theta_y
0,-2.4599955830726006,-2.4599955830726006
1,-0.9235895333620389,-0.9235895333620389
2,0.6296328120058619,0.6296328120058619
