,theta_x,theta_y
0,2.0018737549113683,2.0018737549113683
1,1.2405478974088142,1.2405478974088142
2,0.04143791682157962,0.04143791682157962
3,-0.6490393986941821,-0.6490393986941821
4,-3.141592653589793,-3.141592653589793
5,-0.7028944576256163,-0.7028944576256163
