,theta_x,theta_y
0,0.8335442546838138,0.8335442546838138
1,0.7787591188786507,0.7787591188786507
2,-3.141592653589793,-3.141592653589793
3,-3.141592653589793,-3.141592653589793
4,0.6797004554472457,0.6797004554472457
5,0.7531543570747976,0.7531543570747976
6,0.7847511349105805,0.7847511349105805
