,theta_x,theta_y
0,0.4917591677748497,0.4917591677748497
1,2.3950038550110264,2.3950038550110264
2,-2.710174696056794,-2.710174696056794
3,2.230868042924578,2.230868042924578
4,-0.7033732952836991,-0.7033732952836991
5,0.22846103954472907,0.22846103954472907
