,theta_x,theta_y
0,-2.237825376848278,-2.237825376848278
