,theta_x,theta_y
0,1.0623055003244226,1.0623055003244226
1,0.4277255873047182,0.4277255873047182
2,-0.4810587175845558,-0.4810587175845558
3,-3.141592653589793,-3.141592653589793
4,3.141592653589793,3.141592653589793
