,theta_x,theta_y
0,-2.934622887502936,-2.934622887502936
1,-3.141592653589793,-3.141592653589793
2,2.2657661965321276,2.2657661965321276
3,0.42091756052681195,0.42091756052681195
4,-3.141592653589793,-3.141592653589793
5,-0.8512887463123348,-0.8512887463123348
6,-3.141592653589793,-3.141592653589793
7,-2.849167700155715,-2.849167700155715
