,theta_x,theta_y
0,2.9082035385009632,2.9082035385009632
1,-0.42560713182153853,-0.42560713182153853
2,3.1406776633335296,3.1406776633335296
3,-2.7766493088364714,-2.7766493088364714
4,0.40377807933959514,0.40377807933959514
5,-0.782122695799158,-0.782122695799158
