theta_x,theta_y
-1.1914871104259124,-1.1914871104259124
-2.0147093052139953,-2.0147093052139953
-1.6144043859055126,-1.6144043859055126
-0.26977183375330677,-0.26977183375330677
2.1309739188610974,2.1309739188610974
0.8069768685768964,0.8069768685768964
2.1661926636732596,2.1661926636732596
-0.2290520376208498,-0.2290520376208498
