,theta_x,theta_y
0,-0.7867635504328374,-0.7867635504328374
1,3.141592653589793,3.141592653589793
2,0.4997476752322556,0.4997476752322556
3,3.141592653589793,3.141592653589793
4,2.4470750691106025,2.4470750691106025
5,1.9133282799968596,1.9133282799968596
6,-3.141592653589793,-3.141592653589793
7,-3.141592653589793,-3.141592653589793
