,theta_x,theta_y
0,1.5997577734596615,1.5997577734596615
1,1.235794654044591,1.235794654044591
2,1.296574547541209,1.296574547541209
3,-3.141592653589793,-3.141592653589793
4,0.7772453101615902,0.7772453101615902
5,1.1080913256187748,1.1080913256187748
