theta_x,theta_y
-0.3451188301505309,-0.3451188301505309
-0.12377583395163759,-0.12377583395163759
-0.5008746139620344,-0.5008746139620344
-2.133388424356958,-2.133388424356958
0.36692599052011843,0.36692599052011843
