,theta_x,theta_y
0,2.9446420177411423,2.9446420177411423
1,1.4900692356409508,1.4900692356409508
2,-0.989504399222147,-0.989504399222147
3,-2.0311198141473534,-2.0311198141473534
4,-2.5005791367526733,-2.5005791367526733
5,-2.851797865248497,-2.851797865248497
6,-2.6760751026912786,-2.6760751026912786
7,-2.1722362866811813,-2.1722362866811813
