theta_x,theta_y
-3.141592653589793,-3.141592653589793
-3.141592653589793,-3.141592653589793
0.9642144000790909,0.9642144000790909
-3.141592653589793,-3.141592653589793
1.443651199778346,1.443651199778346
1.7509873498525452,1.7509873498525452
-3.141592653589793,-3.141592653589793
