,theta_x,theta_y
0,-3.141592653589793,-3.141592653589793
1,-3.141592653589793,-3.141592653589793
2,0.9642144000790909,0.9642144000790909
3,-3.141592653589793,-3.141592653589793
4,1.443651199778346,1.443651199778346
5,1.7509873498525452,1.7509873498525452
6,-3.141592653589793,-3.141592653589793
