theta_x,theta_y
-0.3437446623375109,-0.3437446623375109
0.7403921957875337,0.7403921957875337
