,theta_x,theta_y
0,1.8216791483516979,1.8216791483516979
1,-1.043612942947749,-1.043612942947749
2,1.214330589987331,1.214330589987331
3,1.04619069233628,1.04619069233628
4,0.870217941917568,0.870217941917568
5,2.087746069066656,2.087746069066656
