theta_x,theta_y
0.30334848432486927,0.30334848432486927
2.754990135034307,2.754990135034307
-0.6172818941261393,-0.6172818941261393
2.6806376423628935,2.6806376423628935
