,theta_x,theta_y
0,-3.015691162903624,-3.015691162903624
1,-1.3617674846939785,-1.3617674846939785
2,1.9314159050712594,1.9314159050712594
3,1.0288333286736238,1.0288333286736238
4,-2.819996119644345,-2.819996119644345
5,0.004715596961696274,0.004715596961696274
6,0.49643370797087316,0.49643370797087316
7,-2.5887909938730282,-2.5887909938730282
