,theta_x,theta_y
0,-0.04954130103026941,-0.04954130103026941
1,-1.3089843925439446,-1.3089843925439446
2,-1.4779151139774713,-1.4779151139774713
3,-0.3394061423006725,-0.3394061423006725
4,2.1669609444275815,2.1669609444275815
5,3.141592653589793,3.141592653589793
6,3.141592653589793,3.141592653589793
