,theta_x,theta_y
0,2.1680936221097022,2.1680936221097022
1,-1.2306636861668128,-1.2306636861668128
2,0.5079797237691482,0.5079797237691482
3,1.634638149240477,1.634638149240477
4,1.3519387158299192,1.3519387158299192
