,theta_x,theta_y
0,-1.4064251110821893,-1.4064251110821893
1,-1.119987854176038,-1.119987854176038
2,0.9948052507133157,0.9948052507133157
3,-0.6994291985564053,-0.6994291985564053
4,-1.6181420838359706,-1.6181420838359706
5,-0.9502134008105435,-0.9502134008105435
6,-1.3075729046106712,-1.3075729046106712
