,theta_x,theta_y
0,3.091395976234975,3.091395976234975
1,-0.17580090318320132,-0.17580090318320132
2,3.094208647215826,3.094208647215826
3,-3.141592653589793,-3.141592653589793
4,2.1897831329848847,2.1897831329848847
5,-1.5510718932220753,-1.5510718932220753
