theta_x,theta_y
2.1249098137039355,2.1249098137039355
2.012037964978052,2.012037964978052
-0.05046051270867335,-0.05046051270867335
-1.1446145055786054,-1.1446145055786054
-2.3620074277946377,-2.3620074277946377
-0.7763892990755333,-0.7763892990755333
-0.7848094804658649,-0.7848094804658649
-2.464277466554248,-2.464277466554248
