,theta_x,theta_y
0,-1.5322785365430045,-1.5322785365430045
1,-1.5800886008660737,-1.5800886008660737
2,-1.602359788752264,-1.602359788752264
3,-1.632851576105219,-1.632851576105219
4,3.141592653589793,3.141592653589793
5,-1.6934166072299213,-1.6934166072299213
