,theta_x,theta_y
0,0.9086505639469249,0.9086505639469249
1,0.8157582566323978,0.8157582566323978
2,0.7132801711962002,0.7132801711962002
3,-3.141592653589793,-3.141592653589793
4,0.6520441095757901,0.6520441095757901
5,0.6137366507437337,0.6137366507437337
6,0.5755703367849031,0.5755703367849031
