,theta_x,theta_y
0,2.0916208634189997,2.0916208634189997
1,-1.5299476972120336,-1.5299476972120336
2,-0.637347406080735,-0.637347406080735
3,2.4837399394226414,2.4837399394226414
