,theta_x,theta_y
0,0.8709662142832124,0.8709662142832124
1,2.065074441950012,2.065074441950012
2,1.409890586078994,1.409890586078994
3,-1.4133237363058822,-1.4133237363058822
4,-0.9221752858285027,-0.9221752858285027
