theta_x,theta_y
0.11110376689382623,0.11110376689382623
-0.7843052564474677,-0.7843052564474677
-1.1138990807718918,-1.1138990807718918
-1.0935896433812191,-1.0935896433812191
3.141592653589793,3.141592653589793
-0.21325217977101552,-0.21325217977101552
-0.3044158491041511,-0.3044158491041511
-0.5923209756035334,-0.5923209756035334
0.023611767448921996,0.023611767448921996
-1.1299743947290215,-1.1299743947290215
