,theta_x,theta_y
0,2.282685196646889,2.282685196646889
1,-1.3154450454259743,-1.3154450454259743
2,0.6290590315566947,0.6290590315566947
3,1.700620771014773,1.700620771014773
