,theta_x,theta_y
0,-2.2854033491517978,-2.2854033491517978
1,-0.3971960069271684,-0.3971960069271684
2,0.8754690972758189,0.8754690972758189
