,theta_x,theta_y
0,-1.2590704164487887,-1.2590704164487887
1,-1.4367658955283038,-1.4367658955283038
2,2.4234768345566517,2.4234768345566517
3,-3.141592653589793,-3.141592653589793
4,1.690163604799062,1.690163604799062
5,1.6136289987587313,1.6136289987587313
6,-2.8324204687302186,-2.8324204687302186
7,-3.141592653589793,-3.141592653589793
8,-1.0645774236641725,-1.0645774236641725
9,0.8668864706625243,0.8668864706625243
