,theta_x,theta_y
0,0.9711866007071465,0.9711866007071465
1,0.9595370268587429,0.9595370268587429
2,0.9870250171203379,0.9870250171203379
3,0.9290488218723388,0.9290488218723388
4,-3.141592653589793,-3.141592653589793
5,0.9365417633465195,0.9365417633465195
