,theta_x,theta_y
0,-0.05343573454826657,-0.05343573454826657
1,2.3044141052455434,2.3044141052455434
2,-3.141592653589793,-3.141592653589793
3,2.5019656690619545,2.5019656690619545
