,theta_x,theta_y
0,1.3363098500397523,1.3363098500397523
1,1.89326082835951,1.89326082835951
2,-3.141592653589793,-3.141592653589793
3,1.0654977506896315,1.0654977506896315
4,-2.916743889012767,-2.916743889012767
5,-0.027841324130759085,-0.027841324130759085
6,1.0344554761968654,1.0344554761968654
