theta_x,theta_y
-3.141592653589793,-3.141592653589793
2.037103391049573,2.037103391049573
