theta_x,theta_y
-0.4394961448111928,-0.4394961448111928
3.040266810647213,3.040266810647213
-1.7807227026357701,-1.7807227026357701
2.5983402765233703,2.5983402765233703
-1.0544804407723103,-1.0544804407723103
