,theta_x,theta_y
0,-0.4394961448111928,-0.4394961448111928
1,3.040266810647213,3.040266810647213
2,-1.7807227026357701,-1.7807227026357701
3,2.5983402765233703,2.5983402765233703
4,-1.0544804407723103,-1.0544804407723103
