,theta_x,theta_y
0,0.8385679505263302,0.8385679505263302
1,0.05616742220166711,0.05616742220166711
2,-0.8544188016191427,-0.8544188016191427
3,-1.660400048500144,-1.660400048500144
4,3.141592653589793,3.141592653589793
5,1.0701881596826552,1.0701881596826552
