theta_x,theta_y
-2.8135841298924458,-2.8135841298924458
0.3991974945862062,0.3991974945862062
0.4981414610601715,0.4981414610601715
-0.1305424603757498,-0.1305424603757498
3.141592653589793,3.141592653589793
-1.8591950528661563,-1.8591950528661563
-2.730960194282875,-2.730960194282875
1.728237120599054,1.728237120599054
