,theta_x,theta_y
0,-0.2796013007072568,-0.2796013007072568
1,2.690456700515912,2.690456700515912
2,-2.033776586274004,-2.033776586274004
3,1.9102663349284432,1.9102663349284432
