theta_x,theta_y
-3.141592653589793,-3.141592653589793
3.0042039024210854,3.0042039024210854
