,theta_x,theta_y
0,-2.4162694256830974,-2.4162694256830974
1,0.6802073398643689,0.6802073398643689
2,0.6387847248326913,0.6387847248326913
3,1.3229509716983001,1.3229509716983001
4,-2.635636888394713,-2.635636888394713
5,0.8509382483023474,0.8509382483023474
6,0.23199902643167103,0.23199902643167103
7,-2.4054781528212135,-2.4054781528212135
8,-2.7460669751884907,-2.7460669751884907
9,0.47724363570850525,0.47724363570850525
