,theta_x,theta_y
0,1.0572388109839992,1.0572388109839992
1,1.0541534533470593,1.0541534533470593
2,1.0509804830567437,1.0509804830567437
3,1.0480500662035444,1.0480500662035444
4,-3.141592653589793,-3.141592653589793
5,1.051685430514601,1.051685430514601
6,1.0592947434533129,1.0592947434533129
7,-3.141592653589793,-3.141592653589793
8,-3.141592653589793,-3.141592653589793
9,1.0651440111726125,1.0651440111726125
