,theta_x,theta_y
0,1.910020211231394,1.910020211231394
1,-0.38102344802880267,-0.38102344802880267
2,1.073894959390918,1.073894959390918
3,0.4679727127422058,0.4679727127422058
4,-0.0626303837329229,-0.0626303837329229
5,0.27988639099247065,0.27988639099247065
6,-0.06041173031681235,-0.06041173031681235
7,0.6023891096270311,0.6023891096270311
8,-2.4910015750532417,-2.4910015750532417
9,-0.7847196148881475,-0.7847196148881475
