,theta_x,theta_y
0,-3.141592653589793,-3.141592653589793
1,-0.9169560950251836,-0.9169560950251836
2,1.8661130173058025,1.8661130173058025
3,-3.0985624453776657,-3.0985624453776657
