,theta_x,theta_y
0,-1.469166683369862,-1.469166683369862
1,-1.8303200150245758,-1.8303200150245758
2,2.216081761960071,2.216081761960071
3,-3.141592653589793,-3.141592653589793
4,1.452184554701547,1.452184554701547
5,1.0480270144649726,1.0480270144649726
6,-2.005231287112804,-2.005231287112804
7,-3.141592653589793,-3.141592653589793
