,theta_x,theta_y
0,0.7334171251003032,0.7334171251003032
1,0.6179748272756388,0.6179748272756388
2,0.6216951938616376,0.6216951938616376
