theta_x,theta_y
2.938118099684469,2.938118099684469
-0.15088643125607676,-0.15088643125607676
0.26732045337889937,0.26732045337889937
2.1434878715565757,2.1434878715565757
-0.4254079070715546,-0.4254079070715546
3.141592653589793,3.141592653589793
1.3367648064780153,1.3367648064780153
2.0075764221840378,2.0075764221840378
