,theta_x,theta_y
0,-1.5547307676257462,-1.5547307676257462
1,-1.5643544057534216,-1.5643544057534216
2,-1.57410426873065,-1.57410426873065
3,-1.5838846997922948,-1.5838846997922948
4,3.141592653589793,3.141592653589793
5,-1.608793127462179,-1.608793127462179
6,-1.6386381201414981,-1.6386381201414981
7,-1.66841887253915,-1.66841887253915
