theta_x,theta_y
-1.2739396751886116,-1.2739396751886116
-1.2987852319652842,-1.2987852319652842
2.29343086077422,2.29343086077422
-3.141592653589793,-3.141592653589793
1.6276117612249599,1.6276117612249599
1.6005193510666993,1.6005193510666993
-2.848206306314276,-2.848206306314276
-3.141592653589793,-3.141592653589793
-1.1908676032273016,-1.1908676032273016
0.9731157304635795,0.9731157304635795
