,theta_x,theta_y
0,-2.5014164058240334,-2.5014164058240334
1,0.451353293313468,0.451353293313468
2,2.3967175484413343,2.3967175484413343
3,0.42489427350442577,0.42489427350442577
