theta_x,theta_y
-2.5014164058240334,-2.5014164058240334
0.451353293313468,0.451353293313468
2.3967175484413343,2.3967175484413343
0.42489427350442577,0.42489427350442577
