,theta_x,theta_y
0,-1.311607935275004,-1.311607935275004
1,-1.6502655492850165,-1.6502655492850165
2,1.9053155044783963,1.9053155044783963
3,-3.141592653589793,-3.141592653589793
4,1.3435415759548985,1.3435415759548985
5,0.9096411251905024,0.9096411251905024
6,-2.778970914899941,-2.778970914899941
