,theta_x,theta_y
0,-0.7779849964496941,-0.7779849964496941
1,-1.8921148016904654,-1.8921148016904654
2,-1.6472317655468272,-1.6472317655468272
3,-1.090285960871213,-1.090285960871213
4,1.883617064640398,1.883617064640398
