,theta_x,theta_y
0,1.7222648757149637,1.7222648757149637
1,1.7237472452552998,1.7237472452552998
2,1.7105048231494813,1.7105048231494813
3,-3.141592653589793,-3.141592653589793
4,1.7294066402779589,1.7294066402779589
5,1.7524875206509594,1.7524875206509594
6,-3.141592653589793,-3.141592653589793
