,theta_x,theta_y
0,0.6600259452609056,0.6600259452609056
1,2.580208608527553,2.580208608527553
2,1.497387647028626,1.497387647028626
3,-1.4077302347449654,-1.4077302347449654
