,theta_x,theta_y
0,-0.014085793117942298,-0.014085793117942298
1,3.141592653589793,3.141592653589793
2,-2.567393932169311,-2.567393932169311
3,2.906984358050233,2.906984358050233
4,-1.6124495697860892,-1.6124495697860892
5,-0.42940611325104755,-0.42940611325104755
6,2.104861848116745,2.104861848116745
7,-0.4629989871079928,-0.4629989871079928
8,0.7687753301606116,0.7687753301606116
9,-3.141592653589793,-3.141592653589793
