,theta_x,theta_y
0,2.3777677066228358,2.3777677066228358
1,2.3015072746092096,2.3015072746092096
2,1.784191548844597,1.784191548844597
3,-2.8298510341009306,-2.8298510341009306
4,-3.141592653589793,-3.141592653589793
5,-0.344703769404055,-0.344703769404055
6,0.1454658593523711,0.1454658593523711
7,-3.1412955971618337,-3.1412955971618337
8,-3.141592653589793,-3.141592653589793
