theta_x,theta_y
-2.086118412550453,-2.086118412550453
3.063970391613854,3.063970391613854
0.6536307088867956,0.6536307088867956
-1.0731805942892507,-1.0731805942892507
-1.21603218301027,-1.21603218301027
3.141592653589793,3.141592653589793
0.7007578547754467,0.7007578547754467
