,theta_x,theta_y
0,-0.6848611834998296,-0.6848611834998296
1,2.910830016929674,2.910830016929674
2,-0.46649718138529117,-0.46649718138529117
3,2.022150331792998,2.022150331792998
