,theta_x,theta_y
0,0.4467743193078692,0.4467743193078692
1,0.3986800393660135,0.3986800393660135
2,0.5806757316065301,0.5806757316065301
3,0.2472341149356601,0.2472341149356601
