,theta_x,theta_y
0,-0.24649657004137404,-0.24649657004137404
1,3.141592653589793,3.141592653589793
2,-1.6025848080624037,-1.6025848080624037
3,3.141592653589793,3.141592653589793
4,-1.0156277072439508,-1.0156277072439508
5,-0.6522906130387984,-0.6522906130387984
6,2.6125298918561928,2.6125298918561928
7,-0.7263968597115348,-0.7263968597115348
8,-0.03979812584648266,-0.03979812584648266
9,-2.265913088890866,-2.265913088890866
