,theta_x,theta_y
0,2.290284004734803,2.290284004734803
1,-0.9275567186401399,-0.9275567186401399
