,theta_x,theta_y
0,1.3943262873226634,1.3943262873226634
1,-0.2630959530146243,-0.2630959530146243
2,0.006007607011204853,0.006007607011204853
3,1.550296347799623,1.550296347799623
4,2.348427279104581,2.348427279104581
5,2.4079277736900346,2.4079277736900346
