theta_x,theta_y
2.979121191422627,2.979121191422627
-2.3184712824599547,-2.3184712824599547
2.456631145790026,2.456631145790026
-2.2552532313730707,-2.2552532313730707
2.5548541473647988,2.5548541473647988
0.7224471086317511,0.7224471086317511
3.1328141301522043,3.1328141301522043
3.141592653589793,3.141592653589793
3.141592653589793,3.141592653589793
