,theta_x,theta_y
0,1.3547326948604992,1.3547326948604992
1,1.2834510890269033,1.2834510890269033
2,1.2022540835193731,1.2022540835193731
3,1.1225970058984418,1.1225970058984418
4,-3.141592653589793,-3.141592653589793
