,theta_x,theta_y
0,1.8090133256705625,1.8090133256705625
1,1.456394722781183,1.456394722781183
2,0.7763851551121652,0.7763851551121652
