,theta_x,theta_y
0,1.8462069765872267,1.8462069765872267
1,1.5004887736449448,1.5004887736449448
2,-0.056582201111643526,-0.056582201111643526
3,-0.7783400508596805,-0.7783400508596805
4,-2.4888127542594907,-2.4888127542594907
