,theta_x,theta_y
0,-2.6287325536747166,-2.6287325536747166
1,-2.543895118588631,-2.543895118588631
2,2.5516495213306873,2.5516495213306873
3,2.0511680519594155,2.0511680519594155
4,-3.141592653589793,-3.141592653589793
5,0.7314499693949499,0.7314499693949499
6,1.1182875619333386,1.1182875619333386
7,-3.1237468293481276,-3.1237468293481276
8,2.0227374247473615,2.0227374247473615
9,-3.141592653589793,-3.141592653589793
