,theta_x,theta_y
0,2.074150472218628,2.074150472218628
1,2.664725125106303,2.664725125106303
2,-0.033660843360075465,-0.033660843360075465
3,1.7864212173452625,1.7864212173452625
4,-0.36179452602380935,-0.36179452602380935
