,theta_x,theta_y
0,0.0395224132717667,0.0395224132717667
1,2.6233721033735256,2.6233721033735256
2,1.7097864032777765,1.7097864032777765
3,-1.2777810384473045,-1.2777810384473045
4,-1.0808530530872376,-1.0808530530872376
5,2.534546064205467,2.534546064205467
6,-2.762424034615425,-2.762424034615425
7,1.3643439303185072,1.3643439303185072
