theta_x,theta_y
3.141592653589793,3.141592653589793
0.9797888985079556,0.9797888985079556
3.141592653589793,3.141592653589793
