,theta_x,theta_y
0,0.7649300574702952,0.7649300574702952
1,0.5663478664948359,0.5663478664948359
2,0.6230548748571975,0.6230548748571975
3,-0.18876767267582084,-0.18876767267582084
4,0.22121842755355486,0.22121842755355486
5,0.08121577834470575,0.08121577834470575
6,-0.27796452961733553,-0.27796452961733553
7,-2.8072619245067223,-2.8072619245067223
8,-0.3519631191360651,-0.3519631191360651
