theta_x,theta_y
2.0430540070348533,2.0430540070348533
-1.2127255819089693,-1.2127255819089693
0.37249150264450126,0.37249150264450126
