,theta_x,theta_y
0,3.141592653589793,3.141592653589793
1,-0.05487783805493535,-0.05487783805493535
2,3.141592653589793,3.141592653589793
3,-2.647319722320112,-2.647319722320112
4,1.0068093151529964,1.0068093151529964
5,-0.18804654214977307,-0.18804654214977307
