theta_x,theta_y
-1.0114407437906632,-1.0114407437906632
-1.4282845406198426,-1.4282845406198426
2.5666922211618757,2.5666922211618757
-1.3999093215805167,-1.3999093215805167
-1.4922516816020195,-1.4922516816020195
-1.0361155419376527,-1.0361155419376527
-2.1306337285697534,-2.1306337285697534
