theta_x,theta_y
1.7001794222013784,1.7001794222013784
-0.7100390258623708,-0.7100390258623708
0.525504085641573,0.525504085641573
1.0601539270823024,1.0601539270823024
0.9426822695521899,0.9426822695521899
