,theta_x,theta_y
0,1.9733709530777999,1.9733709530777999
1,1.9108896160557411,1.9108896160557411
2,-3.141592653589793,-3.141592653589793
3,1.9158032575895378,1.9158032575895378
4,-3.141592653589793,-3.141592653589793
5,2.0584304414642247,2.0584304414642247
6,2.200495323260262,2.200495323260262
