,theta_x,theta_y
0,2.1551639285133626,2.1551639285133626
1,-1.4639225164982512,-1.4639225164982512
2,0.885145209696395,0.885145209696395
3,1.4148044271763527,1.4148044271763527
4,0.9482337643815275,0.9482337643815275
5,2.2989802073404397,2.2989802073404397
6,2.3699833573403604,2.3699833573403604
7,3.064680422365409,3.064680422365409
8,-2.660625466781865,-2.660625466781865
9,-0.9924655050430046,-0.9924655050430046
