,theta_x,theta_y
0,1.2018252009930193,1.2018252009930193
1,-0.15560331408601952,-0.15560331408601952
2,-0.12130743897301796,-0.12130743897301796
3,-1.094871926951999,-1.094871926951999
4,-3.130263978495101,-3.130263978495101
5,1.0412543304644117,1.0412543304644117
6,0.011845803665170879,0.011845803665170879
7,-3.141592653589793,-3.141592653589793
8,-3.066354834208354,-3.066354834208354
9,3.141592653589793,3.141592653589793
