,theta_x,theta_y
0,1.3757151522498645,1.3757151522498645
1,0.5694814354344585,0.5694814354344585
2,0.5704692377457168,0.5704692377457168
3,0.49173228923976847,0.49173228923976847
4,1.2117849404299426,1.2117849404299426
5,0.7814584532951603,0.7814584532951603
6,0.7504127441701858,0.7504127441701858
7,0.010411377093722286,0.010411377093722286
8,0.22604367808733944,0.22604367808733944
