theta_x,theta_y
0.7238240117881936,0.7238240117881936
-0.30490510626524653,-0.30490510626524653
-1.036049999370125,-1.036049999370125
-1.6125858736172807,-1.6125858736172807
3.141592653589793,3.141592653589793
0.6746506885600249,0.6746506885600249
0.7883231442305378,0.7883231442305378
-1.7392166453647242,-1.7392166453647242
0.7833481925129007,0.7833481925129007
