,theta_x,theta_y
0,-1.3624703685600275,-1.3624703685600275
1,-1.5198334285527706,-1.5198334285527706
2,1.9622002089127515,1.9622002089127515
3,-3.141592653589793,-3.141592653589793
4,1.2657236503565468,1.2657236503565468
5,1.2927546546103146,1.2927546546103146
