,theta_x,theta_y
0,0.7283367379804964,0.7283367379804964
1,-1.426990181397335,-1.426990181397335
2,-1.2794724789071596,-1.2794724789071596
3,-1.2169409131709557,-1.2169409131709557
4,3.0068190870734655,3.0068190870734655
5,1.6770148758372885,1.6770148758372885
6,1.844166118485894,1.844166118485894
7,-1.7828426102647563,-1.7828426102647563
8,1.810497977879767,1.810497977879767
9,-3.141592653589793,-3.141592653589793
