theta_x,theta_y
-0.16599201130122054,-0.16599201130122054
3.141592653589793,3.141592653589793
-2.573614561404293,-2.573614561404293
2.9624322234371423,2.9624322234371423
-1.6786341802413496,-1.6786341802413496
-0.3516123179233049,-0.3516123179233049
2.0047930988558718,2.0047930988558718
-0.3593741708418623,-0.3593741708418623
