,theta_x,theta_y
0,1.0107413004910166,1.0107413004910166
1,1.0391306908307354,1.0391306908307354
2,0.9859321461528052,0.9859321461528052
3,-3.141592653589793,-3.141592653589793
4,0.9861025523825152,0.9861025523825152
5,1.0044960619696066,1.0044960619696066
6,0.9888266484953052,0.9888266484953052
