theta_x,theta_y
0.7352532090160135,0.7352532090160135
-1.427739892782675,-1.427739892782675
-2.2919893844941743,-2.2919893844941743
-2.533871927762983,-2.533871927762983
2.4853318559210438,2.4853318559210438
2.8957667853194065,2.8957667853194065
0.8329097351896735,0.8329097351896735
1.3723751007067932,1.3723751007067932
