,theta_x,theta_y
0,1.1366283691402512,1.1366283691402512
1,2.635943223752657,2.635943223752657
2,1.9252210993473484,1.9252210993473484
3,-2.0546026393073538,-2.0546026393073538
4,-1.6447478300120695,-1.6447478300120695
5,2.4328462368512747,2.4328462368512747
6,-3.141592653589793,-3.141592653589793
7,2.093425627521216,2.093425627521216
