,theta_x,theta_y
0,-0.7761877605159136,-0.7761877605159136
1,0.04292764353426061,0.04292764353426061
2,2.593319867737522,2.593319867737522
3,-2.931586211134836,-2.931586211134836
4,2.505074468347524,2.505074468347524
5,1.622066380841011,1.622066380841011
6,-3.141592653589793,-3.141592653589793
7,-3.141592653589793,-3.141592653589793
8,-2.5336492268780244,-2.5336492268780244
9,1.3014406863837096,1.3014406863837096
