,theta_x,theta_y
0,-1.4113879702704613,-1.4113879702704613
