,theta_x,theta_y
0,-0.5074368389313477,-0.5074368389313477
1,3.107026695378621,3.107026695378621
2,-0.859096133676229,-0.859096133676229
3,2.543112816383274,2.543112816383274
4,-0.5981683776380726,-0.5981683776380726
5,-1.2407842120160646,-1.2407842120160646
6,1.9063170363098247,1.9063170363098247
7,-1.2850464963747092,-1.2850464963747092
8,-1.3078001732207387,-1.3078001732207387
9,-1.774497101411462,-1.774497101411462
