,theta_x,theta_y
0,-3.141592653589793,-3.141592653589793
1,-0.11585198417211756,-0.11585198417211756
2,1.1716834940958794,1.1716834940958794
3,-0.8314193996735159,-0.8314193996735159
4,-2.9148803207439284,-2.9148803207439284
