,theta_x,theta_y
0,2.5039474895264586,2.5039474895264586
1,0.2642185454119171,0.2642185454119171
2,2.7535012691384257,2.7535012691384257
3,-2.4712119910470345,-2.4712119910470345
4,0.6012771050664862,0.6012771050664862
5,-0.46961023304950833,-0.46961023304950833
