,theta_x,theta_y
0,0.10700336000314215,0.10700336000314215
1,2.4251235273162393,2.4251235273162393
2,-1.1714201952449066,-1.1714201952449066
3,2.333110804669351,2.333110804669351
4,-0.3133600807070356,-0.3133600807070356
5,-0.44935541701791437,-0.44935541701791437
6,0.7009311921006793,0.7009311921006793
7,-0.6880741499339434,-0.6880741499339434
8,-0.3036829365002653,-0.3036829365002653
