,theta_x,theta_y
0,3.141592653589793,3.141592653589793
1,2.4641696202101127,2.4641696202101127
2,1.938108470899881,1.938108470899881
3,-1.6496170064886404,-1.6496170064886404
4,-3.141592653589793,-3.141592653589793
5,0.6547980626246848,0.6547980626246848
6,0.7550885437766677,0.7550885437766677
7,-3.141592653589793,-3.141592653589793
