theta_x,theta_y
-0.17441904887124082,-0.17441904887124082
3.141592653589793,3.141592653589793
-0.9192512649205189,-0.9192512649205189
3.141592653589793,3.141592653589793
-0.9016603387064333,-0.9016603387064333
