theta_x,theta_y
-0.5836637236395916,-0.5836637236395916
3.141592653589793,3.141592653589793
-2.377849445116269,-2.377849445116269
3.135229451624083,3.135229451624083
