theta_x,theta_y
-3.141592653589793,-3.141592653589793
-3.141592653589793,-3.141592653589793
2.626115659414703,2.626115659414703
-1.705367669917063,-1.705367669917063
