,theta_x,theta_y
0,-0.973100462092377,-0.973100462092377
1,3.141592653589793,3.141592653589793
2,-1.872756781673684,-1.872756781673684
3,2.7287387862032775,2.7287387862032775
4,1.7801155093789711,1.7801155093789711
5,0.7727222268856074,0.7727222268856074
