,theta_x,theta_y
0,3.141592653589793,3.141592653589793
1,-0.9065870271766837,-0.9065870271766837
2,3.141592653589793,3.141592653589793
3,-0.9252820950197042,-0.9252820950197042
4,-0.971395989297695,-0.971395989297695
5,-1.0174504534148687,-1.0174504534148687
6,3.141592653589793,3.141592653589793
7,-1.0462656232067786,-1.0462656232067786
8,3.141592653589793,3.141592653589793
9,-1.083075922893696,-1.083075922893696
