,theta_x,theta_y
0,-0.798741294935674,-0.798741294935674
1,2.6366828564423908,2.6366828564423908
2,-0.9582420735016263,-0.9582420735016263
3,1.6322755796541244,1.6322755796541244
4,1.7079309499544972,1.7079309499544972
