,theta_x,theta_y
0,2.7991172789099332,2.7991172789099332
1,-0.5337609034665486,-0.5337609034665486
2,-1.0990971310403395,-1.0990971310403395
3,2.812006614688718,2.812006614688718
4,1.5225733152791212,1.5225733152791212
5,3.0253049080436702,3.0253049080436702
