,theta_x,theta_y
0,-1.5045806325939284,-1.5045806325939284
1,-3.141592653589793,-3.141592653589793
2,2.23899028144589,2.23899028144589
3,0.13022533105280848,0.13022533105280848
4,-3.141592653589793,-3.141592653589793
5,-2.6290652474867464,-2.6290652474867464
6,-1.694361293817436,-1.694361293817436
7,-2.5151743488365534,-2.5151743488365534
