,theta_x,theta_y
0,1.655849511068378,1.655849511068378
1,1.8046909224422722,1.8046909224422722
2,-3.141592653589793,-3.141592653589793
3,1.1791236921290187,1.1791236921290187
