,theta_x,theta_y
0,-1.50563491626082,-1.50563491626082
1,3.141592653589793,3.141592653589793
2,-1.4957143895004144,-1.4957143895004144
3,3.141592653589793,3.141592653589793
4,-1.4983504638123046,-1.4983504638123046
5,-1.5360235497769936,-1.5360235497769936
6,3.141592653589793,3.141592653589793
7,-1.5514495888009268,-1.5514495888009268
8,-1.6023803699638994,-1.6023803699638994
