theta_x,theta_y
0.8715542710360801,0.8715542710360801
2.0349255055929936,2.0349255055929936
-0.6843697680492457,-0.6843697680492457
-0.7764491881463857,-0.7764491881463857
