theta_x,theta_y
-0.2353004764513854,-0.2353004764513854
-0.29713167351841674,-0.29713167351841674
