,theta_x,theta_y
0,1.2004357319601837,1.2004357319601837
1,0.8563586711906923,0.8563586711906923
2,-0.013488906300123171,-0.013488906300123171
3,0.6629866743159216,0.6629866743159216
4,0.38397501977399284,0.38397501977399284
5,0.12623774969350143,0.12623774969350143
6,-0.027626464214676016,-0.027626464214676016
7,-0.11436645545632727,-0.11436645545632727
8,-0.15984474889035655,-0.15984474889035655
9,-2.9260696183016512,-2.9260696183016512
