,theta_x,theta_y
0,-1.7783543160625628,-1.7783543160625628
1,-2.5562318497253083,-2.5562318497253083
2,1.5915443140345658,1.5915443140345658
3,-0.5522050696593809,-0.5522050696593809
4,-2.6828703418630697,-2.6828703418630697
5,-1.2108305575666103,-1.2108305575666103
6,-2.5245583110557264,-2.5245583110557264
7,-1.614240379191521,-1.614240379191521
8,1.3118689327694666,1.3118689327694666
