,theta_x,theta_y
0,3.141592653589793,3.141592653589793
1,-1.047027276832481,-1.047027276832481
2,-2.158727519218877,-2.158727519218877
3,-2.923929854509366,-2.923929854509366
4,2.9747396199742893,2.9747396199742893
5,2.8455973350087094,2.8455973350087094
