theta_x,theta_y
2.097460070341991,2.097460070341991
-1.3080329973020148,-1.3080329973020148
0.7827037017124319,0.7827037017124319
