,theta_x,theta_y
0,-3.141592653589793,-3.141592653589793
1,1.2327568407840854,1.2327568407840854
2,-2.468377798587366,-2.468377798587366
3,2.164911209240673,2.164911209240673
4,1.5892495019531307,1.5892495019531307
5,0.3418664626050943,0.3418664626050943
6,2.399720051713772,2.399720051713772
