,theta_x,theta_y
0,-2.2751629448443094,-2.2751629448443094
1,-2.8501493975745937,-2.8501493975745937
2,-2.7173053118678276,-2.7173053118678276
3,-0.573175226960482,-0.573175226960482
4,2.443118968499127,2.443118968499127
5,-2.7674170453352556,-2.7674170453352556
6,2.657297968202717,2.657297968202717
