,theta_x,theta_y
0,0.06868705564763089,0.06868705564763089
1,-0.01299826303251832,-0.01299826303251832
2,-0.023301149233249385,-0.023301149233249385
3,-0.23319518321522167,-0.23319518321522167
4,-0.04446575609201544,-0.04446575609201544
5,-0.32518802946395997,-0.32518802946395997
