theta_x,theta_y
0.8648303742592756,0.8648303742592756
-1.3307857582605653,-1.3307857582605653
-2.8368593985735227,-2.8368593985735227
-3.089689141802467,-3.089689141802467
1.9369765763992015,1.9369765763992015
2.4472197057744447,2.4472197057744447
0.7855830640105456,0.7855830640105456
