,theta_x,theta_y
0,2.6991213818738427,2.6991213818738427
1,0.1713967703323146,0.1713967703323146
