,theta_x,theta_y
0,-2.3592886137549005,-2.3592886137549005
1,2.964700301486595,2.964700301486595
2,-1.9475934648501712,-1.9475934648501712
