theta_x,theta_y
1.4454783727459415,1.4454783727459415
-0.7185091581231242,-0.7185091581231242
0.13453810394067173,0.13453810394067173
1.2532264838351976,1.2532264838351976
