,theta_x,theta_y
0,0.5354700660580342,0.5354700660580342
1,3.141592653589793,3.141592653589793
2,-2.7579643397787548,-2.7579643397787548
3,2.42131400497722,2.42131400497722
4,-3.141592653589793,-3.141592653589793
5,0.06265510932712026,0.06265510932712026
6,2.9833556274988826,2.9833556274988826
7,0.07054424728472021,0.07054424728472021
8,1.7375938868265954,1.7375938868265954
