,theta_x,theta_y
0,-3.0237352052069233,-3.0237352052069233
1,-1.2620028027426953,-1.2620028027426953
2,1.4020331971431799,1.4020331971431799
3,0.8451367061918044,0.8451367061918044
4,-2.9634000658010087,-2.9634000658010087
5,0.31318200092109233,0.31318200092109233
6,0.2832513896232338,0.2832513896232338
7,-2.2976532755481993,-2.2976532755481993
8,1.1311729964575585,1.1311729964575585
