,theta_x,theta_y
0,-1.2559503132015992,-1.2559503132015992
1,3.0978212204664053,3.0978212204664053
2,-2.193321336956191,-2.193321336956191
3,2.4859333964775656,2.4859333964775656
4,2.429439515465437,2.429439515465437
5,-0.5730737079617257,-0.5730737079617257
6,0.19485410553851934,0.19485410553851934
7,-1.6342495300691002,-1.6342495300691002
8,-3.141592653589793,-3.141592653589793
