theta_x,theta_y
-1.7817255736065867,-1.7817255736065867
-2.203264604624525,-2.203264604624525
2.693772459780335,2.693772459780335
-2.7450692283734446,-2.7450692283734446
1.4436954511278122,1.4436954511278122
1.824878199882022,1.824878199882022
-1.6250900951091496,-1.6250900951091496
