theta_x,theta_y
1.3869423309464104,1.3869423309464104
-2.607807757705119,-2.607807757705119
2.8538491645514608,2.8538491645514608
-3.141592653589793,-3.141592653589793
-3.141592653589793,-3.141592653589793
