,theta_x,theta_y
0,0.3803322018972589,0.3803322018972589
1,-0.8916482043065881,-0.8916482043065881
2,-3.076810620512785,-3.076810620512785
3,-3.141592653589793,-3.141592653589793
