theta_x,theta_y
0.07230199614054517,0.07230199614054517
2.9745432803026866,2.9745432803026866
-0.04665682417772345,-0.04665682417772345
1.3442349404164124,1.3442349404164124
0.8352129387013281,0.8352129387013281
-0.40978434620878745,-0.40978434620878745
