theta_x,theta_y
1.3772569944935222,1.3772569944935222
1.941596523055898,1.941596523055898
-0.07611677496865682,-0.07611677496865682
0.026692788354100494,0.026692788354100494
0.23510071837292046,0.23510071837292046
1.49246507017615,1.49246507017615
-3.0293482668549325,-3.0293482668549325
0.21043394932688086,0.21043394932688086
