,theta_x,theta_y
0,2.7606164141641805,2.7606164141641805
1,2.3527972357837754,2.3527972357837754
