,theta_x,theta_y
0,-3.141592653589793,-3.141592653589793
1,-2.251882396397295,-2.251882396397295
2,1.705488459334462,1.705488459334462
