,theta_x,theta_y
0,0.4237703861262507,0.4237703861262507
1,-1.4510355264262949,-1.4510355264262949
2,-3.055951962084362,-3.055951962084362
3,-3.141592653589793,-3.141592653589793
4,2.387210732532869,2.387210732532869
5,3.0658162287906743,3.0658162287906743
6,1.6979183933954904,1.6979183933954904
