,theta_x,theta_y
0,0.11185570505293105,0.11185570505293105
1,-1.0818984570159065,-1.0818984570159065
2,-0.8349511560338864,-0.8349511560338864
3,-0.68053534131322,-0.68053534131322
4,3.0607496546464623,3.0607496546464623
5,0.7458927259868057,0.7458927259868057
