theta_x,theta_y
-0.5991505573724925,-0.5991505573724925
3.141592653589793,3.141592653589793
-2.7907476671801486,-2.7907476671801486
