,theta_x,theta_y
0,-0.5991505573724925,-0.5991505573724925
1,3.141592653589793,3.141592653589793
2,-2.7907476671801486,-2.7907476671801486
