,theta_x,theta_y
0,-3.141592653589793,-3.141592653589793
1,-3.141592653589793,-3.141592653589793
2,2.6627658902949274,2.6627658902949274
3,-3.141592653589793,-3.141592653589793
