theta_x,theta_y
-0.27251346526237274,-0.27251346526237274
3.141592653589793,3.141592653589793
-1.4338742859048261,-1.4338742859048261
2.8323949787755596,2.8323949787755596
-0.7135049649944442,-0.7135049649944442
-0.7517854752064894,-0.7517854752064894
