,theta_x,theta_y
0,2.199792267547155,2.199792267547155
1,-1.5834074940724123,-1.5834074940724123
2,0.41709672126366526,0.41709672126366526
3,1.4784358402355529,1.4784358402355529
4,0.32556506476387265,0.32556506476387265
5,2.847115369897224,2.847115369897224
6,1.7595821421227091,1.7595821421227091
