,theta_x,theta_y
0,1.844113243871263,1.844113243871263
