theta_x,theta_y
1.6871979248409135,1.6871979248409135
