,theta_x,theta_y
0,-1.958060588639737,-1.958060588639737
1,-2.0744626245803923,-2.0744626245803923
2,2.4366439723367765,2.4366439723367765
3,0.7162071692118067,0.7162071692118067
4,-2.306710049957645,-2.306710049957645
5,-0.7700034195724712,-0.7700034195724712
6,-0.8600731214133187,-0.8600731214133187
7,-2.425684903291113,-2.425684903291113
8,1.6421186721024386,1.6421186721024386
9,-2.39188861617428,-2.39188861617428
