,theta_x,theta_y
0,-0.2279987808192151,-0.2279987808192151
1,-0.3637943989014699,-0.3637943989014699
2,-0.5949531819864853,-0.5949531819864853
3,-0.7666970803086429,-0.7666970803086429
4,3.141592653589793,3.141592653589793
5,-0.9201865650788961,-0.9201865650788961
6,-1.0940897163856926,-1.0940897163856926
7,-0.9883571351758621,-0.9883571351758621
8,-1.1747625553606444,-1.1747625553606444
9,-0.6536098021502146,-0.6536098021502146
