,theta_x,theta_y
0,1.5438884150981294,1.5438884150981294
1,1.116939363782123,1.116939363782123
2,0.5606684393866243,0.5606684393866243
3,-1.0095604831639615,-1.0095604831639615
4,-3.141592653589793,-3.141592653589793
5,0.09687450722440688,0.09687450722440688
6,-0.36649962884852777,-0.36649962884852777
7,-3.141592653589793,-3.141592653589793
