,theta_x,theta_y
0,-1.6250645970807773,-1.6250645970807773
1,2.844566019426586,2.844566019426586
