,theta_x,theta_y
0,2.569263279426808,2.569263279426808
1,-3.141592653589793,-3.141592653589793
2,-3.141592653589793,-3.141592653589793
3,-3.141592653589793,-3.141592653589793
