,theta_x,theta_y
0,-0.282785549642851,-0.282785549642851
1,2.865228053559478,2.865228053559478
2,-3.0562865387440676,-3.0562865387440676
3,1.9595959476400815,1.9595959476400815
4,-0.5152675513591973,-0.5152675513591973
5,0.24795044158037985,0.24795044158037985
6,1.1357994087425187,1.1357994087425187
7,-0.3602608821704001,-0.3602608821704001
8,-0.22579389877613573,-0.22579389877613573
9,-2.337121867938135,-2.337121867938135
