theta_x,theta_y
0.3011093631064609,0.3011093631064609
3.1190437429666935,3.1190437429666935
-2.495528047232087,-2.495528047232087
2.149978627660777,2.149978627660777
-0.8340869579056144,-0.8340869579056144
0.451741495458064,0.451741495458064
1.5688582000848672,1.5688582000848672
-0.07579691164204719,-0.07579691164204719
0.069113612472043,0.069113612472043
-2.521724732699324,-2.521724732699324
