theta_x,theta_y
2.622588532962127,2.622588532962127
0.2299903078731757,0.2299903078731757
2.8259747760141987,2.8259747760141987
-2.4990004940690174,-2.4990004940690174
