,theta_x,theta_y
0,2.622588532962127,2.622588532962127
1,0.2299903078731757,0.2299903078731757
2,2.8259747760141987,2.8259747760141987
3,-2.4990004940690174,-2.4990004940690174
