,theta_x,theta_y
0,2.479274274193025,2.479274274193025
1,0.4262476898114236,0.4262476898114236
2,2.7088354370646104,2.7088354370646104
3,-2.280619139180528,-2.280619139180528
