theta_x,theta_y
0.9910934477725987,0.9910934477725987
0.979598539629175,0.979598539629175
0.9678528695737396,0.9678528695737396
0.9560158827566496,0.9560158827566496
0.9453694178146639,0.9453694178146639
0.9360632671785133,0.9360632671785133
0.9258785984666624,0.9258785984666624
0.9157711000922885,0.9157711000922885
-3.141592653589793,-3.141592653589793
