,theta_x,theta_y
0,2.162419525493123,2.162419525493123
1,2.119171896722337,2.119171896722337
2,2.112177525699507,2.112177525699507
3,-3.141592653589793,-3.141592653589793
4,-3.141592653589793,-3.141592653589793
5,2.073367891927023,2.073367891927023
6,-3.141592653589793,-3.141592653589793
7,2.0794647326287623,2.0794647326287623
8,2.10578169475278,2.10578169475278
