,theta_x,theta_y
0,-2.442916593472615,-2.442916593472615
1,2.5148748041010194,2.5148748041010194
2,-2.8886652711848777,-2.8886652711848777
3,2.5429854132987346,2.5429854132987346
4,2.305382227039237,2.305382227039237
