theta_x,theta_y
-0.9373509728959004,-0.9373509728959004
3.141592653589793,3.141592653589793
-0.9659789513680505,-0.9659789513680505
3.141592653589793,3.141592653589793
-1.021377877345781,-1.021377877345781
