,theta_x,theta_y
0,0.8279655380127138,0.8279655380127138
1,1.7434015336426458,1.7434015336426458
2,1.1233415657284445,1.1233415657284445
3,-1.3855619179386491,-1.3855619179386491
4,-0.5563072124031809,-0.5563072124031809
5,1.568004592032481,1.568004592032481
6,-3.141592653589793,-3.141592653589793
7,1.3983627144403976,1.3983627144403976
8,1.5864251851413402,1.5864251851413402
