,theta_x,theta_y
0,0.44388520965218703,0.44388520965218703
1,2.8463744329373055,2.8463744329373055
2,0.5552104765066428,0.5552104765066428
