,theta_x,theta_y
0,0.7224525015384992,0.7224525015384992
1,-2.1818976843590594,-2.1818976843590594
2,-2.643256862477599,-2.643256862477599
3,-3.0745238937490282,-3.0745238937490282
4,2.4662936919522793,2.4662936919522793
5,2.0831208620328328,2.0831208620328328
6,1.1581325520628931,1.1581325520628931
7,0.9890412236306545,0.9890412236306545
8,0.021731302026770462,0.021731302026770462
