theta_x,theta_y
-1.6324013862017124,-1.6324013862017124
-1.778244764702943,-1.778244764702943
