,theta_x,theta_y
0,-1.8155242464436823,-1.8155242464436823
