,theta_x,theta_y
0,-3.141592653589793,-3.141592653589793
1,0.990645839774808,0.990645839774808
2,0.9918651043023031,0.9918651043023031
3,1.0089519214774627,1.0089519214774627
4,0.9612625618377417,0.9612625618377417
5,1.0346595405799472,1.0346595405799472
6,1.037408172250942,1.037408172250942
7,0.9554625916446915,0.9554625916446915
8,1.0231736702969128,1.0231736702969128
