,theta_x,theta_y
0,-3.141592653589793,-3.141592653589793
1,-0.9811771082874644,-0.9811771082874644
2,1.332759476895277,1.332759476895277
3,-0.16097928468290873,-0.16097928468290873
4,-3.02442223737355,-3.02442223737355
