theta_x,theta_y
-1.5316946992924612,-1.5316946992924612
-1.5458336038698923,-1.5458336038698923
-1.5599794726720495,-1.5599794726720495
-1.5734634041704403,-1.5734634041704403
3.141592653589793,3.141592653589793
3.141592653589793,3.141592653589793
-1.5436049431124665,-1.5436049431124665
-1.5834518429027025,-1.5834518429027025
-1.6211229827313864,-1.6211229827313864
