theta_x,theta_y
2.4689867164975285,2.4689867164975285
-2.037975847941765,-2.037975847941765
2.7519034728952994,2.7519034728952994
-0.07522503869897063,-0.07522503869897063
2.8331618602210096,2.8331618602210096
-3.141592653589793,-3.141592653589793
