,theta_x,theta_y
0,2.4689867164975285,2.4689867164975285
1,-2.037975847941765,-2.037975847941765
2,2.7519034728952994,2.7519034728952994
3,-0.07522503869897063,-0.07522503869897063
4,2.8331618602210096,2.8331618602210096
5,-3.141592653589793,-3.141592653589793
