theta_x,theta_y
-2.1996459911052155,-2.1996459911052155
-2.667724270198325,-2.667724270198325
2.877065296619058,2.877065296619058
0.44010474015187023,0.44010474015187023
-2.501802863238092,-2.501802863238092
-1.5956285652869937,-1.5956285652869937
