,theta_x,theta_y
0,-1.4209335152147662,-1.4209335152147662
1,-1.3317562275017736,-1.3317562275017736
2,2.131581744887987,2.131581744887987
3,-0.5042858571369062,-0.5042858571369062
4,-1.7942798083977278,-1.7942798083977278
5,-1.192414570499064,-1.192414570499064
6,-1.376111460659318,-1.376111460659318
7,-2.283325172369815,-2.283325172369815
