,theta_x,theta_y
0,0.751024661492172,0.751024661492172
1,0.7343102186216939,0.7343102186216939
2,0.7203804259683056,0.7203804259683056
3,0.7337952004723393,0.7337952004723393
