theta_x,theta_y
1.0052892291142297,1.0052892291142297
1.201706631693222,1.201706631693222
-3.141592653589793,-3.141592653589793
-3.141592653589793,-3.141592653589793
0.968613183567186,0.968613183567186
