theta_x,theta_y
1.4969141044409449,1.4969141044409449
1.27574011655891,1.27574011655891
1.085983761250606,1.085983761250606
0.9192606808052237,0.9192606808052237
0.7654330811421202,0.7654330811421202
