,theta_x,theta_y
0,1.4969141044409449,1.4969141044409449
1,1.27574011655891,1.27574011655891
2,1.085983761250606,1.085983761250606
3,0.9192606808052237,0.9192606808052237
4,0.7654330811421202,0.7654330811421202
