,theta_x,theta_y
0,0.8902606758955358,0.8902606758955358
1,0.6384422752534274,0.6384422752534274
2,-3.0292576646660208,-3.0292576646660208
