theta_x,theta_y
-1.700272104371165,-1.700272104371165
