,theta_x,theta_y
0,-1.700272104371165,-1.700272104371165
