,theta_x,theta_y
0,-3.141592653589793,-3.141592653589793
1,0.8483625895823764,0.8483625895823764
2,1.1160774299647453,1.1160774299647453
3,1.1553049861147662,1.1553049861147662
4,-3.141592653589793,-3.141592653589793
