,theta_x,theta_y
0,-3.141592653589793,-3.141592653589793
1,-2.439941115244871,-2.439941115244871
2,3.141592653589793,3.141592653589793
3,-0.7604512743571352,-0.7604512743571352
