,theta_x,theta_y
0,-2.2383609701538245,-2.2383609701538245
1,-3.141592653589793,-3.141592653589793
2,2.3890823698681887,2.3890823698681887
3,0.6533731641664449,0.6533731641664449
4,-3.141592653589793,-3.141592653589793
5,-2.3059939624220918,-2.3059939624220918
6,-0.5662891666410048,-0.5662891666410048
7,-2.5441735391577285,-2.5441735391577285
8,2.12229884450572,2.12229884450572
9,-2.23388886262005,-2.23388886262005
