theta_x,theta_y
2.7507142630481765,2.7507142630481765
