,theta_x,theta_y
0,2.7838036127885077,2.7838036127885077
1,0.07117311340949772,0.07117311340949772
2,2.9923274543394056,2.9923274543394056
3,-2.6336849359581276,-2.6336849359581276
4,0.6745365862312105,0.6745365862312105
5,-0.7760576782802868,-0.7760576782802868
6,1.8969012279530073,1.8969012279530073
