,theta_x,theta_y
0,-0.38852163304689613,-0.38852163304689613
1,-0.4463601375724246,-0.4463601375724246
2,-0.565476489980582,-0.565476489980582
3,-0.5348867594680874,-0.5348867594680874
4,-0.5453627329626282,-0.5453627329626282
5,-0.5841453424827165,-0.5841453424827165
6,-0.6038611983872559,-0.6038611983872559
7,-0.5694138118351348,-0.5694138118351348
8,-0.542737605890719,-0.542737605890719
9,3.141592653589793,3.141592653589793
