theta_x,theta_y
-0.38852163304689613,-0.38852163304689613
-0.4463601375724246,-0.4463601375724246
-0.565476489980582,-0.565476489980582
-0.5348867594680874,-0.5348867594680874
-0.5453627329626282,-0.5453627329626282
-0.5841453424827165,-0.5841453424827165
-0.6038611983872559,-0.6038611983872559
-0.5694138118351348,-0.5694138118351348
-0.542737605890719,-0.542737605890719
3.141592653589793,3.141592653589793
