,theta_x,theta_y
0,-2.4226570442708346,-2.4226570442708346
1,0.8820223215465399,0.8820223215465399
2,2.092077512152713,2.092077512152713
3,0.4270163079007582,0.4270163079007582
4,-1.8202149655006277,-1.8202149655006277
