,theta_x,theta_y
0,-2.4837450412691067,-2.4837450412691067
