,theta_x,theta_y
0,-2.6874006615683776,-2.6874006615683776
1,-1.658435368158204,-1.658435368158204
2,1.7724557974725188,1.7724557974725188
3,0.6421414565230987,0.6421414565230987
4,-2.700664910255482,-2.700664910255482
5,-0.2546662089947047,-0.2546662089947047
