,theta_x,theta_y
0,1.5942672905506914,1.5942672905506914
1,-2.8122888341581813,-2.8122888341581813
2,-2.0269735613546307,-2.0269735613546307
3,-1.8607656875687997,-1.8607656875687997
4,1.8398736179520063,1.8398736179520063
5,1.9669526498527556,1.9669526498527556
6,2.029794012285431,2.029794012285431
