,theta_x,theta_y
0,-3.141592653589793,-3.141592653589793
1,0.6458833541950701,0.6458833541950701
2,0.024374444297942104,0.024374444297942104
3,0.3952383611133957,0.3952383611133957
4,-2.91078000652143,-2.91078000652143
5,0.7588181729079811,0.7588181729079811
6,0.5617817480858112,0.5617817480858112
7,-0.6316261077095707,-0.6316261077095707
8,0.08951219899473871,0.08951219899473871
