theta_x,theta_y
2.179138189316917,2.179138189316917
1.8631544752397757,1.8631544752397757
1.4763933553807786,1.4763933553807786
