theta_x,theta_y
1.1597926908475982,1.1597926908475982
