,theta_x,theta_y
0,0.12055400299508162,0.12055400299508162
1,1.3805423283799199,1.3805423283799199
2,-0.069089471033961,-0.069089471033961
3,-0.5818531119794716,-0.5818531119794716
4,-2.3656832326542117,-2.3656832326542117
5,0.0685240604281124,0.0685240604281124
6,0.5738802191242436,0.5738802191242436
7,-2.402183304321106,-2.402183304321106
8,-2.4358490377558892,-2.4358490377558892
