,theta_x,theta_y
0,0.2669833635596127,0.2669833635596127
1,3.0549485287679117,3.0549485287679117
2,1.3163747548265605,1.3163747548265605
