theta_x,theta_y
0.706766672405031,0.706766672405031
3.141592653589793,3.141592653589793
1.4476127494158235,1.4476127494158235
0.239631620087457,0.239631620087457
-0.3912746078780874,-0.3912746078780874
3.141592653589793,3.141592653589793
-1.3874327897102492,-1.3874327897102492
2.422052292137797,2.422052292137797
1.2705905251982672,1.2705905251982672
