,theta_x,theta_y
0,0.706766672405031,0.706766672405031
1,3.141592653589793,3.141592653589793
2,1.4476127494158235,1.4476127494158235
3,0.239631620087457,0.239631620087457
4,-0.3912746078780874,-0.3912746078780874
5,3.141592653589793,3.141592653589793
6,-1.3874327897102492,-1.3874327897102492
7,2.422052292137797,2.422052292137797
8,1.2705905251982672,1.2705905251982672
