theta_x,theta_y
0.23979369242655688,0.23979369242655688
