,theta_x,theta_y
0,1.9187428780499203,1.9187428780499203
1,2.5247184363501036,2.5247184363501036
