theta_x,theta_y
1.9187428780499203,1.9187428780499203
2.5247184363501036,2.5247184363501036
