,theta_x,theta_y
0,1.1388455513826818,1.1388455513826818
1,1.0678725238876368,1.0678725238876368
2,-3.141592653589793,-3.141592653589793
3,1.0033358558011878,1.0033358558011878
4,0.9655333251937175,0.9655333251937175
5,0.9293651481462152,0.9293651481462152
