theta_x,theta_y
-3.1393806328547735,-3.1393806328547735
0.34268966763313274,0.34268966763313274
1.6555666632477948,1.6555666632477948
0.7083066549323698,0.7083066549323698
-2.6397018746911893,-2.6397018746911893
0.5119697920323936,0.5119697920323936
0.06888958490156734,0.06888958490156734
-0.5135638282709006,-0.5135638282709006
0.1049955919447214,0.1049955919447214
-1.1629549992780852,-1.1629549992780852
