,theta_x,theta_y
0,-3.141592653589793,-3.141592653589793
1,-2.5720863638882037,-2.5720863638882037
