,theta_x,theta_y
0,-1.304717104543649,-1.304717104543649
1,3.141592653589793,3.141592653589793
2,-1.4038197289964505,-1.4038197289964505
3,2.5280848414376287,2.5280848414376287
4,-2.6376047475838025,-2.6376047475838025
5,-0.6259162588971777,-0.6259162588971777
6,2.3302872347498633,2.3302872347498633
