,theta_x,theta_y
0,3.0794016933634434,3.0794016933634434
1,-0.1863554950656513,-0.1863554950656513
2,3.047990757284358,3.047990757284358
3,-1.635209272799874,-1.635209272799874
4,0.023821274742230128,0.023821274742230128
5,-1.2201454770870468,-1.2201454770870468
