,theta_x,theta_y
0,-1.0392512841240804,-1.0392512841240804
1,-2.465119883852095,-2.465119883852095
2,-1.5471787380288526,-1.5471787380288526
