,theta_x,theta_y
0,0.6918676386623729,0.6918676386623729
1,0.7850751892143395,0.7850751892143395
2,0.6382287054239749,0.6382287054239749
3,0.24714303449817798,0.24714303449817798
4,0.18098985096375358,0.18098985096375358
5,-0.02995232792213766,-0.02995232792213766
