,theta_x,theta_y
0,2.6803223577155686,2.6803223577155686
1,0.12934056227683638,0.12934056227683638
2,2.872089145304752,2.872089145304752
3,-2.8242252779994286,-2.8242252779994286
4,0.775311793788927,0.775311793788927
5,-0.6636254086469862,-0.6636254086469862
6,1.7636901025422602,1.7636901025422602
7,-2.0540375499867434,-2.0540375499867434
