,theta_x,theta_y
0,-2.800663745388854,-2.800663745388854
1,-2.2228001881592476,-2.2228001881592476
2,2.3469192886679253,2.3469192886679253
