,theta_x,theta_y
0,-2.4968554643609693,-2.4968554643609693
1,-3.141592653589793,-3.141592653589793
2,2.9927425229844813,2.9927425229844813
3,-2.3574052962120815,-2.3574052962120815
4,-1.109875290477333,-1.109875290477333
