,theta_x,theta_y
0,-1.372836126397229,-1.372836126397229
1,0.2988850828320075,0.2988850828320075
2,-0.20313019935003007,-0.20313019935003007
