,theta_x,theta_y
0,0.7344837131189069,0.7344837131189069
1,0.04736763542894336,0.04736763542894336
2,-0.5371976199344387,-0.5371976199344387
3,-1.1674615006583244,-1.1674615006583244
4,3.141592653589793,3.141592653589793
5,0.6845556546413696,0.6845556546413696
6,0.15590727292063225,0.15590727292063225
7,-0.9856949319088655,-0.9856949319088655
