,theta_x,theta_y
0,-3.141592653589793,-3.141592653589793
1,-1.0968129323141802,-1.0968129323141802
2,1.3800766370581197,1.3800766370581197
3,0.7720654020557158,0.7720654020557158
4,-2.9899360894564935,-2.9899360894564935
5,0.2909755416412497,0.2909755416412497
6,0.21095046496167685,0.21095046496167685
7,-2.253069956602146,-2.253069956602146
