,theta_x,theta_y
0,2.731266206446806,2.731266206446806
