,theta_x,theta_y
0,2.7955355068412793,2.7955355068412793
1,2.6100735292947337,2.6100735292947337
2,2.6999689649161365,2.6999689649161365
3,-3.141592653589793,-3.141592653589793
4,-3.141592653589793,-3.141592653589793
5,0.12912015587931,0.12912015587931
6,0.8564690933134508,0.8564690933134508
7,-3.141592653589793,-3.141592653589793
8,-3.141592653589793,-3.141592653589793
