,theta_x,theta_y
0,-0.5628043053019101,-0.5628043053019101
1,1.4636848622806098,1.4636848622806098
2,1.3811969442911058,1.3811969442911058
3,-0.6602169485532916,-0.6602169485532916
4,-3.141592653589793,-3.141592653589793
5,0.8786656894496772,0.8786656894496772
