,theta_x,theta_y
0,1.6722180610727142,1.6722180610727142
1,-0.8127076430742372,-0.8127076430742372
2,0.6276337531317772,0.6276337531317772
3,0.4254290601099019,0.4254290601099019
4,0.35762071670236895,0.35762071670236895
5,2.167210949047405,2.167210949047405
6,2.784087863235032,2.784087863235032
7,3.124376105246302,3.124376105246302
8,-2.7848995977782742,-2.7848995977782742
