,theta_x,theta_y
0,-0.997254011249592,-0.997254011249592
1,-1.8430223768121086,-1.8430223768121086
2,-1.5454358804643766,-1.5454358804643766
3,-0.6864332244969297,-0.6864332244969297
4,3.141592653589793,3.141592653589793
5,0.2925274467238161,0.2925274467238161
6,1.9752968033427176,1.9752968033427176
