,theta_x,theta_y
0,0.17718386300891087,0.17718386300891087
1,0.24370103355337758,0.24370103355337758
2,-2.989318982454074,-2.989318982454074
3,-3.141592653589793,-3.141592653589793
4,0.7381974944364004,0.7381974944364004
5,1.2693504079346982,1.2693504079346982
