theta_x,theta_y
1.0358553707608327,1.0358553707608327
1.4317121995848339,1.4317121995848339
0.3479658436579584,0.3479658436579584
