,theta_x,theta_y
0,-0.856801763870031,-0.856801763870031
1,-0.8741147648321089,-0.8741147648321089
2,3.141592653589793,3.141592653589793
3,-1.12688387622554,-1.12688387622554
4,-1.2103210862752662,-1.2103210862752662
