,theta_x,theta_y
0,1.670620525920224,1.670620525920224
1,0.249445398985225,0.249445398985225
2,-2.210573334840399,-2.210573334840399
3,-0.20866854436345306,-0.20866854436345306
4,1.5926613430525356,1.5926613430525356
5,1.9865480373055184,1.9865480373055184
