,theta_x,theta_y
0,-2.4694795292722866,-2.4694795292722866
