,theta_x,theta_y
0,0.9648242555145747,0.9648242555145747
1,0.2741657395133019,0.2741657395133019
2,-0.602135421233019,-0.602135421233019
3,-0.23799733231847,-0.23799733231847
