theta_x,theta_y
2.720940363243401,2.720940363243401
2.5764072079709197,2.5764072079709197
2.4579573238537633,2.4579573238537633
-3.141592653589793,-3.141592653589793
