,theta_x,theta_y
0,2.47144100718064,2.47144100718064
1,-1.7453432513085176,-1.7453432513085176
2,0.8963832254811369,0.8963832254811369
3,1.7777276870013061,1.7777276870013061
4,1.0388609022357749,1.0388609022357749
5,2.2286482306889273,2.2286482306889273
6,1.786696648632471,1.786696648632471
7,2.505314994788892,2.505314994788892
8,-2.6373616396846224,-2.6373616396846224
9,-0.4756491388333135,-0.4756491388333135
