,theta_x,theta_y
0,-0.9167826689972669,-0.9167826689972669
1,2.793164289758515,2.793164289758515
2,-1.553291060374928,-1.553291060374928
3,1.4724430255207877,1.4724430255207877
4,1.0551868061887744,1.0551868061887744
5,0.1182233133699002,0.1182233133699002
