theta_x,theta_y
-2.250637416029245,-2.250637416029245
-2.411408091449545,-2.411408091449545
