,theta_x,theta_y
0,-0.07390485670745522,-0.07390485670745522
1,3.141592653589793,3.141592653589793
2,-2.615481793896693,-2.615481793896693
3,2.2743190133986184,2.2743190133986184
4,-0.2812909608374695,-0.2812909608374695
5,2.7051092235934706,2.7051092235934706
6,1.488416236860178,1.488416236860178
