,theta_x,theta_y
0,2.0058202377563386,2.0058202377563386
1,1.3153050962928858,1.3153050962928858
2,1.0932387157587713,1.0932387157587713
