theta_x,theta_y
0.3142841318305423,0.3142841318305423
-1.2066180481570645,-1.2066180481570645
-1.853808925555822,-1.853808925555822
-2.0155821699385625,-2.0155821699385625
3.141592653589793,3.141592653589793
