,theta_x,theta_y
0,-0.5331718136378232,-0.5331718136378232
1,-1.900500851745281,-1.900500851745281
2,-1.981635571329933,-1.981635571329933
3,-1.9486146668820128,-1.9486146668820128
4,3.141592653589793,3.141592653589793
5,1.2169855216888537,1.2169855216888537
6,2.3050892839039148,2.3050892839039148
