,theta_x,theta_y
0,0.7226951540636153,0.7226951540636153
1,0.7749500803599108,0.7749500803599108
2,0.23213597760509952,0.23213597760509952
3,-0.11725817367202096,-0.11725817367202096
4,3.141592653589793,3.141592653589793
