,theta_x,theta_y
0,1.5541729955866597,1.5541729955866597
1,-0.2768989910327555,-0.2768989910327555
