,theta_x,theta_y
0,-1.5925836332251113,-1.5925836332251113
1,-0.2518256281455853,-0.2518256281455853
2,-2.093885585233605,-2.093885585233605
3,-2.4673977193236327,-2.4673977193236327
