,theta_x,theta_y
0,2.2376143514501723,2.2376143514501723
1,0.7804781949006313,0.7804781949006313
2,0.4219088507339455,0.4219088507339455
3,-0.01696009264345287,-0.01696009264345287
4,3.141592653589793,3.141592653589793
5,1.652433106275457,1.652433106275457
6,0.7292851840980897,0.7292851840980897
