theta_x,theta_y
2.2376143514501723,2.2376143514501723
0.7804781949006313,0.7804781949006313
0.4219088507339455,0.4219088507339455
-0.01696009264345287,-0.01696009264345287
3.141592653589793,3.141592653589793
1.652433106275457,1.652433106275457
0.7292851840980897,0.7292851840980897
