,theta_x,theta_y
0,-3.141592653589793,-3.141592653589793
1,3.141592653589793,3.141592653589793
2,-3.141592653589793,-3.141592653589793
3,-0.20104329669037835,-0.20104329669037835
