,theta_x,theta_y
0,1.846598040955876,1.846598040955876
1,0.6457221521348736,0.6457221521348736
2,-1.0333451618629175,-1.0333451618629175
