theta_x,theta_y
2.946137813651774,2.946137813651774
2.8286780101264632,2.8286780101264632
2.389722973195795,2.389722973195795
-2.887100106452572,-2.887100106452572
-3.141592653589793,-3.141592653589793
0.13439971670339532,0.13439971670339532
0.7702575282278837,0.7702575282278837
-3.141592653589793,-3.141592653589793
