theta_x,theta_y
0.7893742523116244,0.7893742523116244
0.6010691830646951,0.6010691830646951
-3.141592653589793,-3.141592653589793
-3.141592653589793,-3.141592653589793
0.4910980009899204,0.4910980009899204
0.5797204333816411,0.5797204333816411
