,theta_x,theta_y
0,1.775367769798772,1.775367769798772
1,1.735251503970646,1.735251503970646
2,1.229897266180978,1.229897266180978
3,-1.290747284950528,-1.290747284950528
4,-0.4879332530765933,-0.4879332530765933
