,theta_x,theta_y
0,-2.9055350396050135,-2.9055350396050135
1,-2.8257429493592934,-2.8257429493592934
2,1.591396658604657,1.591396658604657
3,2.0976644470571646,2.0976644470571646
4,-2.532400425310306,-2.532400425310306
5,2.751011168593396,2.751011168593396
