theta_x,theta_y
2.7497178722541062,2.7497178722541062
0.13868640990250025,0.13868640990250025
2.954496654026165,2.954496654026165
-2.6856008972087726,-2.6856008972087726
0.7088340964167231,0.7088340964167231
-0.7087656986428034,-0.7087656986428034
1.8748050515660102,1.8748050515660102
-2.039809391254714,-2.039809391254714
