,theta_x,theta_y
0,3.141592653589793,3.141592653589793
1,-1.074326517133395,-1.074326517133395
2,3.141592653589793,3.141592653589793
3,-1.2789866226961781,-1.2789866226961781
4,-1.773275276174009,-1.773275276174009
5,-2.363015914872952,-2.363015914872952
