,theta_x,theta_y
0,-0.9427670289643711,-0.9427670289643711
1,3.141592653589793,3.141592653589793
2,-1.049393888178286,-1.049393888178286
3,1.9204154418752954,1.9204154418752954
4,2.1991886733663426,2.1991886733663426
5,-0.40805321921709153,-0.40805321921709153
6,-0.5184256600124894,-0.5184256600124894
7,-1.0085570965787765,-1.0085570965787765
