,theta_x,theta_y
0,2.3235208380893804,2.3235208380893804
1,0.4822016879963927,0.4822016879963927
2,0.19884463320882434,0.19884463320882434
