,theta_x,theta_y
0,0.6203620418744042,0.6203620418744042
1,1.9308294496495486,1.9308294496495486
2,1.4431398288479724,1.4431398288479724
3,-1.3379064391199658,-1.3379064391199658
4,-0.7226232635047899,-0.7226232635047899
5,1.798326826297436,1.798326826297436
6,-2.846005705847332,-2.846005705847332
7,1.893466524321171,1.893466524321171
8,2.099506858023354,2.099506858023354
