theta_x,theta_y
1.684151288286197,1.684151288286197
2.987227912445217,2.987227912445217
1.971797663453249,1.971797663453249
-1.389013292550921,-1.389013292550921
-1.748774011343261,-1.748774011343261
2.800351800023172,2.800351800023172
-3.141592653589793,-3.141592653589793
2.217093340675328,2.217093340675328
2.209093000979183,2.209093000979183
0.9691406296667815,0.9691406296667815
