,theta_x,theta_y
0,-3.141592653589793,-3.141592653589793
1,-0.06090004936401028,-0.06090004936401028
2,2.5458888634937544,2.5458888634937544
