,theta_x,theta_y
0,-1.4685875954882175,-1.4685875954882175
1,2.7868767879794816,2.7868767879794816
2,-1.9366350145946947,-1.9366350145946947
3,2.426876998138838,2.426876998138838
4,2.851405935624433,2.851405935624433
5,-0.8099940277093431,-0.8099940277093431
6,-2.5147980713409313,-2.5147980713409313
7,-2.3353406757778132,-2.3353406757778132
8,-0.450122847915733,-0.450122847915733
9,-3.065620435118276,-3.065620435118276
