theta_x,theta_y
-1.4685875954882175,-1.4685875954882175
2.7868767879794816,2.7868767879794816
-1.9366350145946947,-1.9366350145946947
2.426876998138838,2.426876998138838
2.851405935624433,2.851405935624433
-0.8099940277093431,-0.8099940277093431
-2.5147980713409313,-2.5147980713409313
-2.3353406757778132,-2.3353406757778132
-0.450122847915733,-0.450122847915733
-3.065620435118276,-3.065620435118276
