,theta_x,theta_y
0,-3.141592653589793,-3.141592653589793
1,0.9649509890698761,0.9649509890698761
