theta_x,theta_y
-1.581517786569804,-1.581517786569804
-1.5655531790119808,-1.5655531790119808
