,theta_x,theta_y
0,2.780285369797747,2.780285369797747
1,0.5138297254241563,0.5138297254241563
2,2.7189952563142534,2.7189952563142534
3,-3.141592653589793,-3.141592653589793
4,1.0041235046665464,1.0041235046665464
5,-0.613845529028458,-0.613845529028458
6,2.094970605128628,2.094970605128628
7,-2.9411116206279297,-2.9411116206279297
