,theta_x,theta_y
0,2.6684369223948923,2.6684369223948923
