,theta_x,theta_y
0,-0.6400381980096764,-0.6400381980096764
1,2.6186969341141757,2.6186969341141757
2,-3.141592653589793,-3.141592653589793
3,1.7440379228810605,1.7440379228810605
4,0.4157019863598678,0.4157019863598678
