,theta_x,theta_y
0,-1.166024520710632,-1.166024520710632
1,-1.3162923500954213,-1.3162923500954213
2,0.6563096832447093,0.6563096832447093
