,theta_x,theta_y
0,2.341154200125702,2.341154200125702
1,0.1583077873281312,0.1583077873281312
2,-0.22184146825789453,-0.22184146825789453
3,-1.1380028847985446,-1.1380028847985446
4,2.7950390237674876,2.7950390237674876
5,2.886395364893345,2.886395364893345
6,1.9819218119897923,1.9819218119897923
7,-2.120182547146504,-2.120182547146504
