,theta_x,theta_y
0,-0.1508474569509406,-0.1508474569509406
1,-0.7070297985576338,-0.7070297985576338
