,theta_x,theta_y
0,-2.7814409020516915,-2.7814409020516915
1,-1.4395501708741911,-1.4395501708741911
2,1.6341502916923687,1.6341502916923687
3,0.8618050338458945,0.8618050338458945
