,theta_x,theta_y
0,-1.0367491265486728,-1.0367491265486728
1,3.141592653589793,3.141592653589793
