,theta_x,theta_y
0,-0.830612906052973,-0.830612906052973
1,-0.05208362986745254,-0.05208362986745254
2,-0.11079245081823763,-0.11079245081823763
3,-0.5395678675335266,-0.5395678675335266
4,3.141592653589793,3.141592653589793
5,-0.5543556672198735,-0.5543556672198735
6,-0.955733254529388,-0.955733254529388
7,-0.0268242804597257,-0.0268242804597257
8,-0.40876439434226025,-0.40876439434226025
9,-1.0276513682684734,-1.0276513682684734
