,theta_x,theta_y
0,1.546536268008811,1.546536268008811
1,-3.1262148054119745,-3.1262148054119745
2,0.9148718464763811,0.9148718464763811
3,-2.886666955538574,-2.886666955538574
4,1.2106731279836374,1.2106731279836374
