theta_x,theta_y
-0.5032302760439195,-0.5032302760439195
-0.7782834002274502,-0.7782834002274502
-0.7863070346902519,-0.7863070346902519
-0.7788994479200404,-0.7788994479200404
3.0752419728553186,3.0752419728553186
-0.14762629711276712,-0.14762629711276712
0.019984038739203763,0.019984038739203763
-0.2735588061221774,-0.2735588061221774
