,theta_x,theta_y
0,1.3572468915743299,1.3572468915743299
1,2.8099763603010532,2.8099763603010532
2,0.7543058252007336,0.7543058252007336
3,-1.928489510402891,-1.928489510402891
4,-2.924303538258183,-2.924303538258183
5,2.56383926415909,2.56383926415909
6,-2.763413609866774,-2.763413609866774
7,1.690451958835722,1.690451958835722
8,1.8172418683716043,1.8172418683716043
9,1.8918969966180517,1.8918969966180517
