,theta_x,theta_y
0,-2.4880917233607955,-2.4880917233607955
1,-1.427912942108111,-1.427912942108111
2,2.4746843222464796,2.4746843222464796
3,-2.751075018881313,-2.751075018881313
4,2.1058530683366214,2.1058530683366214
5,1.897422869877232,1.897422869877232
6,-2.876612590324591,-2.876612590324591
