theta_x,theta_y
1.113936539047426,1.113936539047426
2.860358398422571,2.860358398422571
-1.9034728172591842,-1.9034728172591842
