theta_x,theta_y
1.2454190441612503,1.2454190441612503
0.617792871327749,0.617792871327749
0.6646452325133603,0.6646452325133603
-2.0213392181263594,-2.0213392181263594
0.6447054594693038,0.6447054594693038
0.7081403008373719,0.7081403008373719
-3.1291804992572745,-3.1291804992572745
0.729648649677326,0.729648649677326
