,theta_x,theta_y
0,0.7694517392388537,0.7694517392388537
1,1.8579371486515714,1.8579371486515714
2,-2.1924485404126557,-2.1924485404126557
3,1.4956753870203294,1.4956753870203294
4,-0.5669927929264312,-0.5669927929264312
