theta_x,theta_y
0.027351199794828647,0.027351199794828647
0.8482488406353335,0.8482488406353335
-1.150116862778333,-1.150116862778333
-0.6307926581703381,-0.6307926581703381
-1.8641707962151837,-1.8641707962151837
