,theta_x,theta_y
0,1.2740634904918458,1.2740634904918458
1,1.8462617930196465,1.8462617930196465
2,1.0131748335895439,1.0131748335895439
3,-1.1836872509366325,-1.1836872509366325
4,-0.9783730036980332,-0.9783730036980332
5,1.7760227712555303,1.7760227712555303
6,-3.141592653589793,-3.141592653589793
7,1.2892093694414428,1.2892093694414428
8,1.2777904410429506,1.2777904410429506
