theta_x,theta_y
2.891011094036199,2.891011094036199
0.4977217089146464,0.4977217089146464
2.999661401151382,2.999661401151382
-3.0064220893565436,-3.0064220893565436
1.1770117867409657,1.1770117867409657
-0.48626601931221647,-0.48626601931221647
2.073648085230901,2.073648085230901
-2.2332209381365127,-2.2332209381365127
