theta_x,theta_y
-3.141592653589793,-3.141592653589793
-1.9763685279826024,-1.9763685279826024
1.2089460236662841,1.2089460236662841
-3.141592653589793,-3.141592653589793
1.2943734721576647,1.2943734721576647
1.6127960245828945,1.6127960245828945
-3.141592653589793,-3.141592653589793
-3.141592653589793,-3.141592653589793
