,theta_x,theta_y
0,-3.141592653589793,-3.141592653589793
1,-1.9763685279826024,-1.9763685279826024
2,1.2089460236662841,1.2089460236662841
3,-3.141592653589793,-3.141592653589793
4,1.2943734721576647,1.2943734721576647
5,1.6127960245828945,1.6127960245828945
6,-3.141592653589793,-3.141592653589793
7,-3.141592653589793,-3.141592653589793
