,theta_x,theta_y
0,-3.141592653589793,-3.141592653589793
1,1.1499860882678978,1.1499860882678978
2,0.8145126166035067,0.8145126166035067
3,1.469051277854907,1.469051277854907
