,theta_x,theta_y
0,0.9350701170609846,0.9350701170609846
1,-0.4652548339865987,-0.4652548339865987
2,-2.8474057785076328,-2.8474057785076328
3,-3.107089405458938,-3.107089405458938
4,1.3827915494701755,1.3827915494701755
5,1.5198894324175016,1.5198894324175016
6,0.762783250666563,0.762783250666563
7,0.9654367496085581,0.9654367496085581
8,0.716383383184916,0.716383383184916
9,1.4208408132692272,1.4208408132692272
