,theta_x,theta_y
0,2.9144138785778124,2.9144138785778124
1,-3.073105858337893,-3.073105858337893
