,theta_x,theta_y
0,3.141592653589793,3.141592653589793
1,-0.9378722717105191,-0.9378722717105191
2,-0.9357646508588041,-0.9357646508588041
3,-1.1723113383932895,-1.1723113383932895
4,-1.3643142949064595,-1.3643142949064595
5,3.141592653589793,3.141592653589793
