,theta_x,theta_y
0,2.590190197506942,2.590190197506942
1,0.8746551026742323,0.8746551026742323
2,1.4251077913506969,1.4251077913506969
3,0.9288377330265747,0.9288377330265747
