theta_x,theta_y
2.590190197506942,2.590190197506942
0.8746551026742323,0.8746551026742323
1.4251077913506969,1.4251077913506969
0.9288377330265747,0.9288377330265747
