,theta_x,theta_y
0,1.953911077477064,1.953911077477064
1,-0.35648148171545846,-0.35648148171545846
2,2.1601058465740506,2.1601058465740506
3,-2.969321741414625,-2.969321741414625
4,0.9536610458080927,0.9536610458080927
5,-0.8820433294692425,-0.8820433294692425
6,0.045020532756700815,0.045020532756700815
