,theta_x,theta_y
0,-0.5847701325714514,-0.5847701325714514
1,3.0561029565919684,3.0561029565919684
2,1.0236955503816962,1.0236955503816962
3,-1.4539348924837616,-1.4539348924837616
4,-2.2583546788595026,-2.2583546788595026
5,2.773340756852412,2.773340756852412
6,-3.141592653589793,-3.141592653589793
7,1.9605064805556975,1.9605064805556975
8,1.5503649338371086,1.5503649338371086
9,0.6301355749509794,0.6301355749509794
