theta_x,theta_y
0.9093731169349568,0.9093731169349568
-1.4246482250087709,-1.4246482250087709
-2.671201006069004,-2.671201006069004
-3.0757003616524843,-3.0757003616524843
2.1298974777587527,2.1298974777587527
2.3248840078399193,2.3248840078399193
1.1027532714066566,1.1027532714066566
1.3700769753641722,1.3700769753641722
0.42001781219077683,0.42001781219077683
