,theta_x,theta_y
0,0.5087105948374215,0.5087105948374215
1,-1.7098136510422388,-1.7098136510422388
2,-2.872406876172893,-2.872406876172893
3,-3.141592653589793,-3.141592653589793
4,2.116268790728212,2.116268790728212
5,2.0303584912056696,2.0303584912056696
6,1.31291179370839,1.31291179370839
7,0.9495734112600537,0.9495734112600537
8,0.270659978986826,0.270659978986826
