,theta_x,theta_y
0,1.067301231580813,1.067301231580813
1,-0.29178181429692324,-0.29178181429692324
2,-0.14652790240529007,-0.14652790240529007
