theta_x,theta_y
-3.141592653589793,-3.141592653589793
-2.4729535456001597,-2.4729535456001597
