theta_x,theta_y
-0.9205400275809494,-0.9205400275809494
3.141592653589793,3.141592653589793
-0.9307494408226057,-0.9307494408226057
-1.0252430498683005,-1.0252430498683005
-1.1156144208043335,-1.1156144208043335
3.141592653589793,3.141592653589793
-1.1409231677240455,-1.1409231677240455
3.141592653589793,3.141592653589793
