,theta_x,theta_y
0,1.4370189981730255,1.4370189981730255
1,1.5780994863403828,1.5780994863403828
2,1.5276288716902815,1.5276288716902815
3,-3.141592653589793,-3.141592653589793
4,1.3702988019812454,1.3702988019812454
5,1.3412493047238667,1.3412493047238667
6,-3.141592653589793,-3.141592653589793
7,1.4995189942986156,1.4995189942986156
8,1.7430302554382935,1.7430302554382935
