,theta_x,theta_y
0,-1.1031313544755181,-1.1031313544755181
1,-1.6605234524595849,-1.6605234524595849
2,2.574834439405438,2.574834439405438
3,-2.865563069396937,-2.865563069396937
