theta_x,theta_y
-0.29493677220277614,-0.29493677220277614
-1.0830755327757164,-1.0830755327757164
