theta_x,theta_y
-0.037614641439674634,-0.037614641439674634
0.52757831519206,0.52757831519206
3.0748643761048258,3.0748643761048258
-3.0010146853790283,-3.0010146853790283
-1.9071822628768176,-1.9071822628768176
