theta_x,theta_y
-2.6047057744775595,-2.6047057744775595
-1.652535093299848,-1.652535093299848
-3.141592653589793,-3.141592653589793
