,theta_x,theta_y
0,-1.0417668456755294,-1.0417668456755294
1,-2.3459726511582577,-2.3459726511582577
2,3.141592653589793,3.141592653589793
