theta_x,theta_y
-1.7539917455472953,-1.7539917455472953
-3.141592653589793,-3.141592653589793
2.8004931912833877,2.8004931912833877
2.5857319904519045,2.5857319904519045
-3.141592653589793,-3.141592653589793
2.815646512830258,2.815646512830258
