,theta_x,theta_y
0,1.4382150020813151,1.4382150020813151
1,1.4112456238709765,1.4112456238709765
2,0.9406997133505339,0.9406997133505339
3,-3.141592653589793,-3.141592653589793
4,1.3705683083601898,1.3705683083601898
5,0.7363283012662029,0.7363283012662029
6,1.4131730723881206,1.4131730723881206
7,-3.141592653589793,-3.141592653589793
8,2.0541748178853543,2.0541748178853543
