theta_x,theta_y
3.1344433193767665,3.1344433193767665
0.3096013120084248,0.3096013120084248
-0.4052523015379513,-0.4052523015379513
-0.784252251998044,-0.784252251998044
-1.2777078648083,-1.2777078648083
-1.0534619307139195,-1.0534619307139195
-0.9339816511447252,-0.9339816511447252
-1.3016755447008717,-1.3016755447008717
