theta_x,theta_y
-2.7470531412253196,-2.7470531412253196
0.7071776525216029,0.7071776525216029
0.6651248303153975,0.6651248303153975
0.6931644960601336,0.6931644960601336
-2.07848993083436,-2.07848993083436
0.9447999514706756,0.9447999514706756
0.37974194919754883,0.37974194919754883
-0.7264056058388703,-0.7264056058388703
0.02641238047374718,0.02641238047374718
