,theta_x,theta_y
0,-2.7470531412253196,-2.7470531412253196
1,0.7071776525216029,0.7071776525216029
2,0.6651248303153975,0.6651248303153975
3,0.6931644960601336,0.6931644960601336
4,-2.07848993083436,-2.07848993083436
5,0.9447999514706756,0.9447999514706756
6,0.37974194919754883,0.37974194919754883
7,-0.7264056058388703,-0.7264056058388703
8,0.02641238047374718,0.02641238047374718
