theta_x,theta_y
-0.4532224476968074,-0.4532224476968074
-0.5317626741879509,-0.5317626741879509
-0.8616624720234966,-0.8616624720234966
-1.1825551238847158,-1.1825551238847158
