,theta_x,theta_y
0,0.572653790664354,0.572653790664354
1,-0.010370539996696793,-0.010370539996696793
2,-2.0184756047037253,-2.0184756047037253
3,-3.141592653589793,-3.141592653589793
4,-3.085861214003652,-3.085861214003652
5,-3.141592653589793,-3.141592653589793
6,-3.031353073178063,-3.031353073178063
