,theta_x,theta_y
0,-0.7223018350270571,-0.7223018350270571
1,-1.4308816339754518,-1.4308816339754518
2,2.6379145766311503,2.6379145766311503
3,-2.7696151908225213,-2.7696151908225213
4,1.2720238361129488,1.2720238361129488
5,0.7971030571667395,0.7971030571667395
6,-1.000119569090296,-1.000119569090296
7,-3.141592653589793,-3.141592653589793
