,theta_x,theta_y
0,0.5735783435934693,0.5735783435934693
1,1.1202725961932987,1.1202725961932987
2,0.3232646594885832,0.3232646594885832
3,0.22376265612990653,0.22376265612990653
4,0.03438245113281223,0.03438245113281223
5,0.09665041073364736,0.09665041073364736
6,0.09703814502864505,0.09703814502864505
7,0.15657487481242033,0.15657487481242033
