theta_x,theta_y
-0.9151041465820856,-0.9151041465820856
3.141592653589793,3.141592653589793
-2.3623939804056677,-2.3623939804056677
3.141592653589793,3.141592653589793
-2.1567950467236123,-2.1567950467236123
-1.5281099873207067,-1.5281099873207067
