,theta_x,theta_y
0,0.6323170585652519,0.6323170585652519
1,3.141592653589793,3.141592653589793
2,-2.4892855068616204,-2.4892855068616204
3,2.373648504924697,2.373648504924697
4,-0.9337678736648655,-0.9337678736648655
5,0.587321562675088,0.587321562675088
6,2.2867578062840535,2.2867578062840535
7,0.09557370101155381,0.09557370101155381
8,0.3765560532217422,0.3765560532217422
