,theta_x,theta_y
0,1.0250263379087785,1.0250263379087785
1,1.3199766214918733,1.3199766214918733
2,1.3651055281240012,1.3651055281240012
3,-2.0466250518404303,-2.0466250518404303
