,theta_x,theta_y
0,1.8856705250008163,1.8856705250008163
