,theta_x,theta_y
0,3.141592653589793,3.141592653589793
1,-1.0004826663344084,-1.0004826663344084
2,-1.0798269650086838,-1.0798269650086838
