theta_x,theta_y
0.8691828587310899,0.8691828587310899
2.110785072170118,2.110785072170118
1.0103401356765678,1.0103401356765678
-0.9072012740293602,-0.9072012740293602
-0.5978409156853041,-0.5978409156853041
1.7770380610529821,1.7770380610529821
-2.721598979647001,-2.721598979647001
1.1566958676565258,1.1566958676565258
