,theta_x,theta_y
0,0.8691828587310899,0.8691828587310899
1,2.110785072170118,2.110785072170118
2,1.0103401356765678,1.0103401356765678
3,-0.9072012740293602,-0.9072012740293602
4,-0.5978409156853041,-0.5978409156853041
5,1.7770380610529821,1.7770380610529821
6,-2.721598979647001,-2.721598979647001
7,1.1566958676565258,1.1566958676565258
