,theta_x,theta_y
0,2.7697447557284987,2.7697447557284987
1,0.3436147617745079,0.3436147617745079
2,2.9641013904684987,2.9641013904684987
3,-2.444820059730777,-2.444820059730777
4,0.7770314023284827,0.7770314023284827
5,-0.15901986421382794,-0.15901986421382794
6,1.2353637620500997,1.2353637620500997
7,-1.246661874376319,-1.246661874376319
8,1.9322941865711032,1.9322941865711032
9,-0.07389620587721395,-0.07389620587721395
