,theta_x,theta_y
0,3.134016810951991,3.134016810951991
1,0.06847995994002742,0.06847995994002742
2,3.141592653589793,3.141592653589793
3,-3.141592653589793,-3.141592653589793
4,1.921142538308102,1.921142538308102
5,0.4932849317523868,0.4932849317523868
6,2.0171713596134424,2.0171713596134424
