theta_x,theta_y
1.750458976293836,1.750458976293836
2.097698384606378,2.097698384606378
-0.024356421171075268,-0.024356421171075268
