,theta_x,theta_y
0,0.5237409937629646,0.5237409937629646
1,2.94909663476158,2.94909663476158
2,-2.076393373623676,-2.076393373623676
