theta_x,theta_y
1.1937370136291945,1.1937370136291945
0.6117328569622102,0.6117328569622102
0.7688936434090217,0.7688936434090217
0.22165443843623048,0.22165443843623048
-3.141592653589793,-3.141592653589793
0.14193215143404936,0.14193215143404936
