,theta_x,theta_y
0,1.9951057931619358,1.9951057931619358
1,1.9779720636526654,1.9779720636526654
2,1.9594761585364826,1.9594761585364826
3,-3.141592653589793,-3.141592653589793
4,1.9228794583591793,1.9228794583591793
