,theta_x,theta_y
0,1.1442171757813235,1.1442171757813235
1,0.18762056026668322,0.18762056026668322
2,0.37649841261310024,0.37649841261310024
3,-1.8859607227638802,-1.8859607227638802
4,-0.7147993609178309,-0.7147993609178309
5,-0.5191899321217391,-0.5191899321217391
6,-0.31288968166209563,-0.31288968166209563
7,-1.8918687642109018,-1.8918687642109018
8,0.4545438567285325,0.4545438567285325
