,theta_x,theta_y
0,-1.875162102132952,-1.875162102132952
1,2.7148514852021095,2.7148514852021095
2,-3.141592653589793,-3.141592653589793
3,2.204644710620547,2.204644710620547
4,2.2538095737931383,2.2538095737931383
5,-3.1019837008709943,-3.1019837008709943
6,-3.075287563010964,-3.075287563010964
7,-2.2904863618962077,-2.2904863618962077
8,-0.6217787096156785,-0.6217787096156785
