,theta_x,theta_y
0,-3.0923773039524542,-3.0923773039524542
1,2.625292559423726,2.625292559423726
2,-1.8486818337991153,-1.8486818337991153
3,2.9273225711095248,2.9273225711095248
