,theta_x,theta_y
0,-3.141592653589793,-3.141592653589793
1,0.9909959409587006,0.9909959409587006
2,0.9400705724601124,0.9400705724601124
3,0.888356082746759,0.888356082746759
4,-3.141592653589793,-3.141592653589793
