,theta_x,theta_y
0,-2.7716607876765487,-2.7716607876765487
1,1.8466334641644742,1.8466334641644742
2,-2.8877883904902437,-2.8877883904902437
3,2.9953782746350326,2.9953782746350326
4,2.4125612388048423,2.4125612388048423
5,-0.5648433521510773,-0.5648433521510773
6,1.2079369930840422,1.2079369930840422
