,theta_x,theta_y
0,-1.4864899944211507,-1.4864899944211507
1,-2.2109470238257733,-2.2109470238257733
2,-1.1982200581464706,-1.1982200581464706
3,-2.59787651401122,-2.59787651401122
4,-0.17185155282710274,-0.17185155282710274
5,0.04304848439028147,0.04304848439028147
