,theta_x,theta_y
0,1.0626871266613551,1.0626871266613551
1,1.1210950954287886,1.1210950954287886
2,1.093052671707711,1.093052671707711
3,-3.141592653589793,-3.141592653589793
