,theta_x,theta_y
0,2.072425320367034,2.072425320367034
1,1.4714759482038855,1.4714759482038855
2,1.521609164721248,1.521609164721248
3,0.1274330807807489,0.1274330807807489
4,1.3931934039289182,1.3931934039289182
5,1.2973003219747832,1.2973003219747832
6,-2.9200332337577466,-2.9200332337577466
7,1.1983692809969826,1.1983692809969826
