,theta_x,theta_y
0,-0.5112344469563883,-0.5112344469563883
1,2.2531209907939056,2.2531209907939056
2,0.9933289903359875,0.9933289903359875
3,-1.2104437599811364,-1.2104437599811364
4,-0.6676683113813361,-0.6676683113813361
5,2.0345631104710256,2.0345631104710256
6,-2.256416419326509,-2.256416419326509
7,1.6086110540691452,1.6086110540691452
8,1.7217050576828823,1.7217050576828823
