,theta_x,theta_y
0,1.088689907381435,1.088689907381435
1,1.0633700878146597,1.0633700878146597
2,1.0377104977445728,1.0377104977445728
3,1.0116170838186682,1.0116170838186682
4,-3.141592653589793,-3.141592653589793
5,1.0197963603175897,1.0197963603175897
6,1.0358376336774593,1.0358376336774593
7,-3.141592653589793,-3.141592653589793
8,-3.141592653589793,-3.141592653589793
9,1.0567190189944058,1.0567190189944058
