,theta_x,theta_y
0,-0.34535078606003333,-0.34535078606003333
1,3.141592653589793,3.141592653589793
2,-2.9674492636108982,-2.9674492636108982
3,1.823190611421662,1.823190611421662
4,2.8023958143073844,2.8023958143073844
5,-0.10462021110851419,-0.10462021110851419
6,-2.8481688507713554,-2.8481688507713554
7,-2.8391424432536234,-2.8391424432536234
