theta_x,theta_y
-0.8733345341494144,-0.8733345341494144
-1.5172749451766816,-1.5172749451766816
2.527820781488072,2.527820781488072
-2.8678235698354624,-2.8678235698354624
