theta_x,theta_y
-2.875690994204667,-2.875690994204667
-1.4474864531399254,-1.4474864531399254
1.935872135594683,1.935872135594683
1.1471962171248822,1.1471962171248822
-3.141592653589793,-3.141592653589793
0.6054859666796764,0.6054859666796764
0.424576798886758,0.424576798886758
-1.5560248272857116,-1.5560248272857116
1.2737436631048056,1.2737436631048056
