,theta_x,theta_y
0,-2.875690994204667,-2.875690994204667
1,-1.4474864531399254,-1.4474864531399254
2,1.935872135594683,1.935872135594683
3,1.1471962171248822,1.1471962171248822
4,-3.141592653589793,-3.141592653589793
5,0.6054859666796764,0.6054859666796764
6,0.424576798886758,0.424576798886758
7,-1.5560248272857116,-1.5560248272857116
8,1.2737436631048056,1.2737436631048056
