,theta_x,theta_y
0,0.9565761595112564,0.9565761595112564
