theta_x,theta_y
1.183572991098768,1.183572991098768
0.11830299956474777,0.11830299956474777
-2.62622237800951,-2.62622237800951
-3.141592653589793,-3.141592653589793
1.3164780195420511,1.3164780195420511
1.853067781863581,1.853067781863581
1.6294062507997238,1.6294062507997238
2.7760655366515175,2.7760655366515175
0.19725714259051014,0.19725714259051014
