theta_x,theta_y
3.141592653589793,3.141592653589793
-2.8853648199684914,-2.8853648199684914
2.3172079329614474,2.3172079329614474
-3.141592653589793,-3.141592653589793
3.1135538518092987,3.1135538518092987
-2.3566063440730267,-2.3566063440730267
3.141592653589793,3.141592653589793
-2.632939571832589,-2.632939571832589
