,theta_x,theta_y
0,-2.2128407268781363,-2.2128407268781363
