,theta_x,theta_y
0,2.1043501716737527,2.1043501716737527
1,-1.1794154164169728,-1.1794154164169728
2,0.5699503832193835,0.5699503832193835
3,1.5260151803080007,1.5260151803080007
4,1.4058964035188717,1.4058964035188717
5,2.761070505845273,2.761070505845273
6,2.3719679748446794,2.3719679748446794
