,theta_x,theta_y
0,-1.4406438119085005,-1.4406438119085005
1,-0.7061771767992333,-0.7061771767992333
2,0.6790603872616439,0.6790603872616439
