theta_x,theta_y
1.494087940741678,1.494087940741678
2.7791353290236938,2.7791353290236938
1.4161439232535655,1.4161439232535655
-0.884990560597697,-0.884990560597697
-1.3250893089578155,-1.3250893089578155
2.4364276202080926,2.4364276202080926
-3.141592653589793,-3.141592653589793
1.954264590378968,1.954264590378968
2.3489849710139237,2.3489849710139237
0.9872654718607148,0.9872654718607148
