theta_x,theta_y
-1.5133953625735936,-1.5133953625735936
-1.3424385211571948,-1.3424385211571948
2.04035603920001,2.04035603920001
-2.6180862540631713,-2.6180862540631713
