,theta_x,theta_y
0,2.59828835284185,2.59828835284185
1,-1.5525231523731347,-1.5525231523731347
2,1.0115817103890083,1.0115817103890083
3,2.0693876905516793,2.0693876905516793
4,1.5131385393781869,1.5131385393781869
5,2.5419247213057576,2.5419247213057576
6,1.9812902478817636,1.9812902478817636
7,2.2014424794474596,2.2014424794474596
