,theta_x,theta_y
0,0.0129082323763705,0.0129082323763705
1,-0.5078805083080524,-0.5078805083080524
2,-3.1283726778162535,-3.1283726778162535
