,theta_x,theta_y
0,-1.1683556973846811,-1.1683556973846811
1,-1.224379142382387,-1.224379142382387
2,-1.6214398495671014,-1.6214398495671014
3,-1.7828121916512718,-1.7828121916512718
4,3.141592653589793,3.141592653589793
5,-1.5113007277126704,-1.5113007277126704
6,-1.8105016102355205,-1.8105016102355205
7,-2.3878709868728825,-2.3878709868728825
8,-2.1527828979566386,-2.1527828979566386
