,theta_x,theta_y
0,-2.918587305959715,-2.918587305959715
1,-0.02630544176014893,-0.02630544176014893
2,1.2290115378206903,1.2290115378206903
3,1.209653321100574,1.209653321100574
4,-2.7696116685106653,-2.7696116685106653
5,1.134669752819535,1.134669752819535
