,theta_x,theta_y
0,1.1686944273702928,1.1686944273702928
1,0.810960050763447,0.810960050763447
2,1.862496349183284,1.862496349183284
3,-2.9645156884892168,-2.9645156884892168
4,0.5401838976228662,0.5401838976228662
5,-1.1610802831712483,-1.1610802831712483
