,theta_x,theta_y
0,2.5292073846959737,2.5292073846959737
1,-0.7613494025369479,-0.7613494025369479
2,0.15818831392491262,0.15818831392491262
3,2.109792358256145,2.109792358256145
4,0.5273593057597025,0.5273593057597025
