theta_x,theta_y
1.105378346109924,1.105378346109924
3.0601999850377273,3.0601999850377273
1.9965997276672955,1.9965997276672955
-1.287801663606475,-1.287801663606475
-1.213259219252524,-1.213259219252524
2.8634519063206016,2.8634519063206016
-3.079691148186461,-3.079691148186461
2.1150366295791048,2.1150366295791048
1.7430235678735237,1.7430235678735237
0.5735290259125198,0.5735290259125198
