theta_x,theta_y
1.0424340200999784,1.0424340200999784
0.9870546030973253,0.9870546030973253
0.9363484599532788,0.9363484599532788
0.8901251238724677,0.8901251238724677
-3.141592653589793,-3.141592653589793
0.8242076410917967,0.8242076410917967
