,theta_x,theta_y
0,0.34022759449096085,0.34022759449096085
1,-2.284343885012862,-2.284343885012862
2,-1.5969124675688362,-1.5969124675688362
3,-0.49226876899742905,-0.49226876899742905
4,2.7887398275231594,2.7887398275231594
5,1.7656298780495943,1.7656298780495943
6,1.955682296882512,1.955682296882512
7,-1.587196428064281,-1.587196428064281
8,1.9976990871280322,1.9976990871280322
