,theta_x,theta_y
0,-0.08282132673529127,-0.08282132673529127
1,2.8911543328860807,2.8911543328860807
