theta_x,theta_y
-0.1796083611842017,-0.1796083611842017
-1.0199938912367696,-1.0199938912367696
2.651522604545218,2.651522604545218
-2.340324328409553,-2.340324328409553
2.433381303434597,2.433381303434597
1.0751921992524989,1.0751921992524989
-1.8514514698546427,-1.8514514698546427
-3.141592653589793,-3.141592653589793
1.0238099362480808,1.0238099362480808
