theta_x,theta_y
1.4780136421936403,1.4780136421936403
1.3839177987547833,1.3839177987547833
-3.141592653589793,-3.141592653589793
1.3394859658387532,1.3394859658387532
