,theta_x,theta_y
0,-1.6730873731294869,-1.6730873731294869
1,-0.8714151790048913,-0.8714151790048913
2,1.5666305619987846,1.5666305619987846
3,-2.16658887992325,-2.16658887992325
