,theta_x,theta_y
0,0.6181356164175372,0.6181356164175372
1,2.667948267507247,2.667948267507247
2,1.5118424917781892,1.5118424917781892
3,-1.280068788640558,-1.280068788640558
4,-0.9973643516411981,-0.9973643516411981
5,2.488745074257688,2.488745074257688
6,-2.8624327093577002,-2.8624327093577002
