,theta_x,theta_y
0,0.9145945663051449,0.9145945663051449
1,2.2485356325075774,2.2485356325075774
2,-2.221051056909342,-2.221051056909342
3,2.0311283207957436,2.0311283207957436
4,-0.2687943306317556,-0.2687943306317556
5,0.45594828887760314,0.45594828887760314
6,1.5081883472943562,1.5081883472943562
7,0.22186494481638347,0.22186494481638347
8,0.5540401995417695,0.5540401995417695
9,-2.9200799279291285,-2.9200799279291285
