,theta_x,theta_y
0,-0.5850301330807846,-0.5850301330807846
1,-1.1692706923420613,-1.1692706923420613
2,-1.6250264131718655,-1.6250264131718655
3,-2.1734584147100473,-2.1734584147100473
4,3.141592653589793,3.141592653589793
5,0.8139963065975554,0.8139963065975554
6,3.141592653589793,3.141592653589793
