,theta_x,theta_y
0,2.2611121245457197,2.2611121245457197
1,1.9485733125596845,1.9485733125596845
2,-0.06879952734286982,-0.06879952734286982
3,-1.0650510772451036,-1.0650510772451036
4,-2.3486582097002606,-2.3486582097002606
5,-0.8503036948282926,-0.8503036948282926
6,-1.0602248295441237,-1.0602248295441237
7,-2.558350986551146,-2.558350986551146
