,theta_x,theta_y
0,-1.3595461874721373,-1.3595461874721373
1,3.09654492188502,3.09654492188502
2,-1.634470035386181,-1.634470035386181
3,-2.586022723288357,-2.586022723288357
4,2.93706512611125,2.93706512611125
5,-2.4123782787310253,-2.4123782787310253
6,-2.615418100539352,-2.615418100539352
7,-2.6143688096585556,-2.6143688096585556
8,-2.40977147384688,-2.40977147384688
