,theta_x,theta_y
0,0.25451244453656063,0.25451244453656063
1,3.1200251923195994,3.1200251923195994
