,theta_x,theta_y
0,-1.6506156080590322,-1.6506156080590322
1,-2.2357291966498325,-2.2357291966498325
2,2.619323149144592,2.619323149144592
3,-3.004011777151038,-3.004011777151038
4,0.8383378597343294,0.8383378597343294
5,0.7798763530198757,0.7798763530198757
6,-1.846003104503765,-1.846003104503765
7,-2.9949523664284188,-2.9949523664284188
