theta_x,theta_y
0.8091770404249592,0.8091770404249592
-0.4752148751857077,-0.4752148751857077
1.6142056959355906,1.6142056959355906
-2.24705124071888,-2.24705124071888
2.284334678498972,2.284334678498972
