,theta_x,theta_y
0,0.7099081795383324,0.7099081795383324
1,1.606613643346266,1.606613643346266
2,1.2671504485005831,1.2671504485005831
3,-1.8133408786757943,-1.8133408786757943
4,-1.106796874710036,-1.106796874710036
5,1.639375375821667,1.639375375821667
