,theta_x,theta_y
0,0.3870406035408728,0.3870406035408728
1,-1.038002591709175,-1.038002591709175
2,-2.508869207855421,-2.508869207855421
3,-3.141592653589793,-3.141592653589793
4,1.4916253319764303,1.4916253319764303
