,theta_x,theta_y
0,2.363331464359486,2.363331464359486
1,-0.38166552274740456,-0.38166552274740456
2,0.5017715671614977,0.5017715671614977
3,1.3876162124033973,1.3876162124033973
4,0.5306011798961755,0.5306011798961755
5,2.987515633230995,2.987515633230995
6,2.0519000325960133,2.0519000325960133
7,3.0118131798438332,3.0118131798438332
8,-1.6932472383669992,-1.6932472383669992
