theta_x,theta_y
-1.9685625174182897,-1.9685625174182897
3.141592653589793,3.141592653589793
2.5264481846127964,2.5264481846127964
