theta_x,theta_y
-1.0610005553825301,-1.0610005553825301
-1.5024974187719908,-1.5024974187719908
3.141592653589793,3.141592653589793
-1.2437747649744137,-1.2437747649744137
-0.3088731558333548,-0.3088731558333548
2.0412172523849628,2.0412172523849628
