,theta_x,theta_y
0,-3.141592653589793,-3.141592653589793
1,2.0089576420942334,2.0089576420942334
2,-3.141592653589793,-3.141592653589793
3,2.4005258771996365,2.4005258771996365
