,theta_x,theta_y
0,-1.6031965755114028,-1.6031965755114028
1,3.141592653589793,3.141592653589793
2,-2.970386788702265,-2.970386788702265
