,theta_x,theta_y
0,0.8214993702625768,0.8214993702625768
1,0.8154016928977904,0.8154016928977904
2,0.8100034102495777,0.8100034102495777
3,0.806054518774726,0.806054518774726
4,0.8073599254209434,0.8073599254209434
5,0.8033508575256829,0.8033508575256829
6,0.8023166729836029,0.8023166729836029
