,theta_x,theta_y
0,-2.7144631738711946,-2.7144631738711946
1,-0.929711193810956,-0.929711193810956
