theta_x,theta_y
0.5474367951636179,0.5474367951636179
2.8118567437746718,2.8118567437746718
