,theta_x,theta_y
0,1.089017288984376,1.089017288984376
1,0.4601131425190394,0.4601131425190394
2,0.6046904771835964,0.6046904771835964
3,-1.6796965916850621,-1.6796965916850621
4,0.38953398321604366,0.38953398321604366
5,0.38557254136999447,0.38557254136999447
6,-3.0667511845275435,-3.0667511845275435
7,0.6515466179729225,0.6515466179729225
