,theta_x,theta_y
0,-0.4316046027700671,-0.4316046027700671
1,-0.49023992894117435,-0.49023992894117435
2,-0.5444046642976196,-0.5444046642976196
3,-0.5794615430858177,-0.5794615430858177
4,-0.6331099339550432,-0.6331099339550432
5,-0.678034381270948,-0.678034381270948
6,-0.7177112342705199,-0.7177112342705199
7,-0.7555538670741487,-0.7555538670741487
8,-0.7949466675409901,-0.7949466675409901
9,-0.8251818652161381,-0.8251818652161381
