,theta_x,theta_y
0,1.9441799090916305,1.9441799090916305
1,1.737394665077669,1.737394665077669
2,-0.38313982504850247,-0.38313982504850247
3,-1.15787041304988,-1.15787041304988
4,-2.2185786112582115,-2.2185786112582115
5,-1.1007759973251692,-1.1007759973251692
6,-1.2058156240355595,-1.2058156240355595
7,-2.452239763338459,-2.452239763338459
