,theta_x,theta_y
0,0.1159694290015146,0.1159694290015146
1,-0.8848904212146872,-0.8848904212146872
2,-2.5561068892964407,-2.5561068892964407
3,-3.0929637066486486,-3.0929637066486486
4,1.2558568737933202,1.2558568737933202
5,2.1640840018385323,2.1640840018385323
6,0.5063450225272935,0.5063450225272935
7,1.3087672508017378,1.3087672508017378
8,0.7767132164798686,0.7767132164798686
