,theta_x,theta_y
0,2.2084076388015137,2.2084076388015137
1,0.6907701310958537,0.6907701310958537
