,theta_x,theta_y
0,-0.7802286556350073,-0.7802286556350073
1,-1.8052010718331413,-1.8052010718331413
2,-1.3740073170914013,-1.3740073170914013
3,0.062159429949164374,0.062159429949164374
4,2.779702065973018,2.779702065973018
