,theta_x,theta_y
0,3.044943774368951,3.044943774368951
1,-0.12922246096058418,-0.12922246096058418
2,3.0445522314478315,3.0445522314478315
3,-1.4163657208603266,-1.4163657208603266
4,-0.1067744518627261,-0.1067744518627261
5,-1.289224703385884,-1.289224703385884
6,1.642372850194409,1.642372850194409
7,-1.5848372122292989,-1.5848372122292989
8,2.6146085339578695,2.6146085339578695
9,-0.7680170035104897,-0.7680170035104897
