theta_x,theta_y
2.693750526360718,2.693750526360718
-3.141592653589793,-3.141592653589793
2.2962858669328003,2.2962858669328003
2.473581999712931,2.473581999712931
