theta_x,theta_y
3.141592653589793,3.141592653589793
3.141592653589793,3.141592653589793
-1.2442355232527789,-1.2442355232527789
