,theta_x,theta_y
0,0.3098170265970631,0.3098170265970631
1,2.2976123637668766,2.2976123637668766
2,1.440180265045143,1.440180265045143
3,-1.283008032875319,-1.283008032875319
4,-0.9517913769040919,-0.9517913769040919
5,2.1495104821767366,2.1495104821767366
6,-2.697637003716775,-2.697637003716775
7,1.53590635790383,1.53590635790383
8,1.5392643606922574,1.5392643606922574
