,theta_x,theta_y
0,2.546575028235252,2.546575028235252
1,0.8359248596535338,0.8359248596535338
2,2.200146570351499,2.200146570351499
3,-3.083347918776017,-3.083347918776017
4,0.9097754518897199,0.9097754518897199
5,-0.44379523363927437,-0.44379523363927437
6,1.6380678849488115,1.6380678849488115
7,-3.1170813059902813,-3.1170813059902813
