theta_x,theta_y
-2.528750510852849,-2.528750510852849
2.923563397834025,2.923563397834025
-3.0735355014616377,-3.0735355014616377
2.0416238617365408,2.0416238617365408
