,theta_x,theta_y
0,-0.3149791751668435,-0.3149791751668435
1,-2.2915075196697257,-2.2915075196697257
2,-2.942011621425224,-2.942011621425224
3,-2.3543880073369245,-2.3543880073369245
4,2.745559798283606,2.745559798283606
5,-1.64389254951984,-1.64389254951984
6,2.1623986713813172,2.1623986713813172
