,theta_x,theta_y
0,1.2822511657096256,1.2822511657096256
1,-0.5589970532096171,-0.5589970532096171
2,0.4516896747558728,0.4516896747558728
