theta_x,theta_y
1.6872020117080784,1.6872020117080784
0.4368420113975638,0.4368420113975638
0.7957500836382119,0.7957500836382119
0.7018080718640886,0.7018080718640886
