,theta_x,theta_y
0,-1.1213487533650075,-1.1213487533650075
1,3.141592653589793,3.141592653589793
2,-1.440951426407937,-1.440951426407937
3,2.293817044136305,2.293817044136305
4,2.408403511839014,2.408403511839014
5,-0.35223573032225003,-0.35223573032225003
6,-0.8604551337018665,-0.8604551337018665
7,-1.5123280125312544,-1.5123280125312544
8,-2.187709136103592,-2.187709136103592
9,-0.7904570667138846,-0.7904570667138846
