theta_x,theta_y
-2.6472148386893952,-2.6472148386893952
-2.820234968961122,-2.820234968961122
