,theta_x,theta_y
0,0.8445127557803824,0.8445127557803824
1,1.1927455694882423,1.1927455694882423
2,0.34206465665976016,0.34206465665976016
3,-0.9939958971380859,-0.9939958971380859
4,-1.046858454017704,-1.046858454017704
