,theta_x,theta_y
0,2.0686594420019553,2.0686594420019553
