theta_x,theta_y
3.141592653589793,3.141592653589793
-1.3846048091410386,-1.3846048091410386
0.864791298556028,0.864791298556028
3.141592653589793,3.141592653589793
1.060182843211921,1.060182843211921
2.9955877911679245,2.9955877911679245
