,theta_x,theta_y
0,0.19696829565519425,0.19696829565519425
1,-1.390650119545746,-1.390650119545746
2,-2.4147404934432135,-2.4147404934432135
3,-2.918405033045799,-2.918405033045799
4,1.604719708591612,1.604719708591612
5,2.1237260894129326,2.1237260894129326
6,0.43793997256995576,0.43793997256995576
7,1.0870199693637055,1.0870199693637055
8,0.5781412873578669,0.5781412873578669
9,2.480384617444522,2.480384617444522
