,theta_x,theta_y
0,-2.570561168489075,-2.570561168489075
1,-1.8537167050893728,-1.8537167050893728
2,2.0144555033281137,2.0144555033281137
3,0.45333530317862264,0.45333530317862264
4,-2.5768115284649933,-2.5768115284649933
5,-0.5584445790641144,-0.5584445790641144
6,-0.31192570161960037,-0.31192570161960037
7,-2.1684377921613955,-2.1684377921613955
8,1.6100658698456105,1.6100658698456105
9,-2.4210171983125055,-2.4210171983125055
