,theta_x,theta_y
0,1.0338616289297389,1.0338616289297389
