,theta_x,theta_y
0,-2.9838232421829662,-2.9838232421829662
1,-3.141592653589793,-3.141592653589793
2,1.1668640843624256,1.1668640843624256
3,1.1506946581518473,1.1506946581518473
