,theta_x,theta_y
0,-3.141592653589793,-3.141592653589793
1,-2.9847720064032823,-2.9847720064032823
2,0.7304414911287771,0.7304414911287771
3,-2.2293298240532806,-2.2293298240532806
4,-3.066600154471694,-3.066600154471694
