theta_x,theta_y
-3.141592653589793,-3.141592653589793
-2.9847720064032823,-2.9847720064032823
0.7304414911287771,0.7304414911287771
-2.2293298240532806,-2.2293298240532806
-3.066600154471694,-3.066600154471694
