,theta_x,theta_y
0,-0.3763456269131879,-0.3763456269131879
1,-1.936845392990152,-1.936845392990152
2,-1.8364024207033374,-1.8364024207033374
3,-0.7448876954888753,-0.7448876954888753
4,2.289341921341116,2.289341921341116
5,0.8308114687943682,0.8308114687943682
6,2.496294158799209,2.496294158799209
7,-1.6427445325753878,-1.6427445325753878
