theta_x,theta_y
1.328011045918733,1.328011045918733
1.0538085528384444,1.0538085528384444
0.5485701106432901,0.5485701106432901
-0.050599539483742344,-0.050599539483742344
-2.909947715585435,-2.909947715585435
