,theta_x,theta_y
0,2.3783290437400857,2.3783290437400857
1,-1.5112920701631471,-1.5112920701631471
2,-0.1251146942341967,-0.1251146942341967
3,2.079211759635211,2.079211759635211
4,0.6707817509427053,0.6707817509427053
5,3.13455131436468,3.13455131436468
6,1.4448443156483437,1.4448443156483437
