,theta_x,theta_y
0,0.6804091045528333,0.6804091045528333
1,-0.31012174189440067,-0.31012174189440067
2,-1.5672128241029954,-1.5672128241029954
3,-2.400400046814345,-2.400400046814345
4,2.2999934086950673,2.2999934086950673
5,2.1774676998833473,2.1774676998833473
6,1.0784623760021346,1.0784623760021346
7,0.41044758199684556,0.41044758199684556
