,theta_x,theta_y
0,-3.141592653589793,-3.141592653589793
1,0.6426977983355999,0.6426977983355999
2,0.5650954405893183,0.5650954405893183
3,0.6446349964437897,0.6446349964437897
4,-3.141592653589793,-3.141592653589793
5,0.7355194087856725,0.7355194087856725
6,0.6997539710817782,0.6997539710817782
