,theta_x,theta_y
0,-3.141592653589793,-3.141592653589793
1,2.0049904172166433,2.0049904172166433
2,1.9449863958281257,1.9449863958281257
3,-3.141592653589793,-3.141592653589793
4,1.9954123877806098,1.9954123877806098
5,2.4528344380049436,2.4528344380049436
