,theta_x,theta_y
0,-3.141592653589793,-3.141592653589793
1,-3.141592653589793,-3.141592653589793
2,1.784314153340246,1.784314153340246
3,-3.141592653589793,-3.141592653589793
4,1.236588431889924,1.236588431889924
5,2.472305683124403,2.472305683124403
6,-3.141592653589793,-3.141592653589793
7,-3.0194543751652914,-3.0194543751652914
