,theta_x,theta_y
0,-1.1363605904841203,-1.1363605904841203
1,2.508433062337419,2.508433062337419
2,-0.3233192758141874,-0.3233192758141874
3,1.5668614659401296,1.5668614659401296
4,-0.824043754657783,-0.824043754657783
5,-1.0544198357415542,-1.0544198357415542
6,-0.7490241904703927,-0.7490241904703927
7,-0.9431612457050731,-0.9431612457050731
8,-0.9549431155396282,-0.9549431155396282
