theta_x,theta_y
-3.141592653589793,-3.141592653589793
1.4998160426058984,1.4998160426058984
