,theta_x,theta_y
0,2.2083079183961773,2.2083079183961773
1,1.8136372400421226,1.8136372400421226
2,-0.034034281808643804,-0.034034281808643804
3,-0.9320581982917325,-0.9320581982917325
4,-2.455918972005879,-2.455918972005879
5,-0.7067892854514798,-0.7067892854514798
6,-1.0197287358455054,-1.0197287358455054
7,-2.599167455770567,-2.599167455770567
