theta_x,theta_y
1.801221129194027,1.801221129194027
1.7940989021984444,1.7940989021984444
1.7849330251115778,1.7849330251115778
1.7768082851963356,1.7768082851963356
1.7690551139731325,1.7690551139731325
1.7624540316947421,1.7624540316947421
1.759458887457845,1.759458887457845
1.7483700132422662,1.7483700132422662
1.7458947348610303,1.7458947348610303
