,theta_x,theta_y
0,-3.0132373281807974,-3.0132373281807974
1,2.14714145303228,2.14714145303228
2,1.7952186863851611,1.7952186863851611
3,1.0151002596518535,1.0151002596518535
4,0.6345990641345901,0.6345990641345901
5,0.6775630449304072,0.6775630449304072
6,0.10579451592848191,0.10579451592848191
7,0.3078214568326766,0.3078214568326766
8,-0.43488480455671935,-0.43488480455671935
9,-0.08873103602146513,-0.08873103602146513
