,theta_x,theta_y
0,1.0702453025200978,1.0702453025200978
1,1.0165973287673902,1.0165973287673902
2,0.9629001268059169,0.9629001268059169
3,-3.141592653589793,-3.141592653589793
4,0.9529828415158399,0.9529828415158399
5,0.9279247786880169,0.9279247786880169
