,theta_x,theta_y
0,-1.211901278681505,-1.211901278681505
1,3.1071404679853,3.1071404679853
2,-1.5551338489418016,-1.5551338489418016
3,2.237166482025981,2.237166482025981
4,2.467832735657246,2.467832735657246
5,-0.6593411436361694,-0.6593411436361694
6,-0.3738198364246419,-0.3738198364246419
7,-1.1953636900577551,-1.1953636900577551
8,-2.8718100338086967,-2.8718100338086967
