,theta_x,theta_y
0,-0.8801984967570696,-0.8801984967570696
1,2.12766257412548,2.12766257412548
2,-2.990582955745664,-2.990582955745664
3,2.002735769811247,2.002735769811247
