,theta_x,theta_y
0,0.9429657943172413,0.9429657943172413
1,-1.1065606475549898,-1.1065606475549898
2,-0.4355518974740781,-0.4355518974740781
3,-1.1552553115180095,-1.1552553115180095
4,0.25803646570770655,0.25803646570770655
5,-0.8735685661648677,-0.8735685661648677
6,-2.5959132686715143,-2.5959132686715143
