,theta_x,theta_y
0,3.141592653589793,3.141592653589793
1,0.02369764634992682,0.02369764634992682
2,3.141592653589793,3.141592653589793
3,-1.2501933703663353,-1.2501933703663353
4,-0.4851352187091682,-0.4851352187091682
5,-1.668731725530651,-1.668731725530651
6,1.7117687424006973,1.7117687424006973
