theta_x,theta_y
1.644547344722021,1.644547344722021
1.414872890343129,1.414872890343129
0.5204427218557134,0.5204427218557134
-0.90306940187709,-0.90306940187709
-3.141592653589793,-3.141592653589793
-0.11974529981495868,-0.11974529981495868
-0.08793040189620846,-0.08793040189620846
