,theta_x,theta_y
0,3.141592653589793,3.141592653589793
1,1.9349247710578243,1.9349247710578243
2,1.45856253888577,1.45856253888577
3,-0.2165167260037139,-0.2165167260037139
4,-3.141592653589793,-3.141592653589793
5,-2.1908180752633997,-2.1908180752633997
6,-1.5157485810943776,-1.5157485810943776
7,-3.141592653589793,-3.141592653589793
