theta_x,theta_y
3.141592653589793,3.141592653589793
-1.4258230248299861,-1.4258230248299861
-1.7526544680407243,-1.7526544680407243
3.141592653589793,3.141592653589793
