theta_x,theta_y
1.9782936299709526,1.9782936299709526
