theta_x,theta_y
-2.0408051900996402,-2.0408051900996402
-1.380416496659108,-1.380416496659108
-3.141592653589793,-3.141592653589793
