,theta_x,theta_y
0,-3.141592653589793,-3.141592653589793
1,-2.7041023964042985,-2.7041023964042985
2,-3.141592653589793,-3.141592653589793
