,theta_x,theta_y
0,2.8857854711376607,2.8857854711376607
1,-0.06507432805547678,-0.06507432805547678
2,3.0732201399509553,3.0732201399509553
3,-2.783244591762723,-2.783244591762723
4,0.7660719962854292,0.7660719962854292
5,-0.931676251620456,-0.931676251620456
6,1.985877954373944,1.985877954373944
