,theta_x,theta_y
0,-2.6929512629954804,-2.6929512629954804
1,-3.141592653589793,-3.141592653589793
