theta_x,theta_y
0.1718612728578825,0.1718612728578825
3.141592653589793,3.141592653589793
1.7673365455779013,1.7673365455779013
-3.0218612976625896,-3.0218612976625896
2.81079258991534,2.81079258991534
1.7631629639832251,1.7631629639832251
-3.0709853130032903,-3.0709853130032903
-3.0952554323690236,-3.0952554323690236
-1.488606261637391,-1.488606261637391
1.8522244364014098,1.8522244364014098
