,theta_x,theta_y
0,-0.9396062050788575,-0.9396062050788575
1,-1.5154798875229072,-1.5154798875229072
2,2.4635198676901435,2.4635198676901435
3,-2.5778403730816475,-2.5778403730816475
4,1.291222350187508,1.291222350187508
5,1.1902587080330582,1.1902587080330582
6,-1.2142526577761876,-1.2142526577761876
7,-2.756475796822099,-2.756475796822099
8,-1.5078507438140787,-1.5078507438140787
9,1.6728796817910703,1.6728796817910703
