,theta_x,theta_y
0,2.757751645300281,2.757751645300281
1,-0.006015366918725933,-0.006015366918725933
2,2.7948600016464993,2.7948600016464993
3,-3.141592653589793,-3.141592653589793
