,theta_x,theta_y
0,2.869528038378564,2.869528038378564
