,theta_x,theta_y
0,-1.350936618007568,-1.350936618007568
1,-1.4968524651498576,-1.4968524651498576
2,3.141592653589793,3.141592653589793
3,-1.063339248497284,-1.063339248497284
4,-1.5749966606613,-1.5749966606613
5,-1.7950791221642877,-1.7950791221642877
6,-1.9693354447600593,-1.9693354447600593
7,-2.004735842444818,-2.004735842444818
