,theta_x,theta_y
0,-2.812097009951916,-2.812097009951916
1,0.8974080137585496,0.8974080137585496
