,theta_x,theta_y
0,0.351141021366699,0.351141021366699
1,3.141592653589793,3.141592653589793
2,1.232230622330369,1.232230622330369
3,-0.48163234942342464,-0.48163234942342464
4,-0.9931504256048649,-0.9931504256048649
5,3.141592653589793,3.141592653589793
6,-2.1428032110958077,-2.1428032110958077
7,2.3714785325726457,2.3714785325726457
8,1.409559930205432,1.409559930205432
9,0.27566818795883824,0.27566818795883824
