,theta_x,theta_y
0,-0.12751423276190116,-0.12751423276190116
1,3.141592653589793,3.141592653589793
2,-2.403292314263017,-2.403292314263017
3,2.542104705684034,2.542104705684034
4,-1.5408461620931506,-1.5408461620931506
5,0.27477648381554987,0.27477648381554987
6,2.3462756994541687,2.3462756994541687
7,0.12797376132026833,0.12797376132026833
8,0.9300890059756346,0.9300890059756346
9,-2.5923976620671487,-2.5923976620671487
