,theta_x,theta_y
0,2.3897188705456904,2.3897188705456904
1,2.214605642334737,2.214605642334737
2,2.0917992225594975,2.0917992225594975
3,-3.141592653589793,-3.141592653589793
4,-3.141592653589793,-3.141592653589793
5,-3.141592653589793,-3.141592653589793
6,1.4318219500218379,1.4318219500218379
7,-3.141592653589793,-3.141592653589793
8,-3.141592653589793,-3.141592653589793
