theta_x,theta_y
-1.1981544138392506,-1.1981544138392506
3.088700606979054,3.088700606979054
-1.297366066241816,-1.297366066241816
1.9691506350188974,1.9691506350188974
2.4404069735333493,2.4404069735333493
-0.7316958306161263,-0.7316958306161263
-0.47713188429681064,-0.47713188429681064
-0.9343046779212684,-0.9343046779212684
