,theta_x,theta_y
0,1.3934113206209315,1.3934113206209315
1,-0.5251416689312252,-0.5251416689312252
2,-0.06515422161730253,-0.06515422161730253
3,1.6534176115169112,1.6534176115169112
4,2.4219508213081444,2.4219508213081444
5,2.573766805033873,2.573766805033873
