,theta_x,theta_y
0,-3.141592653589793,-3.141592653589793
1,-3.141592653589793,-3.141592653589793
2,0.3329832488500723,0.3329832488500723
3,-3.141592653589793,-3.141592653589793
4,3.0846893283540826,3.0846893283540826
