,theta_x,theta_y
0,-0.45723128485331144,-0.45723128485331144
1,-0.5223498514112672,-0.5223498514112672
2,-0.5528653296264421,-0.5528653296264421
3,-0.9855610199130392,-0.9855610199130392
4,3.096342882527844,3.096342882527844
5,0.05981210413601808,0.05981210413601808
6,0.15812731419340645,0.15812731419340645
