,theta_x,theta_y
0,-0.7897961679146869,-0.7897961679146869
1,-1.6490862225098775,-1.6490862225098775
2,-1.139018289173795,-1.139018289173795
3,0.13698138795675552,0.13698138795675552
4,-3.037761094069176,-3.037761094069176
5,-1.0428178346149375,-1.0428178346149375
