,theta_x,theta_y
0,-1.7214630398383999,-1.7214630398383999
1,2.9644552294287,2.9644552294287
2,-1.8662495719518843,-1.8662495719518843
3,2.2954540252834477,2.2954540252834477
4,2.8138104778199367,2.8138104778199367
