theta_x,theta_y
0.28594696568962247,0.28594696568962247
0.21674918960853837,0.21674918960853837
0.12438138932164007,0.12438138932164007
0.008299023095480093,0.008299023095480093
0.08951355544931831,0.08951355544931831
-0.03349103556460044,-0.03349103556460044
