,theta_x,theta_y
0,-3.141592653589793,-3.141592653589793
1,-0.19705199974644258,-0.19705199974644258
2,2.2748100242246587,2.2748100242246587
