,theta_x,theta_y
0,0.2093962294371412,0.2093962294371412
1,3.141592653589793,3.141592653589793
2,0.6501442589876789,0.6501442589876789
