,theta_x,theta_y
0,-2.418201624937055,-2.418201624937055
1,1.382976503200448,1.382976503200448
2,-2.434105926535959,-2.434105926535959
3,2.5110481733340793,2.5110481733340793
4,2.943579446351524,2.943579446351524
5,-2.2933203463374676,-2.2933203463374676
