,theta_x,theta_y
0,0.7580857379325308,0.7580857379325308
1,2.7945771166534423,2.7945771166534423
2,1.1119803650575142,1.1119803650575142
