theta_x,theta_y
0.1054665895006849,0.1054665895006849
-0.8202656393854485,-0.8202656393854485
-0.9568031638281185,-0.9568031638281185
