,theta_x,theta_y
0,0.9437859834572825,0.9437859834572825
1,1.48434701150889,1.48434701150889
2,0.376258528277855,0.376258528277855
3,-2.1424079284577107,-2.1424079284577107
4,-2.6950643512776558,-2.6950643512776558
5,-0.608507833296893,-0.608507833296893
6,-0.22430652565204834,-0.22430652565204834
