,theta_x,theta_y
0,-3.141592653589793,-3.141592653589793
1,3.1192257268983936,3.1192257268983936
2,0.26793037240873563,0.26793037240873563
3,-3.141592653589793,-3.141592653589793
4,2.8771201227444965,2.8771201227444965
5,-0.20271787334572866,-0.20271787334572866
6,-2.2296185877548833,-2.2296185877548833
