theta_x,theta_y
-0.6972658535509078,-0.6972658535509078
-1.9103231494565192,-1.9103231494565192
3.113350954443998,3.113350954443998
-2.4693749998299652,-2.4693749998299652
1.4930418494711541,1.4930418494711541
1.5081843756945195,1.5081843756945195
-1.068886034014094,-1.068886034014094
-2.5203157929453086,-2.5203157929453086
-2.12916404917606,-2.12916404917606
