,theta_x,theta_y
0,1.0431614711889505,1.0431614711889505
1,1.0308707357203282,1.0308707357203282
2,-2.110247061773479,-2.110247061773479
