theta_x,theta_y
2.695628414496532,2.695628414496532
0.1721281803728563,0.1721281803728563
