,theta_x,theta_y
0,-1.433733893317916,-1.433733893317916
1,-1.7769478477970635,-1.7769478477970635
2,2.210840641980978,2.210840641980978
3,-3.0789970360005983,-3.0789970360005983
4,1.3703106528209872,1.3703106528209872
