,theta_x,theta_y
0,2.45898620831474,2.45898620831474
1,-2.630095586354343,-2.630095586354343
