theta_x,theta_y
2.45898620831474,2.45898620831474
-2.630095586354343,-2.630095586354343
