,theta_x,theta_y
0,0.204258030320787,0.204258030320787
1,-0.03839483232242543,-0.03839483232242543
2,0.10171589557195139,0.10171589557195139
3,-3.028678630487571,-3.028678630487571
4,0.20584649629285817,0.20584649629285817
5,-0.08153095013045958,-0.08153095013045958
