,theta_x,theta_y
0,-3.141592653589793,-3.141592653589793
1,2.4864219466091377,2.4864219466091377
