,theta_x,theta_y
0,-1.2275706346668473,-1.2275706346668473
1,-1.9278413477911696,-1.9278413477911696
2,-1.734964263873354,-1.734964263873354
3,-1.3706551608993116,-1.3706551608993116
4,3.141592653589793,3.141592653589793
5,-0.2364641342516089,-0.2364641342516089
6,1.166537611067167,1.166537611067167
7,-1.3162265293104676,-1.3162265293104676
8,1.6121380879304201,1.6121380879304201
9,-2.321649051027039,-2.321649051027039
