theta_x,theta_y
1.5177215128777148,1.5177215128777148
-1.474983849245077,-1.474983849245077
-1.823181989593383,-1.823181989593383
-2.5784437872191734,-2.5784437872191734
2.9812473607446592,2.9812473607446592
2.4220262665581314,2.4220262665581314
1.9186220431678338,1.9186220431678338
1.5362007209576847,1.5362007209576847
0.9486768934341699,0.9486768934341699
2.288191350011831,2.288191350011831
