,theta_x,theta_y
0,0.13760010659849348,0.13760010659849348
1,-0.3822510382253974,-0.3822510382253974
2,-1.410127238986632,-1.410127238986632
