,theta_x,theta_y
0,0.6055310957569476,0.6055310957569476
1,3.141592653589793,3.141592653589793
2,-0.4756105407948448,-0.4756105407948448
3,3.0987833829593368,3.0987833829593368
