,theta_x,theta_y
0,1.4397268849198859,1.4397268849198859
1,-0.9431142259125339,-0.9431142259125339
2,-1.3164480430429262,-1.3164480430429262
3,0.5316569732376379,0.5316569732376379
4,0.8978167704011897,0.8978167704011897
5,3.141592653589793,3.141592653589793
6,3.141592653589793,3.141592653589793
7,2.6744468854981656,2.6744468854981656
