theta_x,theta_y
3.141592653589793,3.141592653589793
2.3576392899624365,2.3576392899624365
-2.3757007977534577,-2.3757007977534577
-3.141592653589793,-3.141592653589793
-3.141592653589793,-3.141592653589793
-3.141592653589793,-3.141592653589793
-3.141592653589793,-3.141592653589793
-3.141592653589793,-3.141592653589793
-3.141592653589793,-3.141592653589793
2.683560808892628,2.683560808892628
