,theta_x,theta_y
0,3.141592653589793,3.141592653589793
1,2.3576392899624365,2.3576392899624365
2,-2.3757007977534577,-2.3757007977534577
3,-3.141592653589793,-3.141592653589793
4,-3.141592653589793,-3.141592653589793
5,-3.141592653589793,-3.141592653589793
6,-3.141592653589793,-3.141592653589793
7,-3.141592653589793,-3.141592653589793
8,-3.141592653589793,-3.141592653589793
9,2.683560808892628,2.683560808892628
