,theta_x,theta_y
0,2.126637323536645,2.126637323536645
1,0.6127605011291277,0.6127605011291277
2,2.2221120607035716,2.2221120607035716
3,-2.750933581668286,-2.750933581668286
4,0.38440477667525547,0.38440477667525547
