,theta_x,theta_y
0,0.9153116780958052,0.9153116780958052
1,-0.5505277911948224,-0.5505277911948224
2,-1.1813967365525786,-1.1813967365525786
3,-1.8832241683973556,-1.8832241683973556
4,2.8938316928981584,2.8938316928981584
5,1.7402971908653089,1.7402971908653089
6,1.232398605657293,1.232398605657293
7,-1.9144753541376192,-1.9144753541376192
8,1.166069637007677,1.166069637007677
9,-2.708731328327647,-2.708731328327647
