theta_x,theta_y
2.988832948394134,2.988832948394134
2.6063602811567113,2.6063602811567113
2.4151378989590455,2.4151378989590455
-0.8746295315497812,-0.8746295315497812
-3.0618253508567697,-3.0618253508567697
1.341632363870614,1.341632363870614
0.857331850519236,0.857331850519236
-3.0610104875626765,-3.0610104875626765
-3.089357087087181,-3.089357087087181
