,theta_x,theta_y
0,-0.21294943890907153,-0.21294943890907153
1,3.141592653589793,3.141592653589793
2,-2.500003025296794,-2.500003025296794
3,2.2360459462481743,2.2360459462481743
4,-1.4231492278168512,-1.4231492278168512
5,1.1004339748691678,1.1004339748691678
6,2.0440991267008286,2.0440991267008286
