,theta_x,theta_y
0,1.3579287263611706,1.3579287263611706
1,0.280243287585231,0.280243287585231
2,1.201820028869133,1.201820028869133
3,1.0254889451205118,1.0254889451205118
4,2.1399505880919962,2.1399505880919962
5,-0.4030319421675857,-0.4030319421675857
6,-2.9913703958020297,-2.9913703958020297
