,theta_x,theta_y
0,-1.1958770728410735,-1.1958770728410735
1,-1.8912706491494005,-1.8912706491494005
