,theta_x,theta_y
0,-3.141592653589793,-3.141592653589793
1,-3.141592653589793,-3.141592653589793
2,2.433157981805219,2.433157981805219
3,2.4343080333971248,2.4343080333971248
4,-3.141592653589793,-3.141592653589793
5,2.288555087279272,2.288555087279272
6,2.438835871327105,2.438835871327105
