,theta_x,theta_y
0,0.8617442243866258,0.8617442243866258
