,theta_x,theta_y
0,-1.626364984829257,-1.626364984829257
1,3.141592653589793,3.141592653589793
2,-1.8471066363563218,-1.8471066363563218
3,2.7264377174022365,2.7264377174022365
4,1.9585516546003554,1.9585516546003554
