,theta_x,theta_y
0,-2.6680228318409447,-2.6680228318409447
1,3.0282028571903172,3.0282028571903172
2,2.366793252064374,2.366793252064374
3,-3.124123733972439,-3.124123733972439
4,-3.141592653589793,-3.141592653589793
5,2.4138186544425584,2.4138186544425584
6,-3.0784667691948164,-3.0784667691948164
7,3.141592653589793,3.141592653589793
8,3.141592653589793,3.141592653589793
