theta_x,theta_y
-3.139917160120756,-3.139917160120756
-2.939193566179865,-2.939193566179865
1.6055201167035533,1.6055201167035533
1.4242110130249719,1.4242110130249719
