theta_x,theta_y
-0.3903820335682891,-0.3903820335682891
-0.4330281202438767,-0.4330281202438767
-0.4822400727502725,-0.4822400727502725
