,theta_x,theta_y
0,-0.5928183940132021,-0.5928183940132021
1,-1.7610917364527565,-1.7610917364527565
2,-1.2765451427354289,-1.2765451427354289
3,-0.1868174735914207,-0.1868174735914207
4,2.9589253390946615,2.9589253390946615
