,theta_x,theta_y
0,2.1528761800658462,2.1528761800658462
1,-0.7077538428691323,-0.7077538428691323
2,0.7779300401393499,0.7779300401393499
