theta_x,theta_y
2.8482890608464193,2.8482890608464193
0.2798801503082661,0.2798801503082661
3.033481985424743,3.033481985424743
-2.886406241044581,-2.886406241044581
