,theta_x,theta_y
0,0.5485936195618443,0.5485936195618443
1,0.2484079026563108,0.2484079026563108
2,-0.109217494621767,-0.109217494621767
3,-0.5157706476517387,-0.5157706476517387
