,theta_x,theta_y
0,-0.8115026250774154,-0.8115026250774154
1,3.141592653589793,3.141592653589793
2,-3.141592653589793,-3.141592653589793
3,2.9191362110619865,2.9191362110619865
4,-1.817290330152476,-1.817290330152476
