,theta_x,theta_y
0,-0.9110504328401828,-0.9110504328401828
1,3.141592653589793,3.141592653589793
2,-3.141592653589793,-3.141592653589793
3,3.084666444062928,3.084666444062928
4,-1.5896639211106278,-1.5896639211106278
