,theta_x,theta_y
0,1.3814082991405476,1.3814082991405476
1,1.3937923009470854,1.3937923009470854
2,1.3383499493482478,1.3383499493482478
3,-3.141592653589793,-3.141592653589793
4,1.3021685170937658,1.3021685170937658
5,1.345361456544683,1.345361456544683
6,-3.141592653589793,-3.141592653589793
7,1.3230471470267187,1.3230471470267187
8,1.3858935803923278,1.3858935803923278
