,theta_x,theta_y
0,-0.37144849627057863,-0.37144849627057863
1,3.141592653589793,3.141592653589793
2,-0.7171336259158335,-0.7171336259158335
