,theta_x,theta_y
0,-0.8585033596036095,-0.8585033596036095
1,3.141592653589793,3.141592653589793
2,-0.9167188852828,-0.9167188852828
3,-1.8828501351833864,-1.8828501351833864
