theta_x,theta_y
-1.1115710791147244,-1.1115710791147244
3.141592653589793,3.141592653589793
