,theta_x,theta_y
0,0.3703141337803067,0.3703141337803067
1,0.18787452553116718,0.18787452553116718
2,1.697965191442447,1.697965191442447
