,theta_x,theta_y
0,-1.6380871740420255,-1.6380871740420255
1,-1.8156056016949116,-1.8156056016949116
