,theta_x,theta_y
0,-0.9016100953865587,-0.9016100953865587
1,-1.043471630104204,-1.043471630104204
2,3.141592653589793,3.141592653589793
3,-0.9341163226689928,-0.9341163226689928
4,-1.2352271923799598,-1.2352271923799598
5,-1.3253208518349089,-1.3253208518349089
6,-1.481549073906597,-1.481549073906597
7,-1.6666068858688003,-1.6666068858688003
8,3.141592653589793,3.141592653589793
