theta_x,theta_y
-0.09451736787941056,-0.09451736787941056
3.141592653589793,3.141592653589793
-0.8378676173521468,-0.8378676173521468
3.0415937559996427,3.0415937559996427
0.18925344983509726,0.18925344983509726
-1.613532317644708,-1.613532317644708
3.0665653860287096,3.0665653860287096
-1.9173385256239373,-1.9173385256239373
-1.975460044973596,-1.975460044973596
-2.140939895468753,-2.140939895468753
