,theta_x,theta_y
0,0.12807966942315357,0.12807966942315357
1,-1.73585417081756,-1.73585417081756
2,-2.41402111339395,-2.41402111339395
3,-2.923384589477374,-2.923384589477374
4,2.0246373869005256,2.0246373869005256
5,1.802971443880444,1.802971443880444
6,0.303977409432756,0.303977409432756
