,theta_x,theta_y
0,-0.8783283023971249,-0.8783283023971249
1,-0.8909364361703092,-0.8909364361703092
2,1.8752244544308843,1.8752244544308843
3,-0.9909597164580166,-0.9909597164580166
4,-0.9724518292255292,-0.9724518292255292
5,-0.9307205421109926,-0.9307205421109926
6,-1.1618282788974956,-1.1618282788974956
