,theta_x,theta_y
0,1.6608555889686125,1.6608555889686125
