,theta_x,theta_y
0,-0.24294359214491218,-0.24294359214491218
1,3.0651742908471364,3.0651742908471364
2,-1.919834868333764,-1.919834868333764
3,2.623347124494925,2.623347124494925
4,-1.9317849973252603,-1.9317849973252603
5,-2.3817888130443716,-2.3817888130443716
6,2.339825586247069,2.339825586247069
7,-1.90082454452301,-1.90082454452301
8,-0.5041818409484498,-0.5041818409484498
9,-3.141592653589793,-3.141592653589793
