,theta_x,theta_y
0,1.8901658961118155,1.8901658961118155
1,2.048074377309214,2.048074377309214
