,theta_x,theta_y
0,2.642818753076336,2.642818753076336
1,2.0717976470304427,2.0717976470304427
2,-0.9933159267476277,-0.9933159267476277
3,-0.9397040723474639,-0.9397040723474639
4,-1.5435632356514142,-1.5435632356514142
5,-1.5102668715623044,-1.5102668715623044
6,-1.9142948667929307,-1.9142948667929307
7,-2.1464366504907764,-2.1464366504907764
