,theta_x,theta_y
0,0.1916098370437942,0.1916098370437942
1,-0.6961924007284976,-0.6961924007284976
