theta_x,theta_y
-2.4280444685612945,-2.4280444685612945
3.141592653589793,3.141592653589793
2.9709346506502965,2.9709346506502965
-3.141592653589793,-3.141592653589793
-3.141592653589793,-3.141592653589793
-3.141592653589793,-3.141592653589793
-3.137926616522664,-3.137926616522664
3.141592653589793,3.141592653589793
