,theta_x,theta_y
0,1.094674630906838,1.094674630906838
1,-2.7156009528352345,-2.7156009528352345
2,3.0000945887723196,3.0000945887723196
