,theta_x,theta_y
0,0.14035564297268338,0.14035564297268338
1,-0.20088992321823002,-0.20088992321823002
2,1.4547616794337794,1.4547616794337794
3,-2.5653961139857895,-2.5653961139857895
4,-1.8974255018507042,-1.8974255018507042
5,-1.304219388871366,-1.304219388871366
6,-0.2554430871109795,-0.2554430871109795
