theta_x,theta_y
-2.163786442963927,-2.163786442963927
1.6131927239991621,1.6131927239991621
0.6355677631402913,0.6355677631402913
-0.23090823012731157,-0.23090823012731157
-0.8694624896770732,-0.8694624896770732
0.29086639716510543,0.29086639716510543
-1.1173428593809085,-1.1173428593809085
-1.0466016131584013,-1.0466016131584013
-0.8011651369678126,-0.8011651369678126
