theta_x,theta_y
-1.0316839125987176,-1.0316839125987176
3.141592653589793,3.141592653589793
-1.1122474357008818,-1.1122474357008818
