,theta_x,theta_y
0,0.9420233163760664,0.9420233163760664
1,0.9227200525916872,0.9227200525916872
2,-3.141592653589793,-3.141592653589793
3,-3.141592653589793,-3.141592653589793
4,0.9310818819452821,0.9310818819452821
5,0.9425397309198204,0.9425397309198204
6,0.953398441268636,0.953398441268636
7,0.9647491144317549,0.9647491144317549
