,theta_x,theta_y
0,0.14834720217923508,0.14834720217923508
1,2.2319847688726524,2.2319847688726524
2,-0.05982896838428777,-0.05982896838428777
3,0.4602413276699332,0.4602413276699332
4,0.5220623949214408,0.5220623949214408
5,-0.3121814923554206,-0.3121814923554206
6,-0.4310074573582799,-0.4310074573582799
7,-0.6348606142820228,-0.6348606142820228
