,theta_x,theta_y
0,-2.3148843214121104,-2.3148843214121104
1,-2.6105932227900905,-2.6105932227900905
2,3.0148964912498455,3.0148964912498455
3,-1.2790985042891747,-1.2790985042891747
4,-2.34034484802527,-2.34034484802527
5,1.9648037551283624,1.9648037551283624
6,-1.7224734649148226,-1.7224734649148226
