,theta_x,theta_y
0,-2.3083421349510167,-2.3083421349510167
1,-0.9156735416387305,-0.9156735416387305
2,-2.9473610380844852,-2.9473610380844852
3,2.5370785739470008,2.5370785739470008
4,3.107974308772817,3.107974308772817
5,-2.1811562731696568,-2.1811562731696568
6,2.548106112183617,2.548106112183617
7,1.531965717039624,1.531965717039624
8,-1.7938196123054977,-1.7938196123054977
9,2.536259632349517,2.536259632349517
