,theta_x,theta_y
0,2.3006413391062916,2.3006413391062916
