,theta_x,theta_y
0,0.6744237502967048,0.6744237502967048
1,0.828377833502187,0.828377833502187
2,0.2230535769147669,0.2230535769147669
3,0.4155319926518881,0.4155319926518881
4,0.9916790893287204,0.9916790893287204
5,2.2820110328283616,2.2820110328283616
6,-3.141592653589793,-3.141592653589793
