theta_x,theta_y
-0.21980235788481406,-0.21980235788481406
-0.5070253027692857,-0.5070253027692857
-3.141592653589793,-3.141592653589793
