theta_x,theta_y
0.3833633699125488,0.3833633699125488
2.6380147700962104,2.6380147700962104
1.3803852859095755,1.3803852859095755
-1.2896293787145914,-1.2896293787145914
-1.0831854964746452,-1.0831854964746452
2.560766942371959,2.560766942371959
-2.9351372638503044,-2.9351372638503044
