,theta_x,theta_y
0,0.9350719862981117,0.9350719862981117
1,0.9104812910839439,0.9104812910839439
2,0.8872965137090574,0.8872965137090574
3,0.8670353549275064,0.8670353549275064
4,0.8441644195147688,0.8441644195147688
5,0.8222270541550745,0.8222270541550745
