theta_x,theta_y
-0.0853100448740727,-0.0853100448740727
2.924966133864789,2.924966133864789
-0.492098091416485,-0.492098091416485
2.665526684813015,2.665526684813015
1.747144232097627,1.747144232097627
0.5997210541913647,0.5997210541913647
0.019752087872333242,0.019752087872333242
-0.6952146190225856,-0.6952146190225856
