,theta_x,theta_y
0,1.9095029632480034,1.9095029632480034
1,-1.0893320706123757,-1.0893320706123757
2,0.8193259467532934,0.8193259467532934
3,1.1576228661296892,1.1576228661296892
4,1.6031909027973656,1.6031909027973656
