,theta_x,theta_y
0,-3.141592653589793,-3.141592653589793
1,-3.141592653589793,-3.141592653589793
2,2.7860635490658034,2.7860635490658034
3,-2.1770469236290166,-2.1770469236290166
4,-2.8373028796937696,-2.8373028796937696
5,-2.888384268136065,-2.888384268136065
6,-2.9450805240537834,-2.9450805240537834
7,-0.2551965972275436,-0.2551965972275436
8,1.6413567609822743,1.6413567609822743
9,-0.209563995397462,-0.209563995397462
