theta_x,theta_y
0.9741362373403438,0.9741362373403438
1.6088613624180224,1.6088613624180224
0.44137666911984114,0.44137666911984114
1.081454975520396,1.081454975520396
1.3501822142097288,1.3501822142097288
1.923207790719379,1.923207790719379
-3.141592653589793,-3.141592653589793
