theta_x,theta_y
3.141592653589793,3.141592653589793
-0.06336235655670465,-0.06336235655670465
3.141592653589793,3.141592653589793
-3.141592653589793,-3.141592653589793
1.4853924792241122,1.4853924792241122
