,theta_x,theta_y
0,-0.28979480346942765,-0.28979480346942765
1,-1.9135638362162959,-1.9135638362162959
2,-1.8196602543282479,-1.8196602543282479
3,-1.0587484518779602,-1.0587484518779602
4,1.5932037003361774,1.5932037003361774
5,0.3958357717235573,0.3958357717235573
