,theta_x,theta_y
0,-3.141592653589793,-3.141592653589793
1,0.7354255240100386,0.7354255240100386
2,0.2830842630670333,0.2830842630670333
3,0.8550776388433707,0.8550776388433707
