theta_x,theta_y
-0.5151104545596252,-0.5151104545596252
-0.9546041974199729,-0.9546041974199729
-0.32445784827958296,-0.32445784827958296
-0.5134230041591709,-0.5134230041591709
3.11602158887862,3.11602158887862
0.6348806477477054,0.6348806477477054
