,theta_x,theta_y
0,-3.141303621501748,-3.141303621501748
1,-2.8793527851621366,-2.8793527851621366
2,1.4944677558623891,1.4944677558623891
3,1.2052520351884597,1.2052520351884597
4,-3.141592653589793,-3.141592653589793
5,0.6639168317306658,0.6639168317306658
6,1.171876750842689,1.171876750842689
