,theta_x,theta_y
0,-1.2047137878651566,-1.2047137878651566
1,-1.2837468652024306,-1.2837468652024306
2,-1.9750033447417412,-1.9750033447417412
3,-2.204396139473016,-2.204396139473016
4,3.141592653589793,3.141592653589793
5,-1.4453544646214385,-1.4453544646214385
6,-1.4418364893468807,-1.4418364893468807
7,-1.1401849994574493,-1.1401849994574493
8,-0.5577722872231401,-0.5577722872231401
