,theta_x,theta_y
0,1.2775836633971636,1.2775836633971636
1,0.2681954152858075,0.2681954152858075
2,0.7661547011858082,0.7661547011858082
