,theta_x,theta_y
0,1.2704743402609533,1.2704743402609533
1,0.35495100474959307,0.35495100474959307
2,-0.1390841045006425,-0.1390841045006425
3,-0.3462666469566374,-0.3462666469566374
4,-2.0176028868576266,-2.0176028868576266
5,-1.1335740466027528,-1.1335740466027528
