,theta_x,theta_y
0,1.9932130874991316,1.9932130874991316
1,2.6034478252712305,2.6034478252712305
2,2.0979972886706046,2.0979972886706046
3,-2.0923030893843935,-2.0923030893843935
4,-1.3197159518474548,-1.3197159518474548
5,2.235509942654763,2.235509942654763
6,-3.141592653589793,-3.141592653589793
