,theta_x,theta_y
0,2.7707899793630473,2.7707899793630473
1,1.2923867817835544,1.2923867817835544
2,0.43232795472188634,0.43232795472188634
3,0.14729181420850612,0.14729181420850612
4,3.141592653589793,3.141592653589793
