,theta_x,theta_y
0,-0.6983503013976279,-0.6983503013976279
1,3.141592653589793,3.141592653589793
2,-2.84720641703157,-2.84720641703157
3,2.178580684665585,2.178580684665585
4,-1.7421020164415566,-1.7421020164415566
5,1.4244827172320988,1.4244827172320988
6,1.5333871556008776,1.5333871556008776
7,0.5966634061246352,0.5966634061246352
