,theta_x,theta_y
0,-0.5287202277749663,-0.5287202277749663
1,-2.4610574968648775,-2.4610574968648775
2,-3.141592653589793,-3.141592653589793
3,-3.141592653589793,-3.141592653589793
4,2.8699911813126255,2.8699911813126255
5,3.141592653589793,3.141592653589793
6,-1.8059373941599222,-1.8059373941599222
