,theta_x,theta_y
0,-1.1399343076655575,-1.1399343076655575
1,-1.6752772524197377,-1.6752772524197377
2,1.4887998127961928,1.4887998127961928
3,-1.0834493157530178,-1.0834493157530178
4,-1.7550668889973595,-1.7550668889973595
5,-1.5787214962924019,-1.5787214962924019
6,-1.9768700608964536,-1.9768700608964536
7,-1.1054710353648347,-1.1054710353648347
8,0.8574334518537752,0.8574334518537752
