,theta_x,theta_y
0,-1.7430477075124493,-1.7430477075124493
1,-1.6284094223637342,-1.6284094223637342
