,theta_x,theta_y
0,0.21240427866155734,0.21240427866155734
1,-1.0825087534906417,-1.0825087534906417
2,-2.5109315150371376,-2.5109315150371376
3,-3.0117842775546975,-3.0117842775546975
4,1.383020587915645,1.383020587915645
5,2.2324390674671424,2.2324390674671424
6,0.5389116449543849,0.5389116449543849
7,1.3866544387727568,1.3866544387727568
8,0.7315531193606839,0.7315531193606839
9,2.4975095872746294,2.4975095872746294
