,theta_x,theta_y
0,1.4739958537501086,1.4739958537501086
1,1.5294545845035852,1.5294545845035852
2,0.4836073880302493,0.4836073880302493
3,-0.9504201590922606,-0.9504201590922606
4,-3.0999363840143146,-3.0999363840143146
5,-0.16228340249014256,-0.16228340249014256
6,-0.17593461999375623,-0.17593461999375623
