theta_x,theta_y
1.1282695208634883,1.1282695208634883
1.0761496463723903,1.0761496463723903
1.0485048865842426,1.0485048865842426
-3.141592653589793,-3.141592653589793
1.0404015677093195,1.0404015677093195
0.9634797471913559,0.9634797471913559
0.9743349562488848,0.9743349562488848
