theta_x,theta_y
1.2800997884326937,1.2800997884326937
1.1949757747241618,1.1949757747241618
1.1773411038234742,1.1773411038234742
1.0129361820361356,1.0129361820361356
-3.141592653589793,-3.141592653589793
1.0574717978182855,1.0574717978182855
1.0052179031781039,1.0052179031781039
-3.141592653589793,-3.141592653589793
-3.141592653589793,-3.141592653589793
