,theta_x,theta_y
0,2.3195763136791903,2.3195763136791903
1,-0.3840339943782778,-0.3840339943782778
2,-1.4584039502806831,-1.4584039502806831
3,-0.0634538654299213,-0.0634538654299213
4,-0.9071921123341036,-0.9071921123341036
5,2.951583161257472,2.951583161257472
6,3.0731525249108915,3.0731525249108915
7,2.8347541824330937,2.8347541824330937
8,-0.37791013669681717,-0.37791013669681717
9,-1.452064589444234,-1.452064589444234
