,theta_x,theta_y
0,3.0183482069961447,3.0183482069961447
1,-0.8381794735419319,-0.8381794735419319
2,2.8864718520583525,2.8864718520583525
3,-3.141592653589793,-3.141592653589793
4,2.423842197562961,2.423842197562961
5,-3.141592653589793,-3.141592653589793
6,3.0148727352853517,3.0148727352853517
7,-2.8261585143103187,-2.8261585143103187
