theta_x,theta_y
3.127626738374902,3.127626738374902
1.6386744107421483,1.6386744107421483
3.141592653589793,3.141592653589793
-2.441035458147543,-2.441035458147543
1.8741751594658265,1.8741751594658265
0.8154352452309962,0.8154352452309962
2.4633433317429785,2.4633433317429785
-1.956502817605185,-1.956502817605185
