theta_x,theta_y
-1.8951335045877993,-1.8951335045877993
2.1710137788176516,2.1710137788176516
-2.195496950091719,-2.195496950091719
1.5449521941247744,1.5449521941247744
2.7985701077522753,2.7985701077522753
-1.7714882127724187,-1.7714882127724187
-0.41912902837915544,-0.41912902837915544
0.006450028881939686,0.006450028881939686
-2.9465013858173354,-2.9465013858173354
0.43703913752668627,0.43703913752668627
