theta_x,theta_y
1.8849598623711765,1.8849598623711765
-0.37361231662830896,-0.37361231662830896
1.4125309903889651,1.4125309903889651
0.7473190540129151,0.7473190540129151
0.28692892859198815,0.28692892859198815
0.4763895790199547,0.4763895790199547
