,theta_x,theta_y
0,-3.0148365732703217,-3.0148365732703217
1,-1.7331403534900156,-1.7331403534900156
2,1.7357892037871863,1.7357892037871863
3,0.9255186507311485,0.9255186507311485
4,-2.991819811193255,-2.991819811193255
5,-0.0948844182830463,-0.0948844182830463
