,theta_x,theta_y
0,-0.28646918471924177,-0.28646918471924177
1,-0.2890168294857018,-0.2890168294857018
2,-0.2915805990991753,-0.2915805990991753
3,-0.2941605577221177,-0.2941605577221177
4,3.141592653589793,3.141592653589793
5,-0.29523528266423615,-0.29523528266423615
6,-0.3014310442304051,-0.3014310442304051
7,-0.3076528986904192,-0.3076528986904192
8,-0.3138522321457228,-0.3138522321457228
9,-0.320005450081294,-0.320005450081294
