theta_x,theta_y
2.4157523340101803,2.4157523340101803
-0.8184690551691062,-0.8184690551691062
1.2760984661297128,1.2760984661297128
1.264933895402038,1.264933895402038
0.5091483529387193,0.5091483529387193
1.2848525893792866,1.2848525893792866
1.3047512864481001,1.3047512864481001
2.501301991047096,2.501301991047096
-2.7317818278900146,-2.7317818278900146
-1.4917781512927457,-1.4917781512927457
