theta_x,theta_y
-0.8266722908851524,-0.8266722908851524
-1.5772631233837466,-1.5772631233837466
3.141592653589793,3.141592653589793
-3.116620626142194,-3.116620626142194
1.783623602758286,1.783623602758286
0.8516990409643669,0.8516990409643669
-3.1313862127557504,-3.1313862127557504
-2.8761049404504497,-2.8761049404504497
-0.17985586958918418,-0.17985586958918418
