theta_x,theta_y
-1.1450038033904517,-1.1450038033904517
-1.9411003212739109,-1.9411003212739109
3.141592653589793,3.141592653589793
-1.48959776649019,-1.48959776649019
-2.758881376686273,-2.758881376686273
3.07166305134418,3.07166305134418
