theta_x,theta_y
2.889207236241343,2.889207236241343
-0.5440168702860773,-0.5440168702860773
1.3523656740520602,1.3523656740520602
0.34193363906069446,0.34193363906069446
