theta_x,theta_y
-0.4876979649877593,-0.4876979649877593
