,theta_x,theta_y
0,-0.15661518825363235,-0.15661518825363235
1,-0.958438941934596,-0.958438941934596
2,-1.446920815708482,-1.446920815708482
3,-1.7147370801020805,-1.7147370801020805
4,3.141592653589793,3.141592653589793
5,-0.09172362071233212,-0.09172362071233212
6,0.27986222703941965,0.27986222703941965
