,theta_x,theta_y
0,2.256860976923265,2.256860976923265
1,1.4956196556039996,1.4956196556039996
2,-0.8849309503451881,-0.8849309503451881
3,-1.1590736055289916,-1.1590736055289916
4,-1.7615731742778187,-1.7615731742778187
