,theta_x,theta_y
0,-1.8593631520097462,-1.8593631520097462
1,3.141592653589793,3.141592653589793
