,theta_x,theta_y
0,-0.3030556575841338,-0.3030556575841338
1,3.141592653589793,3.141592653589793
2,-0.34517768212923106,-0.34517768212923106
3,3.141592653589793,3.141592653589793
4,-0.35906311023991244,-0.35906311023991244
5,-0.3493104207713205,-0.3493104207713205
6,-0.3624350640784365,-0.3624350640784365
