,theta_x,theta_y
0,2.66203930917527,2.66203930917527
