,theta_x,theta_y
0,0.9258729249075786,0.9258729249075786
1,0.7516299733147512,0.7516299733147512
2,0.47334161382295514,0.47334161382295514
3,-0.06897064892197902,-0.06897064892197902
4,-2.7015746505283094,-2.7015746505283094
5,0.47090594697081267,0.47090594697081267
6,0.2591589347550982,0.2591589347550982
