,theta_x,theta_y
0,-1.5594667361099575,-1.5594667361099575
1,-2.4553958159742404,-2.4553958159742404
2,2.5094776963585774,2.5094776963585774
3,-2.3744544718530136,-2.3744544718530136
4,-2.821440521713545,-2.821440521713545
5,-2.747436871843322,-2.747436871843322
6,-2.8178937519935534,-2.8178937519935534
7,-2.436915316261569,-2.436915316261569
