theta_x,theta_y
0.7296628020228575,0.7296628020228575
-1.0740615653205108,-1.0740615653205108
-1.6921623067887377,-1.6921623067887377
-1.2641662374591267,-1.2641662374591267
