,theta_x,theta_y
0,-0.2783733557239093,-0.2783733557239093
1,-0.28194310157778457,-0.28194310157778457
2,-0.2867158612070441,-0.2867158612070441
3,-0.29346550417726175,-0.29346550417726175
4,-0.298772206921651,-0.298772206921651
5,-0.3037935971273969,-0.3037935971273969
6,-0.30881235128258727,-0.30881235128258727
7,-0.31418752155460444,-0.31418752155460444
