,theta_x,theta_y
0,1.7404428431236982,1.7404428431236982
1,2.0028547146516495,2.0028547146516495
2,-3.141592653589793,-3.141592653589793
3,1.59808219232104,1.59808219232104
