,theta_x,theta_y
0,-0.9361586999207278,-0.9361586999207278
1,-1.0061535535256103,-1.0061535535256103
2,-1.0165930130931464,-1.0165930130931464
3,-1.0037791997091807,-1.0037791997091807
4,3.141592653589793,3.141592653589793
5,-1.0428345174751517,-1.0428345174751517
6,-1.0729842064139916,-1.0729842064139916
7,-1.124610853404356,-1.124610853404356
8,-1.1904077772529904,-1.1904077772529904
9,3.141592653589793,3.141592653589793
