theta_x,theta_y
1.2323386190214483,1.2323386190214483
