,theta_x,theta_y
0,0.9221433667701395,0.9221433667701395
1,-0.7854726731475206,-0.7854726731475206
2,-3.141592653589793,-3.141592653589793
3,-3.141592653589793,-3.141592653589793
