,theta_x,theta_y
0,2.2199128885536483,2.2199128885536483
1,-0.04327991855873406,-0.04327991855873406
2,2.763620170386035,2.763620170386035
3,-2.0373819989969677,-2.0373819989969677
