theta_x,theta_y
0.9263791618832907,0.9263791618832907
3.141592653589793,3.141592653589793
