theta_x,theta_y
-1.0129187314708288,-1.0129187314708288
3.141592653589793,3.141592653589793
-1.27862400830048,-1.27862400830048
2.235377157728283,2.235377157728283
2.2911941341629682,2.2911941341629682
-0.26748054976810676,-0.26748054976810676
-0.6395133302234932,-0.6395133302234932
-1.3401083558434634,-1.3401083558434634
-2.115489075212765,-2.115489075212765
-0.8131388611611338,-0.8131388611611338
