,theta_x,theta_y
0,2.1657755483506635,2.1657755483506635
1,-1.3218603659562083,-1.3218603659562083
