,theta_x,theta_y
0,3.12776826001333,3.12776826001333
1,-0.07036277917251803,-0.07036277917251803
2,2.7099873218662407,2.7099873218662407
3,-0.43411848182807067,-0.43411848182807067
4,-1.6648412641595947,-1.6648412641595947
