,theta_x,theta_y
0,-0.2696869338591042,-0.2696869338591042
1,-0.2735893229469628,-0.2735893229469628
2,-0.2775040424270131,-0.2775040424270131
3,-0.2814219863136069,-0.2814219863136069
4,-0.2853591999175723,-0.2853591999175723
5,-0.2893212327691451,-0.2893212327691451
6,-0.29328560779545865,-0.29328560779545865
7,-0.29725873643122236,-0.29725873643122236
8,-0.3012590848346748,-0.3012590848346748
