,theta_x,theta_y
0,-0.766703507663006,-0.766703507663006
1,0.3676610764686805,0.3676610764686805
