,theta_x,theta_y
0,-3.120293772432582,-3.120293772432582
1,-3.108691913800174,-3.108691913800174
2,2.2259973412478535,2.2259973412478535
3,1.6425453330329067,1.6425453330329067
4,-3.141592653589793,-3.141592653589793
5,0.1568523769164884,0.1568523769164884
6,0.7744770684043611,0.7744770684043611
