,theta_x,theta_y
0,1.008744170987534,1.008744170987534
1,-0.10418394527440061,-0.10418394527440061
2,-3.0469629215927356,-3.0469629215927356
3,1.0327565497794151,1.0327565497794151
4,0.7810572804429596,0.7810572804429596
