,theta_x,theta_y
0,2.5218369815604134,2.5218369815604134
1,-1.0524509734267546,-1.0524509734267546
2,-1.255854091053329,-1.255854091053329
3,2.00127522958482,2.00127522958482
4,0.01281296804843196,0.01281296804843196
5,3.141592653589793,3.141592653589793
6,2.481342456010199,2.481342456010199
7,2.144419048701989,2.144419048701989
