,theta_x,theta_y
0,-2.4721647562744775,-2.4721647562744775
1,-1.2304190770238788,-1.2304190770238788
2,2.251421960712172,2.251421960712172
3,-2.6658234224099435,-2.6658234224099435
4,1.4641439448468678,1.4641439448468678
5,2.3854167736444207,2.3854167736444207
6,-2.7583604206658117,-2.7583604206658117
7,-1.9916288598052425,-1.9916288598052425
