,theta_x,theta_y
0,-1.1196020815372214,-1.1196020815372214
1,-1.512987887953487,-1.512987887953487
2,1.8025510217524876,1.8025510217524876
3,-3.117495647376109,-3.117495647376109
4,1.6290647944223728,1.6290647944223728
5,0.9875980818799577,0.9875980818799577
6,-2.128678837473357,-2.128678837473357
7,-3.141592653589793,-3.141592653589793
8,-0.05365703635748725,-0.05365703635748725
9,0.9812578733111251,0.9812578733111251
