,theta_x,theta_y
0,-3.141592653589793,-3.141592653589793
1,-0.35924190183265814,-0.35924190183265814
2,-2.9508247603396236,-2.9508247603396236
3,2.642140384359696,2.642140384359696
4,2.7565008197522034,2.7565008197522034
