theta_x,theta_y
-0.30578038323390677,-0.30578038323390677
2.9401492670067757,2.9401492670067757
-0.3742722611933898,-0.3742722611933898
1.5054657553206854,1.5054657553206854
1.5630972912201524,1.5630972912201524
-0.17704635518587686,-0.17704635518587686
-0.12899827954873894,-0.12899827954873894
-0.4292809147160843,-0.4292809147160843
