,theta_x,theta_y
0,1.9130590199544315,1.9130590199544315
1,2.794542543215365,2.794542543215365
2,-2.975865411091281,-2.975865411091281
3,2.289984086482209,2.289984086482209
4,-0.7890304005651217,-0.7890304005651217
