,theta_x,theta_y
0,-1.2589566914621089,-1.2589566914621089
1,2.931125539561501,2.931125539561501
2,1.56162387335054,1.56162387335054
