theta_x,theta_y
2.7074094427896993,2.7074094427896993
-0.12751175206904605,-0.12751175206904605
-0.09529754223889299,-0.09529754223889299
1.5464663051952203,1.5464663051952203
-0.6750541317972533,-0.6750541317972533
