,theta_x,theta_y
0,-1.9055137128354724,-1.9055137128354724
1,2.660501597135056,2.660501597135056
2,-1.7225192684818758,-1.7225192684818758
3,2.4660249287822578,2.4660249287822578
4,2.9306126902255505,2.9306126902255505
