,theta_x,theta_y
0,-1.2923950709489451,-1.2923950709489451
1,-1.95874513649659,-1.95874513649659
2,-1.9169706917870246,-1.9169706917870246
3,-1.8742672417043427,-1.8742672417043427
4,3.141592653589793,3.141592653589793
