,theta_x,theta_y
0,-3.141592653589793,-3.141592653589793
1,-3.141592653589793,-3.141592653589793
2,2.617718420487673,2.617718420487673
3,-3.141592653589793,-3.141592653589793
