,theta_x,theta_y
0,-3.141592653589793,-3.141592653589793
1,0.09505111425618606,0.09505111425618606
2,0.21486048781026085,0.21486048781026085
3,-0.6705043028805016,-0.6705043028805016
4,-1.6937562820790524,-1.6937562820790524
5,-0.736509409495863,-0.736509409495863
6,-0.8054490423684881,-0.8054490423684881
