,theta_x,theta_y
0,-1.6687096798455288,-1.6687096798455288
1,2.6228561005701336,2.6228561005701336
2,-3.141592653589793,-3.141592653589793
3,1.9288278149399931,1.9288278149399931
4,1.1492167679381746,1.1492167679381746
5,-1.5551460188572808,-1.5551460188572808
6,-3.141592653589793,-3.141592653589793
7,-2.5984188471991554,-2.5984188471991554
8,-1.7503776410942968,-1.7503776410942968
