,theta_x,theta_y
0,2.1296123908146565,2.1296123908146565
1,-3.141592653589793,-3.141592653589793
2,-3.141592653589793,-3.141592653589793
