theta_x,theta_y
2.507119604320331,2.507119604320331
-1.677407665907959,-1.677407665907959
1.2727534152238011,1.2727534152238011
1.9308744242717606,1.9308744242717606
1.2543533296703864,1.2543533296703864
2.0302721645716386,2.0302721645716386
1.695607740409668,1.695607740409668
2.4791834356894014,2.4791834356894014
