,theta_x,theta_y
0,2.310841666646719,2.310841666646719
1,1.0660683045904988,1.0660683045904988
2,-0.17344631275891803,-0.17344631275891803
3,-1.0727968045397904,-1.0727968045397904
4,-2.9574007617872806,-2.9574007617872806
5,-1.6829572773314736,-1.6829572773314736
6,-1.7551320802837969,-1.7551320802837969
7,-2.6021801198458823,-2.6021801198458823
