,theta_x,theta_y
0,2.4891675541596503,2.4891675541596503
1,1.4164673412050934,1.4164673412050934
2,1.23894293181179,1.23894293181179
3,0.18371464210578425,0.18371464210578425
