,theta_x,theta_y
0,-3.141592653589793,-3.141592653589793
1,2.7843010906788,2.7843010906788
2,-0.7349725133991606,-0.7349725133991606
3,2.949029243245671,2.949029243245671
4,3.141592653589793,3.141592653589793
