,theta_x,theta_y
0,0.691891855295304,0.691891855295304
1,2.1481486516802994,2.1481486516802994
2,-2.192686444024893,-2.192686444024893
3,1.9995470921848764,1.9995470921848764
4,-0.45158295090905615,-0.45158295090905615
5,0.24602395573072713,0.24602395573072713
6,1.3206551553150394,1.3206551553150394
7,0.07795669099959884,0.07795669099959884
8,0.4058734688547045,0.4058734688547045
9,-3.112027516334186,-3.112027516334186
