,theta_x,theta_y
0,-3.141592653589793,-3.141592653589793
1,-2.681224063107643,-2.681224063107643
2,3.141592653589793,3.141592653589793
3,-3.0013889529933895,-3.0013889529933895
