theta_x,theta_y
-2.6726757793066547,-2.6726757793066547
-3.141592653589793,-3.141592653589793
1.4137056881749661,1.4137056881749661
-2.3599173377153067,-2.3599173377153067
