,theta_x,theta_y
0,0.27223581628596094,0.27223581628596094
1,-0.3326902937909416,-0.3326902937909416
2,-2.8494204316033196,-2.8494204316033196
