,theta_x,theta_y
0,0.33202764112544,0.33202764112544
1,3.049488791059932,3.049488791059932
2,1.4561223790259439,1.4561223790259439
