,theta_x,theta_y
0,1.0546708636826139,1.0546708636826139
1,1.0453668682765334,1.0453668682765334
2,1.0366258000469208,1.0366258000469208
3,1.0287354687935026,1.0287354687935026
4,-3.141592653589793,-3.141592653589793
5,0.9968498185238136,0.9968498185238136
6,1.0085312748509097,1.0085312748509097
