,theta_x,theta_y
0,-0.33237138763464413,-0.33237138763464413
1,-0.9242155997343042,-0.9242155997343042
2,-1.9198229910428108,-1.9198229910428108
3,-3.141592653589793,-3.141592653589793
4,2.3560951143684115,2.3560951143684115
