,theta_x,theta_y
0,-0.2626374939165527,-0.2626374939165527
1,-0.26574061922997017,-0.26574061922997017
2,-0.2688986112289111,-0.2688986112289111
3,-0.27211176461657416,-0.27211176461657416
4,-0.2752566199431928,-0.2752566199431928
5,-0.27848550831439184,-0.27848550831439184
6,-0.28164263155865776,-0.28164263155865776
7,-0.28493808115979097,-0.28493808115979097
8,-0.28809508284266944,-0.28809508284266944
9,-0.29136419609942305,-0.29136419609942305
