theta_x,theta_y
0.9851185115248537,0.9851185115248537
0.9668275194086182,0.9668275194086182
0.960624637275579,0.960624637275579
0.9503087206103181,0.9503087206103181
0.9422159617525813,0.9422159617525813
0.9390285549739803,0.9390285549739803
0.9281734460830243,0.9281734460830243
0.9230616169079997,0.9230616169079997
-3.141592653589793,-3.141592653589793
0.8871466510760878,0.8871466510760878
