theta_x,theta_y
-0.6074327550215323,-0.6074327550215323
3.141592653589793,3.141592653589793
-0.7975542356373232,-0.7975542356373232
3.141592653589793,3.141592653589793
3.141592653589793,3.141592653589793
-0.11759766761580277,-0.11759766761580277
-1.0006635980971645,-1.0006635980971645
