,theta_x,theta_y
0,1.2000146014502553,1.2000146014502553
1,0.9177316437754978,0.9177316437754978
2,0.6811111265303464,0.6811111265303464
3,0.44033500943392273,0.44033500943392273
4,0.5234348250757611,0.5234348250757611
