theta_x,theta_y
-2.810685850514157,-2.810685850514157
1.425322052274442,1.425322052274442
0.3551160153981957,0.3551160153981957
0.6592437269534663,0.6592437269534663
