,theta_x,theta_y
0,-0.14358348728994486,-0.14358348728994486
1,2.9980605805346654,2.9980605805346654
2,1.4941980049822217,1.4941980049822217
3,-1.4135562807016582,-1.4135562807016582
4,-1.3471706110022654,-1.3471706110022654
5,2.8731891860619374,2.8731891860619374
6,-2.6655593937384348,-2.6655593937384348
7,1.663907576579033,1.663907576579033
8,1.0803119432134605,1.0803119432134605
