,theta_x,theta_y
0,0.40902989579539717,0.40902989579539717
1,3.141592653589793,3.141592653589793
2,-3.141592653589793,-3.141592653589793
