theta_x,theta_y
0.40902989579539717,0.40902989579539717
3.141592653589793,3.141592653589793
-3.141592653589793,-3.141592653589793
