,theta_x,theta_y
0,0.6094907687416395,0.6094907687416395
1,2.240059111376943,2.240059111376943
2,0.36079129473523286,0.36079129473523286
3,-0.7084085198238494,-0.7084085198238494
4,-0.6140502597630838,-0.6140502597630838
5,1.7157867162382727,1.7157867162382727
6,-2.3510804738730964,-2.3510804738730964
7,0.7934677687424422,0.7934677687424422
8,0.9255843209939594,0.9255843209939594
