,theta_x,theta_y
0,1.1846336861668285,1.1846336861668285
1,0.634595658411273,0.634595658411273
2,0.06303085439251783,0.06303085439251783
3,-0.6495986271138036,-0.6495986271138036
4,1.9548079279619475,1.9548079279619475
5,0.29523620737904976,0.29523620737904976
6,0.18371372139558467,0.18371372139558467
7,-0.7261926985254827,-0.7261926985254827
8,-0.35706263332575244,-0.35706263332575244
