theta_x,theta_y
2.4589096680435114,2.4589096680435114
-0.1532724796106161,-0.1532724796106161
-0.6765423707477928,-0.6765423707477928
1.6841570593763069,1.6841570593763069
1.046296510134907,1.046296510134907
3.141592653589793,3.141592653589793
2.759911860337462,2.759911860337462
