theta_x,theta_y
2.4824837602756222,2.4824837602756222
0.3328207534028127,0.3328207534028127
-1.0250065893812463,-1.0250065893812463
-0.8680374320058124,-0.8680374320058124
0.3536433419003969,0.3536433419003969
3.141592653589793,3.141592653589793
3.141592653589793,3.141592653589793
2.1807048355187186,2.1807048355187186
