,theta_x,theta_y
0,-1.7412566766544397,-1.7412566766544397
1,-2.012173703149675,-2.012173703149675
2,2.7954085469645054,2.7954085469645054
3,-2.30724896430353,-2.30724896430353
4,1.0128596448627727,1.0128596448627727
5,0.4381205338896293,0.4381205338896293
