,theta_x,theta_y
0,-3.141592653589793,-3.141592653589793
1,-3.141592653589793,-3.141592653589793
2,2.361693870270854,2.361693870270854
3,2.297088637460418,2.297088637460418
4,-3.141592653589793,-3.141592653589793
5,2.3278508233540003,2.3278508233540003
6,2.317057900090498,2.317057900090498
7,-3.141592653589793,-3.141592653589793
8,2.241627887812119,2.241627887812119
