,theta_x,theta_y
0,3.141592653589793,3.141592653589793
1,0.41387051187828094,0.41387051187828094
2,3.141592653589793,3.141592653589793
