,theta_x,theta_y
0,-3.0201890385448804,-3.0201890385448804
1,-1.8121605201378277,-1.8121605201378277
2,1.8026831352960382,1.8026831352960382
3,0.9651969081711385,0.9651969081711385
4,-3.0298656087235463,-3.0298656087235463
5,-0.003709758723000181,-0.003709758723000181
6,0.22890248686977493,0.22890248686977493
7,-2.152952530426441,-2.152952530426441
