,theta_x,theta_y
0,0.3214289568182333,0.3214289568182333
1,-1.6349549077393122,-1.6349549077393122
2,-2.5080128652084834,-2.5080128652084834
3,-3.0322207492986313,-3.0322207492986313
4,2.056584774502575,2.056584774502575
5,2.0398721681406853,2.0398721681406853
6,0.6762753114041824,0.6762753114041824
7,0.6911487591899359,0.6911487591899359
8,0.008473145666333497,0.008473145666333497
