,theta_x,theta_y
0,-0.815420491405551,-0.815420491405551
1,-1.69089788426654,-1.69089788426654
2,1.83191021136215,1.83191021136215
3,-2.981815188132529,-2.981815188132529
4,1.5764597241917073,1.5764597241917073
5,0.7781905645887026,0.7781905645887026
6,-1.9782731956358384,-1.9782731956358384
7,-3.141592653589793,-3.141592653589793
8,0.4251783691376565,0.4251783691376565
9,0.7534555521451339,0.7534555521451339
