theta_x,theta_y
0.7250957505401107,0.7250957505401107
3.141592653589793,3.141592653589793
-2.9223538066512056,-2.9223538066512056
2.415721885981783,2.415721885981783
-1.617347294962088,-1.617347294962088
0.21809747549124125,0.21809747549124125
2.2710163189640022,2.2710163189640022
