,theta_x,theta_y
0,-3.103881613232287,-3.103881613232287
1,-1.2029354432736803,-1.2029354432736803
2,1.002096129376047,1.002096129376047
