,theta_x,theta_y
0,-1.5091338014812212,-1.5091338014812212
