theta_x,theta_y
2.453158276520703,2.453158276520703
-1.1404436680536696,-1.1404436680536696
1.3555928972534332,1.3555928972534332
1.7311882190855838,1.7311882190855838
1.0620841766067874,1.0620841766067874
1.6967836556459743,1.6967836556459743
1.227531299897388,1.227531299897388
