theta_x,theta_y
0.9513899786638856,0.9513899786638856
1.066740765802465,1.066740765802465
1.317773660917026,1.317773660917026
-3.055893026114765,-3.055893026114765
0.9136107815297753,0.9136107815297753
0.8582225474571218,0.8582225474571218
-0.37699028574895765,-0.37699028574895765
-3.044699379961843,-3.044699379961843
0.7074474780059036,0.7074474780059036
