,theta_x,theta_y
0,0.5597760631945449,0.5597760631945449
1,2.1173907059258523,2.1173907059258523
2,0.8724646941263758,0.8724646941263758
3,-1.495720963206483,-1.495720963206483
4,-0.6748957932376046,-0.6748957932376046
5,1.5214197352616503,1.5214197352616503
6,-2.5062474211119987,-2.5062474211119987
7,1.5851300945247095,1.5851300945247095
