,theta_x,theta_y
0,1.28123549198038,1.28123549198038
1,1.7604780212184408,1.7604780212184408
2,1.034821456007109,1.034821456007109
3,-1.384839278281726,-1.384839278281726
4,-0.2857124788812123,-0.2857124788812123
5,1.3944419753797805,1.3944419753797805
6,-3.141592653589793,-3.141592653589793
