,theta_x,theta_y
0,2.876281797526158,2.876281797526158
1,-0.3652958332532845,-0.3652958332532845
2,3.086437144521826,3.086437144521826
3,-2.934979169382887,-2.934979169382887
4,0.7722571771029961,0.7722571771029961
5,-0.9246858476155505,-0.9246858476155505
6,1.6875063209517442,1.6875063209517442
7,-2.0010116078681595,-2.0010116078681595
8,1.8989139096244474,1.8989139096244474
9,0.268424022802366,0.268424022802366
