theta_x,theta_y
-0.4847406673945439,-0.4847406673945439
-0.049535610773440264,-0.049535610773440264
-1.065324756902161,-1.065324756902161
