,theta_x,theta_y
0,2.6152463183834462,2.6152463183834462
1,2.5520474694484023,2.5520474694484023
2,-3.141592653589793,-3.141592653589793
3,2.4376030031137637,2.4376030031137637
4,-3.141592653589793,-3.141592653589793
5,2.336199095214752,2.336199095214752
6,2.300251984755701,2.300251984755701
7,-3.141592653589793,-3.141592653589793
8,2.3096535086392356,2.3096535086392356
