,theta_x,theta_y
0,-2.6423968156114594,-2.6423968156114594
1,0.2323844198090863,0.2323844198090863
