,theta_x,theta_y
0,-0.32510190163910835,-0.32510190163910835
1,-1.2915656886098628,-1.2915656886098628
2,3.141592653589793,3.141592653589793
3,-2.7463579525953254,-2.7463579525953254
4,2.2567503361476207,2.2567503361476207
5,1.3472212497542102,1.3472212497542102
6,-0.5771289579053689,-0.5771289579053689
7,-2.9382405060511694,-2.9382405060511694
8,-0.7682529430960855,-0.7682529430960855
