theta_x,theta_y
3.141592653589793,3.141592653589793
1.7746754357756684,1.7746754357756684
0.5270899153356483,0.5270899153356483
0.22323228851951726,0.22323228851951726
