,theta_x,theta_y
0,2.917640078299644,2.917640078299644
1,-0.9757854021950927,-0.9757854021950927
2,2.1331554087790643,2.1331554087790643
3,0.6390937031600323,0.6390937031600323
4,0.20141017540375167,0.20141017540375167
5,0.255836082608768,0.255836082608768
