theta_x,theta_y
2.917640078299644,2.917640078299644
-0.9757854021950927,-0.9757854021950927
2.1331554087790643,2.1331554087790643
0.6390937031600323,0.6390937031600323
0.20141017540375167,0.20141017540375167
0.255836082608768,0.255836082608768
