,theta_x,theta_y
0,-0.16476175415592353,-0.16476175415592353
1,-1.554378824412082,-1.554378824412082
2,3.141592653589793,3.141592653589793
3,-3.141592653589793,-3.141592653589793
4,-0.26272872784838236,-0.26272872784838236
