,theta_x,theta_y
0,-1.007868489758678,-1.007868489758678
1,3.141592653589793,3.141592653589793
2,-3.141592653589793,-3.141592653589793
3,2.7162163982043785,2.7162163982043785
4,-1.4474046559530847,-1.4474046559530847
5,0.4025636497053582,0.4025636497053582
