,theta_x,theta_y
0,0.9729590562529807,0.9729590562529807
1,0.9666504714797616,0.9666504714797616
2,0.959386950570833,0.959386950570833
3,0.9551313181284944,0.9551313181284944
4,0.9475529165983724,0.9475529165983724
5,0.9401349331327679,0.9401349331327679
6,-3.141592653589793,-3.141592653589793
7,0.9440609375842508,0.9440609375842508
