,theta_x,theta_y
0,-3.1235990791307566,-3.1235990791307566
1,-0.32759255931602643,-0.32759255931602643
2,1.9087682833437452,1.9087682833437452
