,theta_x,theta_y
0,1.3216441169221542,1.3216441169221542
1,0.7270803878544689,0.7270803878544689
2,0.8436908257888713,0.8436908257888713
3,-2.271876908782691,-2.271876908782691
4,-0.055835337080872516,-0.055835337080872516
5,0.2671569069184672,0.2671569069184672
6,0.22586492463199992,0.22586492463199992
7,-2.513783841440792,-2.513783841440792
8,0.5737917723120205,0.5737917723120205
9,0.3903078857723128,0.3903078857723128
