theta_x,theta_y
1.3216441169221542,1.3216441169221542
0.7270803878544689,0.7270803878544689
0.8436908257888713,0.8436908257888713
-2.271876908782691,-2.271876908782691
-0.055835337080872516,-0.055835337080872516
0.2671569069184672,0.2671569069184672
0.22586492463199992,0.22586492463199992
-2.513783841440792,-2.513783841440792
0.5737917723120205,0.5737917723120205
0.3903078857723128,0.3903078857723128
