,theta_x,theta_y
0,0.31984005429545537,0.31984005429545537
1,-0.2938317147163276,-0.2938317147163276
2,-0.694077389628126,-0.694077389628126
3,-1.155996265638891,-1.155996265638891
4,3.141592653589793,3.141592653589793
5,0.27961058313739506,0.27961058313739506
6,0.049758983480249236,0.049758983480249236
