,theta_x,theta_y
0,2.222448212996969,2.222448212996969
1,2.030846339853827,2.030846339853827
2,1.0829670881359619,1.0829670881359619
3,-3.141592653589793,-3.141592653589793
4,-3.141592653589793,-3.141592653589793
5,1.6428686513597377,1.6428686513597377
6,1.8755097656372879,1.8755097656372879
7,-3.141592653589793,-3.141592653589793
