,theta_x,theta_y
0,1.13790282683186,1.13790282683186
1,0.2591276937225153,0.2591276937225153
2,0.45343075054246906,0.45343075054246906
3,0.25814367498178664,0.25814367498178664
