theta_x,theta_y
0.5264378561453781,0.5264378561453781
0.9278768930791177,0.9278768930791177
-0.5505520726289473,-0.5505520726289473
1.799565952405255,1.799565952405255
1.0652852289200947,1.0652852289200947
0.6962042889858302,0.6962042889858302
1.677118810120363,1.677118810120363
