,theta_x,theta_y
0,0.5264378561453781,0.5264378561453781
1,0.9278768930791177,0.9278768930791177
2,-0.5505520726289473,-0.5505520726289473
3,1.799565952405255,1.799565952405255
4,1.0652852289200947,1.0652852289200947
5,0.6962042889858302,0.6962042889858302
6,1.677118810120363,1.677118810120363
