theta_x,theta_y
0.9443954295409185,0.9443954295409185
