,theta_x,theta_y
0,0.3054152679369955,0.3054152679369955
1,3.141592653589793,3.141592653589793
2,-3.141592653589793,-3.141592653589793
3,2.793220032748625,2.793220032748625
4,-3.141592653589793,-3.141592653589793
5,-1.2669311116758308,-1.2669311116758308
6,2.3045669928427324,2.3045669928427324
7,-1.2746158267631433,-1.2746158267631433
8,1.3932699369920636,1.3932699369920636
9,-3.141592653589793,-3.141592653589793
