,theta_x,theta_y
0,1.3153864661529966,1.3153864661529966
1,-0.19838744039951417,-0.19838744039951417
2,-0.8028069275137305,-0.8028069275137305
3,-1.5917440585208336,-1.5917440585208336
4,3.141592653589793,3.141592653589793
5,2.5442745016237702,2.5442745016237702
6,2.0427305227733346,2.0427305227733346
7,-1.6470758178605491,-1.6470758178605491
