theta_x,theta_y
-1.4037416018360451,-1.4037416018360451
-1.872818054539622,-1.872818054539622
2.818146089529709,2.818146089529709
-3.141592653589793,-3.141592653589793
1.8438455894882635,1.8438455894882635
1.6349870874735477,1.6349870874735477
-3.141592653589793,-3.141592653589793
