,theta_x,theta_y
0,-2.890641857434361,-2.890641857434361
1,-0.2805028163309422,-0.2805028163309422
2,1.0763312913988317,1.0763312913988317
