,theta_x,theta_y
0,2.680245118313601,2.680245118313601
1,0.17784028111059597,0.17784028111059597
