,theta_x,theta_y
0,-0.7643832345018935,-0.7643832345018935
1,-2.061310560073907,-2.061310560073907
2,-2.021045205406358,-2.021045205406358
3,-1.9473361640510893,-1.9473361640510893
4,3.141592653589793,3.141592653589793
5,-0.26002189644963325,-0.26002189644963325
6,1.3033346081684105,1.3033346081684105
7,-2.1470330413896073,-2.1470330413896073
