,theta_x,theta_y
0,-0.728463163806992,-0.728463163806992
1,-0.7281347984945469,-0.7281347984945469
2,-0.8184897664604991,-0.8184897664604991
3,-0.8005794176961752,-0.8005794176961752
4,-0.8696826388087027,-0.8696826388087027
5,3.141592653589793,3.141592653589793
6,-0.8778442522232176,-0.8778442522232176
