,theta_x,theta_y
0,0.3311171839784273,0.3311171839784273
1,0.07832910502965776,0.07832910502965776
2,2.1157820049965674,2.1157820049965674
3,-2.515947316324874,-2.515947316324874
4,-1.0140476747801601,-1.0140476747801601
