,theta_x,theta_y
0,1.0182475627052443,1.0182475627052443
1,1.0207404566238392,1.0207404566238392
2,1.0851897485843995,1.0851897485843995
3,-3.141592653589793,-3.141592653589793
