,theta_x,theta_y
0,-1.7814249579334078,-1.7814249579334078
1,-1.759154236460612,-1.759154236460612
2,2.2481888950831994,2.2481888950831994
3,-3.141592653589793,-3.141592653589793
4,1.5836312599616056,1.5836312599616056
5,1.611679997015547,1.611679997015547
6,-2.8583924967156387,-2.8583924967156387
7,-3.139022027488973,-3.139022027488973
8,-0.36030874441579586,-0.36030874441579586
