,theta_x,theta_y
0,-1.9739447665265928,-1.9739447665265928
1,-1.6509037759097671,-1.6509037759097671
2,1.9821754953431225,1.9821754953431225
3,-3.141592653589793,-3.141592653589793
4,1.5623964500395338,1.5623964500395338
5,1.8378814800840513,1.8378814800840513
