theta_x,theta_y
-0.3792312074258386,-0.3792312074258386
3.0440589155820255,3.0440589155820255
-1.7713107258305456,-1.7713107258305456
2.638994925456345,2.638994925456345
-1.0091514180970487,-1.0091514180970487
