theta_x,theta_y
0.9743690841846547,0.9743690841846547
0.9551415180236467,0.9551415180236467
0.9367423721090135,0.9367423721090135
0.9191519189592617,0.9191519189592617
-3.141592653589793,-3.141592653589793
0.8833572813692183,0.8833572813692183
