,theta_x,theta_y
0,2.737335945861676,2.737335945861676
1,-0.04733332838665906,-0.04733332838665906
2,2.8934416689530917,2.8934416689530917
3,-3.141592653589793,-3.141592653589793
4,0.8978835563692887,0.8978835563692887
5,-0.7323917062346812,-0.7323917062346812
6,1.6955321731790032,1.6955321731790032
