,theta_x,theta_y
0,0.4214792925654525,0.4214792925654525
1,2.143060590522787,2.143060590522787
2,-2.276560785842538,-2.276560785842538
3,2.2805688935434087,2.2805688935434087
4,-0.5158656394602659,-0.5158656394602659
5,-0.021856481943687164,-0.021856481943687164
6,1.3208445248805447,1.3208445248805447
7,-0.09896868835609529,-0.09896868835609529
8,0.2297083618297631,0.2297083618297631
