,theta_x,theta_y
0,0.8225293972355947,0.8225293972355947
1,0.8283619500009732,0.8283619500009732
2,0.815711980101453,0.815711980101453
3,0.8089610002344988,0.8089610002344988
4,0.8053664808999695,0.8053664808999695
5,0.7743487513925414,0.7743487513925414
6,0.7583325326129109,0.7583325326129109
7,0.7945423542068222,0.7945423542068222
