,theta_x,theta_y
0,2.024895482313778,2.024895482313778
