,theta_x,theta_y
0,2.2623865488818593,2.2623865488818593
1,0.5439957619321003,0.5439957619321003
2,2.4624625292462743,2.4624625292462743
3,-2.7400756562540396,-2.7400756562540396
4,0.46627645627393455,0.46627645627393455
