,theta_x,theta_y
0,0.6978063261220891,0.6978063261220891
1,-0.04212196991510497,-0.04212196991510497
2,-0.7603814649579017,-0.7603814649579017
3,-2.027011802883847,-2.027011802883847
4,2.7047831874966275,2.7047831874966275
5,1.0683998421286753,1.0683998421286753
6,0.274805668968214,0.274805668968214
7,-1.7740568652683022,-1.7740568652683022
