,theta_x,theta_y
0,-0.2578508837883927,-0.2578508837883927
1,2.1782109867245016,2.1782109867245016
2,-0.3734252659221136,-0.3734252659221136
3,-2.2141194368702344,-2.2141194368702344
4,-0.04200500986957732,-0.04200500986957732
5,-0.051336243389561664,-0.051336243389561664
6,-0.7657785335457654,-0.7657785335457654
