,theta_x,theta_y
0,-0.2049137676167606,-0.2049137676167606
1,2.9375873226620173,2.9375873226620173
2,-2.175458626843251,-2.175458626843251
3,2.4965277950987517,2.4965277950987517
4,-1.093927614609356,-1.093927614609356
5,-0.5626186037680893,-0.5626186037680893
6,2.1215320387221883,2.1215320387221883
7,-0.7158836749028037,-0.7158836749028037
8,0.0026292135923971097,0.0026292135923971097
9,-2.8461739485366713,-2.8461739485366713
