,theta_x,theta_y
0,2.064601328025577,2.064601328025577
1,-1.1444630722940559,-1.1444630722940559
2,0.8840555452002977,0.8840555452002977
3,1.3100106065538428,1.3100106065538428
