,theta_x,theta_y
0,3.141592653589793,3.141592653589793
1,-0.4639809528423498,-0.4639809528423498
2,3.141592653589793,3.141592653589793
3,-1.1520208695883074,-1.1520208695883074
4,0.6225522356439614,0.6225522356439614
