,theta_x,theta_y
0,-3.141592653589793,-3.141592653589793
1,-3.141592653589793,-3.141592653589793
2,2.159737165717902,2.159737165717902
3,2.23797344350274,2.23797344350274
4,-3.141592653589793,-3.141592653589793
5,2.428671690250578,2.428671690250578
6,2.566059319038655,2.566059319038655
7,-3.141592653589793,-3.141592653589793
8,2.877785562692019,2.877785562692019
