theta_x,theta_y
-1.5651503382569165,-1.5651503382569165
-2.2167533905665375,-2.2167533905665375
2.6295144999607785,2.6295144999607785
-2.910025052283798,-2.910025052283798
1.9352909625832637,1.9352909625832637
