,theta_x,theta_y
0,2.026601361794228,2.026601361794228
1,1.1446865677919194,1.1446865677919194
2,0.693101493763234,0.693101493763234
3,-0.6351194744587557,-0.6351194744587557
4,-3.141592653589793,-3.141592653589793
5,0.2550805396065527,0.2550805396065527
6,-0.970846259664684,-0.970846259664684
