theta_x,theta_y
3.0648214299707996,3.0648214299707996
-3.141592653589793,-3.141592653589793
-3.141592653589793,-3.141592653589793
-3.141592653589793,-3.141592653589793
3.018683485767529,3.018683485767529
3.0276666319544443,3.0276666319544443
