theta_x,theta_y
2.2705591913272003,2.2705591913272003
1.2810767926434061,1.2810767926434061
0.8218645609541042,0.8218645609541042
-3.141592653589793,-3.141592653589793
0.7848982755636332,0.7848982755636332
0.7075574182366281,0.7075574182366281
-3.141592653589793,-3.141592653589793
