,theta_x,theta_y
0,1.9705321785231262,1.9705321785231262
