theta_x,theta_y
1.5371134160782265,1.5371134160782265
-0.43996934913987223,-0.43996934913987223
-3.141592653589793,-3.141592653589793
-3.141592653589793,-3.141592653589793
3.141592653589793,3.141592653589793
3.141592653589793,3.141592653589793
