,theta_x,theta_y
0,1.5371134160782265,1.5371134160782265
1,-0.43996934913987223,-0.43996934913987223
2,-3.141592653589793,-3.141592653589793
3,-3.141592653589793,-3.141592653589793
4,3.141592653589793,3.141592653589793
5,3.141592653589793,3.141592653589793
