,theta_x,theta_y
0,1.273685980929861,1.273685980929861
1,2.720242391303528,2.720242391303528
2,0.7136092536991269,0.7136092536991269
3,-1.4580050802010598,-1.4580050802010598
4,-2.347294737620127,-2.347294737620127
