,theta_x,theta_y
0,2.9021266597728053,2.9021266597728053
1,-0.11572890334344536,-0.11572890334344536
2,3.1010346549651095,3.1010346549651095
3,-2.7840430896611132,-2.7840430896611132
4,0.7280709021646754,0.7280709021646754
5,-0.9192381735479862,-0.9192381735479862
6,1.9266486444725908,1.9266486444725908
7,-2.102710833915847,-2.102710833915847
8,2.24480447329696,2.24480447329696
9,0.2880007049943266,0.2880007049943266
