,theta_x,theta_y
0,0.4143691174897317,0.4143691174897317
1,-0.9575447941374594,-0.9575447941374594
