theta_x,theta_y
-3.141592653589793,-3.141592653589793
-3.141592653589793,-3.141592653589793
2.2961461125153577,2.2961461125153577
2.3830615125683727,2.3830615125683727
