,theta_x,theta_y
0,-0.25436102534469457,-0.25436102534469457
1,-0.5904381938367514,-0.5904381938367514
2,-0.715162234291768,-0.715162234291768
3,-1.0649988568700712,-1.0649988568700712
4,3.141592653589793,3.141592653589793
