,theta_x,theta_y
0,0.843217592342084,0.843217592342084
1,3.024624081836135,3.024624081836135
