,theta_x,theta_y
0,-1.601770645007095,-1.601770645007095
1,-1.5557947704288493,-1.5557947704288493
