,theta_x,theta_y
0,2.684377394702997,2.684377394702997
1,0.12787070000547268,0.12787070000547268
2,2.8596949091802495,2.8596949091802495
