,theta_x,theta_y
0,-2.5879354921886355,-2.5879354921886355
1,-3.141592653589793,-3.141592653589793
2,-3.141592653589793,-3.141592653589793
3,-1.997842280458317,-1.997842280458317
4,-3.141592653589793,-3.141592653589793
5,-3.141592653589793,-3.141592653589793
6,-3.141592653589793,-3.141592653589793
7,-2.740176396725574,-2.740176396725574
8,-3.141592653589793,-3.141592653589793
