theta_x,theta_y
2.8988485675335816,2.8988485675335816
0.07370825627475058,0.07370825627475058
3.1056225446174417,3.1056225446174417
-2.5980058192517546,-2.5980058192517546
0.7507194031920741,0.7507194031920741
-0.745376342845251,-0.745376342845251
1.9666140480481658,1.9666140480481658
-1.9682545549704977,-1.9682545549704977
2.372315543273326,2.372315543273326
0.335474103046407,0.335474103046407
