theta_x,theta_y
2.0523956530482685,2.0523956530482685
0.759639935909315,0.759639935909315
-3.141592653589793,-3.141592653589793
-3.141592653589793,-3.141592653589793
1.5242279407739303,1.5242279407739303
