,theta_x,theta_y
0,2.0523956530482685,2.0523956530482685
1,0.759639935909315,0.759639935909315
2,-3.141592653589793,-3.141592653589793
3,-3.141592653589793,-3.141592653589793
4,1.5242279407739303,1.5242279407739303
