,theta_x,theta_y
0,0.7603573603520356,0.7603573603520356
1,0.6561213197981867,0.6561213197981867
2,-3.141592653589793,-3.141592653589793
3,-3.141592653589793,-3.141592653589793
4,0.6603726531415682,0.6603726531415682
5,0.7743418085609625,0.7743418085609625
6,0.8414079212367359,0.8414079212367359
7,0.7914336158923235,0.7914336158923235
8,0.9682890380749302,0.9682890380749302
