,theta_x,theta_y
0,3.141592653589793,3.141592653589793
1,-0.5283870131630342,-0.5283870131630342
2,3.141592653589793,3.141592653589793
3,-0.9342387052600012,-0.9342387052600012
4,1.9594236093822017,1.9594236093822017
5,-0.7085171294175869,-0.7085171294175869
6,3.141592653589793,3.141592653589793
7,-1.7495237778678037,-1.7495237778678037
