theta_x,theta_y
3.141592653589793,3.141592653589793
-0.5283870131630342,-0.5283870131630342
3.141592653589793,3.141592653589793
-0.9342387052600012,-0.9342387052600012
1.9594236093822017,1.9594236093822017
-0.7085171294175869,-0.7085171294175869
3.141592653589793,3.141592653589793
-1.7495237778678037,-1.7495237778678037
