,theta_x,theta_y
0,1.8430874654897955,1.8430874654897955
