,theta_x,theta_y
0,-3.141592653589793,-3.141592653589793
1,0.9433468454671309,0.9433468454671309
2,0.9521507955118176,0.9521507955118176
3,0.9565349802828157,0.9565349802828157
4,-3.141592653589793,-3.141592653589793
5,0.9313826555096576,0.9313826555096576
