,theta_x,theta_y
0,0.8861014843439798,0.8861014843439798
1,2.556470357841794,2.556470357841794
2,1.371822693698784,1.371822693698784
3,-0.6223708609966364,-0.6223708609966364
4,-0.4743067340554353,-0.4743067340554353
5,2.3556578189164106,2.3556578189164106
6,-2.425935563490771,-2.425935563490771
7,1.681958882611065,1.681958882611065
8,1.2705815531439582,1.2705815531439582
