,theta_x,theta_y
0,-0.18463808305817878,-0.18463808305817878
1,2.903739792997868,2.903739792997868
2,-1.3475133274544744,-1.3475133274544744
3,2.7628655855710758,2.7628655855710758
4,-0.4518973702985037,-0.4518973702985037
5,-0.7198249949821379,-0.7198249949821379
6,2.4839034600285625,2.4839034600285625
7,-0.8961231955986567,-0.8961231955986567
8,-0.7132573252795009,-0.7132573252795009
9,-2.2827573630653504,-2.2827573630653504
