,theta_x,theta_y
0,2.5475252970701363,2.5475252970701363
1,2.8545616717636353,2.8545616717636353
2,2.403546427356783,2.403546427356783
