,theta_x,theta_y
0,2.9382852997935203,2.9382852997935203
