,theta_x,theta_y
0,0.5756388598280834,0.5756388598280834
1,2.19345921734831,2.19345921734831
2,0.9324675903419415,0.9324675903419415
3,-1.0114302485981694,-1.0114302485981694
