,theta_x,theta_y
0,1.5771286732097842,1.5771286732097842
1,1.49636454075638,1.49636454075638
