,theta_x,theta_y
0,-3.141592653589793,-3.141592653589793
1,-0.9248153155808961,-0.9248153155808961
2,1.927714220380673,1.927714220380673
3,1.554638384125829,1.554638384125829
4,-3.0606614838500734,-3.0606614838500734
