,theta_x,theta_y
0,2.8028518103341464,2.8028518103341464
1,1.6375508018566856,1.6375508018566856
2,1.0297475972633126,1.0297475972633126
3,-1.644631970584532,-1.644631970584532
4,-3.141592653589793,-3.141592653589793
5,0.2915172304343563,0.2915172304343563
6,-0.7393488359207216,-0.7393488359207216
7,-3.141592653589793,-3.141592653589793
