theta_x,theta_y
3.141592653589793,3.141592653589793
0.3849939601145511,0.3849939601145511
-0.6622625162191432,-0.6622625162191432
-0.9063385190297891,-0.9063385190297891
-1.5666789343988572,-1.5666789343988572
3.141592653589793,3.141592653589793
3.141592653589793,3.141592653589793
