,theta_x,theta_y
0,3.141592653589793,3.141592653589793
1,0.3849939601145511,0.3849939601145511
2,-0.6622625162191432,-0.6622625162191432
3,-0.9063385190297891,-0.9063385190297891
4,-1.5666789343988572,-1.5666789343988572
5,3.141592653589793,3.141592653589793
6,3.141592653589793,3.141592653589793
