,theta_x,theta_y
0,-2.878816928077901,-2.878816928077901
1,-3.141592653589793,-3.141592653589793
2,2.037785239414327,2.037785239414327
3,-1.1074365229814387,-1.1074365229814387
4,-3.141592653589793,-3.141592653589793
5,2.864673171045125,2.864673171045125
6,-2.523909627832382,-2.523909627832382
