theta_x,theta_y
-2.878816928077901,-2.878816928077901
-3.141592653589793,-3.141592653589793
2.037785239414327,2.037785239414327
-1.1074365229814387,-1.1074365229814387
-3.141592653589793,-3.141592653589793
2.864673171045125,2.864673171045125
-2.523909627832382,-2.523909627832382
