,theta_x,theta_y
0,3.138824119670405,3.138824119670405
1,2.886558790258315,2.886558790258315
2,1.5391793787473962,1.5391793787473962
3,1.149609135230222,1.149609135230222
4,-2.228243438830362,-2.228243438830362
5,2.331137499067424,2.331137499067424
6,-3.141592653589793,-3.141592653589793
7,1.3579108875024677,1.3579108875024677
8,2.4616940361445003,2.4616940361445003
