,theta_x,theta_y
0,3.141592653589793,3.141592653589793
1,-0.09973661663853672,-0.09973661663853672
2,3.141592653589793,3.141592653589793
3,-3.141592653589793,-3.141592653589793
4,2.4058242957781597,2.4058242957781597
5,-3.1367642541218994,-3.1367642541218994
6,0.8069652586335134,0.8069652586335134
7,-3.141592653589793,-3.141592653589793
8,2.0369551372328956,2.0369551372328956
9,2.6242812848573265,2.6242812848573265
