theta_x,theta_y
0.8520017880649466,0.8520017880649466
0.6816715242244258,0.6816715242244258
1.83135756490541,1.83135756490541
0.3311437796260575,0.3311437796260575
-0.41630595629848954,-0.41630595629848954
2.099292162926303,2.099292162926303
-2.530619203881136,-2.530619203881136
