,theta_x,theta_y
0,0.8520017880649466,0.8520017880649466
1,0.6816715242244258,0.6816715242244258
2,1.83135756490541,1.83135756490541
3,0.3311437796260575,0.3311437796260575
4,-0.41630595629848954,-0.41630595629848954
5,2.099292162926303,2.099292162926303
6,-2.530619203881136,-2.530619203881136
