,theta_x,theta_y
0,1.1045705546647484,1.1045705546647484
1,-1.5723303594161542,-1.5723303594161542
2,-2.7101494773671027,-2.7101494773671027
3,-3.141592653589793,-3.141592653589793
4,2.322940197386312,2.322940197386312
5,2.2131376566831418,2.2131376566831418
