,theta_x,theta_y
0,0.29249166462964926,0.29249166462964926
1,0.7956701128532012,0.7956701128532012
2,-0.808795516330002,-0.808795516330002
3,-1.3747120946512705,-1.3747120946512705
4,-0.9305564725491715,-0.9305564725491715
5,-0.8197757588563026,-0.8197757588563026
6,-1.0759117820111765,-1.0759117820111765
7,-1.2927317040690536,-1.2927317040690536
8,-0.6573036532669684,-0.6573036532669684
