theta_x,theta_y
0.9024858144604284,0.9024858144604284
0.8297855780348109,0.8297855780348109
0.7394742881109829,0.7394742881109829
-3.141592653589793,-3.141592653589793
0.6659295174121188,0.6659295174121188
0.6429577312144262,0.6429577312144262
0.6107706974910592,0.6107706974910592
0.5846404641074208,0.5846404641074208
