,theta_x,theta_y
0,-1.5472522199423513,-1.5472522199423513
1,-1.5682964431904625,-1.5682964431904625
2,-1.5893712805624989,-1.5893712805624989
3,-1.6097211767564197,-1.6097211767564197
4,3.141592653589793,3.141592653589793
5,-1.606000990551144,-1.606000990551144
6,-1.645704730064492,-1.645704730064492
