theta_x,theta_y
-1.4014459542573032,-1.4014459542573032
2.5046764858475092,2.5046764858475092
-1.724580963193804,-1.724580963193804
2.320483563499262,2.320483563499262
2.502314745658867,2.502314745658867
-0.7247677051457118,-0.7247677051457118
0.16651552174541573,0.16651552174541573
-0.9792602933991537,-0.9792602933991537
-3.1400027178817536,-3.1400027178817536
0.4960650668520074,0.4960650668520074
