theta_x,theta_y
-0.06915968305340948,-0.06915968305340948
-2.321673806808659,-2.321673806808659
2.9600616865403038,2.9600616865403038
-2.564710061257862,-2.564710061257862
-1.6533210989666896,-1.6533210989666896
-3.141592653589793,-3.141592653589793
