theta_x,theta_y
1.8792268456632544,1.8792268456632544
1.7315278573848143,1.7315278573848143
-3.141592653589793,-3.141592653589793
1.6143786221073955,1.6143786221073955
