theta_x,theta_y
1.659604122533428,1.659604122533428
0.30182065912390177,0.30182065912390177
-0.9440203262650193,-0.9440203262650193
0.6129902884980796,0.6129902884980796
0.0011483747730796079,0.0011483747730796079
1.252369740480417,1.252369740480417
-3.141592653589793,-3.141592653589793
0.039041649346690854,0.039041649346690854
2.0614302096226576,2.0614302096226576
