theta_x,theta_y
2.825530764108931,2.825530764108931
-1.5672863195692497,-1.5672863195692497
1.3391853604510604,1.3391853604510604
2.1820320583304427,2.1820320583304427
1.5357627604615458,1.5357627604615458
2.2574130851834946,2.2574130851834946
1.6531676468749603,1.6531676468749603
1.7351684746891889,1.7351684746891889
-3.141592653589793,-3.141592653589793
