,theta_x,theta_y
0,-2.7982202680916215,-2.7982202680916215
1,-3.141592653589793,-3.141592653589793
2,0.4757054566126372,0.4757054566126372
3,-3.141592653589793,-3.141592653589793
4,2.6035809614309984,2.6035809614309984
