,theta_x,theta_y
0,1.2553560071674599,1.2553560071674599
1,-0.12760893313536845,-0.12760893313536845
2,-0.8419773194660516,-0.8419773194660516
3,-1.6542704366977423,-1.6542704366977423
4,3.141592653589793,3.141592653589793
5,2.058122712818315,2.058122712818315
6,1.5838903256900565,1.5838903256900565
7,-1.105010787369078,-1.105010787369078
8,1.381270488495749,1.381270488495749
9,-1.734806483837137,-1.734806483837137
