,theta_x,theta_y
0,0.749871189717178,0.749871189717178
1,-0.9929237879195406,-0.9929237879195406
2,1.0641793890659998,1.0641793890659998
3,0.10821351603998086,0.10821351603998086
4,1.09743917369802,1.09743917369802
5,2.346272757737091,2.346272757737091
6,3.0226118441944645,3.0226118441944645
7,3.076861501109598,3.076861501109598
