theta_x,theta_y
-3.0643362760514545,-3.0643362760514545
1.7767929417974535,1.7767929417974535
0.5362201205147135,0.5362201205147135
-0.06833818298256097,-0.06833818298256097
-1.1645235932676739,-1.1645235932676739
