,theta_x,theta_y
0,-1.3137426336439968,-1.3137426336439968
1,3.141592653589793,3.141592653589793
2,3.141592653589793,3.141592653589793
3,-1.638015532955059,-1.638015532955059
4,-2.1304666053461605,-2.1304666053461605
5,3.141592653589793,3.141592653589793
