,theta_x,theta_y
0,-3.047389508471594,-3.047389508471594
1,-1.6841416032438632,-1.6841416032438632
2,1.6622510075316024,1.6622510075316024
3,0.9163120857658174,0.9163120857658174
4,-3.016319437451696,-3.016319437451696
5,-0.1042518303394191,-0.1042518303394191
