,theta_x,theta_y
0,1.0057723368267983,1.0057723368267983
1,-0.37626787443639326,-0.37626787443639326
2,-2.9505642318069185,-2.9505642318069185
3,-3.141592653589793,-3.141592653589793
4,2.3992701250947515,2.3992701250947515
5,2.401839774084392,2.401839774084392
6,2.7268906358987266,2.7268906358987266
