theta_x,theta_y
1.0001104466872202,1.0001104466872202
0.9945123787559419,0.9945123787559419
0.9896431447738181,0.9896431447738181
0.9841959966647009,0.9841959966647009
0.9785518262844473,0.9785518262844473
0.9732727857457606,0.9732727857457606
0.9659874572323638,0.9659874572323638
-3.141592653589793,-3.141592653589793
0.9463009895266995,0.9463009895266995
0.9507574537877334,0.9507574537877334
