,theta_x,theta_y
0,0.9733102738396003,0.9733102738396003
1,0.9578919336479547,0.9578919336479547
2,-3.141592653589793,-3.141592653589793
3,-3.141592653589793,-3.141592653589793
4,0.963386071475558,0.963386071475558
5,0.9682740661063248,0.9682740661063248
6,0.9724175201932549,0.9724175201932549
7,0.9766287751426895,0.9766287751426895
8,0.9813803097538611,0.9813803097538611
9,0.9862503819303653,0.9862503819303653
