,theta_x,theta_y
0,-1.4739530690634965,-1.4739530690634965
