,theta_x,theta_y
0,-2.754568049159546,-2.754568049159546
1,2.572856069139895,2.572856069139895
2,-2.5671076229437717,-2.5671076229437717
3,-3.141592653589793,-3.141592653589793
4,-3.141592653589793,-3.141592653589793
5,-3.141592653589793,-3.141592653589793
6,-2.040682747726868,-2.040682747726868
7,-0.3710956812934854,-0.3710956812934854
