,theta_x,theta_y
0,2.9820904605437493,2.9820904605437493
1,0.7884576789804771,0.7884576789804771
2,2.9682306800015303,2.9682306800015303
3,-3.0964056929096087,-3.0964056929096087
