theta_x,theta_y
0.13187751791719182,0.13187751791719182
3.141592653589793,3.141592653589793
-1.5102318753903188,-1.5102318753903188
2.8033971801409208,2.8033971801409208
0.4178284113936623,0.4178284113936623
-0.9789846419873911,-0.9789846419873911
3.106853878778533,3.106853878778533
