,theta_x,theta_y
0,-1.4270233842259823,-1.4270233842259823
1,1.5126593979572067,1.5126593979572067
2,-1.359751370474724,-1.359751370474724
3,0.5942426207826391,0.5942426207826391
4,-0.6713433293721379,-0.6713433293721379
5,0.9624644057313525,0.9624644057313525
6,-1.8173708216185922,-1.8173708216185922
7,-1.165980156635179,-1.165980156635179
8,-0.2918962327739958,-0.2918962327739958
