theta_x,theta_y
0.9242887935798263,0.9242887935798263
0.8855035464203798,0.8855035464203798
0.8579886241040364,0.8579886241040364
0.8444203901496231,0.8444203901496231
0.8156177156372416,0.8156177156372416
