,theta_x,theta_y
0,-2.3483932128895755,-2.3483932128895755
1,0.820373599854808,0.820373599854808
2,-1.9204793270022869,-1.9204793270022869
3,2.466431741338244,2.466431741338244
4,2.4637217507068696,2.4637217507068696
5,-1.009256886394553,-1.009256886394553
6,1.835034355506369,1.835034355506369
7,0.6427726420153089,0.6427726420153089
