,theta_x,theta_y
0,2.27292317727352,2.27292317727352
1,0.5665797779017478,0.5665797779017478
2,2.4749556354519053,2.4749556354519053
3,-2.6253675627409256,-2.6253675627409256
4,0.3984011012060128,0.3984011012060128
