,theta_x,theta_y
0,1.7517820604170293,1.7517820604170293
1,0.4458973745820412,0.4458973745820412
