,theta_x,theta_y
0,-0.5383559784393779,-0.5383559784393779
1,-1.7084503233492447,-1.7084503233492447
2,0.22378999726097576,0.22378999726097576
3,-1.0822979020041237,-1.0822979020041237
