,theta_x,theta_y
0,0.24587708782400342,0.24587708782400342
1,1.6188339474799414,1.6188339474799414
2,1.8078372732926902,1.8078372732926902
3,-1.2932441540315613,-1.2932441540315613
4,-0.7603037184163095,-0.7603037184163095
