,theta_x,theta_y
0,2.112832890771256,2.112832890771256
1,0.09109588754233183,0.09109588754233183
2,1.9419213828286725,1.9419213828286725
3,-1.5940820820582178,-1.5940820820582178
