,theta_x,theta_y
0,-1.9074217574706094,-1.9074217574706094
1,2.318385295655724,2.318385295655724
2,-2.424240061896961,-2.424240061896961
3,2.189768233111092,2.189768233111092
