theta_x,theta_y
-3.065128982461889,-3.065128982461889
-1.0558378344236081,-1.0558378344236081
1.7236002405767494,1.7236002405767494
1.0717173587100204,1.0717173587100204
-3.0080341714342933,-3.0080341714342933
0.6459248765173248,0.6459248765173248
0.41719348523683836,0.41719348523683836
-1.3712766237314922,-1.3712766237314922
0.9917083802171208,0.9917083802171208
