,theta_x,theta_y
0,-0.34080810230929337,-0.34080810230929337
1,1.5724205862674667,1.5724205862674667
2,2.0311002475636117,2.0311002475636117
3,-2.163071540301322,-2.163071540301322
4,-1.2241370467462998,-1.2241370467462998
5,2.2697943121839743,2.2697943121839743
6,-1.783328120411116,-1.783328120411116
7,1.995099220072242,1.995099220072242
8,0.9320540001200761,0.9320540001200761
