theta_x,theta_y
-2.580491359213536,-2.580491359213536
0.4504168660347825,0.4504168660347825
-3.1245865200149257,-3.1245865200149257
3.0881859089513948,3.0881859089513948
2.3267386735270508,2.3267386735270508
-0.08934269035755907,-0.08934269035755907
2.0093206896397886,2.0093206896397886
-0.4924997542622627,-0.4924997542622627
