theta_x,theta_y
1.039308787209535,1.039308787209535
0.42943887576663764,0.42943887576663764
0.614482815484581,0.614482815484581
-2.7597051017081498,-2.7597051017081498
-0.2892355923537871,-0.2892355923537871
-0.22619794949365335,-0.22619794949365335
0.5067820452857045,0.5067820452857045
-2.6078773965532203,-2.6078773965532203
