theta_x,theta_y
0.6218542114026138,0.6218542114026138
-0.6394835819403992,-0.6394835819403992
-1.9906147470528732,-1.9906147470528732
-2.5837174215661296,-2.5837174215661296
2.1751858524769685,2.1751858524769685
2.294584791152476,2.294584791152476
0.9449530111447656,0.9449530111447656
0.8248277923310341,0.8248277923310341
0.23922339432708,0.23922339432708
