,theta_x,theta_y
0,1.5825467097003363,1.5825467097003363
