,theta_x,theta_y
0,-1.5352077186583846,-1.5352077186583846
1,2.715704121857696,2.715704121857696
2,-1.9848313151785602,-1.9848313151785602
3,2.1753202412784383,2.1753202412784383
4,-2.5420531756305276,-2.5420531756305276
5,-1.9934353934408915,-1.9934353934408915
