theta_x,theta_y
-1.3095588660318365,-1.3095588660318365
3.141592653589793,3.141592653589793
3.141592653589793,3.141592653589793
-1.1582474502389994,-1.1582474502389994
-1.5240754057984558,-1.5240754057984558
3.141592653589793,3.141592653589793
-1.8490630561307582,-1.8490630561307582
3.141592653589793,3.141592653589793
3.141592653589793,3.141592653589793
-3.1404736970973333,-3.1404736970973333
