,theta_x,theta_y
0,2.937650931607729,2.937650931607729
