theta_x,theta_y
-3.141592653589793,-3.141592653589793
1.5617392749670291,1.5617392749670291
