,theta_x,theta_y
0,-1.517669467653944,-1.517669467653944
1,-1.7016328929139797,-1.7016328929139797
