,theta_x,theta_y
0,-0.6438675632516379,-0.6438675632516379
1,3.141592653589793,3.141592653589793
2,-0.6782054650007486,-0.6782054650007486
