,theta_x,theta_y
0,0.4571141380993884,0.4571141380993884
1,-0.8504778605469998,-0.8504778605469998
2,-3.141592653589793,-3.141592653589793
3,-3.141592653589793,-3.141592653589793
4,2.2096762070570213,2.2096762070570213
