theta_x,theta_y
-0.7381172991095202,-0.7381172991095202
-1.3374095259074723,-1.3374095259074723
3.141592653589793,3.141592653589793
-0.8618032513577595,-0.8618032513577595
-1.5480593292652591,-1.5480593292652591
-1.8280074372719435,-1.8280074372719435
