theta_x,theta_y
1.244731297077792,1.244731297077792
1.095847279367042,1.095847279367042
-3.141592653589793,-3.141592653589793
-3.141592653589793,-3.141592653589793
1.0213522449009746,1.0213522449009746
0.9452984991787273,0.9452984991787273
