theta_x,theta_y
1.9759344097804477,1.9759344097804477
1.9858815941472179,1.9858815941472179
1.954686741914709,1.954686741914709
1.942158229462063,1.942158229462063
1.9412250678094112,1.9412250678094112
1.9377548594779352,1.9377548594779352
1.9187821655697046,1.9187821655697046
1.929612991342784,1.929612991342784
-3.141592653589793,-3.141592653589793
