theta_x,theta_y
0.8238160982149038,0.8238160982149038
0.9476936928140419,0.9476936928140419
0.6324416370950359,0.6324416370950359
0.36210479168666676,0.36210479168666676
0.261763483188349,0.261763483188349
0.12238718112981471,0.12238718112981471
