,theta_x,theta_y
0,-2.9453381611807288,-2.9453381611807288
1,1.6875489081805228,1.6875489081805228
2,-0.3438536398189328,-0.3438536398189328
3,2.646011984827712,2.646011984827712
4,1.550289569512977,1.550289569512977
5,0.9804990132813631,0.9804990132813631
