theta_x,theta_y
1.4408710159651055,1.4408710159651055
1.407853786848227,1.407853786848227
-3.141592653589793,-3.141592653589793
-3.141592653589793,-3.141592653589793
1.3089034730798381,1.3089034730798381
1.474899753728248,1.474899753728248
1.5600509177381725,1.5600509177381725
