theta_x,theta_y
1.6627998805311712,1.6627998805311712
-0.3444137487755411,-0.3444137487755411
-0.24717032074283185,-0.24717032074283185
2.6342847886754583,2.6342847886754583
0.1363697780365042,0.1363697780365042
