theta_x,theta_y
0.22838921643236967,0.22838921643236967
1.142213808778722,1.142213808778722
-2.192528344580519,-2.192528344580519
3.141592653589793,3.141592653589793
1.7911379922434367,1.7911379922434367
0.41056232492855593,0.41056232492855593
