theta_x,theta_y
2.583474114618574,2.583474114618574
0.8442083706967403,0.8442083706967403
1.3699941233705375,1.3699941233705375
-3.141592653589793,-3.141592653589793
0.3562782298593354,0.3562782298593354
0.16826645706461096,0.16826645706461096
1.1499689605286922,1.1499689605286922
-3.141592653589793,-3.141592653589793
