theta_x,theta_y
2.6799056861995822,2.6799056861995822
