theta_x,theta_y
-3.141592653589793,-3.141592653589793
-0.5490205625257361,-0.5490205625257361
1.2015179596041599,1.2015179596041599
0.8676653598300471,0.8676653598300471
-3.1339258338169906,-3.1339258338169906
0.6240106223451171,0.6240106223451171
0.6539523010568101,0.6539523010568101
-1.6444423453253363,-1.6444423453253363
