,theta_x,theta_y
0,-2.863314153216546,-2.863314153216546
1,-2.46389331109676,-2.46389331109676
2,1.773194244894553,1.773194244894553
3,0.9899229279102808,0.9899229279102808
4,-3.141592653589793,-3.141592653589793
5,-0.14483452277831932,-0.14483452277831932
6,-1.1936900456964477,-1.1936900456964477
