,theta_x,theta_y
0,-0.26916330799346133,-0.26916330799346133
1,-0.632005171067453,-0.632005171067453
2,-0.2937277206437575,-0.2937277206437575
3,-0.9092463461006576,-0.9092463461006576
