theta_x,theta_y
1.8279641455358437,1.8279641455358437
2.7051790303086176,2.7051790303086176
-3.141592653589793,-3.141592653589793
