theta_x,theta_y
-2.0085912117741507,-2.0085912117741507
1.8585089566129682,1.8585089566129682
