theta_x,theta_y
-3.141592653589793,-3.141592653589793
-3.141592653589793,-3.141592653589793
2.1762548482011086,2.1762548482011086
-3.132520574371564,-3.132520574371564
