theta_x,theta_y
-3.130161159966579,-3.130161159966579
-1.3833538814636075,-1.3833538814636075
