,theta_x,theta_y
0,1.3297743226231393,1.3297743226231393
1,-0.14421469097332823,-0.14421469097332823
2,-0.6719973292082131,-0.6719973292082131
3,-1.0058148980859776,-1.0058148980859776
4,3.141592653589793,3.141592653589793
5,0.8724198031565684,0.8724198031565684
6,-0.44492162777940736,-0.44492162777940736
7,-0.7930534220773974,-0.7930534220773974
8,-0.6162325565038835,-0.6162325565038835
