,theta_x,theta_y
0,1.9252054867867232,1.9252054867867232
1,-3.141592653589793,-3.141592653589793
2,1.8379734620601702,1.8379734620601702
3,1.8716084956687487,1.8716084956687487
4,1.860362163277117,1.860362163277117
5,1.8823559015691573,1.8823559015691573
6,1.8799318722775775,1.8799318722775775
7,1.886249921346957,1.886249921346957
8,-3.141592653589793,-3.141592653589793
9,1.9482460900587484,1.9482460900587484
