,theta_x,theta_y
0,0.6478734354208813,0.6478734354208813
1,0.5246375593937777,0.5246375593937777
2,0.5340757456632084,0.5340757456632084
3,0.644930372143011,0.644930372143011
4,0.5383674655758927,0.5383674655758927
5,0.4302480186398292,0.4302480186398292
6,0.4422293538987172,0.4422293538987172
7,0.39542763987932095,0.39542763987932095
