theta_x,theta_y
-3.141592653589793,-3.141592653589793
2.837696954550113,2.837696954550113
