,theta_x,theta_y
0,2.101485881809558,2.101485881809558
1,1.9291477669390518,1.9291477669390518
2,1.787599414694761,1.787599414694761
3,-3.141592653589793,-3.141592653589793
4,-3.141592653589793,-3.141592653589793
5,1.5312410826509073,1.5312410826509073
6,1.587828961768359,1.587828961768359
7,-3.141592653589793,-3.141592653589793
8,-3.141592653589793,-3.141592653589793
9,1.5659543660541837,1.5659543660541837
