,theta_x,theta_y
0,3.141592653589793,3.141592653589793
1,-1.7052681801053167,-1.7052681801053167
2,1.036282664388674,1.036282664388674
3,2.5938274184047905,2.5938274184047905
4,1.9574293301987704,1.9574293301987704
5,3.1218194959163315,3.1218194959163315
6,2.5568793077647407,2.5568793077647407
