,theta_x,theta_y
0,1.9093025815587137,1.9093025815587137
1,1.4743433542460822,1.4743433542460822
2,-0.19177841869165213,-0.19177841869165213
3,-0.682331097703832,-0.682331097703832
4,-2.6299687893475054,-2.6299687893475054
5,-0.19588387656641437,-0.19588387656641437
