theta_x,theta_y
1.9093025815587137,1.9093025815587137
1.4743433542460822,1.4743433542460822
-0.19177841869165213,-0.19177841869165213
-0.682331097703832,-0.682331097703832
-2.6299687893475054,-2.6299687893475054
-0.19588387656641437,-0.19588387656641437
