,theta_x,theta_y
0,-3.141592653589793,-3.141592653589793
1,3.06056350071005,3.06056350071005
2,-2.8824800045726464,-2.8824800045726464
3,2.8529706712673892,2.8529706712673892
4,-3.141592653589793,-3.141592653589793
