,theta_x,theta_y
0,-3.141592653589793,-3.141592653589793
1,1.155776332002234,1.155776332002234
2,0.23409350049371755,0.23409350049371755
