theta_x,theta_y
3.141592653589793,3.141592653589793
3.141592653589793,3.141592653589793
0.8300740087365699,0.8300740087365699
0.6900088532469661,0.6900088532469661
0.13933789841659674,0.13933789841659674
1.7864608852292554,1.7864608852292554
