,theta_x,theta_y
0,-0.3284706558437569,-0.3284706558437569
1,3.141592653589793,3.141592653589793
2,-2.682807484870344,-2.682807484870344
3,3.0362306943550386,3.0362306943550386
4,-1.8912548841432206,-1.8912548841432206
5,-0.3933311657129868,-0.3933311657129868
6,2.416798171752196,2.416798171752196
7,-0.5555112025237696,-0.5555112025237696
8,0.9415453376828236,0.9415453376828236
