,theta_x,theta_y
0,-1.9736345843725513,-1.9736345843725513
1,1.3459323173581499,1.3459323173581499
2,0.27725195698533,0.27725195698533
3,-1.0568998436199342,-1.0568998436199342
4,-2.237172995024202,-2.237172995024202
5,2.463769147446883,2.463769147446883
6,-1.4361592470668572,-1.4361592470668572
