theta_x,theta_y
0.19365996523967852,0.19365996523967852
-1.0703696268556162,-1.0703696268556162
-1.1921331962710378,-1.1921331962710378
-1.155236957847592,-1.155236957847592
3.141592653589793,3.141592653589793
0.2764187223489503,0.2764187223489503
0.7688686419744558,0.7688686419744558
-1.3281295880501238,-1.3281295880501238
0.9255746762218939,0.9255746762218939
-2.5356534082038777,-2.5356534082038777
