theta_x,theta_y
1.7708737839988178,1.7708737839988178
