theta_x,theta_y
-2.298301290074471,-2.298301290074471
2.223058641280472,2.223058641280472
1.549709044948179,1.549709044948179
0.5589298589779598,0.5589298589779598
-0.8529607625717623,-0.8529607625717623
1.183877380789562,1.183877380789562
-1.290680823170697,-1.290680823170697
1.6976165837650856,1.6976165837650856
-2.911090123680696,-2.911090123680696
0.4474328319018578,0.4474328319018578
