,theta_x,theta_y
0,-1.323592740273816,-1.323592740273816
1,3.141592653589793,3.141592653589793
2,-0.15196774099515323,-0.15196774099515323
3,-1.325612611671943,-1.325612611671943
4,-2.258780584392745,-2.258780584392745
5,3.084369657105545,3.084369657105545
6,-3.141592653589793,-3.141592653589793
7,2.1154112412138644,2.1154112412138644
8,0.5282823031623494,0.5282823031623494
