theta_x,theta_y
3.141592653589793,3.141592653589793
-0.2157804490120997,-0.2157804490120997
3.141592653589793,3.141592653589793
-1.3791073116983419,-1.3791073116983419
1.0396823653153906,1.0396823653153906
-0.8371281704977369,-0.8371281704977369
2.8779884810521827,2.8779884810521827
-1.0396797813373289,-1.0396797813373289
3.0875360785282733,3.0875360785282733
0.5475611581846809,0.5475611581846809
