,theta_x,theta_y
0,2.3407839387030567,2.3407839387030567
1,1.2248655490896452,1.2248655490896452
2,0.749061062055178,0.749061062055178
3,-0.34042004763006617,-0.34042004763006617
4,0.66734997889314,0.66734997889314
5,0.9351396015894269,0.9351396015894269
6,-3.1249846367815195,-3.1249846367815195
7,0.36047157342459457,0.36047157342459457
8,0.6267393685378229,0.6267393685378229
