,theta_x,theta_y
0,2.0646678599408212,2.0646678599408212
1,0.3476053809918418,0.3476053809918418
