,theta_x,theta_y
0,1.4783637543819919,1.4783637543819919
1,-3.141592653589793,-3.141592653589793
2,1.5070194146564637,1.5070194146564637
3,1.4977276662490802,1.4977276662490802
4,1.530257161121652,1.530257161121652
5,1.5298480052197077,1.5298480052197077
6,1.6190591536364547,1.6190591536364547
7,1.7120215025080632,1.7120215025080632
8,-3.141592653589793,-3.141592653589793
