,theta_x,theta_y
0,1.3250658459650961,1.3250658459650961
1,1.3020847183601236,1.3020847183601236
2,1.219298818225991,1.219298818225991
3,1.1117106088754773,1.1117106088754773
4,-3.141592653589793,-3.141592653589793
