theta_x,theta_y
-2.3352224537877766,-2.3352224537877766
2.193441620342721,2.193441620342721
0.7715435967919543,0.7715435967919543
1.1122824947427987,1.1122824947427987
