theta_x,theta_y
-0.28624590210680756,-0.28624590210680756
-0.292273894772672,-0.292273894772672
-0.30627791296693635,-0.30627791296693635
-0.317237474380801,-0.317237474380801
-0.3262254718164912,-0.3262254718164912
-0.33671580249839705,-0.33671580249839705
-0.34493302777093104,-0.34493302777093104
-0.35444471327902716,-0.35444471327902716
