theta_x,theta_y
-3.141592653589793,-3.141592653589793
1.9096200066827276,1.9096200066827276
-3.141592653589793,-3.141592653589793
