,theta_x,theta_y
0,-3.141592653589793,-3.141592653589793
1,1.9096200066827276,1.9096200066827276
2,-3.141592653589793,-3.141592653589793
