theta_x,theta_y
3.141592653589793,3.141592653589793
1.7347333573383281,1.7347333573383281
2.786451935541609,2.786451935541609
0.6631343134784885,0.6631343134784885
-3.141592653589793,-3.141592653589793
0.3044415544699452,0.3044415544699452
0.33982306465478035,0.33982306465478035
-2.6700910458687046,-2.6700910458687046
