,theta_x,theta_y
0,3.141592653589793,3.141592653589793
1,1.7347333573383281,1.7347333573383281
2,2.786451935541609,2.786451935541609
3,0.6631343134784885,0.6631343134784885
4,-3.141592653589793,-3.141592653589793
5,0.3044415544699452,0.3044415544699452
6,0.33982306465478035,0.33982306465478035
7,-2.6700910458687046,-2.6700910458687046
