theta_x,theta_y
-1.3612042072918353,-1.3612042072918353
-2.121164335308063,-2.121164335308063
-1.9276693860814413,-1.9276693860814413
-1.2414703193079186,-1.2414703193079186
