,theta_x,theta_y
0,-1.3612042072918353,-1.3612042072918353
1,-2.121164335308063,-2.121164335308063
2,-1.9276693860814413,-1.9276693860814413
3,-1.2414703193079186,-1.2414703193079186
