theta_x,theta_y
2.5609147260771734,2.5609147260771734
0.3081297974874076,0.3081297974874076
