,theta_x,theta_y
0,-1.6466808128700403,-1.6466808128700403
1,2.1541565688112074,2.1541565688112074
2,-1.9061739418642247,-1.9061739418642247
3,2.2276936801483673,2.2276936801483673
4,2.3278504372049973,2.3278504372049973
5,-1.3528122122421773,-1.3528122122421773
6,0.5700309215849004,0.5700309215849004
7,-0.5699941279362807,-0.5699941279362807
