,theta_x,theta_y
0,-1.1706183430033241,-1.1706183430033241
1,-1.8936003620461084,-1.8936003620461084
2,3.141592653589793,3.141592653589793
3,-2.3216711966496755,-2.3216711966496755
4,-3.0051281634990588,-3.0051281634990588
