,theta_x,theta_y
0,0.9654797544182774,0.9654797544182774
1,3.141592653589793,3.141592653589793
2,3.113076552058259,3.113076552058259
3,-3.073182108323949,-3.073182108323949
4,-3.141592653589793,-3.141592653589793
5,1.9905907996391,1.9905907996391
6,-3.141592653589793,-3.141592653589793
7,1.6275729847647016,1.6275729847647016
8,1.881336526761451,1.881336526761451
9,2.5786666561694362,2.5786666561694362
