theta_x,theta_y
-1.564974579171374,-1.564974579171374
3.141592653589793,3.141592653589793
-1.5504989361167136,-1.5504989361167136
3.141592653589793,3.141592653589793
-1.5811792043335628,-1.5811792043335628
-1.6390616764442225,-1.6390616764442225
3.141592653589793,3.141592653589793
