theta_x,theta_y
-0.3174963170115407,-0.3174963170115407
3.141592653589793,3.141592653589793
-0.3139302416718093,-0.3139302416718093
-0.3505300440034741,-0.3505300440034741
-0.44046513141325966,-0.44046513141325966
-0.4266674927685338,-0.4266674927685338
-0.4397158498394277,-0.4397158498394277
-0.5045410623958826,-0.5045410623958826
-0.6407043837951447,-0.6407043837951447
