,theta_x,theta_y
0,1.4810718849001836,1.4810718849001836
1,3.141592653589793,3.141592653589793
