theta_x,theta_y
0.2572393150174631,0.2572393150174631
3.141592653589793,3.141592653589793
-2.433870351668464,-2.433870351668464
2.6190290818990194,2.6190290818990194
-1.373684409736987,-1.373684409736987
0.08872652808239301,0.08872652808239301
2.445923070368406,2.445923070368406
-0.044080057399957934,-0.044080057399957934
1.03986626309712,1.03986626309712
-2.7995028524136822,-2.7995028524136822
