theta_x,theta_y
-1.64864242975675,-1.64864242975675
2.543936441389942,2.543936441389942
-2.0207631706035007,-2.0207631706035007
2.5035506803442686,2.5035506803442686
2.018569348173447,2.018569348173447
-0.37178978604519974,-0.37178978604519974
0.7601652198823379,0.7601652198823379
-1.2563817107489532,-1.2563817107489532
-2.798208177512894,-2.798208177512894
1.0369014200414466,1.0369014200414466
