theta_x,theta_y
2.0960307610555855,2.0960307610555855
1.7688352336082231,1.7688352336082231
-0.005847691077609185,-0.005847691077609185
-0.9547669527193153,-0.9547669527193153
-2.570242350958668,-2.570242350958668
-0.6129094144769024,-0.6129094144769024
-0.8616344869198201,-0.8616344869198201
-2.626741186072313,-2.626741186072313
-2.788445360413395,-2.788445360413395
