theta_x,theta_y
-2.8813539652820306,-2.8813539652820306
-3.141592653589793,-3.141592653589793
