,theta_x,theta_y
0,-2.2772145780626607,-2.2772145780626607
1,2.0605988065723837,2.0605988065723837
2,-0.5939853709549989,-0.5939853709549989
3,2.2698448047164,2.2698448047164
4,2.934212450639962,2.934212450639962
5,-1.5061318828498924,-1.5061318828498924
6,0.8349536195242352,0.8349536195242352
