,theta_x,theta_y
0,0.5712243567454395,0.5712243567454395
1,-1.2494149803101076,-1.2494149803101076
2,1.536030234593681,1.536030234593681
3,-3.141592653589793,-3.141592653589793
4,0.9532168082478991,0.9532168082478991
5,0.009452417243947915,0.009452417243947915
6,-0.6342116000162306,-0.6342116000162306
7,-2.9903623857539734,-2.9903623857539734
