,theta_x,theta_y
0,0.6822539124792696,0.6822539124792696
1,3.141592653589793,3.141592653589793
2,-2.383492413650978,-2.383492413650978
3,2.3477205928250866,2.3477205928250866
4,-0.6663562182831215,-0.6663562182831215
5,0.5075499637478212,0.5075499637478212
6,2.0949752236236168,2.0949752236236168
7,-0.028737287884049122,-0.028737287884049122
