theta_x,theta_y
0.6822539124792696,0.6822539124792696
3.141592653589793,3.141592653589793
-2.383492413650978,-2.383492413650978
2.3477205928250866,2.3477205928250866
-0.6663562182831215,-0.6663562182831215
0.5075499637478212,0.5075499637478212
2.0949752236236168,2.0949752236236168
-0.028737287884049122,-0.028737287884049122
