,theta_x,theta_y
0,-0.6167035854706467,-0.6167035854706467
1,3.141592653589793,3.141592653589793
2,-0.9411493484225221,-0.9411493484225221
3,2.1865834401644073,2.1865834401644073
4,1.4652006066770618,1.4652006066770618
5,-0.025046601964107212,-0.025046601964107212
6,-0.4443347362012611,-0.4443347362012611
7,-0.6748587364605378,-0.6748587364605378
