theta_x,theta_y
-0.6167035854706467,-0.6167035854706467
3.141592653589793,3.141592653589793
-0.9411493484225221,-0.9411493484225221
2.1865834401644073,2.1865834401644073
1.4652006066770618,1.4652006066770618
-0.025046601964107212,-0.025046601964107212
-0.4443347362012611,-0.4443347362012611
-0.6748587364605378,-0.6748587364605378
