,theta_x,theta_y
0,0.6230892880535274,0.6230892880535274
1,-0.563999995981164,-0.563999995981164
2,3.141592653589793,3.141592653589793
3,-1.4370703733632306,-1.4370703733632306
4,2.024790875891465,2.024790875891465
5,1.4572148059120285,1.4572148059120285
