theta_x,theta_y
1.6426365966378145,1.6426365966378145
-0.011497259707967885,-0.011497259707967885
