,theta_x,theta_y
0,-2.6041331054708556,-2.6041331054708556
