theta_x,theta_y
2.096131914544721,2.096131914544721
1.2677677985165337,1.2677677985165337
0.5549566029029126,0.5549566029029126
-1.484352848227316,-1.484352848227316
0.4016644675602017,0.4016644675602017
