,theta_x,theta_y
0,1.6275903401809375,1.6275903401809375
1,3.029481108904807,3.029481108904807
2,-3.141592653589793,-3.141592653589793
3,0.6932947905868727,0.6932947905868727
