,theta_x,theta_y
0,0.4937929829942303,0.4937929829942303
1,1.0452828324237518,1.0452828324237518
2,-1.8151821796854666,-1.8151821796854666
3,1.0824318794165284,1.0824318794165284
4,-0.24087840344499986,-0.24087840344499986
5,-0.26448714755173536,-0.26448714755173536
6,0.05060712137976203,0.05060712137976203
7,-0.36267981841789343,-0.36267981841789343
8,-0.17146994020734685,-0.17146994020734685
9,-2.337958932579853,-2.337958932579853
