,theta_x,theta_y
0,-3.141592653589793,-3.141592653589793
1,3.141592653589793,3.141592653589793
2,-1.064626238937481,-1.064626238937481
3,3.141592653589793,3.141592653589793
