,theta_x,theta_y
0,1.565025331753569,1.565025331753569
