,theta_x,theta_y
0,1.3244955639270684,1.3244955639270684
1,2.3152838394910833,2.3152838394910833
2,1.3543939830438922,1.3543939830438922
3,-2.1318303364613906,-2.1318303364613906
4,2.12422867458069,2.12422867458069
5,-0.3042730007028276,-0.3042730007028276
