,theta_x,theta_y
0,0.4471765593372662,0.4471765593372662
1,3.1007573056108755,3.1007573056108755
2,-0.1660670738684572,-0.1660670738684572
3,2.5148093608590583,2.5148093608590583
