,theta_x,theta_y
0,2.428959209813716,2.428959209813716
1,-3.141592653589793,-3.141592653589793
2,-3.141592653589793,-3.141592653589793
3,-3.141592653589793,-3.141592653589793
4,2.699988393398618,2.699988393398618
