,theta_x,theta_y
0,2.368234976674454,2.368234976674454
1,2.041539237236836,2.041539237236836
2,-0.1175529664641321,-0.1175529664641321
3,-1.0701611650041722,-1.0701611650041722
4,-2.1500058830627644,-2.1500058830627644
5,-0.9855041338936935,-0.9855041338936935
6,-1.2125035609166472,-1.2125035609166472
7,-2.49767519410975,-2.49767519410975
