theta_x,theta_y
0.32190846657101657,0.32190846657101657
-0.45207095976936595,-0.45207095976936595
-2.1815015648864016,-2.1815015648864016
-3.074081924939297,-3.074081924939297
1.0377591679945382,1.0377591679945382
1.7588948793782475,1.7588948793782475
1.0713001490183645,1.0713001490183645
2.4162939156990486,2.4162939156990486
