,theta_x,theta_y
0,2.356353304082184,2.356353304082184
1,2.3257116510372353,2.3257116510372353
2,2.293117530245715,2.293117530245715
3,-3.141592653589793,-3.141592653589793
4,-3.141592653589793,-3.141592653589793
5,2.3179184513673645,2.3179184513673645
6,2.4343565970957632,2.4343565970957632
7,-3.141592653589793,-3.141592653589793
8,-3.141592653589793,-3.141592653589793
