,theta_x,theta_y
0,1.242369458071842,1.242369458071842
1,0.6937567435243347,0.6937567435243347
2,0.3044571431216025,0.3044571431216025
3,-0.15541285417598869,-0.15541285417598869
4,3.141592653589793,3.141592653589793
5,0.6714017536885045,0.6714017536885045
6,0.30109876443683226,0.30109876443683226
