,theta_x,theta_y
0,-1.1176221982520822,-1.1176221982520822
1,-3.141592653589793,-3.141592653589793
2,1.8756342774872818,1.8756342774872818
3,-1.8893879459445753,-1.8893879459445753
4,-3.058170939521115,-3.058170939521115
5,-2.5748094112437685,-2.5748094112437685
6,-2.5564549151203377,-2.5564549151203377
7,-0.8459328419758874,-0.8459328419758874
