,theta_x,theta_y
0,-2.933050334873803,-2.933050334873803
1,-3.141592653589793,-3.141592653589793
2,-3.141592653589793,-3.141592653589793
3,-0.6294804030037531,-0.6294804030037531
4,-3.141592653589793,-3.141592653589793
