theta_x,theta_y
-2.933050334873803,-2.933050334873803
-3.141592653589793,-3.141592653589793
-3.141592653589793,-3.141592653589793
-0.6294804030037531,-0.6294804030037531
-3.141592653589793,-3.141592653589793
