,theta_x,theta_y
0,0.916732586708962,0.916732586708962
1,0.19253361804707253,0.19253361804707253
2,-0.361035841937831,-0.361035841937831
3,-0.4941618407656124,-0.4941618407656124
4,-1.71314439612991,-1.71314439612991
5,-1.2587245858771332,-1.2587245858771332
6,-1.7885572466161994,-1.7885572466161994
7,-2.1006491049962968,-2.1006491049962968
8,-2.449823930110069,-2.449823930110069
