,theta_x,theta_y
0,0.6877964681636825,0.6877964681636825
1,2.6244215765109744,2.6244215765109744
2,1.6130937225104534,1.6130937225104534
3,-1.4983862281730418,-1.4983862281730418
4,-1.174494667869562,-1.174494667869562
5,2.460593578113054,2.460593578113054
6,-3.0647564181504188,-3.0647564181504188
