,theta_x,theta_y
0,-2.750098687778789,-2.750098687778789
1,-3.125065234949892,-3.125065234949892
2,2.249265422166798,2.249265422166798
3,2.2803437597230487,2.2803437597230487
4,-2.7944439524613394,-2.7944439524613394
5,2.8721715971285455,2.8721715971285455
