theta_x,theta_y
2.168211447933704,2.168211447933704
1.2924160356617114,1.2924160356617114
1.3673179351190266,1.3673179351190266
-2.0053027142052255,-2.0053027142052255
0.5701385918650181,0.5701385918650181
1.0410344447260704,1.0410344447260704
-3.141592653589793,-3.141592653589793
1.034792548850116,1.034792548850116
1.1681291713307427,1.1681291713307427
1.0106059853679166,1.0106059853679166
