,theta_x,theta_y
0,0.15158182583679597,0.15158182583679597
1,2.5555894255335363,2.5555894255335363
2,1.3310880331649482,1.3310880331649482
3,-1.216088378723987,-1.216088378723987
4,-1.0399981720876554,-1.0399981720876554
5,2.3036973999727506,2.3036973999727506
6,-2.752672430713798,-2.752672430713798
