,theta_x,theta_y
0,-1.4196403172211731,-1.4196403172211731
1,-2.2923367540235375,-2.2923367540235375
2,3.141592653589793,3.141592653589793
3,-2.7291466434302154,-2.7291466434302154
4,1.8868024815435716,1.8868024815435716
5,1.5012099449145146,1.5012099449145146
6,-1.3366013989431456,-1.3366013989431456
7,-2.5734066031315517,-2.5734066031315517
8,-2.390294313422268,-2.390294313422268
