,theta_x,theta_y
0,1.817335264424126,1.817335264424126
1,1.7213937510138306,1.7213937510138306
2,1.674283968557095,1.674283968557095
