theta_x,theta_y
-1.0596343547379603,-1.0596343547379603
-0.5245377795874403,-0.5245377795874403
-1.6868657407505898,-1.6868657407505898
-1.8646779161788647,-1.8646779161788647
-1.8801534501318997,-1.8801534501318997
3.13895548984133,3.13895548984133
-1.8432538056783339,-1.8432538056783339
-1.7569497172911221,-1.7569497172911221
-1.8251026082022472,-1.8251026082022472
-1.5678486409418155,-1.5678486409418155
