,theta_x,theta_y
0,-2.6679350723743105,-2.6679350723743105
1,1.7589681379494762,1.7589681379494762
2,-3.141592653589793,-3.141592653589793
3,2.634968544084722,2.634968544084722
4,2.021265659990544,2.021265659990544
5,-0.6317875154323804,-0.6317875154323804
6,0.9258548400736218,0.9258548400736218
