,theta_x,theta_y
0,2.3801982073062735,2.3801982073062735
1,0.15078699604120419,0.15078699604120419
2,1.9690205841630466,1.9690205841630466
3,-3.105478709281762,-3.105478709281762
4,0.9998765362365123,0.9998765362365123
5,-0.11446572121118886,-0.11446572121118886
6,1.6604982435615612,1.6604982435615612
7,-2.893681793862358,-2.893681793862358
