,theta_x,theta_y
0,1.6469096074941032,1.6469096074941032
1,1.5782114981847013,1.5782114981847013
2,0.002021743450254687,0.002021743450254687
3,-0.23380719918048104,-0.23380719918048104
4,-2.9980596238827704,-2.9980596238827704
5,-0.22952901497876246,-0.22952901497876246
6,-1.4491877094410042,-1.4491877094410042
