,theta_x,theta_y
0,1.6532603852939816,1.6532603852939816
1,1.15846824718331,1.15846824718331
2,0.8381810285824458,0.8381810285824458
