,theta_x,theta_y
0,-0.9761726031243734,-0.9761726031243734
1,-1.7652928983287923,-1.7652928983287923
2,-0.8174109204803097,-0.8174109204803097
3,0.35818960216084056,0.35818960216084056
4,2.0947757661731545,2.0947757661731545
5,1.5706430943287286,1.5706430943287286
6,1.3442068923321622,1.3442068923321622
