theta_x,theta_y
0.32410724356709597,0.32410724356709597
1.2364016992284976,1.2364016992284976
-0.7080387396776044,-0.7080387396776044
-1.0173305806342394,-1.0173305806342394
-2.8030564706868293,-2.8030564706868293
-0.016142784769569242,-0.016142784769569242
-0.02619386036247069,-0.02619386036247069
-2.1735013297928614,-2.1735013297928614
-2.6155189698257675,-2.6155189698257675
