,theta_x,theta_y
0,-0.042035213629385296,-0.042035213629385296
1,2.0221712705992365,2.0221712705992365
2,-0.31474222279019026,-0.31474222279019026
3,-0.5104416754281849,-0.5104416754281849
4,-1.614353662022065,-1.614353662022065
5,-0.3087494868959564,-0.3087494868959564
6,-0.4183118922919866,-0.4183118922919866
7,-2.0703275336968208,-2.0703275336968208
8,-2.652884041317137,-2.652884041317137
