,theta_x,theta_y
0,0.3214169748856819,0.3214169748856819
1,-1.9064666360599378,-1.9064666360599378
2,-2.860553815445702,-2.860553815445702
3,-3.141592653589793,-3.141592653589793
4,2.2449806062364277,2.2449806062364277
5,1.8542196354497282,1.8542196354497282
6,0.9266971178412904,0.9266971178412904
