theta_x,theta_y
-0.5927366653936417,-0.5927366653936417
-0.47065332686700273,-0.47065332686700273
1.9321831030978875,1.9321831030978875
-0.20806904555989958,-0.20806904555989958
0.8127476088713645,0.8127476088713645
-0.20995511057784122,-0.20995511057784122
1.3894139359465651,1.3894139359465651
1.8607017769077112,1.8607017769077112
-3.130624409976072,-3.130624409976072
-2.230957812276277,-2.230957812276277
