,theta_x,theta_y
0,0.9732718981397274,0.9732718981397274
