theta_x,theta_y
1.8265369697212537,1.8265369697212537
1.603282561856453,1.603282561856453
0.12184278830930717,0.12184278830930717
-1.0522910471151237,-1.0522910471151237
-3.040136918160582,-3.040136918160582
-0.3956811197766165,-0.3956811197766165
-0.46971223156253694,-0.46971223156253694
