theta_x,theta_y
1.8665030740201056,1.8665030740201056
-0.37205296182114833,-0.37205296182114833
-0.5436671240511723,-0.5436671240511723
2.0887634237993566,2.0887634237993566
2.024219028936478,2.024219028936478
2.905911534417276,2.905911534417276
