,theta_x,theta_y
0,1.8665030740201056,1.8665030740201056
1,-0.37205296182114833,-0.37205296182114833
2,-0.5436671240511723,-0.5436671240511723
3,2.0887634237993566,2.0887634237993566
4,2.024219028936478,2.024219028936478
5,2.905911534417276,2.905911534417276
