,theta_x,theta_y
0,-0.10240040207165496,-0.10240040207165496
1,-0.6143139231856283,-0.6143139231856283
2,-2.280908472110606,-2.280908472110606
3,-3.141592653589793,-3.141592653589793
4,1.1122343671381336,1.1122343671381336
5,3.0984562921174805,3.0984562921174805
6,0.8770316072086826,0.8770316072086826
