,theta_x,theta_y
0,2.353115312264282,2.353115312264282
1,0.5316056644347505,0.5316056644347505
2,0.3839108069788443,0.3839108069788443
3,-0.03198740455712002,-0.03198740455712002
4,3.141592653589793,3.141592653589793
5,2.0965433662396142,2.0965433662396142
6,1.3942067687223627,1.3942067687223627
7,-0.11972933372433589,-0.11972933372433589
8,1.1121373685135856,1.1121373685135856
9,-1.4255414506446766,-1.4255414506446766
