,theta_x,theta_y
0,-1.2764013692534153,-1.2764013692534153
